timestamp,thermostat,indoorTemp,outdoorTemp,humidity,setpoint,coolRuntimeSeconds,fanRuntimeSeconds,hvacMode,program,event
2026-07-11T07:00:00.000Z,Front AC,75.8,0,38,76,92.9,75,compressorCoolStage1On,Sleep,hold
2026-07-11T07:05:00.000Z,Front AC,75,0,38,76,92.9,0,compressorCoolOff,Sleep,hold
2026-07-11T07:10:00.000Z,Front AC,75.2,0,38,76,92.9,0,compressorCoolOff,Sleep,hold
2026-07-11T07:15:00.000Z,Front AC,75.7,0,38,76,92.9,0,compressorCoolOff,Sleep,hold
2026-07-11T07:20:00.000Z,Front AC,76.1,0,38,76,92.9,0,compressorCoolOff,Sleep,hold
2026-07-11T07:25:00.000Z,Front AC,76.4,0,38,76,92.9,150,compressorCoolOff,Sleep,hold
2026-07-11T07:30:00.000Z,Front AC,76.7,0,38,76,93.8,300,compressorCoolStage1On,Sleep,hold
2026-07-11T07:35:00.000Z,Front AC,76.3,0,38,76,93.8,300,compressorCoolStage1On,Sleep,hold
2026-07-11T07:40:00.000Z,Front AC,75.6,0,38,76,93.8,0,compressorCoolOff,Sleep,hold
2026-07-11T07:45:00.000Z,Front AC,75,0,38,76,93.8,0,compressorCoolOff,Sleep,hold
2026-07-11T07:50:00.000Z,Front AC,75.3,0,38,76,93.8,0,compressorCoolOff,Sleep,hold
2026-07-11T07:55:00.000Z,Front AC,75.8,0,38,76,93.8,0,compressorCoolOff,Sleep,hold
2026-07-11T08:00:00.000Z,Front AC,76.2,0,38,76,91.9,0,compressorCoolOff,Sleep,hold
2026-07-11T08:05:00.000Z,Front AC,76.5,0,38,76,91.9,225,compressorCoolOff,Sleep,hold
2026-07-11T08:10:00.000Z,Front AC,76.6,0,38,76,91.9,300,compressorCoolStage1On,Sleep,hold
2026-07-11T08:15:00.000Z,Front AC,76.1,0,37,76,91.9,225,compressorCoolStage1On,Sleep,hold
2026-07-11T08:20:00.000Z,Front AC,75.3,0,37,76,91.9,0,compressorCoolOff,Sleep,hold
2026-07-11T08:25:00.000Z,Front AC,75,0,38,76,91.9,0,compressorCoolOff,Sleep,hold
2026-07-11T08:30:00.000Z,Front AC,75.4,0,38,76,91.9,0,compressorCoolOff,Sleep,hold
2026-07-11T08:35:00.000Z,Front AC,75.8,0,38,76,91.9,0,compressorCoolOff,Sleep,hold
2026-07-11T08:40:00.000Z,Front AC,76.2,0,38,76,91.9,0,compressorCoolOff,Sleep,hold
2026-07-11T08:45:00.000Z,Front AC,76.4,0,38,76,91.9,180,compressorCoolOff,Sleep,hold
2026-07-11T08:50:00.000Z,Front AC,76.6,0,37,76,91.9,300,compressorCoolStage1On,Sleep,hold
2026-07-11T08:55:00.000Z,Front AC,76,0,36,76,91.9,105,compressorCoolStage1On,Sleep,hold
2026-07-11T09:00:00.000Z,Front AC,75.3,0,37,76,90.5,0,compressorCoolOff,Sleep,hold
2026-07-11T09:05:00.000Z,Front AC,75.3,0,38,76,90.5,0,compressorCoolOff,Sleep,hold
2026-07-11T09:10:00.000Z,Front AC,75.7,0,38,76,90.5,0,compressorCoolOff,Sleep,hold
2026-07-11T09:15:00.000Z,Front AC,76,0,38,76,90.5,0,compressorCoolOff,Sleep,hold
2026-07-11T09:20:00.000Z,Front AC,76.3,0,38,76,90.5,60,compressorCoolOff,Sleep,hold
2026-07-11T09:25:00.000Z,Front AC,76.6,0,38,76,90.5,300,compressorCoolStage1On,Sleep,hold
2026-07-11T09:30:00.000Z,Front AC,76.2,0,36,76,90.5,225,compressorCoolStage1On,Sleep,hold
2026-07-11T09:35:00.000Z,Front AC,75.5,0,37,76,90.5,0,compressorCoolOff,Sleep,hold
2026-07-11T09:40:00.000Z,Front AC,75.2,0,38,76,90.5,0,compressorCoolOff,Sleep,hold
2026-07-11T09:45:00.000Z,Front AC,75.5,0,38,76,90.5,0,compressorCoolOff,Sleep,hold
2026-07-11T09:50:00.000Z,Front AC,75.9,0,38,76,90.5,0,compressorCoolOff,Sleep,hold
2026-07-11T09:55:00.000Z,Front AC,76.2,0,38,76,90.5,0,compressorCoolOff,Sleep,hold
2026-07-11T10:00:00.000Z,Front AC,76.5,0,38,76,87.9,225,compressorCoolOff,Sleep,hold
2026-07-11T10:05:00.000Z,Front AC,76.4,0,37,76,87.9,300,compressorCoolStage1On,Sleep,hold
2026-07-11T10:10:00.000Z,Front AC,75.8,0,36,76,87.9,60,compressorCoolStage1On,Sleep,hold
2026-07-11T10:15:00.000Z,Front AC,75.2,0,37,76,87.9,0,compressorCoolOff,Sleep,hold
2026-07-11T10:20:00.000Z,Front AC,75.3,0,38,76,87.9,0,compressorCoolOff,Sleep,hold
2026-07-11T10:25:00.000Z,Front AC,75.7,0,38,76,87.9,0,compressorCoolOff,Sleep,hold
2026-07-11T10:30:00.000Z,Front AC,76,0,38,76,88.8,0,compressorCoolOff,Sleep,hold
2026-07-11T10:35:00.000Z,Front AC,76.3,0,38,76,88.8,45,compressorCoolOff,Sleep,hold
2026-07-11T10:40:00.000Z,Front AC,76.5,0,38,76,88.8,300,compressorCoolStage1On,Sleep,hold
2026-07-11T10:45:00.000Z,Front AC,76.2,0,37,76,88.8,225,compressorCoolStage1On,Sleep,hold
2026-07-11T10:50:00.000Z,Front AC,75.5,0,37,76,88.8,0,compressorCoolOff,Sleep,hold
2026-07-11T10:55:00.000Z,Front AC,75.1,0,38,76,88.8,0,compressorCoolOff,Sleep,hold
2026-07-11T11:00:00.000Z,Front AC,75.4,0,38,76,87.1,0,compressorCoolOff,Sleep,hold
2026-07-11T11:05:00.000Z,Front AC,75.8,0,38,76,87.1,0,compressorCoolOff,Sleep,hold
2026-07-11T11:10:00.000Z,Front AC,76.1,0,38,76,87.1,0,compressorCoolOff,Sleep,hold
2026-07-11T11:15:00.000Z,Front AC,76.4,0,38,76,87.1,105,compressorCoolOff,Sleep,hold
2026-07-11T11:20:00.000Z,Front AC,76.6,0,37,76,87.1,300,compressorCoolStage1On,Sleep,hold
2026-07-11T11:25:00.000Z,Front AC,76,0,36,76,87.1,120,compressorCoolStage1On,Sleep,hold
2026-07-11T11:30:00.000Z,Front AC,75.3,0,37,76,87.1,0,compressorCoolOff,Sleep,hold
2026-07-11T11:35:00.000Z,Front AC,75.2,0,38,76,87.1,0,compressorCoolOff,Sleep,hold
2026-07-11T11:40:00.000Z,Front AC,75.5,0,38,76,87.1,0,compressorCoolOff,Sleep,hold
2026-07-11T11:45:00.000Z,Front AC,75.9,0,38,76,87.1,0,compressorCoolOff,Sleep,hold
2026-07-11T11:50:00.000Z,Front AC,76.2,0,38,76,87.1,0,compressorCoolOff,Sleep,hold
2026-07-11T11:55:00.000Z,Front AC,76.4,0,38,76,87.1,150,compressorCoolOff,Sleep,hold
2026-07-11T12:00:00.000Z,Front AC,76.5,0,37,76,85.7,300,compressorCoolStage1On,Sleep,hold
2026-07-11T12:05:00.000Z,Front AC,75.9,0,36,76,85.7,0,compressorCoolOff,Sleep,hold
2026-07-11T12:10:00.000Z,Front AC,75.4,0,37,76,85.7,0,compressorCoolOff,Sleep,hold
2026-07-11T12:15:00.000Z,Front AC,75.4,0,38,76,85.7,0,compressorCoolOff,Sleep,hold
2026-07-11T12:20:00.000Z,Front AC,75.8,0,38,76,85.7,0,compressorCoolOff,Sleep,hold
2026-07-11T12:25:00.000Z,Front AC,76.1,0,38,76,85.7,0,compressorCoolOff,Sleep,hold
2026-07-11T12:30:00.000Z,Front AC,76.3,0,38,76,85.7,0,compressorCoolOff,Sleep,hold
2026-07-11T12:35:00.000Z,Front AC,76.5,0,38,76,85.7,0,compressorCoolOff,Sleep,hold
2026-07-11T12:40:00.000Z,Front AC,76.7,0,38,76,85.7,0,compressorCoolOff,Sleep,hold
2026-07-11T12:45:00.000Z,Front AC,76.8,0,38,76,85.7,0,compressorCoolOff,Sleep,hold
2026-07-11T12:50:00.000Z,Front AC,76.8,0,37,76,85.7,0,compressorCoolOff,Sleep,hold
2026-07-11T12:55:00.000Z,Front AC,76.8,0,38,76,85.7,0,compressorCoolOff,Sleep,hold
2026-07-11T13:00:00.000Z,Front AC,76.8,0,38,76,85.2,0,compressorCoolOff,Sleep,hold
2026-07-11T13:05:00.000Z,Front AC,77,0,37,76,85.2,195,compressorCoolOff,Sleep,hold
2026-07-11T13:10:00.000Z,Front AC,76.9,0,36,76,85.2,300,compressorCoolStage1On,Sleep,hold
2026-07-11T13:15:00.000Z,Front AC,76.1,0,36,76,85.2,135,compressorCoolStage1On,Sleep,hold
2026-07-11T13:20:00.000Z,Front AC,75.4,0,37,76,85.2,0,compressorCoolOff,Sleep,hold
2026-07-11T13:25:00.000Z,Front AC,75.2,0,38,76,85.2,0,compressorCoolOff,Sleep,hold
2026-07-11T13:30:00.000Z,Front AC,75.6,0,38,76,85.2,0,compressorCoolOff,Sleep,hold
2026-07-11T13:35:00.000Z,Front AC,76,0,38,76,85.2,0,compressorCoolOff,Sleep,hold
2026-07-11T13:40:00.000Z,Front AC,76.2,0,37,76,85.2,0,compressorCoolOff,Sleep,hold
2026-07-11T13:45:00.000Z,Front AC,76.1,0,36,76,85.2,0,compressorCoolOff,Sleep,hold
2026-07-11T13:50:00.000Z,Front AC,76.5,0,36,76,85.2,0,compressorCoolOff,Sleep,hold
2026-07-11T13:55:00.000Z,Front AC,76.4,0,36,76,85.2,0,compressorCoolOff,Sleep,hold
2026-07-11T14:00:00.000Z,Front AC,76.9,0,37,76,87.5,0,compressorCoolOff,Sleep,hold
2026-07-11T14:05:00.000Z,Front AC,76.9,0,38,76,87.5,120,compressorCoolOff,Sleep,hold
2026-07-11T14:10:00.000Z,Front AC,77,0,36,76,87.5,300,compressorCoolStage1On,Sleep,hold
2026-07-11T14:15:00.000Z,Front AC,76.3,0,36,76,87.5,255,compressorCoolStage1On,Sleep,hold
2026-07-11T14:20:00.000Z,Front AC,75.7,0,36,76,87.5,0,compressorCoolOff,Sleep,hold
2026-07-11T14:25:00.000Z,Front AC,75.3,0,38,76,87.5,0,compressorCoolOff,Sleep,hold
2026-07-11T14:30:00.000Z,Front AC,75.6,0,38,76,87.5,0,compressorCoolOff,Sleep,hold
2026-07-11T14:35:00.000Z,Front AC,76,0,38,76,87.5,0,compressorCoolOff,Sleep,hold
2026-07-11T14:40:00.000Z,Front AC,76.3,0,38,76,87.5,75,compressorCoolOff,Sleep,hold
2026-07-11T14:45:00.000Z,Front AC,76.5,0,37,76,87.5,300,compressorCoolStage1On,Sleep,hold
2026-07-11T14:50:00.000Z,Front AC,76.1,0,36,76,87.5,180,compressorCoolStage1On,Sleep,hold
2026-07-11T14:55:00.000Z,Front AC,75.6,0,37,76,87.5,0,compressorCoolOff,Sleep,hold
2026-07-11T15:00:00.000Z,Front AC,75.4,0,38,76,89.2,0,compressorCoolOff,Home,hold
2026-07-11T15:05:00.000Z,Front AC,75.8,0,38,76,89.2,0,compressorCoolOff,Home,hold
2026-07-11T15:10:00.000Z,Front AC,76.2,0,38,76,89.2,0,compressorCoolOff,Home,hold
2026-07-11T15:15:00.000Z,Front AC,76.5,0,38,76,89.2,225,compressorCoolOff,Home,hold
2026-07-11T15:20:00.000Z,Front AC,76.5,0,38,76,89.2,300,compressorCoolStage1On,Home,hold
2026-07-11T15:25:00.000Z,Front AC,76.1,0,38,76,89.2,240,compressorCoolStage1On,Home,hold
2026-07-11T15:30:00.000Z,Front AC,75.5,0,38,76,91.3,0,compressorCoolOff,Home,hold
2026-07-11T15:35:00.000Z,Front AC,75.2,0,39,76,91.3,0,compressorCoolOff,Home,hold
2026-07-11T15:40:00.000Z,Front AC,75.6,0,39,76,91.3,0,compressorCoolOff,Home,hold
2026-07-11T15:45:00.000Z,Front AC,76,0,38,76,91.3,0,compressorCoolOff,Home,hold
2026-07-11T15:50:00.000Z,Front AC,76.4,0,38,76,91.3,120,compressorCoolOff,Home,hold
2026-07-11T15:55:00.000Z,Front AC,76.6,0,38,76,91.3,300,compressorCoolStage1On,Home,hold
2026-07-11T16:00:00.000Z,Front AC,76.4,0,38,76,92,300,compressorCoolStage1On,Home,hold
2026-07-11T16:05:00.000Z,Front AC,75.8,0,38,76,92,60,compressorCoolStage1On,Home,hold
2026-07-11T16:10:00.000Z,Front AC,75.2,0,38,76,92,0,compressorCoolOff,Home,hold
2026-07-11T16:15:00.000Z,Front AC,75.4,0,39,76,92,0,compressorCoolOff,Home,hold
2026-07-11T16:20:00.000Z,Front AC,75.9,0,39,76,92,0,compressorCoolOff,Home,hold
2026-07-11T16:25:00.000Z,Front AC,76.3,0,39,76,92,30,compressorCoolOff,Home,hold
2026-07-11T16:30:00.000Z,Front AC,76.6,0,38,76,92,300,compressorCoolStage1On,Home,hold
2026-07-11T16:35:00.000Z,Front AC,76.4,0,38,76,92,300,compressorCoolStage1On,Home,hold
2026-07-11T16:40:00.000Z,Front AC,75.9,0,38,76,92,75,compressorCoolStage1On,Home,hold
2026-07-11T16:45:00.000Z,Front AC,75.3,0,39,76,92,0,compressorCoolOff,Home,hold
2026-07-11T16:50:00.000Z,Front AC,75.5,0,39,76,92,0,compressorCoolOff,Home,hold
2026-07-11T16:55:00.000Z,Front AC,76,0,39,76,92,0,compressorCoolOff,Home,hold
2026-07-11T17:00:00.000Z,Front AC,76.4,0,39,76,94.4,180,compressorCoolOff,Home,hold
2026-07-11T17:05:00.000Z,Front AC,76.6,0,38,76,94.4,300,compressorCoolStage1On,Home,hold
2026-07-11T17:10:00.000Z,Front AC,76.3,0,38,76,94.4,300,compressorCoolStage1On,Home,hold
2026-07-11T17:15:00.000Z,Front AC,75.9,0,38,76,94.4,75,compressorCoolStage1On,Home,hold
2026-07-11T17:20:00.000Z,Front AC,75.3,0,39,76,94.4,0,compressorCoolOff,Home,hold
2026-07-11T17:25:00.000Z,Front AC,75.6,0,39,76,94.4,0,compressorCoolOff,Home,hold
2026-07-11T17:30:00.000Z,Front AC,76.1,0,39,76,94.4,0,compressorCoolOff,Home,hold
2026-07-11T17:35:00.000Z,Front AC,76.6,0,39,76,94.4,255,compressorCoolOff,Home,hold
2026-07-11T17:40:00.000Z,Front AC,76.6,0,38,76,94.4,300,compressorCoolStage1On,Home,hold
2026-07-11T17:45:00.000Z,Front AC,76.2,0,38,76,94.4,300,compressorCoolStage1On,Home,hold
2026-07-11T17:50:00.000Z,Front AC,75.8,0,38,76,94.4,30,compressorCoolStage1On,Home,hold
2026-07-11T17:55:00.000Z,Front AC,75.4,0,40,76,94.4,0,compressorCoolOff,Home,hold
2026-07-11T18:00:00.000Z,Front AC,75.7,0,39,76,97.1,0,compressorCoolOff,Home,hold
2026-07-11T18:05:00.000Z,Front AC,76.2,0,39,76,97.1,45,compressorCoolOff,Home,hold
2026-07-11T18:10:00.000Z,Front AC,76.7,0,38,76,97.1,300,compressorCoolStage1On,Home,hold
2026-07-11T18:15:00.000Z,Front AC,76.6,0,38,76,97.1,300,compressorCoolStage1On,Home,hold
2026-07-11T18:20:00.000Z,Front AC,76.1,0,38,76,97.1,195,compressorCoolStage1On,Home,hold
2026-07-11T18:25:00.000Z,Front AC,75.6,0,39,76,97.1,0,compressorCoolOff,Home,hold
2026-07-11T18:30:00.000Z,Front AC,75.6,0,40,76,97.1,0,compressorCoolOff,Home,hold
2026-07-11T18:35:00.000Z,Front AC,76.1,0,41,76,97.1,0,compressorCoolOff,Home,hold
2026-07-11T18:40:00.000Z,Front AC,76.6,0,39,76,97.1,270,compressorCoolOff,Home,hold
2026-07-11T18:45:00.000Z,Front AC,76.7,0,38,76,97.1,300,compressorCoolStage1On,Home,hold
2026-07-11T18:50:00.000Z,Front AC,76.4,0,38,76,97.1,300,compressorCoolStage1On,Home,hold
2026-07-11T18:55:00.000Z,Front AC,76,0,38,76,97.1,135,compressorCoolStage1On,Home,hold
2026-07-11T19:00:00.000Z,Front AC,75.5,0,40,76,99.9,0,compressorCoolOff,Home,hold
2026-07-11T19:05:00.000Z,Front AC,75.7,0,41,76,99.9,0,compressorCoolOff,Home,hold
2026-07-11T19:10:00.000Z,Front AC,76.2,0,41,76,99.9,45,compressorCoolOff,Home,hold
2026-07-11T19:15:00.000Z,Front AC,76.8,0,39,76,99.9,300,compressorCoolStage1On,Home,hold
2026-07-11T19:20:00.000Z,Front AC,76.7,0,39,76,99.9,300,compressorCoolStage1On,Home,hold
2026-07-11T19:25:00.000Z,Front AC,76.4,0,39,76,99.9,300,compressorCoolStage1On,Home,hold
2026-07-11T19:30:00.000Z,Front AC,75.8,0,40,76,99.9,60,compressorCoolStage1On,Home,hold
2026-07-11T19:35:00.000Z,Front AC,75.5,0,40,76,99.9,0,compressorCoolOff,Home,hold
2026-07-11T19:40:00.000Z,Front AC,75.9,0,41,76,99.9,0,compressorCoolOff,Home,hold
2026-07-11T19:45:00.000Z,Front AC,76.5,0,40,76,99.9,180,compressorCoolOff,Home,hold
2026-07-11T19:50:00.000Z,Front AC,76.8,0,39,76,99.9,300,compressorCoolStage1On,Home,hold
2026-07-11T19:55:00.000Z,Front AC,76.6,0,39,76,99.9,300,compressorCoolStage1On,Home,hold
2026-07-11T20:00:00.000Z,Front AC,76.3,0,39,76,102,300,compressorCoolStage1On,Home,hold
2026-07-11T20:05:00.000Z,Front AC,75.8,0,40,76,102,30,compressorCoolStage1On,Home,hold
2026-07-11T20:10:00.000Z,Front AC,75.5,0,41,76,102,0,compressorCoolOff,Home,hold
2026-07-11T20:15:00.000Z,Front AC,76,0,41,76,102,0,compressorCoolOff,Home,hold
2026-07-11T20:20:00.000Z,Front AC,76.6,0,40,76,102,270,compressorCoolOff,Home,hold
2026-07-11T20:25:00.000Z,Front AC,76.8,0,39,76,102,300,compressorCoolStage1On,Home,hold
2026-07-11T20:30:00.000Z,Front AC,76.6,0,39,76,102.3,300,compressorCoolStage1On,Home,hold
2026-07-11T20:35:00.000Z,Front AC,76.2,0,40,76,102.3,270,compressorCoolStage1On,Home,hold
2026-07-11T20:40:00.000Z,Front AC,75.7,0,40,76,102.3,0,compressorCoolOff,Home,hold
2026-07-11T20:45:00.000Z,Front AC,75.7,0,41,76,102.3,0,compressorCoolOff,Home,hold
2026-07-11T20:50:00.000Z,Front AC,76.2,0,41,76,102.3,75,compressorCoolOff,Home,hold
2026-07-11T20:55:00.000Z,Front AC,76.8,0,40,76,102.3,300,compressorCoolStage1On,Home,hold
2026-07-11T21:00:00.000Z,Front AC,76.8,0,39,76,103.1,300,compressorCoolStage1On,Home,hold
2026-07-11T21:05:00.000Z,Front AC,76.5,0,40,76,103.1,300,compressorCoolStage1On,Home,hold
2026-07-11T21:10:00.000Z,Front AC,76.1,0,40,76,103.1,255,compressorCoolStage1On,Home,hold
2026-07-11T21:15:00.000Z,Front AC,75.7,0,40,76,103.1,0,compressorCoolOff,Home,hold
2026-07-11T21:20:00.000Z,Front AC,75.7,0,41,76,103.1,0,compressorCoolOff,Home,hold
2026-07-11T21:25:00.000Z,Front AC,76.3,0,41,76,103.1,120,compressorCoolOff,Home,hold
2026-07-11T21:30:00.000Z,Front AC,76.9,0,39,76,103.1,300,compressorCoolStage1On,Home,hold
2026-07-11T21:35:00.000Z,Front AC,76.8,0,39,76,103.1,300,compressorCoolStage1On,Home,hold
2026-07-11T21:40:00.000Z,Front AC,76.4,0,39,76,103.1,300,compressorCoolStage1On,Home,hold
2026-07-11T21:45:00.000Z,Front AC,76.1,0,40,76,103.1,255,compressorCoolStage1On,Home,hold
2026-07-11T21:50:00.000Z,Front AC,75.7,0,40,76,103.1,0,compressorCoolOff,Home,hold
2026-07-11T21:55:00.000Z,Front AC,75.7,0,41,76,103.1,0,compressorCoolOff,Home,hold
2026-07-11T22:00:00.000Z,Front AC,76.4,0,41,76,103.6,135,compressorCoolOff,Home,hold
2026-07-11T22:05:00.000Z,Front AC,77,0,39,76,103.6,300,compressorCoolStage1On,Home,hold
2026-07-11T22:10:00.000Z,Front AC,76.9,0,39,76,103.6,300,compressorCoolStage1On,Home,hold
2026-07-11T22:15:00.000Z,Front AC,76.6,0,39,76,103.6,300,compressorCoolStage1On,Home,hold
2026-07-11T22:20:00.000Z,Front AC,76.2,0,40,76,103.6,300,compressorCoolStage1On,Home,hold
2026-07-11T22:25:00.000Z,Front AC,75.8,0,40,76,103.6,15,compressorCoolStage1On,Home,hold
2026-07-11T22:30:00.000Z,Front AC,75.6,0,41,76,103.6,0,compressorCoolOff,Home,hold
2026-07-11T22:35:00.000Z,Front AC,76.2,0,41,76,103.6,75,compressorCoolOff,Home,hold
2026-07-11T22:40:00.000Z,Front AC,76.9,0,40,76,103.6,300,compressorCoolStage1On,Home,hold
2026-07-11T22:45:00.000Z,Front AC,76.9,0,39,76,103.6,300,compressorCoolStage1On,Home,hold
2026-07-11T22:50:00.000Z,Front AC,76.7,0,39,76,103.6,300,compressorCoolStage1On,Home,hold
2026-07-11T22:55:00.000Z,Front AC,76.3,0,40,76,103.6,300,compressorCoolStage1On,Home,hold
2026-07-11T23:00:00.000Z,Front AC,76,0,40,76,103.6,120,compressorCoolStage1On,Home,hold
2026-07-11T23:05:00.000Z,Front AC,75.6,0,40,76,103.6,0,compressorCoolOff,Home,hold
2026-07-11T23:10:00.000Z,Front AC,76,0,41,76,103.6,0,compressorCoolOff,Home,hold
2026-07-11T23:15:00.000Z,Front AC,76.7,0,40,76,103.6,270,compressorCoolOff,Home,hold
2026-07-11T23:20:00.000Z,Front AC,76.9,0,39,76,103.6,300,compressorCoolStage1On,Home,hold
2026-07-11T23:25:00.000Z,Front AC,76.7,0,39,76,103.6,300,compressorCoolStage1On,Home,hold
2026-07-11T23:30:00.000Z,Front AC,76.4,0,39,76,103.6,300,compressorCoolStage1On,Home,hold
2026-07-11T23:35:00.000Z,Front AC,76.1,0,40,76,103.6,210,compressorCoolStage1On,Home,hold
2026-07-11T23:40:00.000Z,Front AC,75.6,0,40,76,103.6,0,compressorCoolOff,Home,hold
2026-07-11T23:45:00.000Z,Front AC,75.8,0,41,76,103.6,0,compressorCoolOff,Home,hold
2026-07-11T23:50:00.000Z,Front AC,76.5,0,40,76,103.6,195,compressorCoolOff,Home,hold
2026-07-11T23:55:00.000Z,Front AC,76.9,0,39,76,103.6,300,compressorCoolStage1On,Home,hold
2026-07-12T00:00:00.000Z,Front AC,76.9,0,39,76,104.1,300,compressorCoolStage1On,Home,hold
2026-07-12T00:05:00.000Z,Front AC,76.5,0,39,76,104.1,300,compressorCoolStage1On,Home,hold
2026-07-12T00:10:00.000Z,Front AC,76.1,0,40,76,104.1,195,compressorCoolStage1On,Home,hold
2026-07-12T00:15:00.000Z,Front AC,75.6,0,40,76,104.1,0,compressorCoolOff,Home,hold
2026-07-12T00:20:00.000Z,Front AC,75.7,0,41,76,104.1,0,compressorCoolOff,Home,hold
2026-07-12T00:25:00.000Z,Front AC,76.4,0,40,76,104.1,150,compressorCoolOff,Home,hold
2026-07-12T00:30:00.000Z,Front AC,76.9,0,39,76,104.1,300,compressorCoolStage1On,Home,hold
2026-07-12T00:35:00.000Z,Front AC,76.8,0,39,76,104.1,300,compressorCoolStage1On,Home,hold
2026-07-12T00:40:00.000Z,Front AC,76.5,0,39,76,104.1,300,compressorCoolStage1On,Home,hold
2026-07-12T00:45:00.000Z,Front AC,76.1,0,40,76,104.1,225,compressorCoolStage1On,Home,hold
2026-07-12T00:50:00.000Z,Front AC,75.7,0,40,76,104.1,0,compressorCoolOff,Home,hold
2026-07-12T00:55:00.000Z,Front AC,75.7,0,40,76,104.1,0,compressorCoolOff,Home,hold
2026-07-12T01:00:00.000Z,Front AC,76.3,0,39,76,103.3,120,compressorCoolOff,Home,hold
2026-07-12T01:05:00.000Z,Front AC,76.9,0,39,76,103.3,300,compressorCoolStage1On,Home,hold
2026-07-12T01:10:00.000Z,Front AC,76.9,0,39,76,103.3,300,compressorCoolStage1On,Home,hold
2026-07-12T01:15:00.000Z,Front AC,76.6,0,39,76,103.3,300,compressorCoolStage1On,Home,hold
2026-07-12T01:20:00.000Z,Front AC,76.1,0,39,76,103.3,195,compressorCoolStage1On,Home,hold
2026-07-12T01:25:00.000Z,Front AC,75.6,0,40,76,103.3,0,compressorCoolOff,Home,hold
2026-07-12T01:30:00.000Z,Front AC,75.7,0,40,76,103.3,0,compressorCoolOff,Home,hold
2026-07-12T01:35:00.000Z,Front AC,76.4,0,39,76,103.3,150,compressorCoolOff,Home,hold
2026-07-12T01:40:00.000Z,Front AC,76.9,0,39,76,103.3,300,compressorCoolStage1On,Home,hold
2026-07-12T01:45:00.000Z,Front AC,76.8,0,39,76,103.3,300,compressorCoolStage1On,Home,hold
2026-07-12T01:50:00.000Z,Front AC,76.4,0,38,76,103.3,300,compressorCoolStage1On,Home,hold
2026-07-12T01:55:00.000Z,Front AC,76,0,38,76,103.3,165,compressorCoolStage1On,Home,hold
2026-07-12T02:00:00.000Z,Front AC,75.5,0,39,76,101.5,0,compressorCoolOff,Home,hold
2026-07-12T02:05:00.000Z,Front AC,75.7,0,39,76,101.5,0,compressorCoolOff,Home,hold
2026-07-12T02:10:00.000Z,Front AC,76.3,0,39,76,101.5,105,compressorCoolOff,Home,hold
2026-07-12T02:15:00.000Z,Front AC,76.9,0,39,76,101.5,300,compressorCoolStage1On,Home,hold
2026-07-12T02:20:00.000Z,Front AC,76.8,0,38,76,101.5,300,compressorCoolStage1On,Home,hold
2026-07-12T02:25:00.000Z,Front AC,76.5,0,38,76,101.5,300,compressorCoolStage1On,Home,hold
2026-07-12T02:30:00.000Z,Front AC,76.1,0,38,76,101.5,195,compressorCoolStage1On,Home,hold
2026-07-12T02:35:00.000Z,Front AC,75.5,0,38,76,101.5,0,compressorCoolOff,Home,hold
2026-07-12T02:40:00.000Z,Front AC,75.5,0,39,76,101.5,0,compressorCoolOff,Home,hold
2026-07-12T02:45:00.000Z,Front AC,76.1,0,39,76,101.5,15,compressorCoolOff,Home,hold
2026-07-12T02:50:00.000Z,Front AC,76.7,0,38,76,101.5,300,compressorCoolStage1On,Home,hold
2026-07-12T02:55:00.000Z,Front AC,76.8,0,38,76,101.5,300,compressorCoolStage1On,Home,hold
2026-07-12T03:00:00.000Z,Front AC,76.5,0,38,76,97.1,300,compressorCoolStage1On,Home,hold
2026-07-12T03:05:00.000Z,Front AC,76.1,0,38,76,97.1,195,compressorCoolStage1On,Home,hold
2026-07-12T03:10:00.000Z,Front AC,75.5,0,38,76,97.1,0,compressorCoolOff,Home,hold
2026-07-12T03:15:00.000Z,Front AC,75.5,0,39,76,97.1,0,compressorCoolOff,Home,hold
2026-07-12T03:20:00.000Z,Front AC,76.1,0,39,76,97.1,0,compressorCoolOff,Home,hold
2026-07-12T03:25:00.000Z,Front AC,76.7,0,38,76,97.1,300,compressorCoolStage1On,Home,hold
2026-07-12T03:30:00.000Z,Front AC,76.8,0,38,76,97.1,300,compressorCoolStage1On,Home,hold
2026-07-12T03:35:00.000Z,Front AC,76.4,0,38,76,97.1,300,compressorCoolStage1On,Home,hold
2026-07-12T03:40:00.000Z,Front AC,75.9,0,38,76,97.1,90,compressorCoolStage1On,Home,hold
2026-07-12T03:45:00.000Z,Front AC,75.3,0,38,76,97.1,0,compressorCoolOff,Home,hold
2026-07-12T03:50:00.000Z,Front AC,75.6,0,39,76,97.1,0,compressorCoolOff,Home,hold
2026-07-12T03:55:00.000Z,Front AC,76.2,0,38,76,97.1,45,compressorCoolOff,Home,hold
2026-07-12T04:00:00.000Z,Front AC,76.7,0,38,76,95.5,300,compressorCoolStage1On,Home,hold
2026-07-12T04:05:00.000Z,Front AC,76.7,0,38,76,95.5,300,compressorCoolStage1On,Home,hold
2026-07-12T04:10:00.000Z,Front AC,76.3,0,38,76,95.5,300,compressorCoolStage1On,Home,hold
2026-07-12T04:15:00.000Z,Front AC,75.7,0,38,76,95.5,0,compressorCoolOff,Home,hold
2026-07-12T04:20:00.000Z,Front AC,75.3,0,39,76,95.5,0,compressorCoolOff,Home,hold
2026-07-12T04:25:00.000Z,Front AC,75.7,0,39,76,95.5,0,compressorCoolOff,Home,hold
2026-07-12T04:30:00.000Z,Front AC,76.3,0,38,76,95.5,60,compressorCoolOff,Home,hold
2026-07-12T04:35:00.000Z,Front AC,76.7,0,38,76,95.5,300,compressorCoolStage1On,Home,hold
2026-07-12T04:40:00.000Z,Front AC,76.6,0,38,76,95.5,300,compressorCoolStage1On,Home,hold
2026-07-12T04:45:00.000Z,Front AC,76.2,0,38,76,95.5,255,compressorCoolStage1On,Home,hold
2026-07-12T04:50:00.000Z,Front AC,75.6,0,38,76,95.5,0,compressorCoolOff,Home,hold
2026-07-12T04:55:00.000Z,Front AC,75.3,0,39,76,95.5,0,compressorCoolOff,Home,hold
2026-07-12T05:00:00.000Z,Front AC,75.8,0,39,76,94.6,0,compressorCoolOff,Sleep,hold
2026-07-12T05:05:00.000Z,Front AC,76.3,0,38,76,94.6,75,compressorCoolOff,Sleep,hold
2026-07-12T05:10:00.000Z,Front AC,76.7,0,38,76,94.6,300,compressorCoolStage1On,Sleep,hold
2026-07-12T05:15:00.000Z,Front AC,76.6,0,38,76,94.6,300,compressorCoolStage1On,Sleep,hold
2026-07-12T05:20:00.000Z,Front AC,76.2,0,38,76,94.6,225,compressorCoolStage1On,Sleep,hold
2026-07-12T05:25:00.000Z,Front AC,75.5,0,38,76,94.6,0,compressorCoolOff,Sleep,hold
2026-07-12T05:30:00.000Z,Front AC,75.3,0,39,76,95.1,0,compressorCoolOff,Sleep,hold
2026-07-12T05:35:00.000Z,Front AC,75.8,0,38,76,95.1,0,compressorCoolOff,Sleep,hold
2026-07-12T05:40:00.000Z,Front AC,76.3,0,38,76,95.1,75,compressorCoolOff,Sleep,hold
2026-07-12T05:45:00.000Z,Front AC,76.7,0,38,76,95.1,300,compressorCoolStage1On,Sleep,hold
2026-07-12T05:50:00.000Z,Front AC,76.6,0,38,76,95.1,300,compressorCoolStage1On,Sleep,hold
2026-07-12T05:55:00.000Z,Front AC,76,0,38,76,95.1,165,compressorCoolStage1On,Sleep,hold
2026-07-12T06:00:00.000Z,Front AC,75.3,0,38,76,92.6,0,compressorCoolOff,Sleep,hold
2026-07-12T06:05:00.000Z,Front AC,75.3,0,39,76,92.6,0,compressorCoolOff,Sleep,hold
2026-07-12T06:10:00.000Z,Front AC,75.8,0,38,76,92.6,0,compressorCoolOff,Sleep,hold
2026-07-12T06:15:00.000Z,Front AC,76.2,0,38,76,92.6,15,compressorCoolOff,Sleep,hold
2026-07-12T06:20:00.000Z,Front AC,76.6,0,38,76,92.6,300,compressorCoolStage1On,Sleep,hold
2026-07-12T06:25:00.000Z,Front AC,76.7,0,38,76,92.6,300,compressorCoolStage1On,Sleep,hold
2026-07-12T06:30:00.000Z,Front AC,76.2,0,38,76,92.6,270,compressorCoolStage1On,Sleep,hold
2026-07-12T06:35:00.000Z,Front AC,75.5,0,38,76,92.6,0,compressorCoolOff,Sleep,hold
2026-07-12T06:40:00.000Z,Front AC,75.2,0,39,76,92.6,0,compressorCoolOff,Sleep,hold
2026-07-12T06:45:00.000Z,Front AC,75.6,0,38,76,92.6,0,compressorCoolOff,Sleep,hold
2026-07-12T06:50:00.000Z,Front AC,76,0,38,76,92.6,0,compressorCoolOff,Sleep,hold
2026-07-12T06:55:00.000Z,Front AC,76.3,0,38,76,92.6,0,compressorCoolOff,Sleep,hold
2026-07-12T07:00:00.000Z,Front AC,76.6,0,38,76,90.6,285,compressorCoolOff,Sleep,hold
2026-07-12T07:05:00.000Z,Front AC,76.4,0,37,76,90.6,255,compressorCoolStage1On,Sleep,hold
2026-07-12T07:10:00.000Z,Front AC,75.7,0,37,76,90.6,0,compressorCoolOff,Sleep,hold
2026-07-12T07:15:00.000Z,Front AC,75.5,0,38,76,90.6,0,compressorCoolOff,Sleep,hold
2026-07-12T07:20:00.000Z,Front AC,75.6,0,38,76,90.6,0,compressorCoolOff,Sleep,hold
2026-07-12T07:25:00.000Z,Front AC,76,0,38,76,90.6,0,compressorCoolOff,Sleep,hold
2026-07-12T07:30:00.000Z,Front AC,76.4,0,38,76,90.6,150,compressorCoolOff,Sleep,hold
2026-07-12T07:35:00.000Z,Front AC,76.7,0,38,76,90.6,300,compressorCoolStage1On,Sleep,hold
2026-07-12T07:40:00.000Z,Front AC,76.4,0,38,76,90.6,300,compressorCoolStage1On,Sleep,hold
2026-07-12T07:45:00.000Z,Front AC,75.6,0,37,76,90.6,45,compressorCoolStage1On,Sleep,hold
2026-07-12T07:50:00.000Z,Front AC,75,0,38,76,90.6,0,compressorCoolOff,Sleep,hold
2026-07-12T07:55:00.000Z,Front AC,75.3,0,38,76,90.6,0,compressorCoolOff,Sleep,hold
2026-07-12T08:00:00.000Z,Front AC,75.7,0,38,76,89.5,0,compressorCoolOff,Sleep,hold
2026-07-12T08:05:00.000Z,Front AC,76.1,0,38,76,89.5,0,compressorCoolOff,Sleep,hold
2026-07-12T08:10:00.000Z,Front AC,76.4,0,38,76,89.5,150,compressorCoolOff,Sleep,hold
2026-07-12T08:15:00.000Z,Front AC,76.6,0,38,76,89.5,300,compressorCoolStage1On,Sleep,hold
2026-07-12T08:20:00.000Z,Front AC,76.2,0,38,76,89.5,270,compressorCoolStage1On,Sleep,hold
2026-07-12T08:25:00.000Z,Front AC,75.5,0,38,76,89.5,0,compressorCoolOff,Sleep,hold
2026-07-12T08:30:00.000Z,Front AC,75,0,38,76,90.4,0,compressorCoolOff,Sleep,hold
2026-07-12T08:35:00.000Z,Front AC,75.4,0,38,76,90.4,0,compressorCoolOff,Sleep,hold
2026-07-12T08:40:00.000Z,Front AC,75.8,0,38,76,90.4,0,compressorCoolOff,Sleep,hold
2026-07-12T08:45:00.000Z,Front AC,76.2,0,38,76,90.4,285,compressorCoolOff,Sleep,hold
2026-07-12T08:50:00.000Z,Front AC,76.1,0,38,76,90.4,255,compressorCoolStage1On,Sleep,hold
2026-07-12T08:55:00.000Z,Front AC,75.6,0,38,76,90.4,0,compressorCoolOff,Sleep,hold
2026-07-12T09:00:00.000Z,Front AC,75.3,0,39,76,89.1,0,compressorCoolOff,Sleep,hold
2026-07-12T09:05:00.000Z,Front AC,75.5,0,38,76,89.1,0,compressorCoolOff,Sleep,hold
2026-07-12T09:10:00.000Z,Front AC,75.8,0,38,76,89.1,15,compressorCoolOff,Sleep,hold
2026-07-12T09:15:00.000Z,Front AC,76.2,0,38,76,89.1,300,compressorCoolStage1On,Sleep,hold
2026-07-12T09:20:00.000Z,Front AC,76.3,0,38,76,89.1,300,compressorCoolStage1On,Sleep,hold
2026-07-12T09:25:00.000Z,Front AC,75.7,0,38,76,89.1,45,compressorCoolStage1On,Sleep,hold
2026-07-12T09:30:00.000Z,Front AC,75.2,0,38,76,89.9,0,compressorCoolOff,Sleep,hold
2026-07-12T09:35:00.000Z,Front AC,75.3,0,39,76,89.9,0,compressorCoolOff,Sleep,hold
2026-07-12T09:40:00.000Z,Front AC,75.6,0,38,76,89.9,0,compressorCoolOff,Sleep,hold
2026-07-12T09:45:00.000Z,Front AC,76,0,38,76,89.9,0,compressorCoolOff,Sleep,hold
2026-07-12T09:50:00.000Z,Front AC,76.3,0,38,76,89.9,15,compressorCoolOff,Sleep,hold
2026-07-12T09:55:00.000Z,Front AC,76.6,0,38,76,89.9,300,compressorCoolStage1On,Sleep,hold
2026-07-12T10:00:00.000Z,Front AC,76.3,0,37,76,88.5,195,compressorCoolStage1On,Sleep,hold
2026-07-12T10:05:00.000Z,Front AC,75.6,0,37,76,88.5,0,compressorCoolOff,Sleep,hold
2026-07-12T10:10:00.000Z,Front AC,75.5,0,39,76,88.5,0,compressorCoolOff,Sleep,hold
2026-07-12T10:15:00.000Z,Front AC,75.7,0,38,76,88.5,0,compressorCoolOff,Sleep,hold
2026-07-12T10:20:00.000Z,Front AC,76,0,38,76,88.5,0,compressorCoolOff,Sleep,hold
2026-07-12T10:25:00.000Z,Front AC,76.3,0,38,76,88.5,60,compressorCoolOff,Sleep,hold
2026-07-12T10:30:00.000Z,Front AC,76.6,0,38,76,88.5,300,compressorCoolStage1On,Sleep,hold
2026-07-12T10:35:00.000Z,Front AC,76.3,0,37,76,88.5,240,compressorCoolStage1On,Sleep,hold
2026-07-12T10:40:00.000Z,Front AC,75.5,0,37,76,88.5,0,compressorCoolOff,Sleep,hold
2026-07-12T10:45:00.000Z,Front AC,75.3,0,38,76,88.5,0,compressorCoolOff,Sleep,hold
2026-07-12T10:50:00.000Z,Front AC,75.4,0,38,76,88.5,0,compressorCoolOff,Sleep,hold
2026-07-12T10:55:00.000Z,Front AC,75.8,0,38,76,88.5,0,compressorCoolOff,Sleep,hold
2026-07-12T11:00:00.000Z,Front AC,76.1,0,38,76,86.7,300,compressorCoolStage1On,Sleep,hold
2026-07-12T11:05:00.000Z,Front AC,76.1,0,38,76,86.7,225,compressorCoolStage1On,Sleep,hold
2026-07-12T11:10:00.000Z,Front AC,75.5,0,38,76,86.7,0,compressorCoolOff,Sleep,hold
2026-07-12T11:15:00.000Z,Front AC,75.3,0,39,76,86.7,0,compressorCoolOff,Sleep,hold
2026-07-12T11:20:00.000Z,Front AC,75.5,0,38,76,86.7,0,compressorCoolOff,Sleep,hold
2026-07-12T11:25:00.000Z,Front AC,75.8,0,38,76,86.7,0,compressorCoolOff,Sleep,hold
2026-07-12T11:30:00.000Z,Front AC,76.2,0,38,76,86.7,285,compressorCoolOff,Sleep,hold
2026-07-12T11:35:00.000Z,Front AC,76.1,0,38,76,86.7,285,compressorCoolStage1On,Sleep,hold
2026-07-12T11:40:00.000Z,Front AC,75.6,0,38,76,86.7,0,compressorCoolOff,Sleep,hold
2026-07-12T11:45:00.000Z,Front AC,75.2,0,39,76,86.7,0,compressorCoolOff,Sleep,hold
2026-07-12T11:50:00.000Z,Front AC,75.3,0,38,76,86.7,0,compressorCoolOff,Sleep,hold
2026-07-12T11:55:00.000Z,Front AC,75.6,0,38,76,86.7,0,compressorCoolOff,Sleep,hold
2026-07-12T12:00:00.000Z,Front AC,76,0,38,76,85.9,105,compressorCoolOff,Sleep,hold
2026-07-12T12:05:00.000Z,Front AC,76.2,0,38,76,85.9,300,compressorCoolStage1On,Sleep,hold
2026-07-12T12:10:00.000Z,Front AC,76,0,38,76,85.9,150,compressorCoolStage1On,Sleep,hold
2026-07-12T12:15:00.000Z,Front AC,75.3,0,38,76,85.9,0,compressorCoolOff,Sleep,hold
2026-07-12T12:20:00.000Z,Front AC,75.2,0,39,76,85.9,0,compressorCoolOff,Sleep,hold
2026-07-12T12:25:00.000Z,Front AC,75.4,0,38,76,85.9,0,compressorCoolOff,Sleep,hold
2026-07-12T12:30:00.000Z,Front AC,75.7,0,38,76,85.9,0,compressorCoolOff,Sleep,hold
2026-07-12T12:35:00.000Z,Front AC,76,0,38,76,85.9,0,compressorCoolOff,Sleep,hold
2026-07-12T12:40:00.000Z,Front AC,76.3,0,38,76,85.9,0,compressorCoolOff,Sleep,hold
2026-07-12T12:45:00.000Z,Front AC,76.4,0,38,76,85.9,0,compressorCoolOff,Sleep,hold
2026-07-12T12:50:00.000Z,Front AC,76.6,0,38,76,85.9,0,compressorCoolOff,Sleep,hold
2026-07-12T12:55:00.000Z,Front AC,76.7,0,38,76,85.9,0,compressorCoolOff,Sleep,hold
2026-07-12T13:00:00.000Z,Front AC,76.7,0,38,76,85.7,0,compressorCoolOff,Sleep,hold
2026-07-12T13:05:00.000Z,Front AC,76.7,0,38,76,85.7,0,compressorCoolOff,Sleep,hold
2026-07-12T13:10:00.000Z,Front AC,76.8,0,38,76,85.7,0,compressorCoolOff,Sleep,hold
2026-07-12T13:15:00.000Z,Front AC,76.9,0,37,76,85.7,255,compressorCoolOff,Sleep,hold
2026-07-12T13:20:00.000Z,Front AC,76.4,0,36,76,85.7,270,compressorCoolStage1On,Sleep,hold
2026-07-12T13:25:00.000Z,Front AC,75.7,0,36,76,85.7,0,compressorCoolOff,Sleep,hold
2026-07-12T13:30:00.000Z,Front AC,75.4,0,38,76,87.2,0,compressorCoolOff,Sleep,hold
2026-07-12T13:35:00.000Z,Front AC,75.6,0,38,76,87.2,0,compressorCoolOff,Sleep,hold
2026-07-12T13:40:00.000Z,Front AC,75.9,0,38,76,87.2,0,compressorCoolOff,Sleep,hold
2026-07-12T13:45:00.000Z,Front AC,76.3,0,38,76,87.2,150,compressorCoolOff,Sleep,hold
2026-07-12T13:50:00.000Z,Front AC,76.4,0,38,76,87.2,300,compressorCoolStage1On,Sleep,hold
2026-07-12T13:55:00.000Z,Front AC,76.1,0,38,76,87.2,210,compressorCoolStage1On,Sleep,hold
2026-07-12T14:00:00.000Z,Front AC,75.4,0,38,76,86.6,0,compressorCoolOff,Sleep,hold
2026-07-12T14:05:00.000Z,Front AC,75.3,0,39,76,86.6,0,compressorCoolOff,Sleep,hold
2026-07-12T14:10:00.000Z,Front AC,75.5,0,38,76,86.6,0,compressorCoolOff,Sleep,hold
2026-07-12T14:15:00.000Z,Front AC,75.9,0,38,76,86.6,30,compressorCoolOff,Sleep,hold
2026-07-12T14:20:00.000Z,Front AC,76.2,0,38,76,86.6,300,compressorCoolStage1On,Sleep,hold
2026-07-12T14:25:00.000Z,Front AC,76.1,0,38,76,86.6,225,compressorCoolStage1On,Sleep,hold
2026-07-12T14:30:00.000Z,Front AC,75.5,0,38,76,86.6,0,compressorCoolOff,Sleep,hold
2026-07-12T14:35:00.000Z,Front AC,75.3,0,39,76,86.6,0,compressorCoolOff,Sleep,hold
2026-07-12T14:40:00.000Z,Front AC,75.6,0,39,76,86.6,0,compressorCoolOff,Sleep,hold
2026-07-12T14:45:00.000Z,Front AC,76.1,0,39,76,86.6,195,compressorCoolOff,Sleep,hold
2026-07-12T14:50:00.000Z,Front AC,76,0,38,76,86.6,180,compressorCoolStage1On,Sleep,hold
2026-07-12T14:55:00.000Z,Front AC,75.7,0,38,76,86.6,0,compressorCoolOff,Sleep,hold
2026-07-12T15:00:00.000Z,Front AC,75.6,0,39,76,89.9,0,compressorCoolOff,Away,hold
2026-07-12T15:05:00.000Z,Front AC,76,0,39,76,89.9,120,compressorCoolOff,Away,hold
2026-07-12T15:10:00.000Z,Front AC,76.2,0,38,76,89.9,300,compressorCoolStage1On,Away,hold
2026-07-12T15:15:00.000Z,Front AC,75.9,0,38,76,89.9,15,compressorCoolStage1On,Away,hold
2026-07-12T15:20:00.000Z,Front AC,75.6,0,40,76,89.9,0,compressorCoolOff,Away,hold
2026-07-12T15:25:00.000Z,Front AC,75.8,0,41,76,89.9,0,compressorCoolOff,Away,hold
2026-07-12T15:30:00.000Z,Front AC,76.2,0,39,76,89.9,300,compressorCoolStage1On,Away,hold
2026-07-12T15:35:00.000Z,Front AC,76.1,0,38,76,89.9,240,compressorCoolStage1On,Away,hold
2026-07-12T15:40:00.000Z,Front AC,75.5,0,39,76,89.9,0,compressorCoolOff,Away,hold
2026-07-12T15:45:00.000Z,Front AC,75.4,0,40,76,89.9,0,compressorCoolOff,Away,hold
2026-07-12T15:50:00.000Z,Front AC,75.7,0,41,76,89.9,0,compressorCoolOff,Away,hold
2026-07-12T15:55:00.000Z,Front AC,76.2,0,39,76,89.9,285,compressorCoolOff,Away,hold
2026-07-12T16:00:00.000Z,Front AC,76.2,0,39,76,93.4,285,compressorCoolStage1On,Away,hold
2026-07-12T16:05:00.000Z,Front AC,75.7,0,39,76,93.4,0,compressorCoolOff,Away,hold
2026-07-12T16:10:00.000Z,Front AC,75.3,0,40,76,93.4,0,compressorCoolOff,Away,hold
2026-07-12T16:15:00.000Z,Front AC,75.7,0,41,76,93.4,0,compressorCoolOff,Away,hold
2026-07-12T16:20:00.000Z,Front AC,76.2,0,40,76,93.4,240,compressorCoolOff,Away,hold
2026-07-12T16:25:00.000Z,Front AC,76.3,0,39,76,93.4,300,compressorCoolStage1On,Away,hold
2026-07-12T16:30:00.000Z,Front AC,75.9,0,39,76,93.4,45,compressorCoolStage1On,Away,hold
2026-07-12T16:35:00.000Z,Front AC,75.4,0,40,76,93.4,0,compressorCoolOff,Away,hold
2026-07-12T16:40:00.000Z,Front AC,75.7,0,41,76,93.4,0,compressorCoolOff,Away,hold
2026-07-12T16:45:00.000Z,Front AC,76.1,0,40,76,93.4,240,compressorCoolOff,Away,hold
2026-07-12T16:50:00.000Z,Front AC,76.2,0,39,76,93.4,300,compressorCoolStage1On,Away,hold
2026-07-12T16:55:00.000Z,Front AC,76,0,39,76,93.4,135,compressorCoolStage1On,Away,hold
2026-07-12T17:00:00.000Z,Front AC,75.5,0,40,76,96.8,0,compressorCoolOff,Away,hold
2026-07-12T17:05:00.000Z,Front AC,75.5,0,41,76,96.8,0,compressorCoolOff,Away,hold
2026-07-12T17:10:00.000Z,Front AC,76,0,41,76,96.8,0,compressorCoolOff,Away,hold
2026-07-12T17:15:00.000Z,Front AC,76.5,0,40,76,96.8,195,compressorCoolOff,Away,hold
2026-07-12T17:20:00.000Z,Front AC,76.6,0,39,76,96.8,300,compressorCoolStage1On,Away,hold
2026-07-12T17:25:00.000Z,Front AC,76.4,0,39,76,96.8,300,compressorCoolStage1On,Away,hold
2026-07-12T17:30:00.000Z,Front AC,75.9,0,39,76,96.8,120,compressorCoolStage1On,Away,hold
2026-07-12T17:35:00.000Z,Front AC,75.4,0,40,76,96.8,0,compressorCoolOff,Away,hold
2026-07-12T17:40:00.000Z,Front AC,75.6,0,41,76,96.8,0,compressorCoolOff,Away,hold
2026-07-12T17:45:00.000Z,Front AC,76.1,0,41,76,96.8,0,compressorCoolOff,Away,hold
2026-07-12T17:50:00.000Z,Front AC,76.6,0,40,76,96.8,255,compressorCoolOff,Away,hold
2026-07-12T17:55:00.000Z,Front AC,76.6,0,39,76,96.8,300,compressorCoolStage1On,Away,hold
2026-07-12T18:00:00.000Z,Front AC,76.3,0,39,76,98.7,300,compressorCoolStage1On,Away,hold
2026-07-12T18:05:00.000Z,Front AC,75.9,0,39,76,98.7,90,compressorCoolStage1On,Away,hold
2026-07-12T18:10:00.000Z,Front AC,75.4,0,40,76,98.7,0,compressorCoolOff,Away,hold
2026-07-12T18:15:00.000Z,Front AC,75.7,0,41,76,98.7,0,compressorCoolOff,Away,hold
2026-07-12T18:20:00.000Z,Front AC,76.3,0,41,76,98.7,60,compressorCoolOff,Away,hold
2026-07-12T18:25:00.000Z,Front AC,76.7,0,40,76,98.7,300,compressorCoolStage1On,Away,hold
2026-07-12T18:30:00.000Z,Front AC,76.5,0,39,75.8,99.5,300,compressorCoolStage1On,Away,hold
2026-07-12T18:35:00.000Z,Front AC,76.2,0,39,74,99.5,300,compressorCoolStage1On,Away,auto
2026-07-12T18:40:00.000Z,Front AC,75.8,0,39,74,99.5,300,compressorCoolStage1On,Away,auto
2026-07-12T18:45:00.000Z,Front AC,75.4,0,40,74,99.5,300,compressorCoolStage1On,Away,auto
2026-07-12T18:50:00.000Z,Front AC,75.2,0,40,74,99.5,300,compressorCoolStage1On,Away,auto
2026-07-12T18:55:00.000Z,Front AC,74.9,0,40,74,99.5,300,compressorCoolStage1On,Away,auto
2026-07-12T19:00:00.000Z,Front AC,74.8,0,40,74,100.1,300,compressorCoolStage1On,Away,auto
2026-07-12T19:05:00.000Z,Front AC,74.6,0,40,74,100.1,300,compressorCoolStage1On,Away,auto
2026-07-12T19:10:00.000Z,Front AC,74.3,0,40,74,100.1,300,compressorCoolStage1On,Away,auto
2026-07-12T19:15:00.000Z,Front AC,74.2,0,40,74,100.1,300,compressorCoolStage1On,Away,auto
2026-07-12T19:20:00.000Z,Front AC,74,0,40,74,100.1,120,compressorCoolStage1On,Away,auto
2026-07-12T19:25:00.000Z,Front AC,73.8,0,40,74,100.1,0,compressorCoolOff,Away,auto
2026-07-12T19:30:00.000Z,Front AC,74.5,0,41,74,100.1,165,compressorCoolOff,Away,auto
2026-07-12T19:35:00.000Z,Front AC,75.1,0,39,74,100.1,300,compressorCoolStage1On,Away,auto
2026-07-12T19:40:00.000Z,Front AC,75.1,0,40,74,100.1,300,compressorCoolStage1On,Away,auto
2026-07-12T19:45:00.000Z,Front AC,74.9,0,40,74,100.1,300,compressorCoolStage1On,Away,auto
2026-07-12T19:50:00.000Z,Front AC,74.6,0,40,74,100.1,300,compressorCoolStage1On,Away,auto
2026-07-12T19:55:00.000Z,Front AC,74.4,0,40,74,100.1,300,compressorCoolStage1On,Away,auto
2026-07-12T20:00:00.000Z,Front AC,74.2,0,40,74,101.7,300,compressorCoolStage1On,Home,auto
2026-07-12T20:05:00.000Z,Front AC,74,0,40,74,101.7,180,compressorCoolStage1On,Home,auto
2026-07-12T20:10:00.000Z,Front AC,73.8,0,41,74,101.7,0,compressorCoolOff,Home,auto
2026-07-12T20:15:00.000Z,Front AC,74.3,0,41,74,101.7,90,compressorCoolOff,Home,auto
2026-07-12T20:20:00.000Z,Front AC,74.9,0,40,74,101.7,300,compressorCoolStage1On,Home,auto
2026-07-12T20:25:00.000Z,Front AC,75,0,40,74,101.7,300,compressorCoolStage1On,Home,auto
2026-07-12T20:30:00.000Z,Front AC,74.6,0,41,74,101.7,300,compressorCoolStage1On,Home,auto
2026-07-12T20:35:00.000Z,Front AC,74.3,0,41,74,101.7,285,compressorCoolStage1On,Home,auto
2026-07-12T20:40:00.000Z,Front AC,73.7,0,43,74,101.7,0,compressorCoolOff,Home,auto
2026-07-12T20:45:00.000Z,Front AC,74.1,0,43,74,101.7,45,compressorCoolOff,Home,auto
2026-07-12T20:50:00.000Z,Front AC,74.6,0,43,74,101.7,300,compressorCoolStage1On,Home,auto
2026-07-12T20:55:00.000Z,Front AC,74.2,0,44,74,101.7,285,compressorCoolStage1On,Home,auto
2026-07-12T21:00:00.000Z,Front AC,74,0,44,74,103,0,compressorCoolOff,Home,auto
2026-07-12T21:05:00.000Z,Front AC,74.6,0,44,74,103,225,compressorCoolOff,Home,auto
2026-07-12T21:10:00.000Z,Front AC,74.6,0,44,74,103,300,compressorCoolStage1On,Home,auto
2026-07-12T21:15:00.000Z,Front AC,74.2,0,43,74,103,300,compressorCoolStage1On,Home,auto
2026-07-12T21:20:00.000Z,Front AC,73.9,0,43,74,103,30,compressorCoolStage1On,Home,auto
2026-07-12T21:25:00.000Z,Front AC,74.4,0,43,74,103,165,compressorCoolOff,Home,auto
2026-07-12T21:30:00.000Z,Front AC,74.7,0,43,74,104,300,compressorCoolStage1On,Home,auto
2026-07-12T21:35:00.000Z,Front AC,74.4,0,42,74,104,300,compressorCoolStage1On,Home,auto
2026-07-12T21:40:00.000Z,Front AC,74,0,41,74,104,135,compressorCoolStage1On,Home,auto
2026-07-12T21:45:00.000Z,Front AC,74.2,0,43,74,104,60,compressorCoolOff,Home,auto
2026-07-12T21:50:00.000Z,Front AC,74.7,0,43,74,104,300,compressorCoolStage1On,Home,auto
2026-07-12T21:55:00.000Z,Front AC,74.5,0,43,74,104,300,compressorCoolStage1On,Home,auto
2026-07-12T22:00:00.000Z,Front AC,74,0,43,74,104.2,120,compressorCoolStage1On,Home,auto
2026-07-12T22:05:00.000Z,Front AC,74.3,0,44,74,104.2,120,compressorCoolOff,Home,auto
2026-07-12T22:10:00.000Z,Front AC,74.7,0,44,74,104.2,300,compressorCoolStage1On,Home,auto
2026-07-12T22:15:00.000Z,Front AC,74.5,0,43,74,104.2,300,compressorCoolStage1On,Home,auto
2026-07-12T22:20:00.000Z,Front AC,74.1,0,43,74,104.2,255,compressorCoolStage1On,Home,auto
2026-07-12T22:25:00.000Z,Front AC,74,0,43,74,104.2,0,compressorCoolOff,Home,auto
2026-07-12T22:30:00.000Z,Front AC,74.6,0,43,74,104.2,270,compressorCoolOff,Home,auto
2026-07-12T22:35:00.000Z,Front AC,74.5,0,43,74,104.2,300,compressorCoolStage1On,Home,auto
2026-07-12T22:40:00.000Z,Front AC,74.1,0,43,74,104.2,255,compressorCoolStage1On,Home,auto
2026-07-12T22:45:00.000Z,Front AC,74.1,0,43,74,104.2,0,compressorCoolOff,Home,auto
2026-07-12T22:50:00.000Z,Front AC,74.7,0,43,74,104.2,285,compressorCoolOff,Home,auto
2026-07-12T22:55:00.000Z,Front AC,74.5,0,43,74,104.2,300,compressorCoolStage1On,Home,auto
2026-07-12T23:00:00.000Z,Front AC,74.2,0,43,74,104.2,300,compressorCoolStage1On,Home,auto
2026-07-12T23:05:00.000Z,Front AC,74,0,43,74,104.2,105,compressorCoolStage1On,Home,auto
2026-07-12T23:10:00.000Z,Front AC,74.4,0,43,74,104.2,135,compressorCoolOff,Home,auto
2026-07-12T23:15:00.000Z,Front AC,74.7,0,43,74,104.2,300,compressorCoolStage1On,Home,auto
2026-07-12T23:20:00.000Z,Front AC,74.4,0,43,74,104.2,300,compressorCoolStage1On,Home,auto
2026-07-12T23:25:00.000Z,Front AC,74,0,43,74,104.2,90,compressorCoolStage1On,Home,auto
2026-07-12T23:30:00.000Z,Front AC,74.5,0,43,74,104.2,180,compressorCoolOff,Home,auto
2026-07-12T23:35:00.000Z,Front AC,74.8,0,43,74,104.2,300,compressorCoolStage1On,Home,auto
2026-07-12T23:40:00.000Z,Front AC,74.4,0,43,74,104.2,300,compressorCoolStage1On,Home,auto
2026-07-12T23:45:00.000Z,Front AC,74.1,0,42,74,104.2,195,compressorCoolStage1On,Home,auto
2026-07-12T23:50:00.000Z,Front AC,74.1,0,43,74,104.2,45,compressorCoolOff,Home,auto
2026-07-12T23:55:00.000Z,Front AC,74.8,0,43,74,104.2,300,compressorCoolStage1On,Home,auto
2026-07-13T00:00:00.000Z,Front AC,74.6,0,43,74,103.5,300,compressorCoolStage1On,Home,auto
2026-07-13T00:05:00.000Z,Front AC,74.3,0,42,74,103.5,300,compressorCoolStage1On,Home,auto
2026-07-13T00:10:00.000Z,Front AC,73.9,0,42,74,103.5,75,compressorCoolStage1On,Home,auto
2026-07-13T00:15:00.000Z,Front AC,74.4,0,43,74,103.5,165,compressorCoolOff,Home,auto
2026-07-13T00:20:00.000Z,Front AC,74.9,0,43,74,103.5,300,compressorCoolStage1On,Home,auto
2026-07-13T00:25:00.000Z,Front AC,74.5,0,41,74,103.5,300,compressorCoolStage1On,Home,auto
2026-07-13T00:30:00.000Z,Front AC,74.2,0,41,74,103.5,285,compressorCoolStage1On,Home,auto
2026-07-13T00:35:00.000Z,Front AC,74,0,41,74,103.5,0,compressorCoolOff,Home,auto
2026-07-13T00:40:00.000Z,Front AC,74.7,0,43,74,103.5,285,compressorCoolOff,Home,auto
2026-07-13T00:45:00.000Z,Front AC,74.6,0,42,74,103.5,300,compressorCoolStage1On,Home,auto
2026-07-13T00:50:00.000Z,Front AC,74.1,0,41,74,103.5,240,compressorCoolStage1On,Home,auto
2026-07-13T00:55:00.000Z,Front AC,74,0,42,74,103.5,15,compressorCoolOff,Home,auto
2026-07-13T01:00:00.000Z,Front AC,74.8,0,42,74,97.6,300,compressorCoolStage1On,Home,auto
2026-07-13T01:05:00.000Z,Front AC,74.6,0,41,74,97.6,300,compressorCoolStage1On,Home,auto
2026-07-13T01:10:00.000Z,Front AC,74.2,0,41,74,97.6,270,compressorCoolStage1On,Home,auto
2026-07-13T01:15:00.000Z,Front AC,74,0,41,74,97.6,0,compressorCoolOff,Home,auto
2026-07-13T01:20:00.000Z,Front AC,74.6,0,41,74,97.6,225,compressorCoolOff,Home,auto
2026-07-13T01:25:00.000Z,Front AC,74.6,0,41,74,97.6,300,compressorCoolStage1On,Home,auto
2026-07-13T01:30:00.000Z,Front AC,74.1,0,41,74,100,225,compressorCoolStage1On,Home,auto
2026-07-13T01:35:00.000Z,Front AC,74,0,41,74,100,0,compressorCoolOff,Home,auto
2026-07-13T01:40:00.000Z,Front AC,74.7,0,41,74,100,300,compressorCoolStage1On,Home,auto
2026-07-13T01:45:00.000Z,Front AC,74.5,0,40,74,100,300,compressorCoolStage1On,Home,auto
2026-07-13T01:50:00.000Z,Front AC,74,0,40,74,100,180,compressorCoolStage1On,Home,auto
2026-07-13T01:55:00.000Z,Front AC,74,0,41,74,100,0,compressorCoolOff,Home,auto
2026-07-13T02:00:00.000Z,Front AC,74.7,0,40,74,96.9,300,compressorCoolStage1On,Home,auto
2026-07-13T02:05:00.000Z,Front AC,74.4,0,40,74,96.9,300,compressorCoolStage1On,Home,auto
2026-07-13T02:10:00.000Z,Front AC,74,0,40,74,96.9,60,compressorCoolStage1On,Home,auto
2026-07-13T02:15:00.000Z,Front AC,74.4,0,41,74,96.9,135,compressorCoolOff,Home,auto
2026-07-13T02:20:00.000Z,Front AC,74.6,0,41,74,96.9,300,compressorCoolStage1On,Home,auto
2026-07-13T02:25:00.000Z,Front AC,74,0,41,74,96.9,150,compressorCoolStage1On,Home,auto
2026-07-13T02:30:00.000Z,Front AC,74.1,0,41,74,97.7,45,compressorCoolOff,Home,auto
2026-07-13T02:35:00.000Z,Front AC,74.7,0,41,74,97.7,300,compressorCoolStage1On,Home,auto
2026-07-13T02:40:00.000Z,Front AC,74.2,0,41,74,97.7,255,compressorCoolStage1On,Home,auto
2026-07-13T02:45:00.000Z,Front AC,73.8,0,41,74,97.7,0,compressorCoolOff,Home,auto
2026-07-13T02:50:00.000Z,Front AC,74.5,0,41,74,97.7,210,compressorCoolOff,Home,auto
2026-07-13T02:55:00.000Z,Front AC,74.5,0,41,74,97.7,300,compressorCoolStage1On,Home,auto
2026-07-13T03:00:00.000Z,Front AC,73.9,0,41,74,94.4,105,compressorCoolStage1On,Home,auto
2026-07-13T03:05:00.000Z,Front AC,74.1,0,41,74,94.4,180,compressorCoolOff,Home,auto
2026-07-13T03:10:00.000Z,Front AC,74,0,41,74,94.4,165,compressorCoolStage1On,Home,auto
2026-07-13T03:15:00.000Z,Front AC,74,0,42,74,94.4,135,compressorCoolOff,Home,auto
2026-07-13T03:20:00.000Z,Front AC,74.1,0,42,74,94.4,240,compressorCoolStage1On,Home,auto
2026-07-13T03:25:00.000Z,Front AC,74,0,42,74,94.4,60,compressorCoolOff,Home,auto
2026-07-13T03:30:00.000Z,Front AC,74.3,0,42,74,95.9,300,compressorCoolStage1On,Home,auto
2026-07-13T03:35:00.000Z,Front AC,73.9,0,41,74,95.9,75,compressorCoolStage1On,Home,auto
2026-07-13T03:40:00.000Z,Front AC,74.1,0,42,74,95.9,195,compressorCoolOff,Home,auto
2026-07-13T03:45:00.000Z,Front AC,74,0,42,74,95.9,135,compressorCoolStage1On,Home,auto
2026-07-13T03:50:00.000Z,Front AC,74.2,0,43,74,95.9,60,compressorCoolOff,Home,auto
2026-07-13T03:55:00.000Z,Front AC,74.6,0,42,74,95.9,300,compressorCoolStage1On,Home,auto
2026-07-13T04:00:00.000Z,Front AC,74,0,41,74,94.2,135,compressorCoolStage1On,Home,auto
2026-07-13T04:05:00.000Z,Front AC,73.9,0,41,74,94.2,0,compressorCoolOff,Home,auto
2026-07-13T04:10:00.000Z,Front AC,74.6,0,41,74,94.2,270,compressorCoolOff,Home,auto
2026-07-13T04:15:00.000Z,Front AC,74.3,0,40,74,94.2,300,compressorCoolStage1On,Home,auto
2026-07-13T04:20:00.000Z,Front AC,73.8,0,40,74,94.2,0,compressorCoolOff,Home,auto
2026-07-13T04:25:00.000Z,Front AC,74.2,0,41,74,94.2,270,compressorCoolOff,Home,auto
2026-07-13T04:30:00.000Z,Front AC,73.9,0,41,74,94.2,45,compressorCoolStage1On,Home,auto
2026-07-13T04:35:00.000Z,Front AC,74.2,0,42,74,94.2,255,compressorCoolOff,Home,auto
2026-07-13T04:40:00.000Z,Front AC,73.9,0,41,74,94.2,75,compressorCoolStage1On,Home,auto
2026-07-13T04:45:00.000Z,Front AC,74.1,0,41,74,94.2,195,compressorCoolOff,Home,auto
2026-07-13T04:50:00.000Z,Front AC,74,0,41,74,94.2,135,compressorCoolStage1On,Home,auto
2026-07-13T04:55:00.000Z,Front AC,73.9,0,42,72,94.2,165,compressorCoolOff,Home,hold
2026-07-13T05:00:00.000Z,Front AC,74.1,0,42,72,90.8,300,compressorCoolStage1On,Sleep,hold
2026-07-13T05:05:00.000Z,Front AC,73.8,0,40,72,90.8,300,compressorCoolStage1On,Sleep,hold
2026-07-13T05:10:00.000Z,Front AC,73.3,0,40,72,90.8,300,compressorCoolStage1On,Sleep,hold
2026-07-13T05:15:00.000Z,Front AC,73,0,40,72,90.8,300,compressorCoolStage1On,Sleep,hold
2026-07-13T05:20:00.000Z,Front AC,72.8,0,38,72,90.8,300,compressorCoolStage1On,Sleep,hold
2026-07-13T05:25:00.000Z,Front AC,72.7,0,38,72,90.8,300,compressorCoolStage1On,Sleep,hold
2026-07-13T05:30:00.000Z,Front AC,72.6,0,38,72,90.8,300,compressorCoolStage1On,Sleep,hold
2026-07-13T05:35:00.000Z,Front AC,72.5,0,38,72,90.8,300,compressorCoolStage1On,Sleep,hold
2026-07-13T05:40:00.000Z,Front AC,72.3,0,38,72,90.8,300,compressorCoolStage1On,Sleep,hold
2026-07-13T05:45:00.000Z,Front AC,72.2,0,38,72,90.8,300,compressorCoolStage1On,Sleep,hold
2026-07-13T05:50:00.000Z,Front AC,72.1,0,38,72,90.8,300,compressorCoolStage1On,Sleep,hold
2026-07-13T05:55:00.000Z,Front AC,71.9,0,38,72,90.8,90,compressorCoolStage1On,Sleep,hold
2026-07-13T06:00:00.000Z,Front AC,72.3,0,39,72,87.6,105,compressorCoolOff,Sleep,hold
2026-07-13T06:05:00.000Z,Front AC,73.3,0,40,72,87.6,300,compressorCoolStage1On,Sleep,hold
2026-07-13T06:10:00.000Z,Front AC,73.5,0,40,72,87.6,300,compressorCoolStage1On,Sleep,hold
2026-07-13T06:15:00.000Z,Front AC,73.2,0,39,72,87.6,300,compressorCoolStage1On,Sleep,hold
2026-07-13T06:20:00.000Z,Front AC,72.7,0,38,72,87.6,300,compressorCoolStage1On,Sleep,hold
2026-07-13T06:25:00.000Z,Front AC,72.2,0,38,72,87.6,300,compressorCoolStage1On,Sleep,hold
2026-07-13T06:30:00.000Z,Front AC,72,0,38,72,87.8,225,compressorCoolStage1On,Sleep,hold
2026-07-13T06:35:00.000Z,Front AC,71.9,0,39,72,87.8,0,compressorCoolOff,Sleep,hold
2026-07-13T06:40:00.000Z,Front AC,72.4,0,40,72,87.8,120,compressorCoolOff,Sleep,hold
2026-07-13T06:45:00.000Z,Front AC,72.9,0,39,72,87.8,300,compressorCoolStage1On,Sleep,hold
2026-07-13T06:50:00.000Z,Front AC,72.6,0,38,72,87.8,300,compressorCoolStage1On,Sleep,hold
2026-07-13T06:55:00.000Z,Front AC,72.1,0,38,72,87.8,300,compressorCoolStage1On,Sleep,hold
2026-07-13T07:00:00.000Z,Front AC,72.1,0,38,72,86.9,300,compressorCoolStage1On,Sleep,hold
2026-07-13T07:05:00.000Z,Front AC,71.9,0,38,72,86.9,15,compressorCoolStage1On,Sleep,hold
2026-07-13T07:10:00.000Z,Front AC,72,0,39,72,86.9,150,compressorCoolOff,Sleep,hold
2026-07-13T07:15:00.000Z,Front AC,72.4,0,39,72,86.9,300,compressorCoolStage1On,Sleep,hold
2026-07-13T07:20:00.000Z,Front AC,72.1,0,38,72,86.9,210,compressorCoolStage1On,Sleep,hold
2026-07-13T07:25:00.000Z,Front AC,72.1,0,39,72,86.9,90,compressorCoolOff,Sleep,hold
2026-07-13T07:30:00.000Z,Front AC,72.4,0,40,72,86.9,300,compressorCoolStage1On,Sleep,hold
2026-07-13T07:35:00.000Z,Front AC,72.3,0,39,72,86.9,300,compressorCoolStage1On,Sleep,hold
2026-07-13T07:40:00.000Z,Front AC,72.2,0,39,72,86.9,300,compressorCoolStage1On,Sleep,hold
2026-07-13T07:45:00.000Z,Front AC,71.9,0,38,72,86.9,0,compressorCoolOff,Sleep,hold
2026-07-13T07:50:00.000Z,Front AC,72.1,0,39,72,86.9,0,compressorCoolOff,Sleep,hold
2026-07-13T07:55:00.000Z,Front AC,72.5,0,39,72,86.9,225,compressorCoolOff,Sleep,hold
2026-07-13T08:00:00.000Z,Front AC,72.6,0,39,72,84.4,300,compressorCoolStage1On,Sleep,hold
2026-07-13T08:05:00.000Z,Front AC,72.5,0,39,72,84.4,300,compressorCoolStage1On,Sleep,hold
2026-07-13T08:10:00.000Z,Front AC,72.2,0,39,72,84.4,300,compressorCoolStage1On,Sleep,hold
2026-07-13T08:15:00.000Z,Front AC,71.9,0,39,72,84.4,45,compressorCoolStage1On,Sleep,hold
2026-07-13T08:20:00.000Z,Front AC,71.9,0,40,72,84.4,0,compressorCoolOff,Sleep,hold
2026-07-13T08:25:00.000Z,Front AC,72.4,0,40,72,84.4,0,compressorCoolOff,Sleep,hold
2026-07-13T08:30:00.000Z,Front AC,72.8,0,39,72,84.4,120,compressorCoolOff,Sleep,hold
2026-07-13T08:35:00.000Z,Front AC,73.2,0,38,72,84.4,300,compressorCoolStage1On,Sleep,hold
2026-07-13T08:40:00.000Z,Front AC,72.8,0,38,72,84.4,300,compressorCoolStage1On,Sleep,hold
2026-07-13T08:45:00.000Z,Front AC,72.6,0,38,72,84.4,300,compressorCoolStage1On,Sleep,hold
2026-07-13T08:50:00.000Z,Front AC,72.1,0,38,72,84.4,255,compressorCoolStage1On,Sleep,hold
2026-07-13T08:55:00.000Z,Front AC,71.7,0,38,72,84.4,0,compressorCoolOff,Sleep,hold
2026-07-13T09:00:00.000Z,Front AC,72,0,40,72,83.2,0,compressorCoolOff,Sleep,hold
2026-07-13T09:05:00.000Z,Front AC,72.5,0,39,72,83.2,0,compressorCoolOff,Sleep,hold
2026-07-13T09:10:00.000Z,Front AC,73,0,39,72,83.2,195,compressorCoolOff,Sleep,hold
2026-07-13T09:15:00.000Z,Front AC,73.1,0,38,72,83.2,300,compressorCoolStage1On,Sleep,hold
2026-07-13T09:20:00.000Z,Front AC,72.7,0,38,72,83.2,300,compressorCoolStage1On,Sleep,hold
2026-07-13T09:25:00.000Z,Front AC,72.4,0,38,72,83.2,300,compressorCoolStage1On,Sleep,hold
2026-07-13T09:30:00.000Z,Front AC,71.9,0,38,72,85,150,compressorCoolStage1On,Sleep,hold
2026-07-13T09:35:00.000Z,Front AC,71.6,0,39,72,85,0,compressorCoolOff,Sleep,hold
2026-07-13T09:40:00.000Z,Front AC,72.1,0,40,72,85,0,compressorCoolOff,Sleep,hold
2026-07-13T09:45:00.000Z,Front AC,72.5,0,39,72,85,0,compressorCoolOff,Sleep,hold
2026-07-13T09:50:00.000Z,Front AC,73,0,38,72,85,210,compressorCoolOff,Sleep,hold
2026-07-13T09:55:00.000Z,Front AC,73,0,38,72,85,300,compressorCoolStage1On,Sleep,hold
2026-07-13T10:00:00.000Z,Front AC,72.7,0,38,72,84.5,300,compressorCoolStage1On,Sleep,hold
2026-07-13T10:05:00.000Z,Front AC,72.3,0,38,72,84.5,300,compressorCoolStage1On,Sleep,hold
2026-07-13T10:10:00.000Z,Front AC,71.8,0,38,72,84.5,75,compressorCoolStage1On,Sleep,hold
2026-07-13T10:15:00.000Z,Front AC,71.6,0,39,72,84.5,0,compressorCoolOff,Sleep,hold
2026-07-13T10:20:00.000Z,Front AC,72.2,0,40,72,84.5,0,compressorCoolOff,Sleep,hold
2026-07-13T10:25:00.000Z,Front AC,72.4,0,39,72,84.5,0,compressorCoolOff,Sleep,hold
2026-07-13T10:30:00.000Z,Front AC,73,0,38,72,84.5,240,compressorCoolOff,Sleep,hold
2026-07-13T10:35:00.000Z,Front AC,73,0,38,72,84.5,300,compressorCoolStage1On,Sleep,hold
2026-07-13T10:40:00.000Z,Front AC,72.7,0,38,72,84.5,300,compressorCoolStage1On,Sleep,hold
2026-07-13T10:45:00.000Z,Front AC,72.2,0,38,72,84.5,300,compressorCoolStage1On,Sleep,hold
2026-07-13T10:50:00.000Z,Front AC,71.7,0,38,72,84.5,15,compressorCoolStage1On,Sleep,hold
2026-07-13T10:55:00.000Z,Front AC,71.6,0,39,72,84.5,0,compressorCoolOff,Sleep,hold
2026-07-13T11:00:00.000Z,Front AC,72.2,0,40,72,82.6,0,compressorCoolOff,Sleep,hold
2026-07-13T11:05:00.000Z,Front AC,72.5,0,39,72,82.6,0,compressorCoolOff,Sleep,hold
2026-07-13T11:10:00.000Z,Front AC,73,0,38,72,82.6,240,compressorCoolOff,Sleep,hold
2026-07-13T11:15:00.000Z,Front AC,72.9,0,38,72,82.6,300,compressorCoolStage1On,Sleep,hold
2026-07-13T11:20:00.000Z,Front AC,72.5,0,38,72,82.6,300,compressorCoolStage1On,Sleep,hold
2026-07-13T11:25:00.000Z,Front AC,72.1,0,38,72,82.6,225,compressorCoolStage1On,Sleep,hold
2026-07-13T11:30:00.000Z,Front AC,71.6,0,38,72,82.6,0,compressorCoolOff,Sleep,hold
2026-07-13T11:35:00.000Z,Front AC,71.8,0,40,72,82.6,0,compressorCoolOff,Sleep,hold
2026-07-13T11:40:00.000Z,Front AC,72.4,0,40,72,82.6,0,compressorCoolOff,Sleep,hold
2026-07-13T11:45:00.000Z,Front AC,72.6,0,39,72,82.6,15,compressorCoolOff,Sleep,hold
2026-07-13T11:50:00.000Z,Front AC,73,0,38,72,82.6,300,compressorCoolStage1On,Sleep,hold
2026-07-13T11:55:00.000Z,Front AC,72.7,0,38,72,82.6,300,compressorCoolStage1On,Sleep,hold
2026-07-13T12:00:00.000Z,Front AC,72.4,0,38,72,82.3,300,compressorCoolStage1On,Home,hold
2026-07-13T12:05:00.000Z,Front AC,72,0,38,72,82.3,135,compressorCoolStage1On,Home,hold
2026-07-13T12:10:00.000Z,Front AC,71.9,0,39,72,82.3,0,compressorCoolOff,Home,hold
2026-07-13T12:15:00.000Z,Front AC,72.3,0,40,72,82.3,0,compressorCoolOff,Home,hold
2026-07-13T12:20:00.000Z,Front AC,72.7,0,39,72,82.3,0,compressorCoolOff,Home,hold
2026-07-13T12:25:00.000Z,Front AC,73,0,38,72,82.3,255,compressorCoolOff,Home,hold
2026-07-13T12:30:00.000Z,Front AC,72.9,0,38,72,82.3,300,compressorCoolStage1On,Home,hold
2026-07-13T12:35:00.000Z,Front AC,72.6,0,38,72,82.3,300,compressorCoolStage1On,Home,hold
2026-07-13T12:40:00.000Z,Front AC,72.1,0,38,72,82.3,225,compressorCoolStage1On,Home,hold
2026-07-13T12:45:00.000Z,Front AC,71.5,0,38,72,82.3,0,compressorCoolOff,Home,hold
2026-07-13T12:50:00.000Z,Front AC,71.8,0,40,72,82.3,0,compressorCoolOff,Home,hold
2026-07-13T12:55:00.000Z,Front AC,72.3,0,40,72,82.3,0,compressorCoolOff,Home,hold
2026-07-13T13:00:00.000Z,Front AC,72.7,0,40,72,82.2,0,compressorCoolOff,Home,hold
2026-07-13T13:05:00.000Z,Front AC,73,0,39,72,82.2,255,compressorCoolOff,Home,hold
2026-07-13T13:10:00.000Z,Front AC,73,0,39,72,82.2,300,compressorCoolStage1On,Home,hold
2026-07-13T13:15:00.000Z,Front AC,72.4,0,38,72,82.2,300,compressorCoolStage1On,Home,hold
2026-07-13T13:20:00.000Z,Front AC,71.8,0,37,72,82.2,30,compressorCoolStage1On,Home,hold
2026-07-13T13:25:00.000Z,Front AC,71.8,0,39,72,82.2,0,compressorCoolOff,Home,hold
2026-07-13T13:30:00.000Z,Front AC,72.2,0,40,72,82.2,0,compressorCoolOff,Home,hold
2026-07-13T13:35:00.000Z,Front AC,72.7,0,40,72,82.2,0,compressorCoolOff,Home,hold
2026-07-13T13:40:00.000Z,Front AC,73,0,40,72,82.2,285,compressorCoolOff,Home,hold
2026-07-13T13:45:00.000Z,Front AC,72.5,0,40,72,82.2,300,compressorCoolStage1On,Home,hold
2026-07-13T13:50:00.000Z,Front AC,71.9,0,40,72,82.2,75,compressorCoolStage1On,Home,hold
2026-07-13T13:55:00.000Z,Front AC,72,0,41,72,82.2,0,compressorCoolOff,Home,hold
2026-07-13T14:00:00.000Z,Front AC,72.5,0,41,72,83,0,compressorCoolOff,Home,hold
2026-07-13T14:05:00.000Z,Front AC,72.9,0,41,72,83,195,compressorCoolOff,Home,hold
2026-07-13T14:10:00.000Z,Front AC,72.6,0,41,72,83,300,compressorCoolStage1On,Home,hold
2026-07-13T14:15:00.000Z,Front AC,72,0,41,72,83,120,compressorCoolStage1On,Home,hold
2026-07-13T14:20:00.000Z,Front AC,72,0,41,72,83,0,compressorCoolOff,Home,hold
2026-07-13T14:25:00.000Z,Front AC,72.8,0,41,72,83,90,compressorCoolOff,Home,hold
2026-07-13T14:30:00.000Z,Front AC,72.9,0,41,72,83.5,300,compressorCoolStage1On,Home,hold
2026-07-13T14:35:00.000Z,Front AC,72.3,0,40,72,83.5,255,compressorCoolStage1On,Home,hold
2026-07-13T14:40:00.000Z,Front AC,71.7,0,40,72,83.5,0,compressorCoolOff,Home,hold
2026-07-13T14:45:00.000Z,Front AC,72.3,0,41,72,83.5,0,compressorCoolOff,Home,hold
2026-07-13T14:50:00.000Z,Front AC,72.9,0,41,72,83.5,195,compressorCoolOff,Home,hold
2026-07-13T14:55:00.000Z,Front AC,72.8,0,41,72,83.5,300,compressorCoolStage1On,Home,hold
2026-07-13T15:00:00.000Z,Front AC,72.1,0,41,72,85.4,165,compressorCoolStage1On,Home,hold
2026-07-13T15:05:00.000Z,Front AC,72,0,41,72,85.4,0,compressorCoolOff,Home,hold
2026-07-13T15:10:00.000Z,Front AC,72.5,0,41,72,85.4,0,compressorCoolOff,Home,hold
2026-07-13T15:15:00.000Z,Front AC,73.1,0,40,72,85.4,285,compressorCoolOff,Home,hold
2026-07-13T15:20:00.000Z,Front AC,73.2,0,39,72,85.4,300,compressorCoolStage1On,Home,hold
2026-07-13T15:25:00.000Z,Front AC,72,0,40,72,85.4,150,compressorCoolStage1On,Home,hold
2026-07-13T15:30:00.000Z,Front AC,71.5,0,42,72,85.4,0,compressorCoolOff,Home,hold
2026-07-13T15:35:00.000Z,Front AC,72.3,0,41,72,85.4,0,compressorCoolOff,Home,hold
2026-07-13T15:40:00.000Z,Front AC,73,0,41,72,85.4,225,compressorCoolOff,Home,hold
2026-07-13T15:45:00.000Z,Front AC,72.7,0,42,72,85.4,300,compressorCoolStage1On,Home,hold
2026-07-13T15:50:00.000Z,Front AC,72.2,0,41,72,85.4,300,compressorCoolStage1On,Home,hold
2026-07-13T15:55:00.000Z,Front AC,71.8,0,41,72,85.4,0,compressorCoolOff,Home,hold
2026-07-13T16:00:00.000Z,Front AC,72.3,0,43,72,87.7,0,compressorCoolOff,Home,hold
2026-07-13T16:05:00.000Z,Front AC,72.9,0,42,72,87.7,210,compressorCoolOff,Home,hold
2026-07-13T16:10:00.000Z,Front AC,72.9,0,42,72,87.7,300,compressorCoolStage1On,Home,hold
2026-07-13T16:15:00.000Z,Front AC,72.2,0,41,72,87.7,270,compressorCoolStage1On,Home,hold
2026-07-13T16:20:00.000Z,Front AC,71.9,0,41,72,87.7,0,compressorCoolOff,Home,hold
2026-07-13T16:25:00.000Z,Front AC,72.2,0,43,72,87.7,300,compressorCoolStage1On,Home,hold
2026-07-13T16:30:00.000Z,Front AC,71.9,0,43,72,87.7,75,compressorCoolStage1On,Home,hold
2026-07-13T16:35:00.000Z,Front AC,72.2,0,45,72,87.7,225,compressorCoolOff,Home,hold
2026-07-13T16:40:00.000Z,Front AC,72.3,0,45,72,87.7,300,compressorCoolStage1On,Home,hold
2026-07-13T16:45:00.000Z,Front AC,72,0,44,72,87.7,165,compressorCoolStage1On,Home,hold
2026-07-13T16:50:00.000Z,Front AC,71.9,0,44,72,87.7,0,compressorCoolOff,Home,hold
2026-07-13T16:55:00.000Z,Front AC,72.5,0,45,72,87.7,255,compressorCoolOff,Home,hold
2026-07-13T17:00:00.000Z,Front AC,72.3,0,45,72,93,300,compressorCoolStage1On,Home,hold
2026-07-13T17:05:00.000Z,Front AC,71.9,0,45,72,93,15,compressorCoolStage1On,Home,hold
2026-07-13T17:10:00.000Z,Front AC,72.4,0,44,72,93,150,compressorCoolOff,Home,hold
2026-07-13T17:15:00.000Z,Front AC,72.7,0,44,72,93,300,compressorCoolStage1On,Home,hold
2026-07-13T17:20:00.000Z,Front AC,72.4,0,44,72,93,300,compressorCoolStage1On,Home,hold
2026-07-13T17:25:00.000Z,Front AC,72.1,0,43,72,93,240,compressorCoolStage1On,Home,hold
2026-07-13T17:30:00.000Z,Front AC,71.9,0,44,72,93,0,compressorCoolOff,Home,hold
2026-07-13T17:35:00.000Z,Front AC,72.5,0,45,72,93,210,compressorCoolOff,Home,hold
2026-07-13T17:40:00.000Z,Front AC,72.6,0,44,72,93,300,compressorCoolStage1On,Home,hold
2026-07-13T17:45:00.000Z,Front AC,72.3,0,43,72,93,300,compressorCoolStage1On,Home,hold
2026-07-13T17:50:00.000Z,Front AC,71.9,0,43,72,93,60,compressorCoolStage1On,Home,hold
2026-07-13T17:55:00.000Z,Front AC,72.2,0,45,72,93,90,compressorCoolOff,Home,hold
2026-07-13T18:00:00.000Z,Front AC,72.7,0,45,72,95.7,300,compressorCoolStage1On,Home,hold
2026-07-13T18:05:00.000Z,Front AC,72.4,0,44,72,95.7,300,compressorCoolStage1On,Home,hold
2026-07-13T18:10:00.000Z,Front AC,72,0,43,72,95.7,180,compressorCoolStage1On,Home,hold
2026-07-13T18:15:00.000Z,Front AC,71.9,0,44,72,95.7,0,compressorCoolOff,Home,hold
2026-07-13T18:20:00.000Z,Front AC,72.6,0,45,72,95.7,270,compressorCoolOff,Home,hold
2026-07-13T18:25:00.000Z,Front AC,72.6,0,45,73.8,95.7,120,compressorCoolStage1On,Home,hold
2026-07-13T18:30:00.000Z,Front AC,72.8,0,45,75,95.7,0,compressorCoolOff,Home,auto
2026-07-13T18:35:00.000Z,Front AC,73.4,0,44,75,95.7,0,compressorCoolOff,Home,auto
2026-07-13T18:40:00.000Z,Front AC,74,0,44,75,95.7,0,compressorCoolOff,Home,auto
2026-07-13T18:45:00.000Z,Front AC,74.5,0,44,75,95.7,0,compressorCoolOff,Home,auto
2026-07-13T18:50:00.000Z,Front AC,74.9,0,44,75,95.7,0,compressorCoolOff,Home,auto
2026-07-13T18:55:00.000Z,Front AC,75.1,0,44,75,95.7,0,compressorCoolOff,Home,auto
2026-07-13T19:00:00.000Z,Front AC,75.4,0,44,75,98.3,135,compressorCoolOff,Home,auto
2026-07-13T19:05:00.000Z,Front AC,75.2,0,44,75,98.3,255,compressorCoolStage1On,Home,auto
2026-07-13T19:10:00.000Z,Front AC,74.8,0,44,75,98.3,0,compressorCoolOff,Home,auto
2026-07-13T19:15:00.000Z,Front AC,75,0,46,75,98.3,0,compressorCoolOff,Home,auto
2026-07-13T19:20:00.000Z,Front AC,75.4,0,45,75,98.3,165,compressorCoolOff,Home,auto
2026-07-13T19:25:00.000Z,Front AC,75.3,0,44,75,98.3,300,compressorCoolStage1On,Home,auto
2026-07-13T19:30:00.000Z,Front AC,74.8,0,44,75,98.8,30,compressorCoolStage1On,Home,auto
2026-07-13T19:35:00.000Z,Front AC,74.9,0,45,75,98.8,0,compressorCoolOff,Home,auto
2026-07-13T19:40:00.000Z,Front AC,75.3,0,45,75,98.8,75,compressorCoolOff,Home,auto
2026-07-13T19:45:00.000Z,Front AC,75.5,0,45,75,98.8,300,compressorCoolStage1On,Home,auto
2026-07-13T19:50:00.000Z,Front AC,74.9,0,44,75,98.8,120,compressorCoolStage1On,Home,auto
2026-07-13T19:55:00.000Z,Front AC,74.8,0,45,75,98.8,0,compressorCoolOff,Home,auto
2026-07-13T20:00:00.000Z,Front AC,75.2,0,45,75,100.1,75,compressorCoolOff,Home,auto
2026-07-13T20:05:00.000Z,Front AC,75.6,0,45,75,100.1,300,compressorCoolStage1On,WFH,auto
2026-07-13T20:10:00.000Z,Front AC,75.2,0,44,75,100.1,255,compressorCoolStage1On,WFH,auto
2026-07-13T20:15:00.000Z,Front AC,74.8,0,44,75,100.1,0,compressorCoolOff,WFH,
2026-07-13T20:20:00.000Z,Front AC,75.1,0,44,75,100.1,0,compressorCoolOff,WFH,
2026-07-13T20:25:00.000Z,Front AC,75.5,0,44,75,100.1,240,compressorCoolOff,WFH,
2026-07-13T20:30:00.000Z,Front AC,75.3,0,44,75,100.1,300,compressorCoolStage1On,WFH,
2026-07-13T20:35:00.000Z,Front AC,74.9,0,43,75,100.1,90,compressorCoolStage1On,WFH,
2026-07-13T20:40:00.000Z,Front AC,75,0,44,75.6,100.1,0,compressorCoolOff,WFH,
2026-07-13T20:45:00.000Z,Front AC,75.7,0,44,76,100.1,0,compressorCoolOff,WFH,
2026-07-13T20:50:00.000Z,Front AC,76.2,0,43,76,100.1,0,compressorCoolOff,WFH,
2026-07-13T20:55:00.000Z,Front AC,76.4,0,42,76,100.1,45,compressorCoolOff,WFH,
2026-07-13T21:00:00.000Z,Front AC,76.5,0,41,76,101.3,300,compressorCoolStage1On,WFH,
2026-07-13T21:05:00.000Z,Front AC,76.4,0,40,76,101.3,300,compressorCoolStage1On,WFH,
2026-07-13T21:10:00.000Z,Front AC,75.8,0,39,76,101.3,300,compressorCoolStage1On,WFH,
2026-07-13T21:15:00.000Z,Front AC,75,0,40,76,101.3,300,compressorCoolStage1On,WFH,(SmartRecovery)
2026-07-13T21:20:00.000Z,Front AC,74.1,0,42,76,101.3,45,compressorCoolStage1On,WFH,(SmartRecovery)
2026-07-13T21:25:00.000Z,Front AC,74.5,0,44,76,101.3,0,compressorCoolOff,WFH,
2026-07-13T21:30:00.000Z,Front AC,75.4,0,44,76,101.3,165,compressorCoolOff,WFH,
2026-07-13T21:35:00.000Z,Front AC,75.6,0,43,76,101.3,300,compressorCoolStage1On,WFH,(SmartRecovery)
2026-07-13T21:40:00.000Z,Front AC,75.1,0,43,76,101.3,300,compressorCoolStage1On,WFH,(SmartRecovery)
2026-07-13T21:45:00.000Z,Front AC,74.7,0,43,76,101.3,300,compressorCoolStage1On,WFH,(SmartRecovery)
2026-07-13T21:50:00.000Z,Front AC,74.3,0,43,76,101.3,300,compressorCoolStage1On,WFH,(SmartRecovery)
2026-07-13T21:55:00.000Z,Front AC,74,0,43,74.4,101.3,120,compressorCoolStage1On,WFH,(SmartRecovery)
2026-07-13T22:00:00.000Z,Front AC,74,0,45,74,102.5,0,compressorCoolOff,Home,
2026-07-13T22:05:00.000Z,Front AC,74.6,0,46,74,102.5,255,compressorCoolOff,Home,
2026-07-13T22:10:00.000Z,Front AC,74.8,0,44,74,102.5,300,compressorCoolStage1On,Home,
2026-07-13T22:15:00.000Z,Front AC,75,0,43,74,102.5,300,compressorCoolStage1On,Home,
2026-07-13T22:20:00.000Z,Front AC,75.1,0,41,74,102.5,300,compressorCoolStage1On,Home,
2026-07-13T22:25:00.000Z,Front AC,74.8,0,40,74,102.5,300,compressorCoolStage1On,Home,
2026-07-13T22:30:00.000Z,Front AC,74.4,0,40,74,102,300,compressorCoolStage1On,Home,
2026-07-13T22:35:00.000Z,Front AC,74.1,0,41,74,102,165,compressorCoolStage1On,Home,
2026-07-13T22:40:00.000Z,Front AC,73.9,0,42,74,102,0,compressorCoolOff,Home,
2026-07-13T22:45:00.000Z,Front AC,74.5,0,43,74,102,195,compressorCoolOff,Home,
2026-07-13T22:50:00.000Z,Front AC,75.1,0,41,74,102,300,compressorCoolStage1On,Home,
2026-07-13T22:55:00.000Z,Front AC,75.1,0,40,74,102,300,compressorCoolStage1On,Home,
2026-07-13T23:00:00.000Z,Front AC,74.8,0,40,74,102,300,compressorCoolStage1On,Home,
2026-07-13T23:05:00.000Z,Front AC,74.5,0,41,74,102,300,compressorCoolStage1On,Home,
2026-07-13T23:10:00.000Z,Front AC,74.1,0,42,74,102,225,compressorCoolStage1On,Home,
2026-07-13T23:15:00.000Z,Front AC,73.8,0,42,74,102,0,compressorCoolOff,Home,
2026-07-13T23:20:00.000Z,Front AC,74.2,0,43,74,102,90,compressorCoolOff,Home,
2026-07-13T23:25:00.000Z,Front AC,75,0,41,74,102,300,compressorCoolStage1On,Home,
2026-07-13T23:30:00.000Z,Front AC,74.9,0,41,73,102,300,compressorCoolStage1On,Home,
2026-07-13T23:35:00.000Z,Front AC,74.1,0,43,70,102,300,compressorCoolStage1On,Home,hold
2026-07-13T23:40:00.000Z,Front AC,73.6,0,42,70,102,300,compressorCoolStage1On,Home,hold
2026-07-13T23:45:00.000Z,Front AC,73.4,0,43,70,102,300,compressorCoolStage1On,Home,hold
2026-07-13T23:50:00.000Z,Front AC,73.5,0,43,70,102,300,compressorCoolStage1On,Home,hold
2026-07-13T23:55:00.000Z,Front AC,74,0,42,70,102,300,compressorCoolStage1On,Home,hold
2026-07-14T00:00:00.000Z,Front AC,74,0,41,70,100.4,300,compressorCoolStage1On,Home,hold
2026-07-14T00:05:00.000Z,Front AC,73.8,0,41,70,100.4,300,compressorCoolStage1On,Home,hold
2026-07-14T00:10:00.000Z,Front AC,73.6,0,40,70,100.4,300,compressorCoolStage1On,Home,hold
2026-07-14T00:15:00.000Z,Front AC,73.4,0,40,70,100.4,300,compressorCoolStage1On,Home,hold
2026-07-14T00:20:00.000Z,Front AC,73.1,0,41,70,100.4,300,compressorCoolStage1On,Home,hold
2026-07-14T00:25:00.000Z,Front AC,73,0,42,70,100.4,300,compressorCoolStage1On,Home,hold
2026-07-14T00:30:00.000Z,Front AC,72.9,0,42,70,100.4,300,compressorCoolStage1On,Home,hold
2026-07-14T00:35:00.000Z,Front AC,73,0,42,70,100.4,300,compressorCoolStage1On,Home,hold
2026-07-14T00:40:00.000Z,Front AC,72.9,0,42,70,100.4,300,compressorCoolStage1On,Home,hold
2026-07-14T00:45:00.000Z,Front AC,73.1,0,42,70,100.4,300,compressorCoolStage1On,Home,hold
2026-07-14T00:50:00.000Z,Front AC,73,0,42,70,100.4,300,compressorCoolStage1On,Home,hold
2026-07-14T00:55:00.000Z,Front AC,73,0,42,70,100.4,300,compressorCoolStage1On,Home,hold
2026-07-14T01:00:00.000Z,Front AC,72.9,0,42,70,100.3,300,compressorCoolStage1On,Home,hold
2026-07-14T01:05:00.000Z,Front AC,72.6,0,42,70,100.3,300,compressorCoolStage1On,Home,hold
2026-07-14T01:10:00.000Z,Front AC,72.5,0,42,70,100.3,300,compressorCoolStage1On,Home,hold
2026-07-14T01:15:00.000Z,Front AC,72.3,0,42,70,100.3,300,compressorCoolStage1On,Home,hold
2026-07-14T01:20:00.000Z,Front AC,72.2,0,41,70,100.3,300,compressorCoolStage1On,Home,hold
2026-07-14T01:25:00.000Z,Front AC,72.3,0,41,70,100.3,300,compressorCoolStage1On,Home,hold
2026-07-14T01:30:00.000Z,Front AC,72.2,0,41,70,99.1,300,compressorCoolStage1On,Home,hold
2026-07-14T01:35:00.000Z,Front AC,72.3,0,41,70,99.1,300,compressorCoolStage1On,Home,hold
2026-07-14T01:40:00.000Z,Front AC,72,0,41,70,99.1,300,compressorCoolStage1On,Home,hold
2026-07-14T01:45:00.000Z,Front AC,71.9,0,41,70,99.1,300,compressorCoolStage1On,Home,hold
2026-07-14T01:50:00.000Z,Front AC,71.9,0,41,70,99.1,300,compressorCoolStage1On,Home,hold
2026-07-14T01:55:00.000Z,Front AC,72,0,41,70,99.1,300,compressorCoolStage1On,Home,hold
2026-07-14T02:00:00.000Z,Front AC,72.1,0,41,70,96.9,300,compressorCoolStage1On,Home,hold
2026-07-14T02:05:00.000Z,Front AC,72.1,0,41,70,96.9,300,compressorCoolStage1On,Home,hold
2026-07-14T02:10:00.000Z,Front AC,71.9,0,42,70,96.9,300,compressorCoolStage1On,Home,hold
2026-07-14T02:15:00.000Z,Front AC,71.8,0,42,70,96.9,300,compressorCoolStage1On,Home,hold
2026-07-14T02:20:00.000Z,Front AC,71.6,0,43,70,96.9,300,compressorCoolStage1On,Home,hold
2026-07-14T02:25:00.000Z,Front AC,71.5,0,42,70,96.9,300,compressorCoolStage1On,Home,hold
2026-07-14T02:30:00.000Z,Front AC,71.5,0,42,70,96.9,300,compressorCoolStage1On,Home,hold
2026-07-14T02:35:00.000Z,Front AC,71.5,0,42,70,96.9,300,compressorCoolStage1On,Home,hold
2026-07-14T02:40:00.000Z,Front AC,71.5,0,42,70,96.9,300,compressorCoolStage1On,Home,hold
2026-07-14T02:45:00.000Z,Front AC,71.5,0,42,70,96.9,300,compressorCoolStage1On,Home,hold
2026-07-14T02:50:00.000Z,Front AC,71.5,0,42,70,96.9,300,compressorCoolStage1On,Home,hold
2026-07-14T02:55:00.000Z,Front AC,71.4,0,41,70,96.9,300,compressorCoolStage1On,Home,hold
2026-07-14T03:00:00.000Z,Front AC,71.3,0,41,70,87.5,300,compressorCoolStage1On,Home,hold
2026-07-14T03:05:00.000Z,Front AC,71.3,0,41,70,87.5,300,compressorCoolStage1On,Home,hold
2026-07-14T03:10:00.000Z,Front AC,71.4,0,41,70,87.5,300,compressorCoolStage1On,Home,hold
2026-07-14T03:15:00.000Z,Front AC,71.4,0,41,73.6,87.5,30,compressorCoolStage1On,Home,hold
2026-07-14T03:20:00.000Z,Front AC,71.9,0,42,74,87.5,0,compressorCoolOff,Home,
2026-07-14T03:25:00.000Z,Front AC,72.7,0,43,74,87.5,120,compressorCoolOff,Home,
2026-07-14T03:30:00.000Z,Front AC,73.1,0,42,74,87.5,300,compressorCoolStage1On,Home,(SmartRecovery)
2026-07-14T03:35:00.000Z,Front AC,72.9,0,41,74,87.5,300,compressorCoolStage1On,Home,(SmartRecovery)
2026-07-14T03:40:00.000Z,Front AC,72.5,0,40,74,87.5,300,compressorCoolStage1On,Home,(SmartRecovery)
2026-07-14T03:45:00.000Z,Front AC,72.2,0,40,74,87.5,300,compressorCoolStage1On,Home,(SmartRecovery)
2026-07-14T03:50:00.000Z,Front AC,72,0,40,74,87.5,300,compressorCoolStage1On,Home,(SmartRecovery)
2026-07-14T03:55:00.000Z,Front AC,71.7,0,40,71.6,87.5,300,compressorCoolStage1On,Home,(SmartRecovery)
2026-07-14T04:00:00.000Z,Front AC,71.4,0,40,71,86,300,compressorCoolStage1On,Sleep,
2026-07-14T04:05:00.000Z,Front AC,71.3,0,40,71,86,300,compressorCoolStage1On,Sleep,
2026-07-14T04:10:00.000Z,Front AC,71.1,0,40,71,86,300,compressorCoolStage1On,Sleep,
2026-07-14T04:15:00.000Z,Front AC,70.9,0,40,71,86,15,compressorCoolStage1On,Sleep,
2026-07-14T04:20:00.000Z,Front AC,71.2,0,41,71,86,60,compressorCoolOff,Sleep,
2026-07-14T04:25:00.000Z,Front AC,71.8,0,41,71,86,300,compressorCoolStage1On,Sleep,
2026-07-14T04:30:00.000Z,Front AC,71.8,0,40,71,86,300,compressorCoolStage1On,Sleep,
2026-07-14T04:35:00.000Z,Front AC,71.4,0,40,71,86,300,compressorCoolStage1On,Sleep,
2026-07-14T04:40:00.000Z,Front AC,71.3,0,40,71,86,300,compressorCoolStage1On,Sleep,
2026-07-14T04:45:00.000Z,Front AC,71,0,39,71,86,135,compressorCoolStage1On,Sleep,
2026-07-14T04:50:00.000Z,Front AC,70.8,0,40,71,86,0,compressorCoolOff,Sleep,
2026-07-14T04:55:00.000Z,Front AC,70.4,0,42,71,86,0,compressorCoolOff,Sleep,
2026-07-14T05:00:00.000Z,Front AC,70.3,0,43,71,83.3,0,compressorCoolOff,Sleep,
2026-07-14T05:05:00.000Z,Front AC,70.4,0,44,71,83.3,0,compressorCoolOff,Sleep,
2026-07-14T05:10:00.000Z,Front AC,70.6,0,45,71,83.3,0,compressorCoolOff,Sleep,
2026-07-14T05:15:00.000Z,Front AC,70.8,0,45,71,83.3,0,compressorCoolOff,Sleep,
2026-07-14T05:20:00.000Z,Front AC,71.1,0,45,71,83.3,0,compressorCoolOff,Sleep,
2026-07-14T05:25:00.000Z,Front AC,71.1,0,45,71,83.3,0,compressorCoolOff,Sleep,
2026-07-14T05:30:00.000Z,Front AC,71.1,0,45,71,83.3,0,compressorCoolOff,Sleep,
2026-07-14T05:35:00.000Z,Front AC,71,0,45,71,83.3,0,compressorCoolOff,Sleep,
2026-07-14T05:40:00.000Z,Front AC,71.1,0,45,71,83.3,0,compressorCoolOff,Sleep,
2026-07-14T05:45:00.000Z,Front AC,71.2,0,45,71,83.3,0,compressorCoolOff,Sleep,
2026-07-14T05:50:00.000Z,Front AC,71.4,0,45,71,83.3,0,compressorCoolOff,Sleep,
2026-07-14T05:55:00.000Z,Front AC,71.7,0,44,71,83.3,0,compressorCoolOff,Sleep,
2026-07-14T06:00:00.000Z,Front AC,71.7,0,44,71,82.6,0,compressorCoolOff,Sleep,
2026-07-14T06:05:00.000Z,Front AC,71.8,0,44,71,82.6,90,compressorCoolOff,Sleep,
2026-07-14T06:10:00.000Z,Front AC,71.1,0,45,71,82.6,210,compressorCoolStage1On,Sleep,
2026-07-14T06:15:00.000Z,Front AC,70.1,0,46,71,82.6,0,compressorCoolOff,Sleep,
2026-07-14T06:20:00.000Z,Front AC,70.7,0,46,71,82.6,0,compressorCoolOff,Sleep,
2026-07-14T06:25:00.000Z,Front AC,71,0,46,71,82.6,0,compressorCoolOff,Sleep,
2026-07-14T06:30:00.000Z,Front AC,71.4,0,45,71,81.4,0,compressorCoolOff,Sleep,
2026-07-14T06:35:00.000Z,Front AC,71.8,0,45,71,81.4,60,compressorCoolOff,Sleep,
2026-07-14T06:40:00.000Z,Front AC,70.9,0,45,71,81.4,240,compressorCoolStage1On,Sleep,
2026-07-14T06:45:00.000Z,Front AC,70,0,46,71,81.4,0,compressorCoolOff,Sleep,
2026-07-14T06:50:00.000Z,Front AC,70.8,0,46,71,81.4,0,compressorCoolOff,Sleep,
2026-07-14T06:55:00.000Z,Front AC,71,0,46,71,81.4,0,compressorCoolOff,Sleep,
2026-07-14T07:00:00.000Z,Front AC,71.3,0,45,71,81.7,0,compressorCoolOff,Sleep,
2026-07-14T07:05:00.000Z,Front AC,71.7,0,44,71,81.7,0,compressorCoolOff,Sleep,
2026-07-14T07:10:00.000Z,Front AC,71.5,0,45,71,81.7,270,compressorCoolOff,Sleep,
2026-07-14T07:15:00.000Z,Front AC,70.3,0,46,71,81.7,30,compressorCoolStage1On,Sleep,
2026-07-14T07:20:00.000Z,Front AC,71,0,45,71,81.7,0,compressorCoolOff,Sleep,
2026-07-14T07:25:00.000Z,Front AC,71.1,0,45,71,81.7,0,compressorCoolOff,Sleep,
2026-07-14T07:30:00.000Z,Front AC,71.3,0,45,71,81.7,0,compressorCoolOff,Sleep,
2026-07-14T07:35:00.000Z,Front AC,71.6,0,44,71,81.7,15,compressorCoolOff,Sleep,
2026-07-14T07:40:00.000Z,Front AC,71.5,0,44,71,81.7,285,compressorCoolStage1On,Sleep,
2026-07-14T07:45:00.000Z,Front AC,70.1,0,46,71,81.7,0,compressorCoolOff,Sleep,
2026-07-14T07:50:00.000Z,Front AC,70.9,0,45,71,81.7,0,compressorCoolOff,Sleep,
2026-07-14T07:55:00.000Z,Front AC,71.3,0,45,71,81.7,0,compressorCoolOff,Sleep,
2026-07-14T08:00:00.000Z,Front AC,71.3,0,45,71,81.8,0,compressorCoolOff,Sleep,
2026-07-14T08:05:00.000Z,Front AC,71.6,0,44,71,81.8,0,compressorCoolOff,Sleep,
2026-07-14T08:10:00.000Z,Front AC,71.5,0,45,71,81.8,270,compressorCoolOff,Sleep,
2026-07-14T08:15:00.000Z,Front AC,70,0,46,71,81.8,30,compressorCoolStage1On,Sleep,
2026-07-14T08:20:00.000Z,Front AC,70.9,0,46,71,81.8,0,compressorCoolOff,Sleep,
2026-07-14T08:25:00.000Z,Front AC,71.5,0,45,71,81.8,0,compressorCoolOff,Sleep,
2026-07-14T08:30:00.000Z,Front AC,71.5,0,45,71,81.8,0,compressorCoolOff,Sleep,
2026-07-14T08:35:00.000Z,Front AC,71.6,0,44,71,81.8,0,compressorCoolOff,Sleep,
2026-07-14T08:40:00.000Z,Front AC,71.8,0,44,71,81.8,135,compressorCoolOff,Sleep,
2026-07-14T08:45:00.000Z,Front AC,70.4,0,46,71,81.8,165,compressorCoolStage1On,Sleep,
2026-07-14T08:50:00.000Z,Front AC,70.3,0,46,71,81.8,0,compressorCoolOff,Sleep,
2026-07-14T08:55:00.000Z,Front AC,71.5,0,45,71,81.8,0,compressorCoolOff,Sleep,
2026-07-14T09:00:00.000Z,Front AC,71.7,0,44,71,81.7,0,compressorCoolOff,Sleep,
2026-07-14T09:05:00.000Z,Front AC,71.6,0,44,71,81.7,210,compressorCoolOff,Sleep,
2026-07-14T09:10:00.000Z,Front AC,70.3,0,46,71,81.7,90,compressorCoolStage1On,Sleep,
2026-07-14T09:15:00.000Z,Front AC,70.8,0,46,71,81.7,0,compressorCoolOff,Sleep,
2026-07-14T09:20:00.000Z,Front AC,71.7,0,44,71,81.7,75,compressorCoolOff,Sleep,
2026-07-14T09:25:00.000Z,Front AC,70.8,0,45,71,81.7,225,compressorCoolStage1On,Sleep,
2026-07-14T09:30:00.000Z,Front AC,69.7,0,46,71,81.7,0,compressorCoolOff,Sleep,
2026-07-14T09:35:00.000Z,Front AC,70.4,0,45,71,81.7,0,compressorCoolOff,Sleep,
2026-07-14T09:40:00.000Z,Front AC,70.9,0,45,71,81.7,0,compressorCoolOff,Sleep,
2026-07-14T09:45:00.000Z,Front AC,71.2,0,44,71,81.7,0,compressorCoolOff,Sleep,
2026-07-14T09:50:00.000Z,Front AC,71.7,0,44,71,81.7,60,compressorCoolOff,Sleep,
2026-07-14T09:55:00.000Z,Front AC,71.1,0,45,71,81.7,240,compressorCoolStage1On,Sleep,
2026-07-14T10:00:00.000Z,Front AC,70.1,0,46,71,81.6,0,compressorCoolOff,Sleep,
2026-07-14T10:05:00.000Z,Front AC,70.9,0,45,71,81.6,0,compressorCoolOff,Sleep,
2026-07-14T10:10:00.000Z,Front AC,71.1,0,45,71,81.6,0,compressorCoolOff,Sleep,
2026-07-14T10:15:00.000Z,Front AC,71.2,0,45,71,81.6,0,compressorCoolOff,Sleep,
2026-07-14T10:20:00.000Z,Front AC,71.4,0,44,71,81.6,0,compressorCoolOff,Sleep,
2026-07-14T10:25:00.000Z,Front AC,71.6,0,44,71,81.6,255,compressorCoolOff,Sleep,
2026-07-14T10:30:00.000Z,Front AC,70.2,0,45,71,80.3,45,compressorCoolStage1On,Sleep,
2026-07-14T10:35:00.000Z,Front AC,70.7,0,45,71,80.3,0,compressorCoolOff,Sleep,
2026-07-14T10:40:00.000Z,Front AC,71.3,0,45,71,80.3,0,compressorCoolOff,Sleep,
2026-07-14T10:45:00.000Z,Front AC,71.3,0,45,71,80.3,0,compressorCoolOff,Sleep,
2026-07-14T10:50:00.000Z,Front AC,71.2,0,45,71,80.3,0,compressorCoolOff,Sleep,
2026-07-14T10:55:00.000Z,Front AC,71.4,0,44,71,80.3,0,compressorCoolOff,Sleep,
2026-07-14T11:00:00.000Z,Front AC,71.5,0,44,71,79.9,0,compressorCoolOff,Sleep,
2026-07-14T11:05:00.000Z,Front AC,71.8,0,44,71,79.9,60,compressorCoolOff,Sleep,
2026-07-14T11:10:00.000Z,Front AC,71.1,0,45,71,79.9,240,compressorCoolStage1On,Sleep,
2026-07-14T11:15:00.000Z,Front AC,70.3,0,45,71,79.9,0,compressorCoolOff,Sleep,
2026-07-14T11:20:00.000Z,Front AC,71,0,45,71,79.9,0,compressorCoolOff,Sleep,
2026-07-14T11:25:00.000Z,Front AC,71.3,0,45,71,79.9,0,compressorCoolOff,Sleep,
2026-07-14T11:30:00.000Z,Front AC,71.3,0,45,71,79.9,0,compressorCoolOff,Sleep,
2026-07-14T11:35:00.000Z,Front AC,71.4,0,44,71,79.9,0,compressorCoolOff,Sleep,
2026-07-14T11:40:00.000Z,Front AC,71.6,0,44,71,79.9,0,compressorCoolOff,Sleep,
2026-07-14T11:45:00.000Z,Front AC,71.8,0,44,71,79.9,165,compressorCoolOff,Sleep,
2026-07-14T11:50:00.000Z,Front AC,70.4,0,45,71,79.9,135,compressorCoolStage1On,Sleep,
2026-07-14T11:55:00.000Z,Front AC,70.4,0,46,71,79.9,0,compressorCoolOff,Sleep,
2026-07-14T12:00:00.000Z,Front AC,71.3,0,45,71,79.4,0,compressorCoolOff,Sleep,
2026-07-14T12:05:00.000Z,Front AC,71.2,0,45,71,79.4,0,compressorCoolOff,Sleep,
2026-07-14T12:10:00.000Z,Front AC,71.2,0,45,71,79.4,0,compressorCoolOff,Sleep,
2026-07-14T12:15:00.000Z,Front AC,71.2,0,45,71,79.4,0,compressorCoolOff,Sleep,
2026-07-14T12:20:00.000Z,Front AC,71.4,0,44,71,79.4,0,compressorCoolOff,Sleep,
2026-07-14T12:25:00.000Z,Front AC,71.8,0,44,71,79.4,75,compressorCoolOff,Sleep,
2026-07-14T12:30:00.000Z,Front AC,71.1,0,45,71,79.4,225,compressorCoolStage1On,Sleep,
2026-07-14T12:35:00.000Z,Front AC,70.2,0,46,71,79.4,0,compressorCoolOff,Sleep,
2026-07-14T12:40:00.000Z,Front AC,70.9,0,45,71,79.4,0,compressorCoolOff,Sleep,
2026-07-14T12:45:00.000Z,Front AC,71.4,0,44,71,79.4,0,compressorCoolOff,Sleep,
2026-07-14T12:50:00.000Z,Front AC,71.8,0,44,71,79.4,120,compressorCoolOff,Sleep,
2026-07-14T12:55:00.000Z,Front AC,70.7,0,45,71,79.4,180,compressorCoolStage1On,Sleep,
2026-07-14T13:00:00.000Z,Front AC,70.4,0,46,71,79,0,compressorCoolOff,Sleep,
2026-07-14T13:05:00.000Z,Front AC,71.4,0,47,71,79,0,compressorCoolOff,Sleep,
2026-07-14T13:10:00.000Z,Front AC,71.5,0,48,71,79,300,compressorCoolStage1On,Sleep,
2026-07-14T13:15:00.000Z,Front AC,70.2,0,50,71,79,0,compressorCoolOff,Sleep,
2026-07-14T13:20:00.000Z,Front AC,71.6,0,49,71,79,105,compressorCoolOff,Sleep,
2026-07-14T13:25:00.000Z,Front AC,72.8,0,47,71,79,300,compressorCoolStage1On,Sleep,
2026-07-14T13:30:00.000Z,Front AC,72.7,0,44,71,80.8,300,compressorCoolStage1On,Sleep,
2026-07-14T13:35:00.000Z,Front AC,72.5,0,43,71,80.8,300,compressorCoolStage1On,Sleep,
2026-07-14T13:40:00.000Z,Front AC,72.2,0,41,71,80.8,300,compressorCoolStage1On,Sleep,
2026-07-14T13:45:00.000Z,Front AC,71.9,0,41,71,80.8,300,compressorCoolStage1On,Sleep,
2026-07-14T13:50:00.000Z,Front AC,71.7,0,41,71,80.8,300,compressorCoolStage1On,Sleep,
2026-07-14T13:55:00.000Z,Front AC,71.5,0,41,71,80.8,300,compressorCoolStage1On,Sleep,
2026-07-14T14:00:00.000Z,Front AC,71.1,0,41,71,82,300,compressorCoolStage1On,Sleep,
2026-07-14T14:05:00.000Z,Front AC,71,0,40,71,82,120,compressorCoolStage1On,Sleep,
2026-07-14T14:10:00.000Z,Front AC,71.1,0,41,71,82,0,compressorCoolOff,Sleep,
2026-07-14T14:15:00.000Z,Front AC,71.6,0,42,71,82,15,compressorCoolOff,Sleep,
2026-07-14T14:20:00.000Z,Front AC,72.2,0,42,71,82,300,compressorCoolStage1On,Sleep,
2026-07-14T14:25:00.000Z,Front AC,72.1,0,42,74.7,82,75,compressorCoolStage1On,Sleep,
2026-07-14T14:30:00.000Z,Front AC,71.9,0,43,76,82.4,0,compressorCoolOff,WFH,
2026-07-14T14:35:00.000Z,Front AC,72.3,0,43,76,82.4,0,compressorCoolOff,WFH,
2026-07-14T14:40:00.000Z,Front AC,72.8,0,43,76,82.4,0,compressorCoolOff,WFH,
2026-07-14T14:45:00.000Z,Front AC,73.2,0,43,76,82.4,0,compressorCoolOff,WFH,
2026-07-14T14:50:00.000Z,Front AC,73.6,0,43,76,82.4,0,compressorCoolOff,WFH,
2026-07-14T14:55:00.000Z,Front AC,73.8,0,43,76,82.4,0,compressorCoolOff,WFH,
2026-07-14T15:00:00.000Z,Front AC,74.1,0,43,76,83.9,0,compressorCoolOff,WFH,
2026-07-14T15:05:00.000Z,Front AC,74.5,0,43,76,83.9,0,compressorCoolOff,WFH,
2026-07-14T15:10:00.000Z,Front AC,74.7,0,43,76,83.9,0,compressorCoolOff,WFH,
2026-07-14T15:15:00.000Z,Front AC,74.9,0,43,76,83.9,0,compressorCoolOff,WFH,
2026-07-14T15:20:00.000Z,Front AC,75.1,0,43,76,83.9,0,compressorCoolOff,WFH,
2026-07-14T15:25:00.000Z,Front AC,75.3,0,43,76,83.9,0,compressorCoolOff,WFH,
2026-07-14T15:30:00.000Z,Front AC,75.4,0,43,76,83.9,0,compressorCoolOff,WFH,
2026-07-14T15:35:00.000Z,Front AC,75.6,0,43,76,83.9,0,compressorCoolOff,WFH,
2026-07-14T15:40:00.000Z,Front AC,75.7,0,43,76,83.9,0,compressorCoolOff,WFH,
2026-07-14T15:45:00.000Z,Front AC,75.8,0,43,76,83.9,0,compressorCoolOff,WFH,
2026-07-14T15:50:00.000Z,Front AC,75.9,0,42,76,83.9,0,compressorCoolOff,WFH,
2026-07-14T15:55:00.000Z,Front AC,76,0,42,76,83.9,0,compressorCoolOff,WFH,
2026-07-14T16:00:00.000Z,Front AC,76.1,0,42,76,86.6,0,compressorCoolOff,WFH,
2026-07-14T16:05:00.000Z,Front AC,76.1,0,42,76,86.6,0,compressorCoolOff,WFH,
2026-07-14T16:10:00.000Z,Front AC,76.3,0,42,76,86.6,0,compressorCoolOff,WFH,
2026-07-14T16:15:00.000Z,Front AC,76.2,0,42,76,86.6,0,compressorCoolOff,WFH,
2026-07-14T16:20:00.000Z,Front AC,76.1,0,42,76,86.6,0,compressorCoolOff,WFH,
2026-07-14T16:25:00.000Z,Front AC,76.2,0,42,76,86.6,0,compressorCoolOff,WFH,
2026-07-14T16:30:00.000Z,Front AC,76.3,0,42,76,86.6,0,compressorCoolOff,WFH,
2026-07-14T16:35:00.000Z,Front AC,76.4,0,42,76,86.6,210,compressorCoolOff,WFH,
2026-07-14T16:40:00.000Z,Front AC,75.9,0,43,76,86.6,120,compressorCoolStage1On,WFH,
2026-07-14T16:45:00.000Z,Front AC,75.5,0,44,76,86.6,0,compressorCoolOff,WFH,
2026-07-14T16:50:00.000Z,Front AC,75.9,0,44,76,86.6,60,compressorCoolOff,WFH,
2026-07-14T16:55:00.000Z,Front AC,75.8,0,44,76,86.6,240,compressorCoolStage1On,WFH,
2026-07-14T17:00:00.000Z,Front AC,75.3,0,44,76,89.4,0,compressorCoolOff,WFH,
2026-07-14T17:05:00.000Z,Front AC,75.4,0,44,76,89.4,0,compressorCoolOff,WFH,
2026-07-14T17:10:00.000Z,Front AC,75.8,0,44,76,89.4,0,compressorCoolOff,WFH,
2026-07-14T17:15:00.000Z,Front AC,76,0,44,76,89.4,300,compressorCoolStage1On,WFH,
2026-07-14T17:20:00.000Z,Front AC,75.5,0,44,76,89.4,0,compressorCoolOff,WFH,
2026-07-14T17:25:00.000Z,Front AC,75.6,0,46,76,89.4,0,compressorCoolOff,WFH,
2026-07-14T17:30:00.000Z,Front AC,76,0,45,76,89.4,180,compressorCoolOff,WFH,
2026-07-14T17:35:00.000Z,Front AC,75.8,0,44,76,89.4,120,compressorCoolStage1On,WFH,
2026-07-14T17:40:00.000Z,Front AC,75.5,0,45,76,89.4,0,compressorCoolOff,WFH,
2026-07-14T17:45:00.000Z,Front AC,75.7,0,46,76,89.4,0,compressorCoolOff,WFH,
2026-07-14T17:50:00.000Z,Front AC,76,0,46,76,89.4,255,compressorCoolOff,WFH,
2026-07-14T17:55:00.000Z,Front AC,75.6,0,45,76,89.4,45,compressorCoolStage1On,WFH,
2026-07-14T18:00:00.000Z,Front AC,75.7,0,46,76,92.9,0,compressorCoolOff,WFH,
2026-07-14T18:05:00.000Z,Front AC,76.1,0,46,76,92.9,255,compressorCoolOff,WFH,
2026-07-14T18:10:00.000Z,Front AC,75.8,0,46,76,92.9,45,compressorCoolStage1On,WFH,
2026-07-14T18:15:00.000Z,Front AC,75.7,0,46,76,92.9,0,compressorCoolOff,WFH,
2026-07-14T18:20:00.000Z,Front AC,76,0,45,76,92.9,0,compressorCoolOff,WFH,
2026-07-14T18:25:00.000Z,Front AC,76.3,0,45,76,92.9,45,compressorCoolOff,WFH,
2026-07-14T18:30:00.000Z,Front AC,76.3,0,46,76,94,300,compressorCoolStage1On,WFH,
2026-07-14T18:35:00.000Z,Front AC,75.9,0,45,76,94,60,compressorCoolStage1On,WFH,
2026-07-14T18:40:00.000Z,Front AC,75.9,0,46,76,94,90,compressorCoolOff,WFH,
2026-07-14T18:45:00.000Z,Front AC,76.1,0,46,76,94,255,compressorCoolStage1On,WFH,
2026-07-14T18:50:00.000Z,Front AC,75.8,0,46,76,94,0,compressorCoolOff,WFH,
2026-07-14T18:55:00.000Z,Front AC,76,0,46,76,94,135,compressorCoolOff,WFH,
2026-07-14T19:00:00.000Z,Front AC,76,0,46,76,96,165,compressorCoolStage1On,WFH,
2026-07-14T19:05:00.000Z,Front AC,75.8,0,47,76,96,0,compressorCoolOff,WFH,
2026-07-14T19:10:00.000Z,Front AC,76.3,0,46,76,96,105,compressorCoolOff,WFH,
2026-07-14T19:15:00.000Z,Front AC,76.5,0,46,76,96,300,compressorCoolStage1On,WFH,
2026-07-14T19:20:00.000Z,Front AC,76,0,45,76,96,150,compressorCoolStage1On,WFH,
2026-07-14T19:25:00.000Z,Front AC,75.8,0,45,76,96,0,compressorCoolOff,WFH,
2026-07-14T19:30:00.000Z,Front AC,76,0,46,76,97,0,compressorCoolOff,WFH,
2026-07-14T19:35:00.000Z,Front AC,76.5,0,46,76,97,255,compressorCoolOff,WFH,
2026-07-14T19:40:00.000Z,Front AC,76.2,0,46,76,97,240,compressorCoolStage1On,WFH,
2026-07-14T19:45:00.000Z,Front AC,75.7,0,46,76,97,0,compressorCoolOff,WFH,
2026-07-14T19:50:00.000Z,Front AC,75.9,0,45,76,97,0,compressorCoolOff,WFH,
2026-07-14T19:55:00.000Z,Front AC,76.3,0,45,76,97,90,compressorCoolOff,WFH,
2026-07-14T20:00:00.000Z,Front AC,76.5,0,45,76,97.9,300,compressorCoolStage1On,WFH,
2026-07-14T20:05:00.000Z,Front AC,76,0,45,76,97.9,120,compressorCoolStage1On,WFH,
2026-07-14T20:10:00.000Z,Front AC,75.9,0,46,76,97.9,0,compressorCoolOff,WFH,
2026-07-14T20:15:00.000Z,Front AC,76.3,0,46,76,97.9,45,compressorCoolOff,WFH,
2026-07-14T20:20:00.000Z,Front AC,76.6,0,45,76,97.9,300,compressorCoolStage1On,WFH,
2026-07-14T20:25:00.000Z,Front AC,76.7,0,44,76,97.9,300,compressorCoolStage1On,WFH,
2026-07-14T20:30:00.000Z,Front AC,76.3,0,43,76,97.9,300,compressorCoolStage1On,WFH,
2026-07-14T20:35:00.000Z,Front AC,75.7,0,43,76,97.9,15,compressorCoolStage1On,WFH,
2026-07-14T20:40:00.000Z,Front AC,75.4,0,45,76,97.9,0,compressorCoolOff,WFH,
2026-07-14T20:45:00.000Z,Front AC,76,0,44,76,97.9,0,compressorCoolOff,WFH,
2026-07-14T20:50:00.000Z,Front AC,76.6,0,44,76,97.9,225,compressorCoolOff,WFH,
2026-07-14T20:55:00.000Z,Front AC,76.9,0,43,76,97.9,300,compressorCoolStage1On,WFH,
2026-07-14T21:00:00.000Z,Front AC,76.7,0,43,76,99.9,300,compressorCoolStage1On,WFH,
2026-07-14T21:05:00.000Z,Front AC,76.1,0,43,76,99.9,225,compressorCoolStage1On,WFH,
2026-07-14T21:10:00.000Z,Front AC,75.5,0,43,76,99.9,0,compressorCoolOff,WFH,
2026-07-14T21:15:00.000Z,Front AC,75.5,0,44,76,99.9,0,compressorCoolOff,WFH,
2026-07-14T21:20:00.000Z,Front AC,76.1,0,44,76,99.9,135,compressorCoolOff,WFH,
2026-07-14T21:25:00.000Z,Front AC,76.5,0,44,76,99.9,300,compressorCoolStage1On,WFH,
2026-07-14T21:30:00.000Z,Front AC,76.4,0,43,76,100.2,300,compressorCoolStage1On,WFH,
2026-07-14T21:35:00.000Z,Front AC,76.1,0,43,76,100.2,300,compressorCoolStage1On,WFH,
2026-07-14T21:40:00.000Z,Front AC,75.7,0,43,76,100.2,300,compressorCoolStage1On,WFH,(SmartRecovery)
2026-07-14T21:45:00.000Z,Front AC,75.4,0,43,76,100.2,300,compressorCoolStage1On,WFH,(SmartRecovery)
2026-07-14T21:50:00.000Z,Front AC,75.1,0,43,76,100.2,300,compressorCoolStage1On,WFH,(SmartRecovery)
2026-07-14T21:55:00.000Z,Front AC,74.8,0,43,74.5,100.2,300,compressorCoolStage1On,WFH,(SmartRecovery)
2026-07-14T22:00:00.000Z,Front AC,74.7,0,43,74,100.5,300,compressorCoolStage1On,Home,
2026-07-14T22:05:00.000Z,Front AC,74.5,0,43,74,100.5,300,compressorCoolStage1On,Home,
2026-07-14T22:10:00.000Z,Front AC,74.5,0,43,74,100.5,300,compressorCoolStage1On,Home,
2026-07-14T22:15:00.000Z,Front AC,74.3,0,43,74,100.5,300,compressorCoolStage1On,Home,
2026-07-14T22:20:00.000Z,Front AC,74.2,0,43,74,100.5,300,compressorCoolStage1On,Home,
2026-07-14T22:25:00.000Z,Front AC,74,0,43,74,100.5,180,compressorCoolStage1On,Home,
2026-07-14T22:30:00.000Z,Front AC,73.8,0,44,74,100.9,0,compressorCoolOff,Home,
2026-07-14T22:35:00.000Z,Front AC,74.3,0,44,74,100.9,120,compressorCoolOff,Home,
2026-07-14T22:40:00.000Z,Front AC,74.9,0,44,74,100.9,300,compressorCoolStage1On,Home,
2026-07-14T22:45:00.000Z,Front AC,75,0,43,74,100.9,300,compressorCoolStage1On,Home,
2026-07-14T22:50:00.000Z,Front AC,75,0,43,74,100.9,300,compressorCoolStage1On,Home,
2026-07-14T22:55:00.000Z,Front AC,74.7,0,43,74,100.9,300,compressorCoolStage1On,Home,
2026-07-14T23:00:00.000Z,Front AC,74.6,0,43,74,100.9,300,compressorCoolStage1On,Home,
2026-07-14T23:05:00.000Z,Front AC,74.4,0,43,74,100.9,300,compressorCoolStage1On,Home,
2026-07-14T23:10:00.000Z,Front AC,74.2,0,43,74,100.9,300,compressorCoolStage1On,Home,
2026-07-14T23:15:00.000Z,Front AC,74.1,0,43,74,100.9,270,compressorCoolStage1On,Home,
2026-07-14T23:20:00.000Z,Front AC,73.9,0,43,74,100.9,0,compressorCoolOff,Home,
2026-07-14T23:25:00.000Z,Front AC,74.2,0,44,74,100.9,60,compressorCoolOff,Home,
2026-07-14T23:30:00.000Z,Front AC,74.9,0,43,74,100.9,300,compressorCoolStage1On,Home,
2026-07-14T23:35:00.000Z,Front AC,75.1,0,43,74,100.9,300,compressorCoolStage1On,Home,
2026-07-14T23:40:00.000Z,Front AC,75.1,0,43,74,100.9,300,compressorCoolStage1On,Home,
2026-07-14T23:45:00.000Z,Front AC,74.9,0,43,74,100.9,300,compressorCoolStage1On,Home,
2026-07-14T23:50:00.000Z,Front AC,74.6,0,43,74,100.9,300,compressorCoolStage1On,Home,
2026-07-14T23:55:00.000Z,Front AC,74.5,0,42,74,100.9,300,compressorCoolStage1On,Home,
2026-07-15T00:00:00.000Z,Front AC,74.2,0,42,74,101.6,300,compressorCoolStage1On,Home,
2026-07-15T00:05:00.000Z,Front AC,74,0,43,74,101.6,150,compressorCoolStage1On,Home,
2026-07-15T00:10:00.000Z,Front AC,73.9,0,43,74,101.6,0,compressorCoolOff,Home,
2026-07-15T00:15:00.000Z,Front AC,74.4,0,43,74,101.6,135,compressorCoolOff,Home,
2026-07-15T00:20:00.000Z,Front AC,75,0,43,74,101.6,300,compressorCoolStage1On,Home,
2026-07-15T00:25:00.000Z,Front AC,75.1,0,41,74,101.6,300,compressorCoolStage1On,Home,
2026-07-15T00:30:00.000Z,Front AC,74.8,0,41,74,101.6,300,compressorCoolStage1On,Home,
2026-07-15T00:35:00.000Z,Front AC,74.6,0,41,74,101.6,300,compressorCoolStage1On,Home,
2026-07-15T00:40:00.000Z,Front AC,74.3,0,41,74,101.6,300,compressorCoolStage1On,Home,
2026-07-15T00:45:00.000Z,Front AC,74,0,41,74,101.6,150,compressorCoolStage1On,Home,
2026-07-15T00:50:00.000Z,Front AC,73.9,0,43,74,101.6,0,compressorCoolOff,Home,
2026-07-15T00:55:00.000Z,Front AC,74.4,0,44,74,101.6,150,compressorCoolOff,Home,
2026-07-15T01:00:00.000Z,Front AC,75.1,0,42,74,100.7,300,compressorCoolStage1On,Home,
2026-07-15T01:05:00.000Z,Front AC,75.2,0,41,74,100.7,300,compressorCoolStage1On,Home,
2026-07-15T01:10:00.000Z,Front AC,74.8,0,41,74,100.7,300,compressorCoolStage1On,Home,
2026-07-15T01:15:00.000Z,Front AC,74.6,0,41,74,100.7,300,compressorCoolStage1On,Home,
2026-07-15T01:20:00.000Z,Front AC,74.3,0,41,74,100.7,300,compressorCoolStage1On,Home,
2026-07-15T01:25:00.000Z,Front AC,73.9,0,41,74,100.7,45,compressorCoolStage1On,Home,
2026-07-15T01:30:00.000Z,Front AC,73.9,0,43,74,100.7,0,compressorCoolOff,Home,
2026-07-15T01:35:00.000Z,Front AC,74.7,0,43,74,100.7,225,compressorCoolOff,Home,
2026-07-15T01:40:00.000Z,Front AC,75.1,0,42,74,100.7,300,compressorCoolStage1On,Home,
2026-07-15T01:45:00.000Z,Front AC,75,0,42,74,100.7,300,compressorCoolStage1On,Home,
2026-07-15T01:50:00.000Z,Front AC,74.6,0,43,74,100.7,300,compressorCoolStage1On,Home,
2026-07-15T01:55:00.000Z,Front AC,74.2,0,44,74,100.7,300,compressorCoolStage1On,Home,
2026-07-15T02:00:00.000Z,Front AC,73.7,0,44,74,99.4,15,compressorCoolStage1On,Home,
2026-07-15T02:05:00.000Z,Front AC,73.5,0,48,74,99.4,0,compressorCoolOff,Home,
2026-07-15T02:10:00.000Z,Front AC,74.2,0,49,74,99.4,75,compressorCoolOff,Home,
2026-07-15T02:15:00.000Z,Front AC,74.3,0,49,74,99.4,270,compressorCoolStage1On,Home,
2026-07-15T02:20:00.000Z,Front AC,73.7,0,49,74,99.4,0,compressorCoolOff,Home,
2026-07-15T02:25:00.000Z,Front AC,74.3,0,50,74,99.4,135,compressorCoolOff,Home,
2026-07-15T02:30:00.000Z,Front AC,74.5,0,48,74,98.9,300,compressorCoolStage1On,Home,
2026-07-15T02:35:00.000Z,Front AC,73.9,0,46,74,98.9,135,compressorCoolStage1On,Home,
2026-07-15T02:40:00.000Z,Front AC,73.9,0,46,74,98.9,0,compressorCoolOff,Home,
2026-07-15T02:45:00.000Z,Front AC,74.6,0,46,74,98.9,255,compressorCoolOff,Home,
2026-07-15T02:50:00.000Z,Front AC,74.2,0,45,74,98.9,210,compressorCoolStage1On,Home,
2026-07-15T02:55:00.000Z,Front AC,73.9,0,46,74,98.9,0,compressorCoolOff,Home,
2026-07-15T03:00:00.000Z,Front AC,74.7,0,45,74,96,255,compressorCoolOff,Home,
2026-07-15T03:05:00.000Z,Front AC,74.6,0,43,74,96,300,compressorCoolStage1On,Home,
2026-07-15T03:10:00.000Z,Front AC,74.1,0,41,74,96,300,compressorCoolStage1On,Home,
2026-07-15T03:15:00.000Z,Front AC,73.6,0,40,74,96,300,compressorCoolStage1On,Home,(SmartRecovery)
2026-07-15T03:20:00.000Z,Front AC,73.1,0,41,74,96,300,compressorCoolStage1On,Home,(SmartRecovery)
2026-07-15T03:25:00.000Z,Front AC,73.1,0,41,74,96,300,compressorCoolStage1On,Home,(SmartRecovery)
2026-07-15T03:30:00.000Z,Front AC,72.8,0,40,74,96,300,compressorCoolStage1On,Home,(SmartRecovery)
2026-07-15T03:35:00.000Z,Front AC,72.8,0,40,74,96,300,compressorCoolStage1On,Home,(SmartRecovery)
2026-07-15T03:40:00.000Z,Front AC,72.8,0,40,74,96,300,compressorCoolStage1On,Home,(SmartRecovery)
2026-07-15T03:45:00.000Z,Front AC,72.7,0,40,74,96,300,compressorCoolStage1On,Home,(SmartRecovery)
2026-07-15T03:50:00.000Z,Front AC,72.8,0,40,74,96,300,compressorCoolStage1On,Home,(SmartRecovery)
2026-07-15T03:55:00.000Z,Front AC,72.6,0,40,71.7,96,300,compressorCoolStage1On,Home,(SmartRecovery)
2026-07-15T04:00:00.000Z,Front AC,72.5,0,40,71,93.3,300,compressorCoolStage1On,Sleep,
2026-07-15T04:05:00.000Z,Front AC,72.7,0,40,71,93.3,300,compressorCoolStage1On,Sleep,
2026-07-15T04:10:00.000Z,Front AC,72.6,0,40,71,93.3,300,compressorCoolStage1On,Sleep,
2026-07-15T04:15:00.000Z,Front AC,72.3,0,40,71,93.3,300,compressorCoolStage1On,Sleep,
2026-07-15T04:20:00.000Z,Front AC,72.3,0,40,71,93.3,300,compressorCoolStage1On,Sleep,
2026-07-15T04:25:00.000Z,Front AC,72.4,0,40,71,93.3,300,compressorCoolStage1On,Sleep,
2026-07-15T04:30:00.000Z,Front AC,72.2,0,40,71,93.3,300,compressorCoolStage1On,Sleep,
2026-07-15T04:35:00.000Z,Front AC,72.1,0,40,71,93.3,300,compressorCoolStage1On,Sleep,
2026-07-15T04:40:00.000Z,Front AC,72,0,40,71,93.3,300,compressorCoolStage1On,Sleep,
2026-07-15T04:45:00.000Z,Front AC,72,0,40,71,93.3,300,compressorCoolStage1On,Sleep,
2026-07-15T04:50:00.000Z,Front AC,71.9,0,40,71,93.3,300,compressorCoolStage1On,Sleep,
2026-07-15T04:55:00.000Z,Front AC,71.5,0,40,71,93.3,300,compressorCoolStage1On,Sleep,
2026-07-15T05:00:00.000Z,Front AC,71.4,0,40,71,93,300,compressorCoolStage1On,Sleep,
2026-07-15T05:05:00.000Z,Front AC,71.4,0,40,71,93,300,compressorCoolStage1On,Sleep,
2026-07-15T05:10:00.000Z,Front AC,71.3,0,40,71,93,300,compressorCoolStage1On,Sleep,
2026-07-15T05:15:00.000Z,Front AC,71.2,0,40,71,93,300,compressorCoolStage1On,Sleep,
2026-07-15T05:20:00.000Z,Front AC,71.2,0,40,71,93,300,compressorCoolStage1On,Sleep,
2026-07-15T05:25:00.000Z,Front AC,71.1,0,40,71,93,300,compressorCoolStage1On,Sleep,
2026-07-15T05:30:00.000Z,Front AC,71,0,40,71,93,210,compressorCoolStage1On,Sleep,
2026-07-15T05:35:00.000Z,Front AC,71,0,40,71,93,15,compressorCoolOff,Sleep,
2026-07-15T05:40:00.000Z,Front AC,71.7,0,41,71,93,300,compressorCoolStage1On,Sleep,
2026-07-15T05:45:00.000Z,Front AC,71.8,0,40,71,93,300,compressorCoolStage1On,Sleep,
2026-07-15T05:50:00.000Z,Front AC,71.4,0,40,71,93,300,compressorCoolStage1On,Sleep,
2026-07-15T05:55:00.000Z,Front AC,71.2,0,40,71,93,300,compressorCoolStage1On,Sleep,
2026-07-15T06:00:00.000Z,Front AC,71.1,0,40,71,91.6,300,compressorCoolStage1On,Sleep,
2026-07-15T06:05:00.000Z,Front AC,71.1,0,40,71,91.6,300,compressorCoolStage1On,Sleep,
2026-07-15T06:10:00.000Z,Front AC,70.9,0,40,71,91.6,30,compressorCoolStage1On,Sleep,
2026-07-15T06:15:00.000Z,Front AC,71.2,0,41,71,91.6,105,compressorCoolOff,Sleep,
2026-07-15T06:20:00.000Z,Front AC,71.8,0,40,71,91.6,300,compressorCoolStage1On,Sleep,
2026-07-15T06:25:00.000Z,Front AC,71.7,0,40,71,91.6,300,compressorCoolStage1On,Sleep,
2026-07-15T06:30:00.000Z,Front AC,71.2,0,40,71,94.2,285,compressorCoolStage1On,Sleep,
2026-07-15T06:35:00.000Z,Front AC,70.9,0,40,71,94.2,0,compressorCoolOff,Sleep,
2026-07-15T06:40:00.000Z,Front AC,71.3,0,41,71,94.2,150,compressorCoolOff,Sleep,
2026-07-15T06:45:00.000Z,Front AC,71.9,0,41,71,94.2,300,compressorCoolStage1On,Sleep,
2026-07-15T06:50:00.000Z,Front AC,71.7,0,40,71,94.2,300,compressorCoolStage1On,Sleep,
2026-07-15T06:55:00.000Z,Front AC,71.1,0,40,71,94.2,120,compressorCoolStage1On,Sleep,
2026-07-15T07:00:00.000Z,Front AC,71.1,0,41,71,92.4,45,compressorCoolOff,Sleep,
2026-07-15T07:05:00.000Z,Front AC,71.5,0,41,71,92.4,300,compressorCoolStage1On,Sleep,
2026-07-15T07:10:00.000Z,Front AC,71.4,0,41,71,92.4,300,compressorCoolStage1On,Sleep,
2026-07-15T07:15:00.000Z,Front AC,71.1,0,40,71,92.4,210,compressorCoolStage1On,Sleep,
2026-07-15T07:20:00.000Z,Front AC,70.9,0,40,71,92.4,0,compressorCoolOff,Sleep,
2026-07-15T07:25:00.000Z,Front AC,71.5,0,41,71,92.4,255,compressorCoolOff,Sleep,
2026-07-15T07:30:00.000Z,Front AC,71.6,0,41,71,92.4,300,compressorCoolStage1On,Sleep,
2026-07-15T07:35:00.000Z,Front AC,71.3,0,40,71,92.4,225,compressorCoolStage1On,Sleep,
2026-07-15T07:40:00.000Z,Front AC,71,0,40,71,92.4,0,compressorCoolOff,Sleep,
2026-07-15T07:45:00.000Z,Front AC,71.5,0,41,71,92.4,240,compressorCoolOff,Sleep,
2026-07-15T07:50:00.000Z,Front AC,71.7,0,41,71,92.4,300,compressorCoolStage1On,Sleep,
2026-07-15T07:55:00.000Z,Front AC,71.5,0,41,71,92.4,300,compressorCoolStage1On,Sleep,
2026-07-15T08:00:00.000Z,Front AC,71,0,40,71,90.4,135,compressorCoolStage1On,Sleep,
2026-07-15T08:05:00.000Z,Front AC,71,0,42,71,90.4,0,compressorCoolOff,Sleep,
2026-07-15T08:10:00.000Z,Front AC,71.7,0,41,71,90.4,270,compressorCoolOff,Sleep,
2026-07-15T08:15:00.000Z,Front AC,71.7,0,41,71,90.4,300,compressorCoolStage1On,Sleep,
2026-07-15T08:20:00.000Z,Front AC,71.4,0,40,71,90.4,300,compressorCoolStage1On,Sleep,
2026-07-15T08:25:00.000Z,Front AC,71,0,40,71,90.4,60,compressorCoolStage1On,Sleep,
2026-07-15T08:30:00.000Z,Front AC,71.4,0,42,71,90.4,105,compressorCoolOff,Sleep,
2026-07-15T08:35:00.000Z,Front AC,71.6,0,41,71,90.4,300,compressorCoolStage1On,Sleep,
2026-07-15T08:40:00.000Z,Front AC,71.4,0,41,71,90.4,300,compressorCoolStage1On,Sleep,
2026-07-15T08:45:00.000Z,Front AC,71.2,0,40,71,90.4,270,compressorCoolStage1On,Sleep,
2026-07-15T08:50:00.000Z,Front AC,70.9,0,40,71,90.4,0,compressorCoolOff,Sleep,
2026-07-15T08:55:00.000Z,Front AC,71.3,0,41,71,90.4,165,compressorCoolOff,Sleep,
2026-07-15T09:00:00.000Z,Front AC,71.7,0,41,71,89.1,300,compressorCoolStage1On,Sleep,
2026-07-15T09:05:00.000Z,Front AC,71.5,0,41,71,89.1,300,compressorCoolStage1On,Sleep,
2026-07-15T09:10:00.000Z,Front AC,71,0,40,71,89.1,30,compressorCoolStage1On,Sleep,
2026-07-15T09:15:00.000Z,Front AC,71.2,0,41,71,89.1,45,compressorCoolOff,Sleep,
2026-07-15T09:20:00.000Z,Front AC,71.7,0,41,71,89.1,300,compressorCoolStage1On,Sleep,
2026-07-15T09:25:00.000Z,Front AC,71.5,0,41,71,89.1,300,compressorCoolStage1On,Sleep,
2026-07-15T09:30:00.000Z,Front AC,71.1,0,40,71,92.5,210,compressorCoolStage1On,Sleep,
2026-07-15T09:35:00.000Z,Front AC,70.8,0,41,71,92.5,0,compressorCoolOff,Sleep,
2026-07-15T09:40:00.000Z,Front AC,71.4,0,41,71,92.5,135,compressorCoolOff,Sleep,
2026-07-15T09:45:00.000Z,Front AC,71.7,0,41,71,92.5,300,compressorCoolStage1On,Sleep,
2026-07-15T09:50:00.000Z,Front AC,71.6,0,40,71,92.5,300,compressorCoolStage1On,Sleep,
2026-07-15T09:55:00.000Z,Front AC,71.1,0,40,71,92.5,135,compressorCoolStage1On,Sleep,
2026-07-15T10:00:00.000Z,Front AC,70.9,0,41,71,90.5,0,compressorCoolOff,Sleep,
2026-07-15T10:05:00.000Z,Front AC,71.4,0,41,71,90.5,210,compressorCoolOff,Sleep,
2026-07-15T10:10:00.000Z,Front AC,71.7,0,40,71,90.5,300,compressorCoolStage1On,Sleep,
2026-07-15T10:15:00.000Z,Front AC,71.1,0,40,71,90.5,150,compressorCoolStage1On,Sleep,
2026-07-15T10:20:00.000Z,Front AC,71.1,0,41,71,90.5,15,compressorCoolOff,Sleep,
2026-07-15T10:25:00.000Z,Front AC,71.6,0,41,71,90.5,300,compressorCoolStage1On,Sleep,
2026-07-15T10:30:00.000Z,Front AC,71.6,0,40,71,90.5,300,compressorCoolStage1On,Sleep,
2026-07-15T10:35:00.000Z,Front AC,71,0,40,71,90.5,75,compressorCoolStage1On,Sleep,
2026-07-15T10:40:00.000Z,Front AC,71.1,0,41,71,90.5,30,compressorCoolOff,Sleep,
2026-07-15T10:45:00.000Z,Front AC,71.6,0,41,71,90.5,300,compressorCoolStage1On,Sleep,
2026-07-15T10:50:00.000Z,Front AC,71.5,0,40,71,90.5,300,compressorCoolStage1On,Sleep,
2026-07-15T10:55:00.000Z,Front AC,70.9,0,40,71,90.5,15,compressorCoolStage1On,Sleep,
2026-07-15T11:00:00.000Z,Front AC,71.1,0,41,71,90,60,compressorCoolOff,Sleep,
2026-07-15T11:05:00.000Z,Front AC,71.6,0,41,71,90,300,compressorCoolStage1On,Sleep,
2026-07-15T11:10:00.000Z,Front AC,71.3,0,40,71,90,240,compressorCoolStage1On,Sleep,
2026-07-15T11:15:00.000Z,Front AC,70.8,0,40,71,90,0,compressorCoolOff,Sleep,
2026-07-15T11:20:00.000Z,Front AC,71.2,0,41,71,90,90,compressorCoolOff,Sleep,
2026-07-15T11:25:00.000Z,Front AC,71.7,0,41,71,90,300,compressorCoolStage1On,Sleep,
2026-07-15T11:30:00.000Z,Front AC,71.1,0,40,71,90.1,150,compressorCoolStage1On,Sleep,
2026-07-15T11:35:00.000Z,Front AC,70.9,0,41,71,90.1,0,compressorCoolOff,Sleep,
2026-07-15T11:40:00.000Z,Front AC,71.5,0,41,71,90.1,225,compressorCoolOff,Sleep,
2026-07-15T11:45:00.000Z,Front AC,71.6,0,41,71,90.1,300,compressorCoolStage1On,Sleep,
2026-07-15T11:50:00.000Z,Front AC,71.2,0,40,71,90.1,195,compressorCoolStage1On,Sleep,
2026-07-15T11:55:00.000Z,Front AC,70.9,0,40,71,90.1,0,compressorCoolOff,Sleep,
2026-07-15T12:00:00.000Z,Front AC,71.4,0,41,71,89.3,165,compressorCoolOff,Sleep,
2026-07-15T12:05:00.000Z,Front AC,71.7,0,40,71,89.3,300,compressorCoolStage1On,Sleep,
2026-07-15T12:10:00.000Z,Front AC,71.3,0,40,71,89.3,285,compressorCoolStage1On,Sleep,
2026-07-15T12:15:00.000Z,Front AC,70.9,0,40,71,89.3,0,compressorCoolOff,Sleep,
2026-07-15T12:20:00.000Z,Front AC,71.2,0,41,71,89.3,60,compressorCoolOff,Sleep,
2026-07-15T12:25:00.000Z,Front AC,71.8,0,41,71,89.3,300,compressorCoolStage1On,Sleep,
2026-07-15T12:30:00.000Z,Front AC,71.8,0,41,71,89.8,300,compressorCoolStage1On,Sleep,
2026-07-15T12:35:00.000Z,Front AC,71.4,0,41,71,89.8,300,compressorCoolStage1On,Sleep,
2026-07-15T12:40:00.000Z,Front AC,71,0,41,71,89.8,105,compressorCoolStage1On,Sleep,
2026-07-15T12:45:00.000Z,Front AC,70.7,0,41,71,89.8,0,compressorCoolOff,Sleep,
2026-07-15T12:50:00.000Z,Front AC,71.1,0,41,71,89.8,45,compressorCoolOff,Sleep,
2026-07-15T12:55:00.000Z,Front AC,71.6,0,41,71,89.8,300,compressorCoolStage1On,Sleep,
2026-07-15T13:00:00.000Z,Front AC,71.4,0,41,71,89.5,300,compressorCoolStage1On,Sleep,
2026-07-15T13:05:00.000Z,Front AC,71.1,0,42,71,89.5,285,compressorCoolStage1On,Sleep,
2026-07-15T13:10:00.000Z,Front AC,70.8,0,42,71,89.5,0,compressorCoolOff,Sleep,
2026-07-15T13:15:00.000Z,Front AC,70.8,0,43,71,89.5,0,compressorCoolOff,Sleep,
2026-07-15T13:20:00.000Z,Front AC,71.3,0,42,71,89.5,90,compressorCoolOff,Sleep,
2026-07-15T13:25:00.000Z,Front AC,71.6,0,41,71,89.5,300,compressorCoolStage1On,Sleep,
2026-07-15T13:30:00.000Z,Front AC,71.4,0,41,71,89.5,300,compressorCoolStage1On,Sleep,
2026-07-15T13:35:00.000Z,Front AC,71.2,0,41,71,89.5,210,compressorCoolStage1On,Sleep,
2026-07-15T13:40:00.000Z,Front AC,70.8,0,41,71,89.5,0,compressorCoolOff,Sleep,
2026-07-15T13:45:00.000Z,Front AC,70.9,0,43,71,89.5,0,compressorCoolOff,Sleep,
2026-07-15T13:50:00.000Z,Front AC,71.4,0,43,71,89.5,180,compressorCoolOff,Sleep,
2026-07-15T13:55:00.000Z,Front AC,71.7,0,42,71,89.5,300,compressorCoolStage1On,Sleep,
2026-07-15T14:00:00.000Z,Front AC,71.1,0,41,71,90,120,compressorCoolStage1On,Sleep,
2026-07-15T14:05:00.000Z,Front AC,71.1,0,42,71,90,180,compressorCoolOff,Sleep,
2026-07-15T14:10:00.000Z,Front AC,71.3,0,43,71,90,300,compressorCoolStage1On,Sleep,
2026-07-15T14:15:00.000Z,Front AC,71.1,0,42,71,90,285,compressorCoolStage1On,Sleep,
2026-07-15T14:20:00.000Z,Front AC,70.9,0,42,71,90,0,compressorCoolOff,Sleep,
2026-07-15T14:25:00.000Z,Front AC,71.3,0,43,74.7,90,0,compressorCoolOff,Sleep,
2026-07-15T14:30:00.000Z,Front AC,71.8,0,43,76,90,0,compressorCoolOff,WFH,
2026-07-15T14:35:00.000Z,Front AC,72.3,0,43,76,90,0,compressorCoolOff,WFH,
2026-07-15T14:40:00.000Z,Front AC,72.7,0,44,76,90,0,compressorCoolOff,WFH,
2026-07-15T14:45:00.000Z,Front AC,73,0,44,76,90,0,compressorCoolOff,WFH,
2026-07-15T14:50:00.000Z,Front AC,73.3,0,44,76,90,0,compressorCoolOff,WFH,
2026-07-15T14:55:00.000Z,Front AC,73.6,0,44,76,90,0,compressorCoolOff,WFH,
2026-07-15T15:00:00.000Z,Front AC,73.9,0,44,76,91.3,0,compressorCoolOff,WFH,
2026-07-15T15:05:00.000Z,Front AC,74.1,0,44,76,91.3,0,compressorCoolOff,WFH,
2026-07-15T15:10:00.000Z,Front AC,74.3,0,44,76,91.3,0,compressorCoolOff,WFH,
2026-07-15T15:15:00.000Z,Front AC,74.4,0,43,76,91.3,0,compressorCoolOff,WFH,
2026-07-15T15:20:00.000Z,Front AC,74.4,0,44,76,91.3,0,compressorCoolOff,WFH,
2026-07-15T15:25:00.000Z,Front AC,74.6,0,45,76,91.3,0,compressorCoolOff,WFH,
2026-07-15T15:30:00.000Z,Front AC,74.9,0,44,76,93.9,0,compressorCoolOff,WFH,
2026-07-15T15:35:00.000Z,Front AC,75.1,0,44,76,93.9,0,compressorCoolOff,WFH,
2026-07-15T15:40:00.000Z,Front AC,75.3,0,44,76,93.9,0,compressorCoolOff,WFH,
2026-07-15T15:45:00.000Z,Front AC,75.5,0,43,76,93.9,0,compressorCoolOff,WFH,
2026-07-15T15:50:00.000Z,Front AC,75.5,0,43,76,93.9,0,compressorCoolOff,WFH,
2026-07-15T15:55:00.000Z,Front AC,75.5,0,43,76,93.9,0,compressorCoolOff,WFH,
2026-07-15T16:00:00.000Z,Front AC,75.7,0,44,76,94.5,0,compressorCoolOff,WFH,
2026-07-15T16:05:00.000Z,Front AC,75.8,0,44,76,94.5,0,compressorCoolOff,WFH,
2026-07-15T16:10:00.000Z,Front AC,76,0,44,76,94.5,60,compressorCoolOff,WFH,
2026-07-15T16:15:00.000Z,Front AC,76.2,0,43,76,94.5,300,compressorCoolStage1On,WFH,
2026-07-15T16:20:00.000Z,Front AC,75.7,0,42,76,94.5,90,compressorCoolStage1On,WFH,
2026-07-15T16:25:00.000Z,Front AC,75,0,43,76,94.5,0,compressorCoolOff,WFH,
2026-07-15T16:30:00.000Z,Front AC,75,0,45,76,94.5,0,compressorCoolOff,WFH,
2026-07-15T16:35:00.000Z,Front AC,75.4,0,44,76,94.5,0,compressorCoolOff,WFH,
2026-07-15T16:40:00.000Z,Front AC,75.8,0,44,76,94.5,0,compressorCoolOff,WFH,
2026-07-15T16:45:00.000Z,Front AC,76.2,0,43,76,94.5,285,compressorCoolOff,WFH,
2026-07-15T16:50:00.000Z,Front AC,76,0,41,76,94.5,225,compressorCoolStage1On,WFH,
2026-07-15T16:55:00.000Z,Front AC,75.3,0,42,76,94.5,0,compressorCoolOff,WFH,
2026-07-15T17:00:00.000Z,Front AC,74.9,0,43,76,95,0,compressorCoolOff,WFH,
2026-07-15T17:05:00.000Z,Front AC,75.3,0,44,76,95,0,compressorCoolOff,WFH,
2026-07-15T17:10:00.000Z,Front AC,75.7,0,44,76,95,0,compressorCoolOff,WFH,
2026-07-15T17:15:00.000Z,Front AC,76.1,0,43,76,95,0,compressorCoolOff,WFH,
2026-07-15T17:20:00.000Z,Front AC,76.2,0,42,76,95,0,compressorCoolOff,WFH,
2026-07-15T17:25:00.000Z,Front AC,76.1,0,42,76,95,0,compressorCoolOff,WFH,
2026-07-15T17:30:00.000Z,Front AC,76.1,0,42,76,95,0,compressorCoolOff,WFH,
2026-07-15T17:35:00.000Z,Front AC,76.3,0,43,76,95,0,compressorCoolOff,WFH,
2026-07-15T17:40:00.000Z,Front AC,76.4,0,42,76,95,270,compressorCoolOff,WFH,
2026-07-15T17:45:00.000Z,Front AC,76.4,0,41,76,95,300,compressorCoolStage1On,WFH,
2026-07-15T17:50:00.000Z,Front AC,75.7,0,41,76,95,15,compressorCoolStage1On,WFH,
2026-07-15T17:55:00.000Z,Front AC,75.2,0,43,76,95,0,compressorCoolOff,WFH,
2026-07-15T18:00:00.000Z,Front AC,75.4,0,43,76,98,0,compressorCoolOff,WFH,
2026-07-15T18:05:00.000Z,Front AC,75.8,0,43,76,98,0,compressorCoolOff,WFH,
2026-07-15T18:10:00.000Z,Front AC,76.1,0,42,76,98,0,compressorCoolOff,WFH,
2026-07-15T18:15:00.000Z,Front AC,76.3,0,42,76,98,45,compressorCoolOff,WFH,
2026-07-15T18:20:00.000Z,Front AC,76.5,0,42,76,98,300,compressorCoolStage1On,WFH,
2026-07-15T18:25:00.000Z,Front AC,76.2,0,41,76,98,285,compressorCoolStage1On,WFH,
2026-07-15T18:30:00.000Z,Front AC,75.5,0,41,76,98,0,compressorCoolOff,WFH,
2026-07-15T18:35:00.000Z,Front AC,75.2,0,43,76,98,0,compressorCoolOff,WFH,
2026-07-15T18:40:00.000Z,Front AC,75.5,0,43,76,98,0,compressorCoolOff,WFH,
2026-07-15T18:45:00.000Z,Front AC,76,0,42,76,98,0,compressorCoolOff,WFH,
2026-07-15T18:50:00.000Z,Front AC,76.2,0,42,76,98,0,compressorCoolOff,WFH,
2026-07-15T18:55:00.000Z,Front AC,76.3,0,42,76,98,60,compressorCoolOff,WFH,
2026-07-15T19:00:00.000Z,Front AC,76.7,0,41,76,100.2,300,compressorCoolStage1On,WFH,
2026-07-15T19:05:00.000Z,Front AC,76.2,0,41,76,100.2,240,compressorCoolStage1On,WFH,
2026-07-15T19:10:00.000Z,Front AC,75.5,0,41,76,100.2,0,compressorCoolOff,WFH,
2026-07-15T19:15:00.000Z,Front AC,75.3,0,43,76,100.2,0,compressorCoolOff,WFH,
2026-07-15T19:20:00.000Z,Front AC,75.6,0,43,76,100.2,0,compressorCoolOff,WFH,
2026-07-15T19:25:00.000Z,Front AC,76,0,42,76,100.2,0,compressorCoolOff,WFH,
2026-07-15T19:30:00.000Z,Front AC,76.3,0,42,76,97.9,60,compressorCoolOff,WFH,
2026-07-15T19:35:00.000Z,Front AC,76.7,0,41,76,97.9,300,compressorCoolStage1On,WFH,
2026-07-15T19:40:00.000Z,Front AC,76.4,0,41,76,97.9,300,compressorCoolStage1On,WFH,
2026-07-15T19:45:00.000Z,Front AC,75.7,0,41,76,97.9,45,compressorCoolStage1On,WFH,
2026-07-15T19:50:00.000Z,Front AC,75.3,0,43,76,97.9,0,compressorCoolOff,WFH,
2026-07-15T19:55:00.000Z,Front AC,75.5,0,43,76,97.9,0,compressorCoolOff,WFH,
2026-07-15T20:00:00.000Z,Front AC,76,0,42,76,98.6,0,compressorCoolOff,WFH,
2026-07-15T20:05:00.000Z,Front AC,76.2,0,42,76,98.6,0,compressorCoolOff,WFH,
2026-07-15T20:10:00.000Z,Front AC,76.5,0,42,76,98.6,210,compressorCoolOff,WFH,
2026-07-15T20:15:00.000Z,Front AC,76.7,0,41,76,98.6,300,compressorCoolStage1On,WFH,
2026-07-15T20:20:00.000Z,Front AC,76.1,0,41,76,98.6,225,compressorCoolStage1On,WFH,
2026-07-15T20:25:00.000Z,Front AC,75.6,0,42,76,98.6,0,compressorCoolOff,WFH,
2026-07-15T20:30:00.000Z,Front AC,75.4,0,43,76,100.8,0,compressorCoolOff,WFH,
2026-07-15T20:35:00.000Z,Front AC,75.9,0,43,76,100.8,0,compressorCoolOff,WFH,
2026-07-15T20:40:00.000Z,Front AC,76.3,0,42,76,100.8,45,compressorCoolOff,WFH,
2026-07-15T20:45:00.000Z,Front AC,76.7,0,42,76,100.8,300,compressorCoolStage1On,WFH,
2026-07-15T20:50:00.000Z,Front AC,76.7,0,42,76,100.8,300,compressorCoolStage1On,WFH,
2026-07-15T20:55:00.000Z,Front AC,76.2,0,42,76,100.8,270,compressorCoolStage1On,WFH,
2026-07-15T21:00:00.000Z,Front AC,75.6,0,43,76,101.5,0,compressorCoolOff,WFH,
2026-07-15T21:05:00.000Z,Front AC,75.4,0,44,76,101.5,0,compressorCoolOff,WFH,
2026-07-15T21:10:00.000Z,Front AC,75.9,0,44,76,101.5,0,compressorCoolOff,WFH,
2026-07-15T21:15:00.000Z,Front AC,76.5,0,43,76,101.5,180,compressorCoolOff,WFH,
2026-07-15T21:20:00.000Z,Front AC,76.9,0,43,76,101.5,300,compressorCoolStage1On,WFH,
2026-07-15T21:25:00.000Z,Front AC,76.5,0,43,76,101.5,300,compressorCoolStage1On,WFH,
2026-07-15T21:30:00.000Z,Front AC,76,0,43,76,101.5,300,compressorCoolStage1On,WFH,
2026-07-15T21:35:00.000Z,Front AC,75.5,0,43,76,101.5,300,compressorCoolStage1On,WFH,(SmartRecovery)
2026-07-15T21:40:00.000Z,Front AC,75.1,0,43,76,101.5,300,compressorCoolStage1On,WFH,(SmartRecovery)
2026-07-15T21:45:00.000Z,Front AC,74.6,0,43,76,101.5,300,compressorCoolStage1On,WFH,(SmartRecovery)
2026-07-15T21:50:00.000Z,Front AC,74,0,43,76,101.5,150,compressorCoolStage1On,WFH,(SmartRecovery)
2026-07-15T21:55:00.000Z,Front AC,73.9,0,44,74.5,101.5,0,compressorCoolOff,WFH,
2026-07-15T22:00:00.000Z,Front AC,74.5,0,44,74,103.1,195,compressorCoolOff,Home,
2026-07-15T22:05:00.000Z,Front AC,75,0,43,74,103.1,300,compressorCoolStage1On,Home,
2026-07-15T22:10:00.000Z,Front AC,75.1,0,43,74,103.1,300,compressorCoolStage1On,Home,
2026-07-15T22:15:00.000Z,Front AC,74.8,0,43,74,103.1,300,compressorCoolStage1On,Home,
2026-07-15T22:20:00.000Z,Front AC,74.5,0,43,74,103.1,300,compressorCoolStage1On,Home,
2026-07-15T22:25:00.000Z,Front AC,74.2,0,43,74,103.1,270,compressorCoolStage1On,Home,
2026-07-15T22:30:00.000Z,Front AC,73.8,0,43,74,103.1,0,compressorCoolOff,Home,
2026-07-15T22:35:00.000Z,Front AC,74.2,0,44,74,103.1,60,compressorCoolOff,Home,
2026-07-15T22:40:00.000Z,Front AC,75,0,43,74,103.1,300,compressorCoolStage1On,Home,
2026-07-15T22:45:00.000Z,Front AC,75.3,0,43,74,103.1,300,compressorCoolStage1On,Home,
2026-07-15T22:50:00.000Z,Front AC,74.9,0,43,74,103.1,300,compressorCoolStage1On,Home,
2026-07-15T22:55:00.000Z,Front AC,74.6,0,43,74,103.1,300,compressorCoolStage1On,Home,
2026-07-15T23:00:00.000Z,Front AC,74.2,0,43,74,103.1,255,compressorCoolStage1On,Home,
2026-07-15T23:05:00.000Z,Front AC,73.6,0,44,74,103.1,0,compressorCoolOff,Home,
2026-07-15T23:10:00.000Z,Front AC,74.1,0,45,74,103.1,60,compressorCoolOff,Home,
2026-07-15T23:15:00.000Z,Front AC,75,0,43,74,103.1,300,compressorCoolStage1On,Home,
2026-07-15T23:20:00.000Z,Front AC,75.3,0,42,74,103.1,300,compressorCoolStage1On,Home,
2026-07-15T23:25:00.000Z,Front AC,75,0,43,74,103.1,300,compressorCoolStage1On,Home,
2026-07-15T23:30:00.000Z,Front AC,74.6,0,43,74,103.1,300,compressorCoolStage1On,Home,
2026-07-15T23:35:00.000Z,Front AC,74.3,0,43,74,103.1,300,compressorCoolStage1On,Home,
2026-07-15T23:40:00.000Z,Front AC,73.9,0,43,74,103.1,75,compressorCoolStage1On,Home,
2026-07-15T23:45:00.000Z,Front AC,73.8,0,44,74,103.1,0,compressorCoolOff,Home,
2026-07-15T23:50:00.000Z,Front AC,74.5,0,44,74,103.1,165,compressorCoolOff,Home,
2026-07-15T23:55:00.000Z,Front AC,75.1,0,43,74,103.1,300,compressorCoolStage1On,Home,
2026-07-16T00:00:00.000Z,Front AC,75.1,0,43,74,101.5,300,compressorCoolStage1On,Home,
2026-07-16T00:05:00.000Z,Front AC,74.8,0,43,74,101.5,300,compressorCoolStage1On,Home,
2026-07-16T00:10:00.000Z,Front AC,74.4,0,43,74,101.5,300,compressorCoolStage1On,Home,
2026-07-16T00:15:00.000Z,Front AC,74.1,0,43,74,101.5,225,compressorCoolStage1On,Home,
2026-07-16T00:20:00.000Z,Front AC,73.8,0,43,74,101.5,0,compressorCoolOff,Home,
2026-07-16T00:25:00.000Z,Front AC,74.1,0,44,74,101.5,30,compressorCoolOff,Home,
2026-07-16T00:30:00.000Z,Front AC,74.9,0,43,74,99.1,300,compressorCoolStage1On,Home,
2026-07-16T00:35:00.000Z,Front AC,75.1,0,43,74,99.1,300,compressorCoolStage1On,Home,
2026-07-16T00:40:00.000Z,Front AC,74.8,0,43,74,99.1,300,compressorCoolStage1On,Home,
2026-07-16T00:45:00.000Z,Front AC,74.4,0,43,74,99.1,300,compressorCoolStage1On,Home,
2026-07-16T00:50:00.000Z,Front AC,74,0,42,74,99.1,195,compressorCoolStage1On,Home,
2026-07-16T00:55:00.000Z,Front AC,73.7,0,42,74,99.1,0,compressorCoolOff,Home,
2026-07-16T01:00:00.000Z,Front AC,74.1,0,43,74,95.4,30,compressorCoolOff,Home,
2026-07-16T01:05:00.000Z,Front AC,74.9,0,43,74,95.4,300,compressorCoolStage1On,Home,
2026-07-16T01:10:00.000Z,Front AC,74.9,0,41,74,95.4,300,compressorCoolStage1On,Home,
2026-07-16T01:15:00.000Z,Front AC,74.5,0,41,74.5,95.4,210,compressorCoolStage1On,Home,
2026-07-16T01:20:00.000Z,Front AC,74.2,0,42,75.9,95.4,0,compressorCoolOff,Home,smartAway
2026-07-16T01:25:00.000Z,Front AC,74.3,0,44,75.9,95.4,0,compressorCoolOff,Home,smartAway
2026-07-16T01:30:00.000Z,Front AC,74.9,0,43,75.9,98,0,compressorCoolOff,Home,smartAway
2026-07-16T01:35:00.000Z,Front AC,75.6,0,43,75.9,98,0,compressorCoolOff,Home,smartAway
2026-07-16T01:40:00.000Z,Front AC,76.1,0,42,75.9,98,0,compressorCoolOff,Home,smartAway
2026-07-16T01:45:00.000Z,Front AC,76.1,0,42,75.9,98,0,compressorCoolOff,Home,smartAway
2026-07-16T01:50:00.000Z,Front AC,76.2,0,41,75.9,98,0,compressorCoolOff,Home,smartAway
2026-07-16T01:55:00.000Z,Front AC,76.3,0,41,74,98,300,compressorCoolStage1On,Home,
2026-07-16T02:00:00.000Z,Front AC,76.4,0,42,74,95.1,300,compressorCoolStage1On,Home,
2026-07-16T02:05:00.000Z,Front AC,75.9,0,42,74,95.1,300,compressorCoolStage1On,Home,
2026-07-16T02:10:00.000Z,Front AC,74.9,0,41,74,95.1,300,compressorCoolStage1On,Home,
2026-07-16T02:15:00.000Z,Front AC,74,0,41,74,95.1,90,compressorCoolStage1On,Home,
2026-07-16T02:20:00.000Z,Front AC,74.2,0,43,74,95.1,45,compressorCoolOff,Home,
2026-07-16T02:25:00.000Z,Front AC,74.7,0,43,74,95.1,300,compressorCoolStage1On,Home,
2026-07-16T02:30:00.000Z,Front AC,74.5,0,43,74,95.1,300,compressorCoolStage1On,Home,
2026-07-16T02:35:00.000Z,Front AC,74.2,0,42,74,95.1,300,compressorCoolStage1On,Home,
2026-07-16T02:40:00.000Z,Front AC,73.8,0,42,74,95.1,75,compressorCoolStage1On,Home,
2026-07-16T02:45:00.000Z,Front AC,73.8,0,43,74,95.1,0,compressorCoolOff,Home,
2026-07-16T02:50:00.000Z,Front AC,74.5,0,44,74,95.1,180,compressorCoolOff,Home,
2026-07-16T02:55:00.000Z,Front AC,74.8,0,43,73.7,95.1,300,compressorCoolStage1On,Home,
2026-07-16T03:00:00.000Z,Front AC,74.2,0,42,72,92.8,300,compressorCoolStage1On,Home,auto
2026-07-16T03:05:00.000Z,Front AC,73.5,0,41,72,92.8,300,compressorCoolStage1On,Home,auto
2026-07-16T03:10:00.000Z,Front AC,73.2,0,42,72,92.8,300,compressorCoolStage1On,Home,auto
2026-07-16T03:15:00.000Z,Front AC,73,0,41,72,92.8,300,compressorCoolStage1On,Home,auto
2026-07-16T03:20:00.000Z,Front AC,72.5,0,41,72,92.8,300,compressorCoolStage1On,Home,auto
2026-07-16T03:25:00.000Z,Front AC,72.4,0,41,72,92.8,300,compressorCoolStage1On,Home,auto
2026-07-16T03:30:00.000Z,Front AC,72,0,42,72,92.8,135,compressorCoolStage1On,Home,auto
2026-07-16T03:35:00.000Z,Front AC,71.9,0,44,72,92.8,120,compressorCoolOff,Home,auto
2026-07-16T03:40:00.000Z,Front AC,72.6,0,43,72,92.8,300,compressorCoolStage1On,Home,auto
2026-07-16T03:45:00.000Z,Front AC,72.4,0,42,72,92.8,300,compressorCoolStage1On,Home,auto
2026-07-16T03:50:00.000Z,Front AC,71.8,0,43,72,92.8,15,compressorCoolStage1On,Home,auto
2026-07-16T03:55:00.000Z,Front AC,72.3,0,44,72,92.8,240,compressorCoolOff,Home,auto
2026-07-16T04:00:00.000Z,Front AC,72.6,0,43,72,89.7,300,compressorCoolStage1On,Sleep,auto
2026-07-16T04:05:00.000Z,Front AC,72.4,0,42,72,89.7,285,compressorCoolStage1On,Sleep,auto
2026-07-16T04:10:00.000Z,Front AC,71.8,0,43,72,89.7,0,compressorCoolOff,Sleep,auto
2026-07-16T04:15:00.000Z,Front AC,72.3,0,44,72,89.7,255,compressorCoolOff,Sleep,auto
2026-07-16T04:20:00.000Z,Front AC,72.7,0,44,72,89.7,300,compressorCoolStage1On,Sleep,auto
2026-07-16T04:25:00.000Z,Front AC,72.6,0,42,72,89.7,300,compressorCoolStage1On,Sleep,auto
2026-07-16T04:30:00.000Z,Front AC,72.4,0,41,72,89.7,300,compressorCoolStage1On,Sleep,auto
2026-07-16T04:35:00.000Z,Front AC,72.2,0,40,72,89.7,300,compressorCoolStage1On,Sleep,auto
2026-07-16T04:40:00.000Z,Front AC,72.1,0,40,72,89.7,15,compressorCoolStage1On,Sleep,auto
2026-07-16T04:45:00.000Z,Front AC,72.6,0,41,72,89.7,285,compressorCoolOff,Sleep,auto
2026-07-16T04:50:00.000Z,Front AC,72.7,0,41,72,89.7,300,compressorCoolStage1On,Sleep,auto
2026-07-16T04:55:00.000Z,Front AC,72.4,0,40,72,89.7,300,compressorCoolStage1On,Sleep,auto
2026-07-16T05:00:00.000Z,Front AC,72.3,0,40,72,85.4,300,compressorCoolStage1On,Sleep,auto
2026-07-16T05:05:00.000Z,Front AC,72,0,40,72,85.4,120,compressorCoolStage1On,Sleep,auto
2026-07-16T05:10:00.000Z,Front AC,72.3,0,41,72,85.4,180,compressorCoolOff,Sleep,auto
2026-07-16T05:15:00.000Z,Front AC,72.3,0,41,72,85.4,300,compressorCoolStage1On,Sleep,auto
2026-07-16T05:20:00.000Z,Front AC,71.9,0,40,72,85.4,165,compressorCoolStage1On,Sleep,auto
2026-07-16T05:25:00.000Z,Front AC,72,0,41,72,85.4,0,compressorCoolOff,Sleep,auto
2026-07-16T05:30:00.000Z,Front AC,72.7,0,41,72,88.5,135,compressorCoolOff,Sleep,auto
2026-07-16T05:35:00.000Z,Front AC,72.9,0,41,72,88.5,300,compressorCoolStage1On,Sleep,auto
2026-07-16T05:40:00.000Z,Front AC,72.6,0,41,72,88.5,300,compressorCoolStage1On,Sleep,auto
2026-07-16T05:45:00.000Z,Front AC,72.1,0,40,72,88.5,300,compressorCoolStage1On,Sleep,auto
2026-07-16T05:50:00.000Z,Front AC,71.9,0,40,72,88.5,105,compressorCoolStage1On,Sleep,auto
2026-07-16T05:55:00.000Z,Front AC,72.1,0,41,72,88.5,135,compressorCoolOff,Sleep,auto
2026-07-16T06:00:00.000Z,Front AC,72.3,0,41,72,87.2,300,compressorCoolStage1On,Sleep,auto
2026-07-16T06:05:00.000Z,Front AC,72,0,40,72,87.2,60,compressorCoolStage1On,Sleep,auto
2026-07-16T06:10:00.000Z,Front AC,72.4,0,42,72,87.2,240,compressorCoolOff,Sleep,auto
2026-07-16T06:15:00.000Z,Front AC,72.5,0,41,72,87.2,300,compressorCoolStage1On,Sleep,auto
2026-07-16T06:20:00.000Z,Front AC,72.2,0,41,72,87.2,300,compressorCoolStage1On,Sleep,auto
2026-07-16T06:25:00.000Z,Front AC,71.7,0,40,72,87.2,15,compressorCoolStage1On,Sleep,auto
2026-07-16T06:30:00.000Z,Front AC,72,0,41,72,87.2,180,compressorCoolOff,Sleep,auto
2026-07-16T06:35:00.000Z,Front AC,72.3,0,41,72,87.2,300,compressorCoolStage1On,Sleep,auto
2026-07-16T06:40:00.000Z,Front AC,72,0,41,72,87.2,210,compressorCoolStage1On,Sleep,auto
2026-07-16T06:45:00.000Z,Front AC,71.9,0,41,72,87.2,45,compressorCoolOff,Sleep,auto
2026-07-16T06:50:00.000Z,Front AC,72.4,0,43,72,87.2,300,compressorCoolStage1On,Sleep,auto
2026-07-16T06:55:00.000Z,Front AC,72.3,0,41,72,87.2,300,compressorCoolStage1On,Sleep,auto
2026-07-16T07:00:00.000Z,Front AC,71.8,0,41,72,86,0,compressorCoolOff,Sleep,auto
2026-07-16T07:05:00.000Z,Front AC,72.1,0,43,72,86,300,compressorCoolStage1On,Sleep,auto
2026-07-16T07:10:00.000Z,Front AC,72,0,42,72,86,0,compressorCoolOff,Sleep,auto
2026-07-16T07:15:00.000Z,Front AC,72.3,0,43,72,86,300,compressorCoolStage1On,Sleep,auto
2026-07-16T07:20:00.000Z,Front AC,72.1,0,42,72,86,180,compressorCoolStage1On,Sleep,auto
2026-07-16T07:25:00.000Z,Front AC,72,0,42,72,86,120,compressorCoolOff,Sleep,auto
2026-07-16T07:30:00.000Z,Front AC,72.3,0,43,72,87.2,300,compressorCoolStage1On,Sleep,auto
2026-07-16T07:35:00.000Z,Front AC,72,0,42,72,87.2,105,compressorCoolStage1On,Sleep,auto
2026-07-16T07:40:00.000Z,Front AC,72.1,0,43,72,87.2,195,compressorCoolOff,Sleep,auto
2026-07-16T07:45:00.000Z,Front AC,72,0,42,72,87.2,180,compressorCoolStage1On,Sleep,auto
2026-07-16T07:50:00.000Z,Front AC,72,0,43,72,87.2,105,compressorCoolOff,Sleep,auto
2026-07-16T07:55:00.000Z,Front AC,72.1,0,43,72,87.2,300,compressorCoolStage1On,Sleep,auto
2026-07-16T08:00:00.000Z,Front AC,71.8,0,42,72,87.1,60,compressorCoolStage1On,Sleep,auto
2026-07-16T08:05:00.000Z,Front AC,72,0,43,72,87.1,180,compressorCoolOff,Sleep,auto
2026-07-16T08:10:00.000Z,Front AC,72,0,43,72,87.1,180,compressorCoolStage1On,Sleep,auto
2026-07-16T08:15:00.000Z,Front AC,72.1,0,44,72,87.1,120,compressorCoolOff,Sleep,auto
2026-07-16T08:20:00.000Z,Front AC,72.3,0,44,72,87.1,300,compressorCoolStage1On,Sleep,auto
2026-07-16T08:25:00.000Z,Front AC,71.9,0,42,72,87.1,60,compressorCoolStage1On,Sleep,auto
2026-07-16T08:30:00.000Z,Front AC,72,0,43,72,87.1,150,compressorCoolOff,Sleep,auto
2026-07-16T08:35:00.000Z,Front AC,72.3,0,42,72,87.1,300,compressorCoolStage1On,Sleep,auto
2026-07-16T08:40:00.000Z,Front AC,71.9,0,42,72,87.1,15,compressorCoolStage1On,Sleep,auto
2026-07-16T08:45:00.000Z,Front AC,72.1,0,43,72,87.1,270,compressorCoolOff,Sleep,auto
2026-07-16T08:50:00.000Z,Front AC,71.9,0,42,72,87.1,150,compressorCoolStage1On,Sleep,auto
2026-07-16T08:55:00.000Z,Front AC,71.9,0,43,72,87.1,90,compressorCoolOff,Sleep,auto
2026-07-16T09:00:00.000Z,Front AC,72.3,0,43,72,86,300,compressorCoolStage1On,Sleep,auto
2026-07-16T09:05:00.000Z,Front AC,71.9,0,42,72,86,75,compressorCoolStage1On,Sleep,auto
2026-07-16T09:10:00.000Z,Front AC,72,0,43,72,86,105,compressorCoolOff,Sleep,auto
2026-07-16T09:15:00.000Z,Front AC,72.1,0,43,72,86,285,compressorCoolStage1On,Sleep,auto
2026-07-16T09:20:00.000Z,Front AC,71.8,0,43,72,86,0,compressorCoolOff,Sleep,auto
2026-07-16T09:25:00.000Z,Front AC,72.1,0,43,72,86,210,compressorCoolOff,Sleep,auto
2026-07-16T09:30:00.000Z,Front AC,72.2,0,43,72,86,300,compressorCoolStage1On,Sleep,auto
2026-07-16T09:35:00.000Z,Front AC,71.8,0,42,72,86,0,compressorCoolOff,Sleep,auto
2026-07-16T09:40:00.000Z,Front AC,72,0,43,72,86,135,compressorCoolOff,Sleep,auto
2026-07-16T09:45:00.000Z,Front AC,72.1,0,43,72,86,210,compressorCoolStage1On,Sleep,auto
2026-07-16T09:50:00.000Z,Front AC,71.8,0,43,72,86,0,compressorCoolOff,Sleep,auto
2026-07-16T09:55:00.000Z,Front AC,72.2,0,43,72,86,285,compressorCoolOff,Sleep,auto
2026-07-16T10:00:00.000Z,Front AC,71.9,0,43,72,84.4,75,compressorCoolStage1On,Sleep,auto
2026-07-16T10:05:00.000Z,Front AC,72,0,44,72,84.4,195,compressorCoolOff,Sleep,auto
2026-07-16T10:10:00.000Z,Front AC,71.9,0,43,72,84.4,135,compressorCoolStage1On,Sleep,auto
2026-07-16T10:15:00.000Z,Front AC,71.8,0,44,72,84.4,0,compressorCoolOff,Sleep,auto
2026-07-16T10:20:00.000Z,Front AC,72.4,0,44,72,84.4,0,compressorCoolOff,Sleep,auto
2026-07-16T10:25:00.000Z,Front AC,72.9,0,43,72,84.4,135,compressorCoolOff,Sleep,auto
2026-07-16T10:30:00.000Z,Front AC,72.7,0,43,72,86,300,compressorCoolStage1On,Sleep,auto
2026-07-16T10:35:00.000Z,Front AC,72,0,42,72,86,90,compressorCoolStage1On,Sleep,auto
2026-07-16T10:40:00.000Z,Front AC,72,0,43,72,86,0,compressorCoolOff,Sleep,auto
2026-07-16T10:45:00.000Z,Front AC,72.5,0,43,72,86,210,compressorCoolOff,Sleep,auto
2026-07-16T10:50:00.000Z,Front AC,72.2,0,42,72,86,210,compressorCoolStage1On,Sleep,auto
2026-07-16T10:55:00.000Z,Front AC,72,0,43,72,86,90,compressorCoolOff,Sleep,auto
2026-07-16T11:00:00.000Z,Front AC,72,0,43,72,85.3,225,compressorCoolStage1On,Sleep,auto
2026-07-16T11:05:00.000Z,Front AC,71.9,0,44,72,85.3,0,compressorCoolOff,Sleep,auto
2026-07-16T11:10:00.000Z,Front AC,72,0,44,72,85.3,255,compressorCoolOff,Sleep,auto
2026-07-16T11:15:00.000Z,Front AC,71.8,0,44,72,85.3,45,compressorCoolStage1On,Sleep,auto
2026-07-16T11:20:00.000Z,Front AC,72,0,44,72,85.3,0,compressorCoolOff,Sleep,auto
2026-07-16T11:25:00.000Z,Front AC,72.6,0,43,72,85.3,0,compressorCoolOff,Sleep,auto
2026-07-16T11:30:00.000Z,Front AC,72.9,0,43,72,85.3,270,compressorCoolOff,Sleep,auto
2026-07-16T11:35:00.000Z,Front AC,73,0,44,72,85.3,300,compressorCoolStage1On,Sleep,auto
2026-07-16T11:40:00.000Z,Front AC,73,0,44,72,85.3,300,compressorCoolStage1On,Sleep,auto
2026-07-16T11:45:00.000Z,Front AC,72.6,0,44,72,85.3,300,compressorCoolStage1On,Sleep,auto
2026-07-16T11:50:00.000Z,Front AC,72.1,0,43,72,85.3,255,compressorCoolStage1On,Sleep,auto
2026-07-16T11:55:00.000Z,Front AC,71.6,0,42,72,85.3,0,compressorCoolOff,Sleep,auto
2026-07-16T12:00:00.000Z,Front AC,71.5,0,43,72,85.4,0,compressorCoolOff,Sleep,auto
2026-07-16T12:05:00.000Z,Front AC,72,0,42,72,85.4,0,compressorCoolOff,Sleep,auto
2026-07-16T12:10:00.000Z,Front AC,72.5,0,44,72,85.4,0,compressorCoolOff,Sleep,auto
2026-07-16T12:15:00.000Z,Front AC,73,0,44,72,85.4,225,compressorCoolOff,Sleep,auto
2026-07-16T12:20:00.000Z,Front AC,73.2,0,43,72,85.4,300,compressorCoolStage1On,Sleep,auto
2026-07-16T12:25:00.000Z,Front AC,72.6,0,42,72,85.4,300,compressorCoolStage1On,Sleep,auto
2026-07-16T12:30:00.000Z,Front AC,72.3,0,42,72,85.4,240,compressorCoolStage1On,Sleep,auto
2026-07-16T12:35:00.000Z,Front AC,71.8,0,42,72,85.4,0,compressorCoolOff,Sleep,auto
2026-07-16T12:40:00.000Z,Front AC,71.7,0,42,72,85.4,0,compressorCoolOff,Sleep,auto
2026-07-16T12:45:00.000Z,Front AC,72.1,0,41,72,85.4,0,compressorCoolOff,Sleep,auto
2026-07-16T12:50:00.000Z,Front AC,72.3,0,41,72,85.4,0,compressorCoolOff,Sleep,auto
2026-07-16T12:55:00.000Z,Front AC,72.7,0,41,72,85.4,90,compressorCoolOff,Sleep,auto
2026-07-16T13:00:00.000Z,Front AC,73.2,0,41,72,84.6,300,compressorCoolStage1On,Sleep,auto
2026-07-16T13:05:00.000Z,Front AC,72.6,0,41,72,84.6,300,compressorCoolStage1On,Sleep,auto
2026-07-16T13:10:00.000Z,Front AC,71.8,0,41,72,84.6,45,compressorCoolStage1On,Sleep,auto
2026-07-16T13:15:00.000Z,Front AC,71.7,0,43,71,84.6,0,compressorCoolOff,Sleep,auto
2026-07-16T13:20:00.000Z,Front AC,72.1,0,44,71,84.6,300,compressorCoolStage1On,Sleep,
2026-07-16T13:25:00.000Z,Front AC,72,0,43,71,84.6,300,compressorCoolStage1On,Sleep,
2026-07-16T13:30:00.000Z,Front AC,71.5,0,42,71,84.6,300,compressorCoolStage1On,Sleep,
2026-07-16T13:35:00.000Z,Front AC,71,0,42,71,84.6,165,compressorCoolStage1On,Sleep,
2026-07-16T13:40:00.000Z,Front AC,71.1,0,43,71,84.6,0,compressorCoolOff,Sleep,
2026-07-16T13:45:00.000Z,Front AC,71.7,0,43,71,84.6,75,compressorCoolOff,Sleep,
2026-07-16T13:50:00.000Z,Front AC,72.1,0,43,71,84.6,300,compressorCoolStage1On,Sleep,
2026-07-16T13:55:00.000Z,Front AC,71.7,0,42,71,84.6,300,compressorCoolStage1On,Sleep,
2026-07-16T14:00:00.000Z,Front AC,71.1,0,41,71,85.5,90,compressorCoolStage1On,Sleep,
2026-07-16T14:05:00.000Z,Front AC,71.4,0,42,71,85.5,0,compressorCoolOff,Sleep,
2026-07-16T14:10:00.000Z,Front AC,72.2,0,43,71,85.5,240,compressorCoolOff,Sleep,
2026-07-16T14:15:00.000Z,Front AC,72.6,0,43,71,85.5,300,compressorCoolStage1On,Sleep,
2026-07-16T14:20:00.000Z,Front AC,72.3,0,43,71,85.5,300,compressorCoolStage1On,Sleep,
2026-07-16T14:25:00.000Z,Front AC,71.5,0,43,74.7,85.5,75,compressorCoolStage1On,Sleep,
2026-07-16T14:30:00.000Z,Front AC,71.1,0,44,76,86.8,0,compressorCoolOff,WFH,
2026-07-16T14:35:00.000Z,Front AC,71.8,0,44,76,86.8,0,compressorCoolOff,WFH,
2026-07-16T14:40:00.000Z,Front AC,72.4,0,44,76,86.8,0,compressorCoolOff,WFH,
2026-07-16T14:45:00.000Z,Front AC,72.8,0,44,76,86.8,0,compressorCoolOff,WFH,
2026-07-16T14:50:00.000Z,Front AC,73.1,0,43,76,86.8,0,compressorCoolOff,WFH,
2026-07-16T14:55:00.000Z,Front AC,73.5,0,43,76,86.8,0,compressorCoolOff,WFH,
2026-07-16T15:00:00.000Z,Front AC,73.7,0,43,76,87.4,0,compressorCoolOff,WFH,
2026-07-16T15:05:00.000Z,Front AC,73.8,0,44,76,87.4,0,compressorCoolOff,WFH,
2026-07-16T15:10:00.000Z,Front AC,74,0,44,76,87.4,0,compressorCoolOff,WFH,
2026-07-16T15:15:00.000Z,Front AC,74.3,0,43,76,87.4,0,compressorCoolOff,WFH,
2026-07-16T15:20:00.000Z,Front AC,74.4,0,42,76,87.4,0,compressorCoolOff,WFH,
2026-07-16T15:25:00.000Z,Front AC,74.6,0,42,76,87.4,0,compressorCoolOff,WFH,
2026-07-16T15:30:00.000Z,Front AC,74.8,0,43,76,87.4,0,compressorCoolOff,WFH,
2026-07-16T15:35:00.000Z,Front AC,74.9,0,43,76,87.4,0,compressorCoolOff,WFH,
2026-07-16T15:40:00.000Z,Front AC,74.9,0,43,76,87.4,0,compressorCoolOff,WFH,
2026-07-16T15:45:00.000Z,Front AC,74.9,0,43,76,87.4,0,compressorCoolOff,WFH,
2026-07-16T15:50:00.000Z,Front AC,75.1,0,43,76,87.4,0,compressorCoolOff,WFH,
2026-07-16T15:55:00.000Z,Front AC,75.2,0,43,76,87.4,0,compressorCoolOff,WFH,
2026-07-16T16:00:00.000Z,Front AC,75.2,0,43,76,88.8,0,compressorCoolOff,WFH,
2026-07-16T16:05:00.000Z,Front AC,75.2,0,43,76,88.8,0,compressorCoolOff,WFH,
2026-07-16T16:10:00.000Z,Front AC,75.3,0,43,76,88.8,0,compressorCoolOff,WFH,
2026-07-16T16:15:00.000Z,Front AC,75.5,0,43,76,88.8,0,compressorCoolOff,WFH,
2026-07-16T16:20:00.000Z,Front AC,75.6,0,43,76,88.8,0,compressorCoolOff,WFH,
2026-07-16T16:25:00.000Z,Front AC,75.6,0,43,76,88.8,0,compressorCoolOff,WFH,
2026-07-16T16:30:00.000Z,Front AC,75.6,0,43,76,88.8,0,compressorCoolOff,WFH,
2026-07-16T16:35:00.000Z,Front AC,75.6,0,42,76,88.8,0,compressorCoolOff,WFH,
2026-07-16T16:40:00.000Z,Front AC,75.7,0,42,76,88.8,0,compressorCoolOff,WFH,
2026-07-16T16:45:00.000Z,Front AC,75.6,0,42,76,88.8,0,compressorCoolOff,WFH,
2026-07-16T16:50:00.000Z,Front AC,75.6,0,42,76,88.8,0,compressorCoolOff,WFH,
2026-07-16T16:55:00.000Z,Front AC,75.7,0,42,76,88.8,0,compressorCoolOff,WFH,
2026-07-16T17:00:00.000Z,Front AC,75.9,0,42,76,92.9,195,compressorCoolOff,WFH,
2026-07-16T17:05:00.000Z,Front AC,75.5,0,43,76,92.9,105,compressorCoolStage1On,WFH,
2026-07-16T17:10:00.000Z,Front AC,75.1,0,44,76,92.9,0,compressorCoolOff,WFH,
2026-07-16T17:15:00.000Z,Front AC,75.4,0,44,76,92.9,0,compressorCoolOff,WFH,
2026-07-16T17:20:00.000Z,Front AC,75.8,0,44,76,92.9,0,compressorCoolOff,WFH,
2026-07-16T17:25:00.000Z,Front AC,76,0,44,76,92.9,225,compressorCoolOff,WFH,
2026-07-16T17:30:00.000Z,Front AC,75.4,0,44,76,92.9,75,compressorCoolStage1On,WFH,
2026-07-16T17:35:00.000Z,Front AC,75.1,0,44,76,92.9,0,compressorCoolOff,WFH,
2026-07-16T17:40:00.000Z,Front AC,75.5,0,44,76,92.9,0,compressorCoolOff,WFH,
2026-07-16T17:45:00.000Z,Front AC,75.9,0,44,76,92.9,15,compressorCoolOff,WFH,
2026-07-16T17:50:00.000Z,Front AC,75.9,0,44,76,92.9,285,compressorCoolStage1On,WFH,
2026-07-16T17:55:00.000Z,Front AC,75.3,0,44,76,92.9,0,compressorCoolOff,WFH,
2026-07-16T18:00:00.000Z,Front AC,75.2,0,45,76,95.3,0,compressorCoolOff,WFH,
2026-07-16T18:05:00.000Z,Front AC,75.6,0,44,76,95.3,0,compressorCoolOff,WFH,
2026-07-16T18:10:00.000Z,Front AC,75.9,0,44,76,95.3,105,compressorCoolOff,WFH,
2026-07-16T18:15:00.000Z,Front AC,75.9,0,44,76,95.3,195,compressorCoolStage1On,WFH,
2026-07-16T18:20:00.000Z,Front AC,75.4,0,45,76,95.3,0,compressorCoolOff,WFH,
2026-07-16T18:25:00.000Z,Front AC,75.5,0,46,76,95.3,0,compressorCoolOff,WFH,
2026-07-16T18:30:00.000Z,Front AC,75.9,0,45,76,95.3,0,compressorCoolOff,WFH,
2026-07-16T18:35:00.000Z,Front AC,76.3,0,44,76,95.3,45,compressorCoolOff,WFH,
2026-07-16T18:40:00.000Z,Front AC,76.5,0,43,76,95.3,300,compressorCoolStage1On,WFH,
2026-07-16T18:45:00.000Z,Front AC,76.4,0,43,76,95.3,300,compressorCoolStage1On,WFH,
2026-07-16T18:50:00.000Z,Front AC,75.6,0,43,76,95.3,45,compressorCoolStage1On,WFH,
2026-07-16T18:55:00.000Z,Front AC,75,0,44,76,95.3,0,compressorCoolOff,WFH,
2026-07-16T19:00:00.000Z,Front AC,75.3,0,44,76,97.2,0,compressorCoolOff,WFH,
2026-07-16T19:05:00.000Z,Front AC,75.7,0,44,76,97.2,0,compressorCoolOff,WFH,
2026-07-16T19:10:00.000Z,Front AC,76.2,0,44,76,97.2,0,compressorCoolOff,WFH,
2026-07-16T19:15:00.000Z,Front AC,76.5,0,43,76,97.2,225,compressorCoolOff,WFH,
2026-07-16T19:20:00.000Z,Front AC,76.7,0,43,76,97.2,300,compressorCoolStage1On,WFH,
2026-07-16T19:25:00.000Z,Front AC,76,0,43,76,97.2,150,compressorCoolStage1On,WFH,
2026-07-16T19:30:00.000Z,Front AC,75.2,0,43,76,93.4,0,compressorCoolOff,WFH,
2026-07-16T19:35:00.000Z,Front AC,75.1,0,44,76,93.4,0,compressorCoolOff,WFH,
2026-07-16T19:40:00.000Z,Front AC,75.6,0,44,76,93.4,0,compressorCoolOff,WFH,
2026-07-16T19:45:00.000Z,Front AC,76.1,0,44,76,93.4,0,compressorCoolOff,WFH,
2026-07-16T19:50:00.000Z,Front AC,76.5,0,43,76,93.4,195,compressorCoolOff,WFH,
2026-07-16T19:55:00.000Z,Front AC,76.8,0,43,76,93.4,300,compressorCoolStage1On,WFH,
2026-07-16T20:00:00.000Z,Front AC,76.4,0,43,76,94.4,300,compressorCoolStage1On,WFH,
2026-07-16T20:05:00.000Z,Front AC,75.6,0,43,76,94.4,0,compressorCoolOff,WFH,
2026-07-16T20:10:00.000Z,Front AC,75.1,0,44,76,94.4,0,compressorCoolOff,WFH,
2026-07-16T20:15:00.000Z,Front AC,75.4,0,44,76,94.4,0,compressorCoolOff,WFH,
2026-07-16T20:20:00.000Z,Front AC,76,0,44,76,94.4,135,compressorCoolOff,WFH,
2026-07-16T20:25:00.000Z,Front AC,76.4,0,43,76,94.4,300,compressorCoolStage1On,WFH,
2026-07-16T20:30:00.000Z,Front AC,76.2,0,43,76,96.2,270,compressorCoolStage1On,WFH,
2026-07-16T20:35:00.000Z,Front AC,75.6,0,43,76,96.2,0,compressorCoolOff,WFH,
2026-07-16T20:40:00.000Z,Front AC,75.2,0,44,76,96.2,0,compressorCoolOff,WFH,
2026-07-16T20:45:00.000Z,Front AC,75.6,0,44,76,96.2,0,compressorCoolOff,WFH,
2026-07-16T20:50:00.000Z,Front AC,76.1,0,44,76,96.2,0,compressorCoolOff,WFH,
2026-07-16T20:55:00.000Z,Front AC,76.6,0,43,76,96.2,270,compressorCoolOff,WFH,
2026-07-16T21:00:00.000Z,Front AC,76.8,0,43,76,96.4,300,compressorCoolStage1On,WFH,
2026-07-16T21:05:00.000Z,Front AC,76.2,0,43,76,96.4,255,compressorCoolStage1On,WFH,
2026-07-16T21:10:00.000Z,Front AC,75.5,0,43,76,96.4,0,compressorCoolOff,WFH,
2026-07-16T21:15:00.000Z,Front AC,75.2,0,44,76,96.4,0,compressorCoolOff,WFH,
2026-07-16T21:20:00.000Z,Front AC,75.7,0,44,76,96.4,30,compressorCoolOff,WFH,
2026-07-16T21:25:00.000Z,Front AC,76.2,0,43,76,96.4,300,compressorCoolStage1On,WFH,(SmartRecovery)
2026-07-16T21:30:00.000Z,Front AC,76.2,0,43,76,96.4,300,compressorCoolStage1On,WFH,
2026-07-16T21:35:00.000Z,Front AC,75.9,0,43,76,96.4,300,compressorCoolStage1On,WFH,
2026-07-16T21:40:00.000Z,Front AC,75.4,0,43,76,96.4,300,compressorCoolStage1On,WFH,(SmartRecovery)
2026-07-16T21:45:00.000Z,Front AC,75,0,43,76,96.4,300,compressorCoolStage1On,WFH,(SmartRecovery)
2026-07-16T21:50:00.000Z,Front AC,74.6,0,43,76,96.4,300,compressorCoolStage1On,WFH,(SmartRecovery)
2026-07-16T21:55:00.000Z,Front AC,74.1,0,43,74.6,96.4,210,compressorCoolStage1On,WFH,(SmartRecovery)
2026-07-16T22:00:00.000Z,Front AC,73.7,0,44,74,95.8,0,compressorCoolOff,Home,
2026-07-16T22:05:00.000Z,Front AC,74.3,0,44,74,95.8,120,compressorCoolOff,Home,
2026-07-16T22:10:00.000Z,Front AC,75.1,0,43,74,95.8,300,compressorCoolStage1On,Home,
2026-07-16T22:15:00.000Z,Front AC,75.1,0,43,74,95.8,300,compressorCoolStage1On,Home,
2026-07-16T22:20:00.000Z,Front AC,74.8,0,43,74,95.8,300,compressorCoolStage1On,Home,
2026-07-16T22:25:00.000Z,Front AC,74.5,0,43,74,95.8,300,compressorCoolStage1On,Home,
2026-07-16T22:30:00.000Z,Front AC,74.3,0,43,74,95.8,300,compressorCoolStage1On,Home,
2026-07-16T22:35:00.000Z,Front AC,74,0,43,74,95.8,165,compressorCoolStage1On,Home,
2026-07-16T22:40:00.000Z,Front AC,73.6,0,44,74,95.8,0,compressorCoolOff,Home,
2026-07-16T22:45:00.000Z,Front AC,74.1,0,44,74,95.8,60,compressorCoolOff,Home,
2026-07-16T22:50:00.000Z,Front AC,74.9,0,43,74,95.8,300,compressorCoolStage1On,Home,
2026-07-16T22:55:00.000Z,Front AC,75.2,0,43,74,95.8,300,compressorCoolStage1On,Home,
2026-07-16T23:00:00.000Z,Front AC,74.9,0,43,74,95.8,300,compressorCoolStage1On,Home,
2026-07-16T23:05:00.000Z,Front AC,74.5,0,43,74,95.8,300,compressorCoolStage1On,Home,
2026-07-16T23:10:00.000Z,Front AC,74.1,0,43,74,95.8,225,compressorCoolStage1On,Home,
2026-07-16T23:15:00.000Z,Front AC,73.7,0,43,74,95.8,0,compressorCoolOff,Home,
2026-07-16T23:20:00.000Z,Front AC,74.1,0,44,74,95.8,165,compressorCoolOff,Home,
2026-07-16T23:25:00.000Z,Front AC,74.6,0,43,74,95.8,300,compressorCoolStage1On,Home,
2026-07-16T23:30:00.000Z,Front AC,74.6,0,43,74,95.8,300,compressorCoolStage1On,Home,
2026-07-16T23:35:00.000Z,Front AC,74.4,0,43,74,95.8,300,compressorCoolStage1On,Home,
2026-07-16T23:40:00.000Z,Front AC,74.1,0,43,74,95.8,225,compressorCoolStage1On,Home,
2026-07-16T23:45:00.000Z,Front AC,73.7,0,43,74,95.8,0,compressorCoolOff,Home,
2026-07-16T23:50:00.000Z,Front AC,73.9,0,44,74,95.8,105,compressorCoolOff,Home,
2026-07-16T23:55:00.000Z,Front AC,74.5,0,43,74,95.8,300,compressorCoolStage1On,Home,
2026-07-17T00:00:00.000Z,Front AC,74.5,0,43,74,93,300,compressorCoolStage1On,Home,
2026-07-17T00:05:00.000Z,Front AC,74.4,0,43,74,93,300,compressorCoolStage1On,Home,
2026-07-17T00:10:00.000Z,Front AC,74,0,43,74,93,180,compressorCoolStage1On,Home,
2026-07-17T00:15:00.000Z,Front AC,73.6,0,43,74,93,0,compressorCoolOff,Home,
2026-07-17T00:20:00.000Z,Front AC,73.9,0,44,74,93,90,compressorCoolOff,Home,
2026-07-17T00:25:00.000Z,Front AC,74.5,0,43,74,93,300,compressorCoolStage1On,Home,
2026-07-17T00:30:00.000Z,Front AC,74.6,0,43,74,93.6,300,compressorCoolStage1On,Home,
2026-07-17T00:35:00.000Z,Front AC,74.3,0,43,74,93.6,240,compressorCoolStage1On,Home,
2026-07-17T00:40:00.000Z,Front AC,73.4,0,43,74,93.6,0,compressorCoolOff,Home,
2026-07-17T00:45:00.000Z,Front AC,73.8,0,44,74,93.6,90,compressorCoolOff,Home,
2026-07-17T00:50:00.000Z,Front AC,74.3,0,44,74,93.6,300,compressorCoolStage1On,Home,
2026-07-17T00:55:00.000Z,Front AC,74,0,44,74,93.6,165,compressorCoolStage1On,Home,
2026-07-17T01:00:00.000Z,Front AC,74,0,45,74,91.2,120,compressorCoolOff,Home,
2026-07-17T01:05:00.000Z,Front AC,74.1,0,45,74,91.2,255,compressorCoolStage1On,Home,
2026-07-17T01:10:00.000Z,Front AC,73.9,0,45,74,91.2,15,compressorCoolOff,Home,
2026-07-17T01:15:00.000Z,Front AC,74.2,0,46,74,91.2,300,compressorCoolStage1On,Home,
2026-07-17T01:20:00.000Z,Front AC,74.2,0,45,74,91.2,300,compressorCoolStage1On,Home,
2026-07-17T01:25:00.000Z,Front AC,73.8,0,45,74,91.2,15,compressorCoolStage1On,Home,
2026-07-17T01:30:00.000Z,Front AC,74.1,0,46,74,92.6,195,compressorCoolOff,Home,
2026-07-17T01:35:00.000Z,Front AC,74.1,0,46,74,92.6,300,compressorCoolStage1On,Home,
2026-07-17T01:40:00.000Z,Front AC,73.8,0,46,74,92.6,0,compressorCoolOff,Home,
2026-07-17T01:45:00.000Z,Front AC,74.2,0,47,74,92.6,255,compressorCoolOff,Home,
2026-07-17T01:50:00.000Z,Front AC,74.3,0,46,74,92.6,300,compressorCoolStage1On,Home,
2026-07-17T01:55:00.000Z,Front AC,74,0,44,74,92.6,180,compressorCoolStage1On,Home,
2026-07-17T02:00:00.000Z,Front AC,73.8,0,45,73.4,90.1,120,compressorCoolOff,Home,
2026-07-17T02:05:00.000Z,Front AC,74.4,0,44,73,90.1,300,compressorCoolStage1On,Home,auto
2026-07-17T02:10:00.000Z,Front AC,74.7,0,43,73,90.1,300,compressorCoolStage1On,Home,auto
2026-07-17T02:15:00.000Z,Front AC,74.5,0,43,73,90.1,300,compressorCoolStage1On,Home,auto
2026-07-17T02:20:00.000Z,Front AC,74.2,0,43,73,90.1,300,compressorCoolStage1On,Home,auto
2026-07-17T02:25:00.000Z,Front AC,73.8,0,43,73,90.1,300,compressorCoolStage1On,Home,auto
2026-07-17T02:30:00.000Z,Front AC,73.4,0,43,73,90.1,300,compressorCoolStage1On,Home,auto
2026-07-17T02:35:00.000Z,Front AC,73.2,0,43,73,90.1,300,compressorCoolStage1On,Home,auto
2026-07-17T02:40:00.000Z,Front AC,73.1,0,42,73,90.1,300,compressorCoolStage1On,Home,auto
2026-07-17T02:45:00.000Z,Front AC,72.8,0,41,73,90.1,90,compressorCoolStage1On,Home,auto
2026-07-17T02:50:00.000Z,Front AC,72.7,0,42,73,90.1,0,compressorCoolOff,Home,auto
2026-07-17T02:55:00.000Z,Front AC,73.2,0,43,73,90.1,225,compressorCoolOff,Home,auto
2026-07-17T03:00:00.000Z,Front AC,73.7,0,42,73,85.7,255,compressorCoolStage1On,Home,auto
2026-07-17T03:05:00.000Z,Front AC,73.3,0,42,73,85.7,45,compressorCoolOff,Home,auto
2026-07-17T03:10:00.000Z,Front AC,73.6,0,43,73,85.7,300,compressorCoolStage1On,Home,auto
2026-07-17T03:15:00.000Z,Front AC,73.5,0,43,73,85.7,300,compressorCoolStage1On,Home,auto
2026-07-17T03:20:00.000Z,Front AC,73.2,0,43,73,85.7,300,compressorCoolStage1On,Home,auto
2026-07-17T03:25:00.000Z,Front AC,72.9,0,43,73,85.7,75,compressorCoolStage1On,Home,auto
2026-07-17T03:30:00.000Z,Front AC,72.8,0,43,73,85.7,0,compressorCoolOff,Home,auto
2026-07-17T03:35:00.000Z,Front AC,73.3,0,43,73,85.7,0,compressorCoolOff,Home,auto
2026-07-17T03:40:00.000Z,Front AC,73.9,0,43,73,85.7,150,compressorCoolOff,Home,auto
2026-07-17T03:45:00.000Z,Front AC,74.3,0,42,73,85.7,300,compressorCoolStage1On,Home,auto
2026-07-17T03:50:00.000Z,Front AC,74,0,41,73,85.7,300,compressorCoolStage1On,Home,auto
2026-07-17T03:55:00.000Z,Front AC,73.5,0,41,71.6,85.7,300,compressorCoolStage1On,Home,auto
2026-07-17T04:00:00.000Z,Front AC,73.1,0,41,71,83.9,300,compressorCoolStage1On,Sleep,
2026-07-17T04:05:00.000Z,Front AC,72.4,0,41,71,83.9,300,compressorCoolStage1On,Sleep,
2026-07-17T04:10:00.000Z,Front AC,72.2,0,41,71,83.9,300,compressorCoolStage1On,Sleep,
2026-07-17T04:15:00.000Z,Front AC,71.8,0,41,71,83.9,300,compressorCoolStage1On,Sleep,
2026-07-17T04:20:00.000Z,Front AC,72.1,0,41,71,83.9,300,compressorCoolStage1On,Sleep,
2026-07-17T04:25:00.000Z,Front AC,72.1,0,41,71,83.9,300,compressorCoolStage1On,Sleep,
2026-07-17T04:30:00.000Z,Front AC,71.7,0,41,71,83.9,300,compressorCoolStage1On,Sleep,
2026-07-17T04:35:00.000Z,Front AC,70.9,0,41,71,83.9,60,compressorCoolStage1On,Sleep,
2026-07-17T04:40:00.000Z,Front AC,71.2,0,42,71,83.9,0,compressorCoolOff,Sleep,
2026-07-17T04:45:00.000Z,Front AC,72,0,43,71,83.9,210,compressorCoolOff,Sleep,
2026-07-17T04:50:00.000Z,Front AC,72.1,0,43,71,83.9,300,compressorCoolStage1On,Sleep,
2026-07-17T04:55:00.000Z,Front AC,71.5,0,41,71,83.9,300,compressorCoolStage1On,Sleep,
2026-07-17T05:00:00.000Z,Front AC,71.1,0,41,71,81.7,45,compressorCoolStage1On,Sleep,
2026-07-17T05:05:00.000Z,Front AC,71.8,0,43,71,81.7,120,compressorCoolOff,Sleep,
2026-07-17T05:10:00.000Z,Front AC,72.3,0,43,71,81.7,300,compressorCoolStage1On,Sleep,
2026-07-17T05:15:00.000Z,Front AC,72,0,41,71,81.7,300,compressorCoolStage1On,Sleep,
2026-07-17T05:20:00.000Z,Front AC,71.5,0,41,71,81.7,300,compressorCoolStage1On,Sleep,
2026-07-17T05:25:00.000Z,Front AC,71.1,0,41,71,81.7,150,compressorCoolStage1On,Sleep,
2026-07-17T05:30:00.000Z,Front AC,71.3,0,42,71,82.2,0,compressorCoolOff,Sleep,
2026-07-17T05:35:00.000Z,Front AC,72.1,0,43,71,82.2,240,compressorCoolOff,Sleep,
2026-07-17T05:40:00.000Z,Front AC,72,0,42,71,82.2,300,compressorCoolStage1On,Sleep,
2026-07-17T05:45:00.000Z,Front AC,71.5,0,41,71,82.2,300,compressorCoolStage1On,Sleep,
2026-07-17T05:50:00.000Z,Front AC,71.3,0,41,71,82.2,300,compressorCoolStage1On,Sleep,
2026-07-17T05:55:00.000Z,Front AC,71.1,0,41,71,82.2,15,compressorCoolStage1On,Sleep,
2026-07-17T06:00:00.000Z,Front AC,71.8,0,43,71,78.4,105,compressorCoolOff,Sleep,
2026-07-17T06:05:00.000Z,Front AC,71.9,0,43,71,78.4,300,compressorCoolStage1On,Sleep,
2026-07-17T06:10:00.000Z,Front AC,71.4,0,41,71,78.4,300,compressorCoolStage1On,Sleep,
2026-07-17T06:15:00.000Z,Front AC,70.9,0,41,71,78.4,15,compressorCoolStage1On,Sleep,
2026-07-17T06:20:00.000Z,Front AC,71.6,0,43,71,78.4,60,compressorCoolOff,Sleep,
2026-07-17T06:25:00.000Z,Front AC,72.1,0,42,71,78.4,300,compressorCoolStage1On,Sleep,
2026-07-17T06:30:00.000Z,Front AC,71.5,0,41,71,79.6,300,compressorCoolStage1On,Sleep,
2026-07-17T06:35:00.000Z,Front AC,71,0,41,71,79.6,105,compressorCoolStage1On,Sleep,
2026-07-17T06:40:00.000Z,Front AC,71.4,0,42,71,79.6,0,compressorCoolOff,Sleep,
2026-07-17T06:45:00.000Z,Front AC,72.1,0,43,71,79.6,300,compressorCoolStage1On,Sleep,
2026-07-17T06:50:00.000Z,Front AC,71.8,0,42,71,79.6,300,compressorCoolStage1On,Sleep,
2026-07-17T06:55:00.000Z,Front AC,71.4,0,41,71,79.6,300,compressorCoolStage1On,Sleep,
2026-07-17T07:00:00.000Z,Front AC,71,0,40,71,79,120,compressorCoolStage1On,Sleep,
2026-07-17T07:05:00.000Z,Front AC,71.1,0,42,71,79,0,compressorCoolOff,Sleep,
2026-07-17T07:10:00.000Z,Front AC,71.9,0,43,71,79,150,compressorCoolOff,Sleep,
2026-07-17T07:15:00.000Z,Front AC,71.7,0,42,71,79,300,compressorCoolStage1On,Sleep,
2026-07-17T07:20:00.000Z,Front AC,71,0,41,71,79,60,compressorCoolStage1On,Sleep,
2026-07-17T07:25:00.000Z,Front AC,71.5,0,42,71,79,15,compressorCoolOff,Sleep,
2026-07-17T07:30:00.000Z,Front AC,72,0,42,71,79,300,compressorCoolStage1On,Sleep,
2026-07-17T07:35:00.000Z,Front AC,71.7,0,41,71,79,300,compressorCoolStage1On,Sleep,
2026-07-17T07:40:00.000Z,Front AC,71.3,0,41,71,79,225,compressorCoolStage1On,Sleep,
2026-07-17T07:45:00.000Z,Front AC,71,0,41,71,79,0,compressorCoolOff,Sleep,
2026-07-17T07:50:00.000Z,Front AC,71.6,0,41,71,79,0,compressorCoolOff,Sleep,
2026-07-17T07:55:00.000Z,Front AC,72.1,0,41,71,79,270,compressorCoolOff,Sleep,
2026-07-17T08:00:00.000Z,Front AC,71.7,0,41,71,77,300,compressorCoolStage1On,Sleep,
2026-07-17T08:05:00.000Z,Front AC,71.4,0,41,71,77,300,compressorCoolStage1On,Sleep,
2026-07-17T08:10:00.000Z,Front AC,71.1,0,40,71,77,195,compressorCoolStage1On,Sleep,
2026-07-17T08:15:00.000Z,Front AC,70.8,0,40,71,77,0,compressorCoolOff,Sleep,
2026-07-17T08:20:00.000Z,Front AC,71.3,0,41,71,77,0,compressorCoolOff,Sleep,
2026-07-17T08:25:00.000Z,Front AC,71.9,0,41,71,77,150,compressorCoolOff,Sleep,
2026-07-17T08:30:00.000Z,Front AC,71.6,0,41,71,77,300,compressorCoolStage1On,Sleep,
2026-07-17T08:35:00.000Z,Front AC,71.1,0,40,71,77,135,compressorCoolStage1On,Sleep,
2026-07-17T08:40:00.000Z,Front AC,71,0,41,71,77,0,compressorCoolOff,Sleep,
2026-07-17T08:45:00.000Z,Front AC,71.6,0,41,71,77,30,compressorCoolOff,Sleep,
2026-07-17T08:50:00.000Z,Front AC,71.9,0,41,71,77,300,compressorCoolStage1On,Sleep,
2026-07-17T08:55:00.000Z,Front AC,71.4,0,41,71,77,300,compressorCoolStage1On,Sleep,
2026-07-17T09:00:00.000Z,Front AC,70.9,0,41,71,76.6,0,compressorCoolOff,Sleep,
2026-07-17T09:05:00.000Z,Front AC,71.3,0,41,71,76.6,0,compressorCoolOff,Sleep,
2026-07-17T09:10:00.000Z,Front AC,72,0,41,71,76.6,195,compressorCoolOff,Sleep,
2026-07-17T09:15:00.000Z,Front AC,71.7,0,41,71,76.6,300,compressorCoolStage1On,Sleep,
2026-07-17T09:20:00.000Z,Front AC,71.4,0,41,71,76.6,300,compressorCoolStage1On,Sleep,
2026-07-17T09:25:00.000Z,Front AC,70.9,0,40,71,76.6,15,compressorCoolStage1On,Sleep,
2026-07-17T09:30:00.000Z,Front AC,71,0,41,71,75.7,0,compressorCoolOff,Sleep,
2026-07-17T09:35:00.000Z,Front AC,71.5,0,41,71,75.7,0,compressorCoolOff,Sleep,
2026-07-17T09:40:00.000Z,Front AC,72,0,41,71,75.7,240,compressorCoolOff,Sleep,
2026-07-17T09:45:00.000Z,Front AC,71.6,0,41,71,75.7,300,compressorCoolStage1On,Sleep,
2026-07-17T09:50:00.000Z,Front AC,71.1,0,40,71,75.7,105,compressorCoolStage1On,Sleep,
2026-07-17T09:55:00.000Z,Front AC,71.2,0,42,71,75.7,0,compressorCoolOff,Sleep,
2026-07-17T10:00:00.000Z,Front AC,71.7,0,41,71,75.9,30,compressorCoolOff,Sleep,
2026-07-17T10:05:00.000Z,Front AC,72.3,0,41,71,75.9,300,compressorCoolStage1On,Sleep,
2026-07-17T10:10:00.000Z,Front AC,71.8,0,41,71,75.9,300,compressorCoolStage1On,Sleep,
2026-07-17T10:15:00.000Z,Front AC,71.4,0,41,71,75.9,300,compressorCoolStage1On,Sleep,
2026-07-17T10:20:00.000Z,Front AC,70.8,0,40,71,75.9,30,compressorCoolStage1On,Sleep,
2026-07-17T10:25:00.000Z,Front AC,70.8,0,41,71,75.9,0,compressorCoolOff,Sleep,
2026-07-17T10:30:00.000Z,Front AC,71.5,0,41,71,75.8,0,compressorCoolOff,Sleep,
2026-07-17T10:35:00.000Z,Front AC,71.9,0,41,71,75.8,240,compressorCoolOff,Sleep,
2026-07-17T10:40:00.000Z,Front AC,71.2,0,41,71,75.8,210,compressorCoolStage1On,Sleep,
2026-07-17T10:45:00.000Z,Front AC,71,0,42,71,75.8,0,compressorCoolOff,Sleep,
2026-07-17T10:50:00.000Z,Front AC,71.6,0,43,71,75.8,30,compressorCoolOff,Sleep,
2026-07-17T10:55:00.000Z,Front AC,71.8,0,42,71,75.8,300,compressorCoolStage1On,Sleep,
2026-07-17T11:00:00.000Z,Front AC,71,0,41,71,75.7,135,compressorCoolStage1On,Sleep,
2026-07-17T11:05:00.000Z,Front AC,71.1,0,42,71,75.7,0,compressorCoolOff,Sleep,
2026-07-17T11:10:00.000Z,Front AC,71.7,0,43,71,75.7,45,compressorCoolOff,Sleep,
2026-07-17T11:15:00.000Z,Front AC,71.9,0,43,71,75.7,300,compressorCoolStage1On,Sleep,
2026-07-17T11:20:00.000Z,Front AC,71.2,0,41,71,75.7,195,compressorCoolStage1On,Sleep,
2026-07-17T11:25:00.000Z,Front AC,71.1,0,42,71,75.7,0,compressorCoolOff,Sleep,
2026-07-17T11:30:00.000Z,Front AC,71.5,0,43,71,75.7,0,compressorCoolOff,Sleep,
2026-07-17T11:35:00.000Z,Front AC,71.9,0,43,71,75.7,225,compressorCoolOff,Sleep,
2026-07-17T11:40:00.000Z,Front AC,71.4,0,41,71,75.7,240,compressorCoolStage1On,Sleep,
2026-07-17T11:45:00.000Z,Front AC,71,0,42,71,75.7,0,compressorCoolOff,Sleep,
2026-07-17T11:50:00.000Z,Front AC,71.5,0,43,71,75.7,0,compressorCoolOff,Sleep,
2026-07-17T11:55:00.000Z,Front AC,71.9,0,43,71,75.7,270,compressorCoolOff,Sleep,
2026-07-17T12:00:00.000Z,Front AC,71.3,0,41,71,75,240,compressorCoolStage1On,Sleep,
2026-07-17T12:05:00.000Z,Front AC,71,0,42,71,75,0,compressorCoolOff,Sleep,
2026-07-17T12:10:00.000Z,Front AC,71.6,0,43,71,75,0,compressorCoolOff,Sleep,
2026-07-17T12:15:00.000Z,Front AC,71.9,0,42,71,75,300,compressorCoolStage1On,Sleep,
2026-07-17T12:20:00.000Z,Front AC,71.3,0,41,71,75,210,compressorCoolStage1On,Sleep,
2026-07-17T12:25:00.000Z,Front AC,71,0,42,71,75,0,compressorCoolOff,Sleep,
2026-07-17T12:30:00.000Z,Front AC,71.6,0,43,71,75,0,compressorCoolOff,Sleep,
2026-07-17T12:35:00.000Z,Front AC,72.1,0,43,71,75,240,compressorCoolOff,Sleep,
2026-07-17T12:40:00.000Z,Front AC,72.4,0,43,71,75,300,compressorCoolStage1On,Sleep,
2026-07-17T12:45:00.000Z,Front AC,71.9,0,43,71,75,300,compressorCoolStage1On,Sleep,
2026-07-17T12:50:00.000Z,Front AC,71.1,0,44,71,75,195,compressorCoolStage1On,Sleep,
2026-07-17T12:55:00.000Z,Front AC,70,0,45,71,75,0,compressorCoolOff,Sleep,
2026-07-17T13:00:00.000Z,Front AC,70.2,0,45,71,75.4,0,compressorCoolOff,Sleep,
2026-07-17T13:05:00.000Z,Front AC,70.8,0,45,71,75.4,0,compressorCoolOff,Sleep,
2026-07-17T13:10:00.000Z,Front AC,71.4,0,44,71,75.4,0,compressorCoolOff,Sleep,
2026-07-17T13:15:00.000Z,Front AC,72,0,43,71,75.4,195,compressorCoolOff,Sleep,
2026-07-17T13:20:00.000Z,Front AC,72.2,0,42,71,75.4,300,compressorCoolStage1On,Sleep,
2026-07-17T13:25:00.000Z,Front AC,71.7,0,41,71,75.4,300,compressorCoolStage1On,Sleep,
2026-07-17T13:30:00.000Z,Front AC,71,0,41,71,75.4,105,compressorCoolStage1On,Sleep,
2026-07-17T13:35:00.000Z,Front AC,70.3,0,42,71,75.4,0,compressorCoolOff,Sleep,
2026-07-17T13:40:00.000Z,Front AC,70.8,0,41,71,75.4,0,compressorCoolOff,Sleep,
2026-07-17T13:45:00.000Z,Front AC,71.3,0,41,71,75.4,0,compressorCoolOff,Sleep,
2026-07-17T13:50:00.000Z,Front AC,71.8,0,40,71,75.4,90,compressorCoolOff,Sleep,
2026-07-17T13:55:00.000Z,Front AC,72.4,0,41,71,75.4,300,compressorCoolStage1On,Sleep,
2026-07-17T14:00:00.000Z,Front AC,71.5,0,40,72,76.7,210,compressorCoolStage1On,Sleep,
2026-07-17T14:05:00.000Z,Front AC,70.8,0,41,76,76.7,0,compressorCoolOff,Sleep,auto
2026-07-17T14:10:00.000Z,Front AC,71.1,0,42,76,76.7,0,compressorCoolOff,Sleep,auto
2026-07-17T14:15:00.000Z,Front AC,71.6,0,42,76,76.7,0,compressorCoolOff,Sleep,auto
2026-07-17T14:20:00.000Z,Front AC,72.1,0,42,76,76.7,0,compressorCoolOff,Sleep,auto
2026-07-17T14:25:00.000Z,Front AC,72.5,0,41,76,76.7,0,compressorCoolOff,Sleep,auto
2026-07-17T14:30:00.000Z,Front AC,72.5,0,41,76,76.7,0,compressorCoolOff,WFH,
2026-07-17T14:35:00.000Z,Front AC,72.8,0,41,76,76.7,0,compressorCoolOff,WFH,
2026-07-17T14:40:00.000Z,Front AC,73,0,41,76,76.7,0,compressorCoolOff,WFH,
2026-07-17T14:45:00.000Z,Front AC,73.3,0,41,76,76.7,0,compressorCoolOff,WFH,
2026-07-17T14:50:00.000Z,Front AC,73.5,0,42,76,76.7,0,compressorCoolOff,WFH,
2026-07-17T14:55:00.000Z,Front AC,73.7,0,43,76,76.7,0,compressorCoolOff,WFH,
2026-07-17T15:00:00.000Z,Front AC,73.8,0,43,76,78.4,0,compressorCoolOff,WFH,
2026-07-17T15:05:00.000Z,Front AC,73.9,0,44,76,78.4,0,compressorCoolOff,WFH,
2026-07-17T15:10:00.000Z,Front AC,74,0,45,76,78.4,0,compressorCoolOff,WFH,
2026-07-17T15:15:00.000Z,Front AC,74.2,0,45,76,78.4,0,compressorCoolOff,WFH,
2026-07-17T15:20:00.000Z,Front AC,74.3,0,46,76,78.4,0,compressorCoolOff,WFH,
2026-07-17T15:25:00.000Z,Front AC,74.4,0,46,76,78.4,0,compressorCoolOff,WFH,
2026-07-17T15:30:00.000Z,Front AC,74.4,0,46,76,79,0,compressorCoolOff,WFH,
2026-07-17T15:35:00.000Z,Front AC,74.3,0,47,76,79,0,compressorCoolOff,WFH,
2026-07-17T15:40:00.000Z,Front AC,74.3,0,48,76,79,0,compressorCoolOff,WFH,
2026-07-17T15:45:00.000Z,Front AC,74.4,0,48,76,79,0,compressorCoolOff,WFH,
2026-07-17T15:50:00.000Z,Front AC,74.5,0,47,76,79,0,compressorCoolOff,WFH,
2026-07-17T15:55:00.000Z,Front AC,74.6,0,46,76,79,0,compressorCoolOff,WFH,
2026-07-17T16:00:00.000Z,Front AC,74.7,0,46,76,79.8,0,compressorCoolOff,WFH,
2026-07-17T16:05:00.000Z,Front AC,74.7,0,45,76,79.8,0,compressorCoolOff,WFH,
2026-07-17T16:10:00.000Z,Front AC,74.7,0,45,76,79.8,0,compressorCoolOff,WFH,
2026-07-17T16:15:00.000Z,Front AC,74.7,0,45,76,79.8,0,compressorCoolOff,WFH,
2026-07-17T16:20:00.000Z,Front AC,74.8,0,46,76,79.8,0,compressorCoolOff,WFH,
2026-07-17T16:25:00.000Z,Front AC,74.9,0,46,76,79.8,0,compressorCoolOff,WFH,
2026-07-17T16:30:00.000Z,Front AC,75,0,46,76,79.8,0,compressorCoolOff,WFH,
2026-07-17T16:35:00.000Z,Front AC,75.2,0,46,76,79.8,0,compressorCoolOff,WFH,
2026-07-17T16:40:00.000Z,Front AC,75.3,0,46,76,79.8,0,compressorCoolOff,WFH,
2026-07-17T16:45:00.000Z,Front AC,75.2,0,46,76,79.8,0,compressorCoolOff,WFH,
2026-07-17T16:50:00.000Z,Front AC,75.2,0,46,76,79.8,0,compressorCoolOff,WFH,
2026-07-17T16:55:00.000Z,Front AC,75.2,0,46,76,79.8,0,compressorCoolOff,WFH,
2026-07-17T17:00:00.000Z,Front AC,75.2,0,46,76,81.5,0,compressorCoolOff,WFH,
2026-07-17T17:05:00.000Z,Front AC,75.4,0,46,76,81.5,0,compressorCoolOff,WFH,
2026-07-17T17:10:00.000Z,Front AC,75.5,0,46,76,81.5,0,compressorCoolOff,WFH,
2026-07-17T17:15:00.000Z,Front AC,75.6,0,46,76,81.5,0,compressorCoolOff,WFH,
2026-07-17T17:20:00.000Z,Front AC,75.5,0,46,76,81.5,0,compressorCoolOff,WFH,
2026-07-17T17:25:00.000Z,Front AC,75.4,0,46,76,81.5,0,compressorCoolOff,WFH,
2026-07-17T17:30:00.000Z,Front AC,75.5,0,47,76,81.5,0,compressorCoolOff,WFH,
2026-07-17T17:35:00.000Z,Front AC,75.6,0,46,76,81.5,0,compressorCoolOff,WFH,
2026-07-17T17:40:00.000Z,Front AC,75.6,0,46,76,81.5,0,compressorCoolOff,WFH,
2026-07-17T17:45:00.000Z,Front AC,75.7,0,46,76,81.5,0,compressorCoolOff,WFH,
2026-07-17T17:50:00.000Z,Front AC,75.8,0,46,76,81.5,0,compressorCoolOff,WFH,
2026-07-17T17:55:00.000Z,Front AC,75.8,0,45,76,81.5,0,compressorCoolOff,WFH,
2026-07-17T18:00:00.000Z,Front AC,75.7,0,44,76,83.7,0,compressorCoolOff,WFH,
2026-07-17T18:05:00.000Z,Front AC,75.7,0,45,76,83.7,0,compressorCoolOff,WFH,
2026-07-17T18:10:00.000Z,Front AC,75.8,0,46,76,83.7,0,compressorCoolOff,WFH,
2026-07-17T18:15:00.000Z,Front AC,75.8,0,46,76,83.7,0,compressorCoolOff,WFH,
2026-07-17T18:20:00.000Z,Front AC,75.9,0,46,76,83.7,0,compressorCoolOff,WFH,
2026-07-17T18:25:00.000Z,Front AC,76,0,46,76,83.7,0,compressorCoolOff,WFH,
2026-07-17T18:30:00.000Z,Front AC,76.2,0,45,76,82.4,0,compressorCoolOff,WFH,
2026-07-17T18:35:00.000Z,Front AC,76.1,0,44,76,82.4,0,compressorCoolOff,WFH,
2026-07-17T18:40:00.000Z,Front AC,76,0,44,76,82.4,0,compressorCoolOff,WFH,
2026-07-17T18:45:00.000Z,Front AC,76,0,45,76,82.4,0,compressorCoolOff,WFH,
2026-07-17T18:50:00.000Z,Front AC,76,0,46,76,82.4,0,compressorCoolOff,WFH,
2026-07-17T18:55:00.000Z,Front AC,76.1,0,46,76,82.4,0,compressorCoolOff,WFH,
2026-07-17T19:00:00.000Z,Front AC,76.2,0,46,76,83.3,0,compressorCoolOff,WFH,
2026-07-17T19:05:00.000Z,Front AC,76.4,0,46,76,83.3,0,compressorCoolOff,WFH,
2026-07-17T19:10:00.000Z,Front AC,76.4,0,45,76,83.3,0,compressorCoolOff,WFH,
2026-07-17T19:15:00.000Z,Front AC,76.2,0,44,76,83.3,0,compressorCoolOff,WFH,
2026-07-17T19:20:00.000Z,Front AC,76.1,0,44,76,83.3,0,compressorCoolOff,WFH,
2026-07-17T19:25:00.000Z,Front AC,76.2,0,44,76,83.3,0,compressorCoolOff,WFH,
2026-07-17T19:30:00.000Z,Front AC,76.3,0,44,76,81.9,0,compressorCoolOff,WFH,
2026-07-17T19:35:00.000Z,Front AC,76.4,0,44,76,81.9,0,compressorCoolOff,WFH,
2026-07-17T19:40:00.000Z,Front AC,76.5,0,44,76,81.9,0,compressorCoolOff,WFH,
2026-07-17T19:45:00.000Z,Front AC,76.6,0,44,76,81.9,0,compressorCoolOff,WFH,
2026-07-17T19:50:00.000Z,Front AC,76.6,0,44,76,81.9,0,compressorCoolOff,WFH,
2026-07-17T19:55:00.000Z,Front AC,76.4,0,44,76,81.9,0,compressorCoolOff,WFH,
2026-07-17T20:00:00.000Z,Front AC,76.4,0,44,76,83.2,0,compressorCoolOff,WFH,
2026-07-17T20:05:00.000Z,Front AC,76.4,0,44,76,83.2,0,compressorCoolOff,WFH,
2026-07-17T20:10:00.000Z,Front AC,76.5,0,44,76,83.2,0,compressorCoolOff,WFH,
2026-07-17T20:15:00.000Z,Front AC,76.7,0,46,76,83.2,0,compressorCoolOff,WFH,
2026-07-17T20:20:00.000Z,Front AC,76.8,0,45,76,83.2,0,compressorCoolOff,WFH,
2026-07-17T20:25:00.000Z,Front AC,76.8,0,44,76,83.2,0,compressorCoolOff,WFH,
2026-07-17T20:30:00.000Z,Front AC,76.7,0,44,76,83.2,0,compressorCoolOff,WFH,
2026-07-17T20:35:00.000Z,Front AC,76.5,0,44,76,83.2,0,compressorCoolOff,WFH,
2026-07-17T20:40:00.000Z,Front AC,76.5,0,44,76,83.2,0,compressorCoolOff,WFH,
2026-07-17T20:45:00.000Z,Front AC,76.6,0,45,76,83.2,0,compressorCoolOff,WFH,
2026-07-17T20:50:00.000Z,Front AC,76.7,0,46,76,83.2,0,compressorCoolOff,WFH,
2026-07-17T20:55:00.000Z,Front AC,76.8,0,46,76,83.2,0,compressorCoolOff,WFH,
2026-07-17T21:00:00.000Z,Front AC,76.8,0,46,76,87.3,210,compressorCoolOff,WFH,
2026-07-17T21:05:00.000Z,Front AC,76.4,0,45,76,87.3,300,compressorCoolStage1On,WFH,
2026-07-17T21:10:00.000Z,Front AC,75.9,0,44,76,87.3,300,compressorCoolStage1On,WFH,
2026-07-17T21:15:00.000Z,Front AC,75.1,0,43,76,87.3,300,compressorCoolStage1On,WFH,(SmartRecovery)
2026-07-17T21:20:00.000Z,Front AC,74.5,0,43,76,87.3,300,compressorCoolStage1On,WFH,(SmartRecovery)
2026-07-17T21:25:00.000Z,Front AC,74,0,43,76,87.3,120,compressorCoolStage1On,WFH,(SmartRecovery)
2026-07-17T21:30:00.000Z,Front AC,74,0,44,76,87.3,0,compressorCoolOff,WFH,
2026-07-17T21:35:00.000Z,Front AC,74.7,0,44,76,87.3,45,compressorCoolOff,WFH,
2026-07-17T21:40:00.000Z,Front AC,75.2,0,44,76,87.3,300,compressorCoolStage1On,WFH,(SmartRecovery)
2026-07-17T21:45:00.000Z,Front AC,74.7,0,43,76,87.3,300,compressorCoolStage1On,WFH,(SmartRecovery)
2026-07-17T21:50:00.000Z,Front AC,74.2,0,43,76,87.3,300,compressorCoolStage1On,WFH,(SmartRecovery)
2026-07-17T21:55:00.000Z,Front AC,73.9,0,43,74.6,87.3,45,compressorCoolStage1On,WFH,(SmartRecovery)
2026-07-17T22:00:00.000Z,Front AC,74.1,0,44,74,87.8,180,compressorCoolOff,Home,
2026-07-17T22:05:00.000Z,Front AC,74.3,0,45,74,87.8,300,compressorCoolStage1On,Home,auto
2026-07-17T22:10:00.000Z,Front AC,74.4,0,45,74,87.8,300,compressorCoolStage1On,Home,auto
2026-07-17T22:15:00.000Z,Front AC,74.2,0,45,74,87.8,300,compressorCoolStage1On,Home,auto
2026-07-17T22:20:00.000Z,Front AC,73.8,0,45,74,87.8,30,compressorCoolStage1On,Home,auto
2026-07-17T22:25:00.000Z,Front AC,73.5,0,46,74,87.8,0,compressorCoolOff,Home,auto
2026-07-17T22:30:00.000Z,Front AC,74,0,47,74,87.8,150,compressorCoolOff,Home,auto
2026-07-17T22:35:00.000Z,Front AC,74.4,0,48,74,87.8,300,compressorCoolStage1On,Home,auto
2026-07-17T22:40:00.000Z,Front AC,74,0,48,74,87.8,135,compressorCoolStage1On,Home,auto
2026-07-17T22:45:00.000Z,Front AC,73.5,0,50,74,87.8,0,compressorCoolOff,Home,auto
2026-07-17T22:50:00.000Z,Front AC,74.1,0,51,73.7,87.8,165,compressorCoolOff,Home,auto
2026-07-17T22:55:00.000Z,Front AC,74.7,0,49,73,87.8,300,compressorCoolStage1On,Home,auto
2026-07-17T23:00:00.000Z,Front AC,74.4,0,48,73,87.8,300,compressorCoolStage1On,Home,auto
2026-07-17T23:05:00.000Z,Front AC,74,0,47,73,87.8,300,compressorCoolStage1On,Home,auto
2026-07-17T23:10:00.000Z,Front AC,73.6,0,45,73,87.8,300,compressorCoolStage1On,Home,auto
2026-07-17T23:15:00.000Z,Front AC,73.4,0,44,73,87.8,300,compressorCoolStage1On,Home,auto
2026-07-17T23:20:00.000Z,Front AC,73.2,0,44,73,87.8,300,compressorCoolStage1On,Home,auto
2026-07-17T23:25:00.000Z,Front AC,73,0,44,73,87.8,165,compressorCoolStage1On,Home,auto
2026-07-17T23:30:00.000Z,Front AC,72.7,0,46,72.5,87.8,45,compressorCoolOff,Home,auto
2026-07-17T23:35:00.000Z,Front AC,73.2,0,45,70,87.8,300,compressorCoolStage1On,Home,auto
2026-07-17T23:40:00.000Z,Front AC,73.4,0,45,70,87.8,300,compressorCoolStage1On,Home,auto
2026-07-17T23:45:00.000Z,Front AC,73.2,0,44,70,87.8,300,compressorCoolStage1On,Home,auto
2026-07-17T23:50:00.000Z,Front AC,72.9,0,44,70,87.8,300,compressorCoolStage1On,Home,auto
2026-07-17T23:55:00.000Z,Front AC,72.7,0,44,70,87.8,300,compressorCoolStage1On,Home,auto
2026-07-18T00:00:00.000Z,Front AC,72.4,0,44,70,87.9,300,compressorCoolStage1On,Home,auto
2026-07-18T00:05:00.000Z,Front AC,72.3,0,43,70,87.9,300,compressorCoolStage1On,Home,auto
2026-07-18T00:10:00.000Z,Front AC,72.2,0,43,70,87.9,300,compressorCoolStage1On,Home,auto
2026-07-18T00:15:00.000Z,Front AC,71.9,0,43,70,87.9,300,compressorCoolStage1On,Home,auto
2026-07-18T00:20:00.000Z,Front AC,71.5,0,43,70,87.9,300,compressorCoolStage1On,Home,auto
2026-07-18T00:25:00.000Z,Front AC,71.2,0,43,70,87.9,300,compressorCoolStage1On,Home,auto
2026-07-18T00:30:00.000Z,Front AC,71.1,0,43,73.8,87.9,15,compressorCoolStage1On,Home,auto
2026-07-18T00:35:00.000Z,Front AC,71.3,0,45,74,87.9,0,compressorCoolOff,Home,
2026-07-18T00:40:00.000Z,Front AC,72.1,0,44,74,87.9,0,compressorCoolOff,Home,
2026-07-18T00:45:00.000Z,Front AC,73,0,44,74,87.9,0,compressorCoolOff,Home,
2026-07-18T00:50:00.000Z,Front AC,73.7,0,44,74,87.9,0,compressorCoolOff,Home,
2026-07-18T00:55:00.000Z,Front AC,74.3,0,43,74,87.9,285,compressorCoolOff,Home,
2026-07-18T01:00:00.000Z,Front AC,74.5,0,43,74,86.7,300,compressorCoolStage1On,Home,
2026-07-18T01:05:00.000Z,Front AC,74.3,0,43,74,86.7,300,compressorCoolStage1On,Home,
2026-07-18T01:10:00.000Z,Front AC,73.8,0,43,74,86.7,30,compressorCoolStage1On,Home,
2026-07-18T01:15:00.000Z,Front AC,73.6,0,44,74,86.7,0,compressorCoolOff,Home,
2026-07-18T01:20:00.000Z,Front AC,74,0,44,74,86.7,150,compressorCoolOff,Home,
2026-07-18T01:25:00.000Z,Front AC,74.6,0,43,74,86.7,300,compressorCoolStage1On,Home,
2026-07-18T01:30:00.000Z,Front AC,74.3,0,42,74,86.7,300,compressorCoolStage1On,Home,
2026-07-18T01:35:00.000Z,Front AC,73.7,0,41,74,86.7,0,compressorCoolOff,Home,
2026-07-18T01:40:00.000Z,Front AC,73.5,0,43,74,86.7,0,compressorCoolOff,Home,
2026-07-18T01:45:00.000Z,Front AC,73.9,0,44,74,86.7,90,compressorCoolOff,Home,
2026-07-18T01:50:00.000Z,Front AC,74.5,0,43,74,86.7,300,compressorCoolStage1On,Home,
2026-07-18T01:55:00.000Z,Front AC,74.5,0,43,74,86.7,300,compressorCoolStage1On,Home,
2026-07-18T02:00:00.000Z,Front AC,74,0,43,74,85.9,150,compressorCoolStage1On,Home,
2026-07-18T02:05:00.000Z,Front AC,73.6,0,43,74,85.9,0,compressorCoolOff,Home,
2026-07-18T02:10:00.000Z,Front AC,73.8,0,44,74,85.9,0,compressorCoolOff,Home,
2026-07-18T02:15:00.000Z,Front AC,74.3,0,44,74,85.9,0,compressorCoolOff,Home,
2026-07-18T02:20:00.000Z,Front AC,74.7,0,45,74,85.9,0,compressorCoolOff,Home,
2026-07-18T02:25:00.000Z,Front AC,75.1,0,45,74,85.9,240,compressorCoolOff,Home,
2026-07-18T02:30:00.000Z,Front AC,75.3,0,44,74,85.9,300,compressorCoolStage1On,Home,
2026-07-18T02:35:00.000Z,Front AC,74.7,0,44,74,85.9,300,compressorCoolStage1On,Home,
2026-07-18T02:40:00.000Z,Front AC,74,0,43,74,85.9,135,compressorCoolStage1On,Home,
2026-07-18T02:45:00.000Z,Front AC,73.1,0,45,74,85.9,0,compressorCoolOff,Home,
2026-07-18T02:50:00.000Z,Front AC,73.2,0,45,74,85.9,0,compressorCoolOff,Home,
2026-07-18T02:55:00.000Z,Front AC,73.7,0,45,74,85.9,0,compressorCoolOff,Home,
2026-07-18T03:00:00.000Z,Front AC,74.2,0,45,74,84.3,0,compressorCoolOff,Home,
2026-07-18T03:05:00.000Z,Front AC,74.7,0,45,74,84.3,0,compressorCoolOff,Home,
2026-07-18T03:10:00.000Z,Front AC,75.2,0,43,74,84.3,285,compressorCoolOff,Home,
2026-07-18T03:15:00.000Z,Front AC,75.3,0,41,74,84.3,300,compressorCoolStage1On,Home,
2026-07-18T03:20:00.000Z,Front AC,74.7,0,40,74,84.3,300,compressorCoolStage1On,Home,
2026-07-18T03:25:00.000Z,Front AC,74.1,0,40,74,84.3,300,compressorCoolStage1On,Home,
2026-07-18T03:30:00.000Z,Front AC,73.3,0,40,74,85.5,300,compressorCoolStage1On,Home,(SmartRecovery)
2026-07-18T03:35:00.000Z,Front AC,72.7,0,40,74,85.5,300,compressorCoolStage1On,Home,(SmartRecovery)
2026-07-18T03:40:00.000Z,Front AC,72.2,0,40,74,85.5,300,compressorCoolStage1On,Home,(SmartRecovery)
2026-07-18T03:45:00.000Z,Front AC,72.1,0,40,74,85.5,300,compressorCoolStage1On,Home,(SmartRecovery)
2026-07-18T03:50:00.000Z,Front AC,71.7,0,40,74,85.5,300,compressorCoolStage1On,Home,(SmartRecovery)
2026-07-18T03:55:00.000Z,Front AC,71.5,0,40,71.9,85.5,300,compressorCoolStage1On,Home,(SmartRecovery)
2026-07-18T04:00:00.000Z,Front AC,71.1,0,40,71,82.9,105,compressorCoolStage1On,Sleep,
2026-07-18T04:05:00.000Z,Front AC,71.4,0,41,71,82.9,0,compressorCoolOff,Sleep,
2026-07-18T04:10:00.000Z,Front AC,72,0,42,71,82.9,150,compressorCoolOff,Sleep,
2026-07-18T04:15:00.000Z,Front AC,72.4,0,41,71,82.9,300,compressorCoolStage1On,Sleep,
2026-07-18T04:20:00.000Z,Front AC,71.8,0,40,71,82.9,300,compressorCoolStage1On,Sleep,
2026-07-18T04:25:00.000Z,Front AC,71.1,0,40,71,82.9,120,compressorCoolStage1On,Sleep,
2026-07-18T04:30:00.000Z,Front AC,71.3,0,41,71,82.9,0,compressorCoolOff,Sleep,
2026-07-18T04:35:00.000Z,Front AC,72,0,41,71,82.9,195,compressorCoolOff,Sleep,
2026-07-18T04:40:00.000Z,Front AC,72.2,0,41,71,82.9,300,compressorCoolStage1On,Sleep,
2026-07-18T04:45:00.000Z,Front AC,71.5,0,40,71,82.9,300,compressorCoolStage1On,Sleep,
2026-07-18T04:50:00.000Z,Front AC,71.1,0,40,71,82.9,30,compressorCoolStage1On,Sleep,
2026-07-18T04:55:00.000Z,Front AC,71.8,0,42,71,82.9,135,compressorCoolOff,Sleep,
2026-07-18T05:00:00.000Z,Front AC,72.1,0,42,71,82.4,300,compressorCoolStage1On,Sleep,
2026-07-18T05:05:00.000Z,Front AC,71.5,0,41,71,82.4,300,compressorCoolStage1On,Sleep,
2026-07-18T05:10:00.000Z,Front AC,71,0,41,71,82.4,75,compressorCoolStage1On,Sleep,
2026-07-18T05:15:00.000Z,Front AC,71.4,0,42,71,82.4,0,compressorCoolOff,Sleep,
2026-07-18T05:20:00.000Z,Front AC,72,0,42,70,82.4,285,compressorCoolOff,Sleep,
2026-07-18T05:25:00.000Z,Front AC,71.6,0,41,70,82.4,300,compressorCoolStage1On,Sleep,auto
2026-07-18T05:30:00.000Z,Front AC,71.3,0,41,70,82.4,300,compressorCoolStage1On,Sleep,auto
2026-07-18T05:35:00.000Z,Front AC,70.9,0,40,70,82.4,300,compressorCoolStage1On,Sleep,auto
2026-07-18T05:40:00.000Z,Front AC,70.5,0,40,70,82.4,300,compressorCoolStage1On,Sleep,auto
2026-07-18T05:45:00.000Z,Front AC,70,0,40,70,82.4,195,compressorCoolStage1On,Sleep,auto
2026-07-18T05:50:00.000Z,Front AC,70.2,0,40,70,82.4,0,compressorCoolOff,Sleep,auto
2026-07-18T05:55:00.000Z,Front AC,70.9,0,41,70,82.4,105,compressorCoolOff,Sleep,auto
2026-07-18T06:00:00.000Z,Front AC,71.4,0,41,70,81.4,300,compressorCoolStage1On,Sleep,auto
2026-07-18T06:05:00.000Z,Front AC,71,0,40,70,81.4,300,compressorCoolStage1On,Sleep,auto
2026-07-18T06:10:00.000Z,Front AC,70.6,0,40,70,81.4,300,compressorCoolStage1On,Sleep,auto
2026-07-18T06:15:00.000Z,Front AC,70.2,0,40,70,81.4,300,compressorCoolStage1On,Sleep,auto
2026-07-18T06:20:00.000Z,Front AC,70,0,40,70,81.4,270,compressorCoolStage1On,Sleep,auto
2026-07-18T06:25:00.000Z,Front AC,70,0,40,70,81.4,0,compressorCoolOff,Sleep,auto
2026-07-18T06:30:00.000Z,Front AC,70.5,0,41,70,84,0,compressorCoolOff,Sleep,auto
2026-07-18T06:35:00.000Z,Front AC,71.1,0,41,70,84,210,compressorCoolOff,Sleep,auto
2026-07-18T06:40:00.000Z,Front AC,71.4,0,41,70,84,300,compressorCoolStage1On,Sleep,auto
2026-07-18T06:45:00.000Z,Front AC,70.8,0,40,70,84,300,compressorCoolStage1On,Sleep,auto
2026-07-18T06:50:00.000Z,Front AC,70.4,0,40,70,84,300,compressorCoolStage1On,Sleep,auto
2026-07-18T06:55:00.000Z,Front AC,70,0,40,70,84,135,compressorCoolStage1On,Sleep,auto
2026-07-18T07:00:00.000Z,Front AC,70.2,0,41,70,82.5,0,compressorCoolOff,Sleep,auto
2026-07-18T07:05:00.000Z,Front AC,70.8,0,41,70,82.5,60,compressorCoolOff,Sleep,auto
2026-07-18T07:10:00.000Z,Front AC,71.3,0,41,70,82.5,300,compressorCoolStage1On,Sleep,auto
2026-07-18T07:15:00.000Z,Front AC,70.9,0,40,70,82.5,300,compressorCoolStage1On,Sleep,auto
2026-07-18T07:20:00.000Z,Front AC,70.4,0,40,70,82.5,300,compressorCoolStage1On,Sleep,auto
2026-07-18T07:25:00.000Z,Front AC,70,0,40,70,82.5,150,compressorCoolStage1On,Sleep,auto
2026-07-18T07:30:00.000Z,Front AC,70,0,41,70,82.5,0,compressorCoolOff,Sleep,auto
2026-07-18T07:35:00.000Z,Front AC,70.6,0,41,70,82.5,15,compressorCoolOff,Sleep,auto
2026-07-18T07:40:00.000Z,Front AC,71.3,0,41,70,82.5,300,compressorCoolStage1On,Sleep,auto
2026-07-18T07:45:00.000Z,Front AC,70.9,0,41,70,82.5,300,compressorCoolStage1On,Sleep,auto
2026-07-18T07:50:00.000Z,Front AC,70.4,0,40,70,82.5,300,compressorCoolStage1On,Sleep,auto
2026-07-18T07:55:00.000Z,Front AC,70,0,40,70,82.5,75,compressorCoolStage1On,Sleep,auto
2026-07-18T08:00:00.000Z,Front AC,70.3,0,41,70,83.7,0,compressorCoolOff,Sleep,auto
2026-07-18T08:05:00.000Z,Front AC,70.9,0,41,70,83.7,120,compressorCoolOff,Sleep,auto
2026-07-18T08:10:00.000Z,Front AC,71.2,0,41,70,83.7,300,compressorCoolStage1On,Sleep,auto
2026-07-18T08:15:00.000Z,Front AC,70.6,0,41,70,83.7,300,compressorCoolStage1On,Sleep,auto
2026-07-18T08:20:00.000Z,Front AC,70.1,0,40,70,83.7,285,compressorCoolStage1On,Sleep,auto
2026-07-18T08:25:00.000Z,Front AC,70,0,40,70,83.7,0,compressorCoolOff,Sleep,auto
2026-07-18T08:30:00.000Z,Front AC,70.4,0,41,70,83.7,0,compressorCoolOff,Sleep,auto
2026-07-18T08:35:00.000Z,Front AC,70.9,0,41,70,83.7,105,compressorCoolOff,Sleep,auto
2026-07-18T08:40:00.000Z,Front AC,71.2,0,41,70,83.7,300,compressorCoolStage1On,Sleep,auto
2026-07-18T08:45:00.000Z,Front AC,70.7,0,41,70,83.7,300,compressorCoolStage1On,Sleep,auto
2026-07-18T08:50:00.000Z,Front AC,70.2,0,40,70,83.7,300,compressorCoolStage1On,Sleep,auto
2026-07-18T08:55:00.000Z,Front AC,69.9,0,40,70,83.7,60,compressorCoolStage1On,Sleep,auto
2026-07-18T09:00:00.000Z,Front AC,70.2,0,41,70,82.2,0,compressorCoolOff,Sleep,auto
2026-07-18T09:05:00.000Z,Front AC,70.7,0,41,70,82.2,0,compressorCoolOff,Sleep,auto
2026-07-18T09:10:00.000Z,Front AC,71.1,0,41,70,82.2,240,compressorCoolOff,Sleep,auto
2026-07-18T09:15:00.000Z,Front AC,70.8,0,41,70,82.2,300,compressorCoolStage1On,Sleep,auto
2026-07-18T09:20:00.000Z,Front AC,70.6,0,41,70,82.2,300,compressorCoolStage1On,Sleep,auto
2026-07-18T09:25:00.000Z,Front AC,70.2,0,40,70,82.2,270,compressorCoolStage1On,Sleep,auto
2026-07-18T09:30:00.000Z,Front AC,69.9,0,40,70,82.6,0,compressorCoolOff,Sleep,auto
2026-07-18T09:35:00.000Z,Front AC,70.3,0,41,70,82.6,0,compressorCoolOff,Sleep,auto
2026-07-18T09:40:00.000Z,Front AC,70.9,0,41,70,82.6,105,compressorCoolOff,Sleep,auto
2026-07-18T09:45:00.000Z,Front AC,71.2,0,41,70,82.6,300,compressorCoolStage1On,Sleep,auto
2026-07-18T09:50:00.000Z,Front AC,70.7,0,40,70,82.6,300,compressorCoolStage1On,Sleep,auto
2026-07-18T09:55:00.000Z,Front AC,70.1,0,40,70,82.6,240,compressorCoolStage1On,Sleep,auto
2026-07-18T10:00:00.000Z,Front AC,70,0,41,70,81.7,0,compressorCoolOff,Sleep,auto
2026-07-18T10:05:00.000Z,Front AC,70.4,0,41,70,81.7,0,compressorCoolOff,Sleep,auto
2026-07-18T10:10:00.000Z,Front AC,70.9,0,41,70,81.7,90,compressorCoolOff,Sleep,auto
2026-07-18T10:15:00.000Z,Front AC,71.2,0,41,70,81.7,300,compressorCoolStage1On,Sleep,auto
2026-07-18T10:20:00.000Z,Front AC,70.7,0,40,70,81.7,300,compressorCoolStage1On,Sleep,auto
2026-07-18T10:25:00.000Z,Front AC,70.1,0,40,70,81.7,225,compressorCoolStage1On,Sleep,auto
2026-07-18T10:30:00.000Z,Front AC,69.8,0,41,70,81.7,0,compressorCoolOff,Sleep,auto
2026-07-18T10:35:00.000Z,Front AC,70.3,0,41,70,81.7,0,compressorCoolOff,Sleep,auto
2026-07-18T10:40:00.000Z,Front AC,70.8,0,41,70,81.7,45,compressorCoolOff,Sleep,auto
2026-07-18T10:45:00.000Z,Front AC,71.4,0,41,70,81.7,300,compressorCoolStage1On,Sleep,auto
2026-07-18T10:50:00.000Z,Front AC,70.9,0,41,70,81.7,300,compressorCoolStage1On,Sleep,auto
2026-07-18T10:55:00.000Z,Front AC,70.3,0,40,70,81.7,300,compressorCoolStage1On,Sleep,auto
2026-07-18T11:00:00.000Z,Front AC,70.2,0,40,70,81.1,300,compressorCoolStage1On,Sleep,auto
2026-07-18T11:05:00.000Z,Front AC,70.5,0,40,70,81.1,300,compressorCoolStage1On,Sleep,auto
2026-07-18T11:10:00.000Z,Front AC,70.3,0,40,70,81.1,300,compressorCoolStage1On,Sleep,auto
2026-07-18T11:15:00.000Z,Front AC,70,0,40,70,81.1,210,compressorCoolStage1On,Sleep,auto
2026-07-18T11:20:00.000Z,Front AC,69.7,0,40,70,81.1,0,compressorCoolOff,Sleep,auto
2026-07-18T11:25:00.000Z,Front AC,69.7,0,41,70,81.1,0,compressorCoolOff,Sleep,auto
2026-07-18T11:30:00.000Z,Front AC,70.3,0,41,70,81.1,0,compressorCoolOff,Sleep,auto
2026-07-18T11:35:00.000Z,Front AC,70.7,0,41,70,81.1,0,compressorCoolOff,Sleep,auto
2026-07-18T11:40:00.000Z,Front AC,71.1,0,40,70,81.1,255,compressorCoolOff,Sleep,auto
2026-07-18T11:45:00.000Z,Front AC,70.9,0,40,70,81.1,300,compressorCoolStage1On,Sleep,auto
2026-07-18T11:50:00.000Z,Front AC,70.4,0,40,70,81.1,300,compressorCoolStage1On,Sleep,auto
2026-07-18T11:55:00.000Z,Front AC,70,0,40,70,81.1,270,compressorCoolStage1On,Sleep,auto
2026-07-18T12:00:00.000Z,Front AC,69.7,0,40,70,80,0,compressorCoolOff,Sleep,auto
2026-07-18T12:05:00.000Z,Front AC,69.7,0,41,70,80,0,compressorCoolOff,Sleep,auto
2026-07-18T12:10:00.000Z,Front AC,70.2,0,41,70,80,0,compressorCoolOff,Sleep,auto
2026-07-18T12:15:00.000Z,Front AC,70.6,0,41,70,80,0,compressorCoolOff,Sleep,auto
2026-07-18T12:20:00.000Z,Front AC,71,0,41,70,80,165,compressorCoolOff,Sleep,auto
2026-07-18T12:25:00.000Z,Front AC,71.4,0,40,70,80,300,compressorCoolStage1On,Sleep,auto
2026-07-18T12:30:00.000Z,Front AC,71.1,0,40,70,80.9,300,compressorCoolStage1On,Sleep,auto
2026-07-18T12:35:00.000Z,Front AC,70.7,0,40,70,80.9,300,compressorCoolStage1On,Sleep,auto
2026-07-18T12:40:00.000Z,Front AC,70.2,0,40,70,80.9,300,compressorCoolStage1On,Sleep,auto
2026-07-18T12:45:00.000Z,Front AC,69.7,0,40,70,80.9,0,compressorCoolOff,Sleep,auto
2026-07-18T12:50:00.000Z,Front AC,69.6,0,41,70,80.9,0,compressorCoolOff,Sleep,auto
2026-07-18T12:55:00.000Z,Front AC,70.1,0,41,70,80.9,0,compressorCoolOff,Sleep,auto
2026-07-18T13:00:00.000Z,Front AC,70.6,0,41,70,80.4,0,compressorCoolOff,Sleep,auto
2026-07-18T13:05:00.000Z,Front AC,70.8,0,41,70,80.4,90,compressorCoolOff,Sleep,auto
2026-07-18T13:10:00.000Z,Front AC,71.4,0,40,70,80.4,300,compressorCoolStage1On,Sleep,auto
2026-07-18T13:15:00.000Z,Front AC,71,0,40,70,80.4,300,compressorCoolStage1On,Sleep,auto
2026-07-18T13:20:00.000Z,Front AC,70.6,0,40,70,80.4,300,compressorCoolStage1On,Sleep,auto
2026-07-18T13:25:00.000Z,Front AC,70.3,0,40,70,80.4,300,compressorCoolStage1On,Sleep,auto
2026-07-18T13:30:00.000Z,Front AC,69.9,0,40,70,81.7,105,compressorCoolStage1On,Sleep,auto
2026-07-18T13:35:00.000Z,Front AC,69.5,0,41,70,81.7,0,compressorCoolOff,Sleep,auto
2026-07-18T13:40:00.000Z,Front AC,70,0,43,70,81.7,0,compressorCoolOff,Sleep,auto
2026-07-18T13:45:00.000Z,Front AC,70.5,0,42,70,81.7,0,compressorCoolOff,Sleep,auto
2026-07-18T13:50:00.000Z,Front AC,70.8,0,41,70,81.7,225,compressorCoolOff,Sleep,auto
2026-07-18T13:55:00.000Z,Front AC,70.9,0,40,70,81.7,300,compressorCoolStage1On,Sleep,auto
2026-07-18T14:00:00.000Z,Front AC,70.6,0,40,70,81,300,compressorCoolStage1On,Sleep,auto
2026-07-18T14:05:00.000Z,Front AC,70.1,0,40,70,81,195,compressorCoolStage1On,Sleep,auto
2026-07-18T14:10:00.000Z,Front AC,69.5,0,41,70,81,0,compressorCoolOff,Sleep,auto
2026-07-18T14:15:00.000Z,Front AC,69.9,0,42,70,81,0,compressorCoolOff,Sleep,auto
2026-07-18T14:20:00.000Z,Front AC,70.4,0,42,70,81,0,compressorCoolOff,Sleep,auto
2026-07-18T14:25:00.000Z,Front AC,71,0,42,70,81,210,compressorCoolOff,Sleep,auto
2026-07-18T14:30:00.000Z,Front AC,70.8,0,41,70,81,300,compressorCoolStage1On,Sleep,auto
2026-07-18T14:35:00.000Z,Front AC,70,0,41,70,81,195,compressorCoolStage1On,Sleep,auto
2026-07-18T14:40:00.000Z,Front AC,69.8,0,42,70,81,0,compressorCoolOff,Sleep,auto
2026-07-18T14:45:00.000Z,Front AC,70.2,0,43,70,81,0,compressorCoolOff,Sleep,auto
2026-07-18T14:50:00.000Z,Front AC,70.8,0,43,70,81,0,compressorCoolOff,Sleep,auto
2026-07-18T14:55:00.000Z,Front AC,71.3,0,43,72.6,81,0,compressorCoolOff,Sleep,auto
2026-07-18T15:00:00.000Z,Front AC,71.7,0,43,74,81.4,0,compressorCoolOff,Home,
2026-07-18T15:05:00.000Z,Front AC,72,0,43,74,81.4,0,compressorCoolOff,Home,
2026-07-18T15:10:00.000Z,Front AC,72.3,0,43,74,81.4,0,compressorCoolOff,Home,
2026-07-18T15:15:00.000Z,Front AC,72.5,0,43,74,81.4,0,compressorCoolOff,Home,
2026-07-18T15:20:00.000Z,Front AC,72.7,0,43,74,81.4,0,compressorCoolOff,Home,
2026-07-18T15:25:00.000Z,Front AC,72.9,0,43,74,81.4,0,compressorCoolOff,Home,
2026-07-18T15:30:00.000Z,Front AC,73,0,43,74,81.4,0,compressorCoolOff,Home,
2026-07-18T15:35:00.000Z,Front AC,73.1,0,43,74,81.4,0,compressorCoolOff,Home,
2026-07-18T15:40:00.000Z,Front AC,73.3,0,43,74,81.4,0,compressorCoolOff,Home,
2026-07-18T15:45:00.000Z,Front AC,73.4,0,43,74,81.4,0,compressorCoolOff,Home,
2026-07-18T15:50:00.000Z,Front AC,73.5,0,43,74,81.4,0,compressorCoolOff,Home,
2026-07-18T15:55:00.000Z,Front AC,73.6,0,43,74,81.4,0,compressorCoolOff,Home,
2026-07-18T16:00:00.000Z,Front AC,73.7,0,43,74,83.9,0,compressorCoolOff,Home,
2026-07-18T16:05:00.000Z,Front AC,73.7,0,43,74,83.9,0,compressorCoolOff,Home,
2026-07-18T16:10:00.000Z,Front AC,73.6,0,43,74,83.9,0,compressorCoolOff,Home,
2026-07-18T16:15:00.000Z,Front AC,73.6,0,43,74,83.9,0,compressorCoolOff,Home,
2026-07-18T16:20:00.000Z,Front AC,73.7,0,43,74,83.9,0,compressorCoolOff,Home,
2026-07-18T16:25:00.000Z,Front AC,73.8,0,43,74,83.9,0,compressorCoolOff,Home,
2026-07-18T16:30:00.000Z,Front AC,73.9,0,43,74,83.2,0,compressorCoolOff,Home,
2026-07-18T16:35:00.000Z,Front AC,74,0,43,74,83.2,0,compressorCoolOff,Home,
2026-07-18T16:40:00.000Z,Front AC,74.1,0,43,74,83.2,0,compressorCoolOff,Home,
2026-07-18T16:45:00.000Z,Front AC,74.2,0,43,74,83.2,0,compressorCoolOff,Home,
2026-07-18T16:50:00.000Z,Front AC,74.2,0,43,74,83.2,0,compressorCoolOff,Home,
2026-07-18T16:55:00.000Z,Front AC,74.3,0,43,74,83.2,0,compressorCoolOff,Home,
2026-07-18T17:00:00.000Z,Front AC,74.4,0,43,76.4,84.5,0,compressorCoolOff,Home,
2026-07-18T17:05:00.000Z,Front AC,74.4,0,43,78,84.5,0,compressorCoolOff,Home,smartAway
2026-07-18T17:10:00.000Z,Front AC,74.3,0,43,78,84.5,0,compressorCoolOff,Home,smartAway
2026-07-18T17:15:00.000Z,Front AC,74.3,0,43,78,84.5,0,compressorCoolOff,Home,smartAway
2026-07-18T17:20:00.000Z,Front AC,74.3,0,44,78,84.5,0,compressorCoolOff,Home,smartAway
2026-07-18T17:25:00.000Z,Front AC,74.4,0,44,78,84.5,0,compressorCoolOff,Home,smartAway
2026-07-18T17:30:00.000Z,Front AC,74.5,0,44,78,84.5,0,compressorCoolOff,Home,smartAway
2026-07-18T17:35:00.000Z,Front AC,74.6,0,44,78,84.5,0,compressorCoolOff,Home,smartAway
2026-07-18T17:40:00.000Z,Front AC,74.7,0,44,78,84.5,0,compressorCoolOff,Home,smartAway
2026-07-18T17:45:00.000Z,Front AC,74.7,0,44,78,84.5,0,compressorCoolOff,Home,smartAway
2026-07-18T17:50:00.000Z,Front AC,74.8,0,44,78,84.5,0,compressorCoolOff,Home,smartAway
2026-07-18T17:55:00.000Z,Front AC,74.8,0,43,78,84.5,0,compressorCoolOff,Home,smartAway
2026-07-18T18:00:00.000Z,Front AC,74.9,0,43,78,85.4,0,compressorCoolOff,Home,smartAway
2026-07-18T18:05:00.000Z,Front AC,74.8,0,43,78,85.4,0,compressorCoolOff,Home,smartAway
2026-07-18T18:10:00.000Z,Front AC,74.7,0,43,78,85.4,0,compressorCoolOff,Home,smartAway
2026-07-18T18:15:00.000Z,Front AC,74.7,0,44,78,85.4,0,compressorCoolOff,Home,smartAway
2026-07-18T18:20:00.000Z,Front AC,74.8,0,44,78,85.4,0,compressorCoolOff,Home,smartAway
2026-07-18T18:25:00.000Z,Front AC,74.9,0,44,78,85.4,0,compressorCoolOff,Home,smartAway
2026-07-18T18:30:00.000Z,Front AC,74.9,0,44,78,85.4,0,compressorCoolOff,Home,smartAway
2026-07-18T18:35:00.000Z,Front AC,75,0,44,78,85.4,0,compressorCoolOff,Home,smartAway
2026-07-18T18:40:00.000Z,Front AC,74.9,0,44,74.6,85.4,255,compressorCoolOff,Home,smartAway
2026-07-18T18:45:00.000Z,Front AC,74.2,0,44,74,85.4,225,compressorCoolStage1On,Home,
2026-07-18T18:50:00.000Z,Front AC,73.5,0,44,74,85.4,0,compressorCoolOff,Home,
2026-07-18T18:55:00.000Z,Front AC,73.6,0,45,73,85.4,0,compressorCoolOff,Home,
2026-07-18T19:00:00.000Z,Front AC,74,0,45,73,87.7,195,compressorCoolOff,Home,hold
2026-07-18T19:05:00.000Z,Front AC,74.4,0,43,73,87.7,300,compressorCoolStage1On,Home,hold
2026-07-18T19:10:00.000Z,Front AC,74.1,0,42,73,87.7,300,compressorCoolStage1On,Home,hold
2026-07-18T19:15:00.000Z,Front AC,73.4,0,42,73,87.7,300,compressorCoolStage1On,Home,hold
2026-07-18T19:20:00.000Z,Front AC,73,0,42,73,87.7,150,compressorCoolStage1On,Home,hold
2026-07-18T19:25:00.000Z,Front AC,72.5,0,44,73,87.7,0,compressorCoolOff,Home,hold
2026-07-18T19:30:00.000Z,Front AC,72.7,0,45,73,87.7,0,compressorCoolOff,Home,hold
2026-07-18T19:35:00.000Z,Front AC,73.2,0,44,73,87.7,15,compressorCoolOff,Home,hold
2026-07-18T19:40:00.000Z,Front AC,73.7,0,43,73,87.7,300,compressorCoolStage1On,Home,hold
2026-07-18T19:45:00.000Z,Front AC,73.9,0,43,73,87.7,300,compressorCoolStage1On,Home,hold
2026-07-18T19:50:00.000Z,Front AC,73.5,0,42,73,87.7,300,compressorCoolStage1On,Home,hold
2026-07-18T19:55:00.000Z,Front AC,73.1,0,42,73,87.7,255,compressorCoolStage1On,Home,hold
2026-07-18T20:00:00.000Z,Front AC,72.6,0,43,73,90.9,0,compressorCoolOff,Home,hold
2026-07-18T20:05:00.000Z,Front AC,72.2,0,45,73,90.9,0,compressorCoolOff,Home,hold
2026-07-18T20:10:00.000Z,Front AC,72.7,0,46,73,90.9,0,compressorCoolOff,Home,hold
2026-07-18T20:15:00.000Z,Front AC,73.1,0,46,73,90.9,0,compressorCoolOff,Home,hold
2026-07-18T20:20:00.000Z,Front AC,73.4,0,46,73,90.9,285,compressorCoolOff,Home,hold
2026-07-18T20:25:00.000Z,Front AC,72.9,0,46,73,90.9,120,compressorCoolStage1On,Home,hold
2026-07-18T20:30:00.000Z,Front AC,72.7,0,47,73,88.9,0,compressorCoolOff,Home,hold
2026-07-18T20:35:00.000Z,Front AC,73.3,0,46,73,88.9,105,compressorCoolOff,Home,hold
2026-07-18T20:40:00.000Z,Front AC,73.5,0,46,73,88.9,300,compressorCoolStage1On,Home,hold
2026-07-18T20:45:00.000Z,Front AC,72.9,0,46,73,88.9,120,compressorCoolStage1On,Home,hold
2026-07-18T20:50:00.000Z,Front AC,72.8,0,46,73,88.9,0,compressorCoolOff,Home,hold
2026-07-18T20:55:00.000Z,Front AC,73.4,0,46,73,88.9,150,compressorCoolOff,Home,hold
2026-07-18T21:00:00.000Z,Front AC,73.4,0,46,73,91.4,300,compressorCoolStage1On,Home,hold
2026-07-18T21:05:00.000Z,Front AC,72.9,0,46,73,91.4,60,compressorCoolStage1On,Home,hold
2026-07-18T21:10:00.000Z,Front AC,73,0,47,73,91.4,0,compressorCoolOff,Home,hold
2026-07-18T21:15:00.000Z,Front AC,73.5,0,48,73,91.4,255,compressorCoolOff,Home,hold
2026-07-18T21:20:00.000Z,Front AC,73.4,0,46,73,91.4,300,compressorCoolStage1On,Home,hold
2026-07-18T21:25:00.000Z,Front AC,72.9,0,46,73,91.4,45,compressorCoolStage1On,Home,hold
2026-07-18T21:30:00.000Z,Front AC,73.1,0,47,73,89.9,30,compressorCoolOff,Home,hold
2026-07-18T21:35:00.000Z,Front AC,73.6,0,47,73,89.9,300,compressorCoolStage1On,Home,hold
2026-07-18T21:40:00.000Z,Front AC,73.4,0,46,73,89.9,300,compressorCoolStage1On,Home,hold
2026-07-18T21:45:00.000Z,Front AC,72.9,0,46,73,89.9,45,compressorCoolStage1On,Home,hold
2026-07-18T21:50:00.000Z,Front AC,73,0,47,73,89.9,0,compressorCoolOff,Home,hold
2026-07-18T21:55:00.000Z,Front AC,73.5,0,48,73,89.9,270,compressorCoolOff,Home,hold
2026-07-18T22:00:00.000Z,Front AC,73.2,0,46,73,90.5,255,compressorCoolStage1On,Home,hold
2026-07-18T22:05:00.000Z,Front AC,72.8,0,47,73,90.5,0,compressorCoolOff,Home,hold
2026-07-18T22:10:00.000Z,Front AC,73.3,0,47,73,90.5,120,compressorCoolOff,Home,hold
2026-07-18T22:15:00.000Z,Front AC,73.6,0,47,73,90.5,300,compressorCoolStage1On,Home,hold
2026-07-18T22:20:00.000Z,Front AC,73.1,0,46,73,90.5,195,compressorCoolStage1On,Home,hold
2026-07-18T22:25:00.000Z,Front AC,72.9,0,46,73,90.5,0,compressorCoolOff,Home,hold
2026-07-18T22:30:00.000Z,Front AC,73.4,0,47,73,92.1,165,compressorCoolOff,Home,hold
2026-07-18T22:35:00.000Z,Front AC,73.6,0,46,73,92.1,300,compressorCoolStage1On,Home,hold
2026-07-18T22:40:00.000Z,Front AC,73.1,0,45,73,92.1,195,compressorCoolStage1On,Home,hold
2026-07-18T22:45:00.000Z,Front AC,72.9,0,46,73,92.1,0,compressorCoolOff,Home,hold
2026-07-18T22:50:00.000Z,Front AC,73.5,0,46,73,92.1,210,compressorCoolOff,Home,hold
2026-07-18T22:55:00.000Z,Front AC,73.6,0,46,73,92.1,300,compressorCoolStage1On,Home,hold
2026-07-18T23:00:00.000Z,Front AC,73.2,0,45,73,92.1,240,compressorCoolStage1On,Home,hold
2026-07-18T23:05:00.000Z,Front AC,72.8,0,46,73,92.1,0,compressorCoolOff,Home,hold
2026-07-18T23:10:00.000Z,Front AC,73.3,0,46,73,92.1,90,compressorCoolOff,Home,hold
2026-07-18T23:15:00.000Z,Front AC,73.6,0,45,73,92.1,300,compressorCoolStage1On,Home,hold
2026-07-18T23:20:00.000Z,Front AC,73,0,44,73,92.1,165,compressorCoolStage1On,Home,hold
2026-07-18T23:25:00.000Z,Front AC,72.8,0,45,73,92.1,0,compressorCoolOff,Home,hold
2026-07-18T23:30:00.000Z,Front AC,73.5,0,45,73,92.1,210,compressorCoolOff,Home,hold
2026-07-18T23:35:00.000Z,Front AC,73.5,0,45,73,92.1,300,compressorCoolStage1On,Home,hold
2026-07-18T23:40:00.000Z,Front AC,73,0,44,73,92.1,165,compressorCoolStage1On,Home,hold
2026-07-18T23:45:00.000Z,Front AC,72.8,0,45,73,92.1,0,compressorCoolOff,Home,hold
2026-07-18T23:50:00.000Z,Front AC,73.2,0,45,73,92.1,300,compressorCoolStage1On,Home,hold
2026-07-18T23:55:00.000Z,Front AC,73,0,44,73,92.1,150,compressorCoolStage1On,Home,hold
2026-07-19T00:00:00.000Z,Front AC,72.9,0,45,73,92.3,90,compressorCoolOff,Home,hold
2026-07-19T00:05:00.000Z,Front AC,73.2,0,46,73,92.3,300,compressorCoolStage1On,Home,hold
2026-07-19T00:10:00.000Z,Front AC,72.9,0,46,73,92.3,45,compressorCoolStage1On,Home,hold
2026-07-19T00:15:00.000Z,Front AC,73.1,0,47,73,92.3,225,compressorCoolOff,Home,hold
2026-07-19T00:20:00.000Z,Front AC,73,0,46,73,92.3,150,compressorCoolStage1On,Home,hold
2026-07-19T00:25:00.000Z,Front AC,73,0,46,73,92.3,135,compressorCoolOff,Home,hold
2026-07-19T00:30:00.000Z,Front AC,73.2,0,46,73,92.3,300,compressorCoolStage1On,Home,hold
2026-07-19T00:35:00.000Z,Front AC,72.9,0,45,73,92.3,60,compressorCoolStage1On,Home,hold
2026-07-19T00:40:00.000Z,Front AC,73.1,0,46,73,92.3,210,compressorCoolOff,Home,hold
2026-07-19T00:45:00.000Z,Front AC,73.2,0,45,73,92.3,270,compressorCoolStage1On,Home,hold
2026-07-19T00:50:00.000Z,Front AC,72.7,0,45,73,92.3,0,compressorCoolOff,Home,hold
2026-07-19T00:55:00.000Z,Front AC,73.1,0,46,73,92.3,210,compressorCoolOff,Home,hold
2026-07-19T01:00:00.000Z,Front AC,73.1,0,45,73,91.8,210,compressorCoolStage1On,Home,hold
2026-07-19T01:05:00.000Z,Front AC,72.8,0,45,73,91.8,30,compressorCoolOff,Home,hold
2026-07-19T01:10:00.000Z,Front AC,73.2,0,45,73,91.8,300,compressorCoolStage1On,Home,hold
2026-07-19T01:15:00.000Z,Front AC,72.9,0,45,73,91.8,105,compressorCoolStage1On,Home,hold
2026-07-19T01:20:00.000Z,Front AC,72.9,0,45,73,91.8,60,compressorCoolOff,Home,hold
2026-07-19T01:25:00.000Z,Front AC,73.2,0,45,73,91.8,300,compressorCoolStage1On,Home,hold
2026-07-19T01:30:00.000Z,Front AC,72.8,0,44,73,91.8,60,compressorCoolStage1On,Home,hold
2026-07-19T01:35:00.000Z,Front AC,72.9,0,45,73,91.8,120,compressorCoolOff,Home,hold
2026-07-19T01:40:00.000Z,Front AC,73.2,0,44,73,91.8,300,compressorCoolStage1On,Home,hold
2026-07-19T01:45:00.000Z,Front AC,72.8,0,44,73,91.8,15,compressorCoolStage1On,Home,hold
2026-07-19T01:50:00.000Z,Front AC,73,0,45,73,91.8,135,compressorCoolOff,Home,hold
2026-07-19T01:55:00.000Z,Front AC,73.1,0,44,73,91.8,210,compressorCoolStage1On,Home,hold
2026-07-19T02:00:00.000Z,Front AC,72.8,0,45,73,90.7,15,compressorCoolOff,Home,hold
2026-07-19T02:05:00.000Z,Front AC,73.2,0,44,73,90.7,300,compressorCoolStage1On,Home,hold
2026-07-19T02:10:00.000Z,Front AC,73,0,44,73,90.7,135,compressorCoolStage1On,Home,hold
2026-07-19T02:15:00.000Z,Front AC,72.8,0,45,73,90.7,30,compressorCoolOff,Home,hold
2026-07-19T02:20:00.000Z,Front AC,73.1,0,45,73,90.7,300,compressorCoolStage1On,Home,hold
2026-07-19T02:25:00.000Z,Front AC,72.9,0,44,73,90.7,15,compressorCoolStage1On,Home,hold
2026-07-19T02:30:00.000Z,Front AC,73.1,0,45,73,88.2,210,compressorCoolOff,Home,hold
2026-07-19T02:35:00.000Z,Front AC,73,0,44,73,88.2,165,compressorCoolStage1On,Home,hold
2026-07-19T02:40:00.000Z,Front AC,72.8,0,45,73,88.2,0,compressorCoolOff,Home,hold
2026-07-19T02:45:00.000Z,Front AC,73.2,0,45,73,88.2,300,compressorCoolStage1On,Home,hold
2026-07-19T02:50:00.000Z,Front AC,72.8,0,44,73,88.2,30,compressorCoolStage1On,Home,hold
2026-07-19T02:55:00.000Z,Front AC,72.9,0,46,73,88.2,90,compressorCoolOff,Home,hold
2026-07-19T03:00:00.000Z,Front AC,73.1,0,45,73,86.3,225,compressorCoolStage1On,Home,hold
2026-07-19T03:05:00.000Z,Front AC,72.9,0,45,73,86.3,0,compressorCoolOff,Home,hold
2026-07-19T03:10:00.000Z,Front AC,73.2,0,45,73,86.3,300,compressorCoolStage1On,Home,hold
2026-07-19T03:15:00.000Z,Front AC,72.9,0,44,73.4,86.3,105,compressorCoolStage1On,Home,hold
2026-07-19T03:20:00.000Z,Front AC,72.7,0,45,74,86.3,30,compressorCoolOff,Home,
2026-07-19T03:25:00.000Z,Front AC,73.1,0,44,74,86.3,300,compressorCoolStage1On,Home,(SmartRecovery)
2026-07-19T03:30:00.000Z,Front AC,72.8,0,44,74,86.3,300,compressorCoolStage1On,Home,(SmartRecovery)
2026-07-19T03:35:00.000Z,Front AC,72.4,0,43,74,86.3,300,compressorCoolStage1On,Home,(SmartRecovery)
2026-07-19T03:40:00.000Z,Front AC,72,0,43,74,86.3,300,compressorCoolStage1On,Home,(SmartRecovery)
2026-07-19T03:45:00.000Z,Front AC,71.6,0,43,74,86.3,300,compressorCoolStage1On,Home,(SmartRecovery)
2026-07-19T03:50:00.000Z,Front AC,71.3,0,43,74,86.3,300,compressorCoolStage1On,Home,(SmartRecovery)
2026-07-19T03:55:00.000Z,Front AC,71.1,0,41,72,86.3,210,compressorCoolStage1On,Home,(SmartRecovery)
2026-07-19T04:00:00.000Z,Front AC,71,0,43,71,84.3,75,compressorCoolOff,Sleep,
2026-07-19T04:05:00.000Z,Front AC,71.5,0,44,71,84.3,300,compressorCoolStage1On,Sleep,
2026-07-19T04:10:00.000Z,Front AC,71.3,0,43,71,84.3,300,compressorCoolStage1On,Sleep,
2026-07-19T04:15:00.000Z,Front AC,70.9,0,42,71,84.3,30,compressorCoolStage1On,Sleep,
2026-07-19T04:20:00.000Z,Front AC,71.2,0,44,71,84.3,0,compressorCoolOff,Sleep,
2026-07-19T04:25:00.000Z,Front AC,71.9,0,44,71,84.3,150,compressorCoolOff,Sleep,
2026-07-19T04:30:00.000Z,Front AC,72.3,0,43,71,84.3,300,compressorCoolStage1On,Sleep,
2026-07-19T04:35:00.000Z,Front AC,71.7,0,41,71,84.3,300,compressorCoolStage1On,Sleep,
2026-07-19T04:40:00.000Z,Front AC,71,0,41,71,84.3,15,compressorCoolStage1On,Sleep,
2026-07-19T04:45:00.000Z,Front AC,71.5,0,43,71,84.3,0,compressorCoolOff,Sleep,
2026-07-19T04:50:00.000Z,Front AC,72.1,0,43,71,84.3,270,compressorCoolOff,Sleep,
2026-07-19T04:55:00.000Z,Front AC,72,0,42,71,84.3,300,compressorCoolStage1On,Sleep,
2026-07-19T05:00:00.000Z,Front AC,71.4,0,41,71,83.2,300,compressorCoolStage1On,Sleep,
2026-07-19T05:05:00.000Z,Front AC,71,0,41,71,83.2,75,compressorCoolStage1On,Sleep,
2026-07-19T05:10:00.000Z,Front AC,71.3,0,42,71,83.2,0,compressorCoolOff,Sleep,
2026-07-19T05:15:00.000Z,Front AC,71.9,0,43,71,83.2,150,compressorCoolOff,Sleep,
2026-07-19T05:20:00.000Z,Front AC,72.2,0,42,71,83.2,300,compressorCoolStage1On,Sleep,
2026-07-19T05:25:00.000Z,Front AC,71.5,0,41,71,83.2,300,compressorCoolStage1On,Sleep,
2026-07-19T05:30:00.000Z,Front AC,71,0,41,71,85.1,60,compressorCoolStage1On,Sleep,
2026-07-19T05:35:00.000Z,Front AC,71.3,0,42,71,85.1,0,compressorCoolOff,Sleep,
2026-07-19T05:40:00.000Z,Front AC,71.9,0,43,71,85.1,165,compressorCoolOff,Sleep,
2026-07-19T05:45:00.000Z,Front AC,72.1,0,42,71,85.1,300,compressorCoolStage1On,Sleep,
2026-07-19T05:50:00.000Z,Front AC,71.4,0,41,71,85.1,300,compressorCoolStage1On,Sleep,
2026-07-19T05:55:00.000Z,Front AC,70.9,0,41,71,85.1,0,compressorCoolOff,Sleep,
2026-07-19T06:00:00.000Z,Front AC,71.3,0,43,71,83.3,0,compressorCoolOff,Sleep,
2026-07-19T06:05:00.000Z,Front AC,72,0,43,71,83.3,195,compressorCoolOff,Sleep,
2026-07-19T06:10:00.000Z,Front AC,72,0,42,71,83.3,300,compressorCoolStage1On,Sleep,
2026-07-19T06:15:00.000Z,Front AC,71.2,0,41,71,83.3,210,compressorCoolStage1On,Sleep,
2026-07-19T06:20:00.000Z,Front AC,71,0,42,71,83.3,0,compressorCoolOff,Sleep,
2026-07-19T06:25:00.000Z,Front AC,71.6,0,43,71,83.3,15,compressorCoolOff,Sleep,
2026-07-19T06:30:00.000Z,Front AC,72.2,0,42,71,84.6,300,compressorCoolStage1On,Sleep,
2026-07-19T06:35:00.000Z,Front AC,71.6,0,41,71,84.6,300,compressorCoolStage1On,Sleep,
2026-07-19T06:40:00.000Z,Front AC,71.1,0,41,71,84.6,135,compressorCoolStage1On,Sleep,
2026-07-19T06:45:00.000Z,Front AC,71.1,0,42,71,84.6,0,compressorCoolOff,Sleep,
2026-07-19T06:50:00.000Z,Front AC,71.7,0,43,71,84.6,45,compressorCoolOff,Sleep,
2026-07-19T06:55:00.000Z,Front AC,72.2,0,42,71,84.6,300,compressorCoolStage1On,Sleep,
2026-07-19T07:00:00.000Z,Front AC,71.3,0,41,71,83.4,300,compressorCoolStage1On,Sleep,
2026-07-19T07:05:00.000Z,Front AC,70.8,0,41,71,83.4,15,compressorCoolStage1On,Sleep,
2026-07-19T07:10:00.000Z,Front AC,71.3,0,42,71,83.4,0,compressorCoolOff,Sleep,
2026-07-19T07:15:00.000Z,Front AC,72,0,43,71,83.4,225,compressorCoolOff,Sleep,
2026-07-19T07:20:00.000Z,Front AC,71.6,0,41,71,83.4,300,compressorCoolStage1On,Sleep,
2026-07-19T07:25:00.000Z,Front AC,70.9,0,41,71,83.4,165,compressorCoolStage1On,Sleep,
2026-07-19T07:30:00.000Z,Front AC,70.9,0,42,71,83.4,0,compressorCoolOff,Sleep,
2026-07-19T07:35:00.000Z,Front AC,71.5,0,43,71,83.4,0,compressorCoolOff,Sleep,
2026-07-19T07:40:00.000Z,Front AC,72.2,0,42,71,83.4,300,compressorCoolStage1On,Sleep,
2026-07-19T07:45:00.000Z,Front AC,71.4,0,41,71,83.4,300,compressorCoolStage1On,Sleep,
2026-07-19T07:50:00.000Z,Front AC,70.8,0,41,71,83.4,90,compressorCoolStage1On,Sleep,
2026-07-19T07:55:00.000Z,Front AC,71,0,42,71,83.4,0,compressorCoolOff,Sleep,
2026-07-19T08:00:00.000Z,Front AC,71.7,0,43,71,81.9,90,compressorCoolOff,Sleep,
2026-07-19T08:05:00.000Z,Front AC,72,0,42,71,81.9,300,compressorCoolStage1On,Sleep,
2026-07-19T08:10:00.000Z,Front AC,71.2,0,41,71,81.9,300,compressorCoolStage1On,Sleep,
2026-07-19T08:15:00.000Z,Front AC,70.7,0,41,71,81.9,15,compressorCoolStage1On,Sleep,
2026-07-19T08:20:00.000Z,Front AC,71.1,0,42,71,81.9,0,compressorCoolOff,Sleep,
2026-07-19T08:25:00.000Z,Front AC,71.8,0,43,71,81.9,120,compressorCoolOff,Sleep,
2026-07-19T08:30:00.000Z,Front AC,71.9,0,42,71,81.9,300,compressorCoolStage1On,Sleep,
2026-07-19T08:35:00.000Z,Front AC,71.3,0,41,71,81.9,300,compressorCoolStage1On,Sleep,
2026-07-19T08:40:00.000Z,Front AC,70.7,0,40,71,81.9,60,compressorCoolStage1On,Sleep,
2026-07-19T08:45:00.000Z,Front AC,71,0,42,71,81.9,0,compressorCoolOff,Sleep,
2026-07-19T08:50:00.000Z,Front AC,71.8,0,43,71,81.9,105,compressorCoolOff,Sleep,
2026-07-19T08:55:00.000Z,Front AC,72.1,0,42,71,81.9,300,compressorCoolStage1On,Sleep,
2026-07-19T09:00:00.000Z,Front AC,71.2,0,40,71,81.3,255,compressorCoolStage1On,Sleep,
2026-07-19T09:05:00.000Z,Front AC,70.7,0,41,71,81.3,0,compressorCoolOff,Sleep,
2026-07-19T09:10:00.000Z,Front AC,71.3,0,43,71,81.3,0,compressorCoolOff,Sleep,
2026-07-19T09:15:00.000Z,Front AC,72,0,42,71,81.3,210,compressorCoolOff,Sleep,
2026-07-19T09:20:00.000Z,Front AC,71.5,0,41,71,81.3,300,compressorCoolStage1On,Sleep,
2026-07-19T09:25:00.000Z,Front AC,71,0,40,71,81.3,180,compressorCoolStage1On,Sleep,
2026-07-19T09:30:00.000Z,Front AC,70.6,0,41,71,81.3,0,compressorCoolOff,Sleep,
2026-07-19T09:35:00.000Z,Front AC,71.1,0,41,71,81.3,0,compressorCoolOff,Sleep,
2026-07-19T09:40:00.000Z,Front AC,71.5,0,41,71,81.3,0,compressorCoolOff,Sleep,
2026-07-19T09:45:00.000Z,Front AC,72,0,41,71,81.3,285,compressorCoolOff,Sleep,
2026-07-19T09:50:00.000Z,Front AC,71.6,0,40,71,81.3,300,compressorCoolStage1On,Sleep,
2026-07-19T09:55:00.000Z,Front AC,71,0,41,71,81.3,0,compressorCoolOff,Sleep,
2026-07-19T10:00:00.000Z,Front AC,71.3,0,42,71,80.9,0,compressorCoolOff,Sleep,
2026-07-19T10:05:00.000Z,Front AC,71.6,0,41,71,80.9,0,compressorCoolOff,Sleep,
2026-07-19T10:10:00.000Z,Front AC,72.1,0,41,71,80.9,300,compressorCoolStage1On,Sleep,
2026-07-19T10:15:00.000Z,Front AC,71.8,0,40,71,80.9,300,compressorCoolStage1On,Sleep,
2026-07-19T10:20:00.000Z,Front AC,71,0,40,71,80.9,105,compressorCoolStage1On,Sleep,
2026-07-19T10:25:00.000Z,Front AC,70.8,0,41,71,80.9,0,compressorCoolOff,Sleep,
2026-07-19T10:30:00.000Z,Front AC,71.3,0,41,71,80.9,0,compressorCoolOff,Sleep,
2026-07-19T10:35:00.000Z,Front AC,71.8,0,41,71,80.9,105,compressorCoolOff,Sleep,
2026-07-19T10:40:00.000Z,Front AC,72,0,41,71,80.9,300,compressorCoolStage1On,Sleep,
2026-07-19T10:45:00.000Z,Front AC,71.2,0,40,71,80.9,180,compressorCoolStage1On,Sleep,
2026-07-19T10:50:00.000Z,Front AC,71,0,42,71,80.9,0,compressorCoolOff,Sleep,
2026-07-19T10:55:00.000Z,Front AC,71.4,0,42,71,80.9,0,compressorCoolOff,Sleep,
2026-07-19T11:00:00.000Z,Front AC,71.7,0,41,71,80.6,75,compressorCoolOff,Sleep,
2026-07-19T11:05:00.000Z,Front AC,72.2,0,41,71,80.6,300,compressorCoolStage1On,Sleep,
2026-07-19T11:10:00.000Z,Front AC,71.4,0,40,71,80.6,270,compressorCoolStage1On,Sleep,
2026-07-19T11:15:00.000Z,Front AC,70.7,0,41,71,80.6,0,compressorCoolOff,Sleep,
2026-07-19T11:20:00.000Z,Front AC,71.3,0,42,71,80.6,0,compressorCoolOff,Sleep,
2026-07-19T11:25:00.000Z,Front AC,72,0,42,71,80.6,225,compressorCoolOff,Sleep,
2026-07-19T11:30:00.000Z,Front AC,71.5,0,41,71,80.6,300,compressorCoolStage1On,Sleep,
2026-07-19T11:35:00.000Z,Front AC,70.7,0,40,71,80.6,90,compressorCoolStage1On,Sleep,
2026-07-19T11:40:00.000Z,Front AC,70.8,0,42,71,80.6,0,compressorCoolOff,Sleep,
2026-07-19T11:45:00.000Z,Front AC,71.4,0,42,71,80.6,0,compressorCoolOff,Sleep,
2026-07-19T11:50:00.000Z,Front AC,71.7,0,41,71,80.6,60,compressorCoolOff,Sleep,
2026-07-19T11:55:00.000Z,Front AC,72.1,0,41,71,80.6,300,compressorCoolStage1On,Sleep,
2026-07-19T12:00:00.000Z,Front AC,71.4,0,40,71,80.4,285,compressorCoolStage1On,Sleep,
2026-07-19T12:05:00.000Z,Front AC,70.7,0,41,71,80.4,0,compressorCoolOff,Sleep,
2026-07-19T12:10:00.000Z,Front AC,71.1,0,42,71,80.4,0,compressorCoolOff,Sleep,
2026-07-19T12:15:00.000Z,Front AC,71.8,0,43,71,80.4,105,compressorCoolOff,Sleep,
2026-07-19T12:20:00.000Z,Front AC,71.8,0,42,71,80.4,300,compressorCoolStage1On,Sleep,
2026-07-19T12:25:00.000Z,Front AC,71,0,41,71,80.4,210,compressorCoolStage1On,Sleep,
2026-07-19T12:30:00.000Z,Front AC,70.6,0,41,71,80.4,0,compressorCoolOff,Sleep,
2026-07-19T12:35:00.000Z,Front AC,71.3,0,43,71,80.4,0,compressorCoolOff,Sleep,
2026-07-19T12:40:00.000Z,Front AC,71.9,0,43,71,80.4,150,compressorCoolOff,Sleep,
2026-07-19T12:45:00.000Z,Front AC,71.8,0,42,71,80.4,300,compressorCoolStage1On,Sleep,
2026-07-19T12:50:00.000Z,Front AC,70.9,0,41,71,80.4,120,compressorCoolStage1On,Sleep,
2026-07-19T12:55:00.000Z,Front AC,70.9,0,42,71,80.4,0,compressorCoolOff,Sleep,
2026-07-19T13:00:00.000Z,Front AC,71.6,0,43,71,80.7,0,compressorCoolOff,Sleep,
2026-07-19T13:05:00.000Z,Front AC,72.2,0,43,71,80.7,285,compressorCoolOff,Sleep,
2026-07-19T13:10:00.000Z,Front AC,72.3,0,43,71,80.7,300,compressorCoolStage1On,Sleep,
2026-07-19T13:15:00.000Z,Front AC,71.8,0,43,71,80.7,300,compressorCoolStage1On,Sleep,
2026-07-19T13:20:00.000Z,Front AC,71,0,42,71,80.7,195,compressorCoolStage1On,Sleep,
2026-07-19T13:25:00.000Z,Front AC,70.7,0,42,71,80.7,0,compressorCoolOff,Sleep,
2026-07-19T13:30:00.000Z,Front AC,70.9,0,43,71,81.6,0,compressorCoolOff,Sleep,
2026-07-19T13:35:00.000Z,Front AC,71.3,0,43,71,81.6,0,compressorCoolOff,Sleep,
2026-07-19T13:40:00.000Z,Front AC,71.9,0,43,71,81.6,165,compressorCoolOff,Sleep,
2026-07-19T13:45:00.000Z,Front AC,72.1,0,43,71,81.6,300,compressorCoolStage1On,Sleep,
2026-07-19T13:50:00.000Z,Front AC,71.6,0,43,71,81.6,300,compressorCoolStage1On,Sleep,
2026-07-19T13:55:00.000Z,Front AC,71.1,0,43,71,81.6,195,compressorCoolStage1On,Sleep,
2026-07-19T14:00:00.000Z,Front AC,70.6,0,44,71,82,0,compressorCoolOff,Sleep,
2026-07-19T14:05:00.000Z,Front AC,70.9,0,46,71,82,0,compressorCoolOff,Sleep,
2026-07-19T14:10:00.000Z,Front AC,71.5,0,46,71,82,0,compressorCoolOff,Sleep,
2026-07-19T14:15:00.000Z,Front AC,72,0,45,71,82,210,compressorCoolOff,Sleep,
2026-07-19T14:20:00.000Z,Front AC,72.1,0,44,71,82,300,compressorCoolStage1On,Sleep,
2026-07-19T14:25:00.000Z,Front AC,71.9,0,43,71,82,300,compressorCoolStage1On,Sleep,
2026-07-19T14:30:00.000Z,Front AC,71.3,0,43,71,82,300,compressorCoolStage1On,Sleep,
2026-07-19T14:35:00.000Z,Front AC,70.7,0,43,71,82,0,compressorCoolOff,Sleep,
2026-07-19T14:40:00.000Z,Front AC,70.6,0,45,71,82,0,compressorCoolOff,Sleep,
2026-07-19T14:45:00.000Z,Front AC,71.2,0,45,71,82,0,compressorCoolOff,Sleep,
2026-07-19T14:50:00.000Z,Front AC,71.7,0,44,71,82,0,compressorCoolOff,Sleep,
2026-07-19T14:55:00.000Z,Front AC,72.1,0,44,72.9,82,0,compressorCoolOff,Sleep,
2026-07-19T15:00:00.000Z,Front AC,72.4,0,44,74,84.1,0,compressorCoolOff,Home,
2026-07-19T15:05:00.000Z,Front AC,72.5,0,44,74,84.1,0,compressorCoolOff,Home,
2026-07-19T15:10:00.000Z,Front AC,72.8,0,44,74,84.1,0,compressorCoolOff,Home,
2026-07-19T15:15:00.000Z,Front AC,73,0,44,74,84.1,0,compressorCoolOff,Home,
2026-07-19T15:20:00.000Z,Front AC,73.2,0,44,74,84.1,0,compressorCoolOff,Home,
2026-07-19T15:25:00.000Z,Front AC,73.3,0,44,74,84.1,0,compressorCoolOff,Home,
2026-07-19T15:30:00.000Z,Front AC,73.4,0,47,74,84.1,0,compressorCoolOff,Home,
2026-07-19T15:35:00.000Z,Front AC,73.7,0,47,74,84.1,0,compressorCoolOff,Home,
2026-07-19T15:40:00.000Z,Front AC,73.9,0,46,74,84.1,0,compressorCoolOff,Home,
2026-07-19T15:45:00.000Z,Front AC,74.1,0,47,74,84.1,0,compressorCoolOff,Home,
2026-07-19T15:50:00.000Z,Front AC,74.2,0,47,74,84.1,0,compressorCoolOff,Home,
2026-07-19T15:55:00.000Z,Front AC,74.3,0,47,74,84.1,0,compressorCoolOff,Home,
2026-07-19T16:00:00.000Z,Front AC,74.5,0,47,74,87.1,0,compressorCoolOff,Home,
2026-07-19T16:05:00.000Z,Front AC,74.6,0,47,74,87.1,45,compressorCoolOff,Home,
2026-07-19T16:10:00.000Z,Front AC,74.5,0,47,74,87.1,300,compressorCoolStage1On,Home,
2026-07-19T16:15:00.000Z,Front AC,73.8,0,47,74,87.1,60,compressorCoolStage1On,Home,
2026-07-19T16:20:00.000Z,Front AC,73.6,0,48,74,87.1,0,compressorCoolOff,Home,
2026-07-19T16:25:00.000Z,Front AC,73.8,0,49,74,87.1,0,compressorCoolOff,Home,
2026-07-19T16:30:00.000Z,Front AC,73.9,0,48,74,87.1,0,compressorCoolOff,Home,
2026-07-19T16:35:00.000Z,Front AC,74.2,0,46,74,87.1,15,compressorCoolOff,Home,
2026-07-19T16:40:00.000Z,Front AC,74.6,0,45,74,87.1,300,compressorCoolStage1On,Home,
2026-07-19T16:45:00.000Z,Front AC,74.5,0,43,74,87.1,300,compressorCoolStage1On,Home,
2026-07-19T16:50:00.000Z,Front AC,74,0,43,74,87.1,135,compressorCoolStage1On,Home,
2026-07-19T16:55:00.000Z,Front AC,73,0,44,74,87.1,0,compressorCoolOff,Home,
2026-07-19T17:00:00.000Z,Front AC,72.9,0,46,74,89.4,0,compressorCoolOff,Home,
2026-07-19T17:05:00.000Z,Front AC,73.4,0,46,74,89.4,0,compressorCoolOff,Home,
2026-07-19T17:10:00.000Z,Front AC,73.8,0,46,74,89.4,0,compressorCoolOff,Home,
2026-07-19T17:15:00.000Z,Front AC,74.1,0,45,74,89.4,225,compressorCoolOff,Home,
2026-07-19T17:20:00.000Z,Front AC,74.2,0,43,74,89.4,300,compressorCoolStage1On,Home,
2026-07-19T17:25:00.000Z,Front AC,73.9,0,43,74,89.4,105,compressorCoolStage1On,Home,
2026-07-19T17:30:00.000Z,Front AC,73.2,0,44,74,89.4,0,compressorCoolOff,Home,
2026-07-19T17:35:00.000Z,Front AC,73.1,0,46,74,89.4,0,compressorCoolOff,Home,
2026-07-19T17:40:00.000Z,Front AC,73.4,0,46,74,89.4,0,compressorCoolOff,Home,
2026-07-19T17:45:00.000Z,Front AC,73.8,0,46,74,89.4,0,compressorCoolOff,Home,
2026-07-19T17:50:00.000Z,Front AC,74.2,0,45,74,89.4,300,compressorCoolStage1On,Home,
2026-07-19T17:55:00.000Z,Front AC,74.3,0,44,74,89.4,300,compressorCoolStage1On,Home,
2026-07-19T18:00:00.000Z,Front AC,73.8,0,43,74,91.9,75,compressorCoolStage1On,Home,
2026-07-19T18:05:00.000Z,Front AC,73.1,0,45,74,91.9,0,compressorCoolOff,Home,
2026-07-19T18:10:00.000Z,Front AC,73.2,0,46,74,91.9,0,compressorCoolOff,Home,
2026-07-19T18:15:00.000Z,Front AC,73.6,0,46,74,91.9,0,compressorCoolOff,Home,
2026-07-19T18:20:00.000Z,Front AC,74,0,46,74,91.9,150,compressorCoolOff,Home,
2026-07-19T18:25:00.000Z,Front AC,74.3,0,45,74,91.9,300,compressorCoolStage1On,Home,
2026-07-19T18:30:00.000Z,Front AC,74.1,0,44,74,91.8,240,compressorCoolStage1On,Home,
2026-07-19T18:35:00.000Z,Front AC,73.5,0,44,74,91.8,0,compressorCoolOff,Home,
2026-07-19T18:40:00.000Z,Front AC,73.2,0,46,74,91.8,0,compressorCoolOff,Home,
2026-07-19T18:45:00.000Z,Front AC,73.5,0,46,74,91.8,0,compressorCoolOff,Home,
2026-07-19T18:50:00.000Z,Front AC,73.9,0,46,74,91.8,0,compressorCoolOff,Home,
2026-07-19T18:55:00.000Z,Front AC,74.3,0,46,74,91.8,45,compressorCoolOff,Home,
2026-07-19T19:00:00.000Z,Front AC,74.4,0,46,74,93.2,300,compressorCoolStage1On,Home,
2026-07-19T19:05:00.000Z,Front AC,73.8,0,46,74,93.2,45,compressorCoolStage1On,Home,
2026-07-19T19:10:00.000Z,Front AC,73.9,0,47,74,93.2,0,compressorCoolOff,Home,
2026-07-19T19:15:00.000Z,Front AC,74.3,0,47,74,93.2,75,compressorCoolOff,Home,
2026-07-19T19:20:00.000Z,Front AC,74.3,0,47,74,93.2,300,compressorCoolStage1On,Home,
2026-07-19T19:25:00.000Z,Front AC,73.8,0,47,74,93.2,15,compressorCoolStage1On,Home,
2026-07-19T19:30:00.000Z,Front AC,73.9,0,48,74,93.2,0,compressorCoolOff,Home,
2026-07-19T19:35:00.000Z,Front AC,74.4,0,48,74,93.2,195,compressorCoolOff,Home,
2026-07-19T19:40:00.000Z,Front AC,74.3,0,47,74,93.2,300,compressorCoolStage1On,Home,
2026-07-19T19:45:00.000Z,Front AC,73.7,0,46,74,93.2,15,compressorCoolStage1On,Home,
2026-07-19T19:50:00.000Z,Front AC,73.8,0,48,74,93.2,0,compressorCoolOff,Home,
2026-07-19T19:55:00.000Z,Front AC,74.4,0,48,74,93.2,210,compressorCoolOff,Home,
2026-07-19T20:00:00.000Z,Front AC,74.4,0,47,74,95.2,300,compressorCoolStage1On,Home,
2026-07-19T20:05:00.000Z,Front AC,73.9,0,47,74,95.2,90,compressorCoolStage1On,Home,
2026-07-19T20:10:00.000Z,Front AC,73.8,0,48,74,95.2,0,compressorCoolOff,Home,
2026-07-19T20:15:00.000Z,Front AC,74.4,0,48,74,95.2,180,compressorCoolOff,Home,
2026-07-19T20:20:00.000Z,Front AC,74.4,0,47,74,95.2,300,compressorCoolStage1On,Home,
2026-07-19T20:25:00.000Z,Front AC,73.9,0,46,74,95.2,105,compressorCoolStage1On,Home,
2026-07-19T20:30:00.000Z,Front AC,73.9,0,47,74,95.2,0,compressorCoolOff,Home,
2026-07-19T20:35:00.000Z,Front AC,74.5,0,48,74,95.2,210,compressorCoolOff,Home,
2026-07-19T20:40:00.000Z,Front AC,74.4,0,47,74,95.2,300,compressorCoolStage1On,Home,
2026-07-19T20:45:00.000Z,Front AC,73.9,0,46,74,95.2,90,compressorCoolStage1On,Home,
2026-07-19T20:50:00.000Z,Front AC,74.1,0,47,74,95.2,0,compressorCoolOff,Home,
2026-07-19T20:55:00.000Z,Front AC,74.5,0,48,74,95.2,285,compressorCoolOff,Home,
2026-07-19T21:00:00.000Z,Front AC,74.2,0,47,74,96.7,270,compressorCoolStage1On,Home,
2026-07-19T21:05:00.000Z,Front AC,73.7,0,47,74,96.7,0,compressorCoolOff,Home,
2026-07-19T21:10:00.000Z,Front AC,74.3,0,48,74,96.7,105,compressorCoolOff,Home,
2026-07-19T21:15:00.000Z,Front AC,74.7,0,47,74,96.7,300,compressorCoolStage1On,Home,
2026-07-19T21:20:00.000Z,Front AC,74.4,0,46,74,96.7,300,compressorCoolStage1On,Home,
2026-07-19T21:25:00.000Z,Front AC,74.5,0,46,74,96.7,300,compressorCoolStage1On,Home,
2026-07-19T21:30:00.000Z,Front AC,74.4,0,45,74,96.7,300,compressorCoolStage1On,Home,
2026-07-19T21:35:00.000Z,Front AC,74.2,0,46,74,96.7,300,compressorCoolStage1On,Home,
2026-07-19T21:40:00.000Z,Front AC,74,0,46,74,96.7,165,compressorCoolStage1On,Home,
2026-07-19T21:45:00.000Z,Front AC,73.5,0,46,74,96.7,0,compressorCoolOff,Home,
2026-07-19T21:50:00.000Z,Front AC,73.8,0,47,74,96.7,0,compressorCoolOff,Home,
2026-07-19T21:55:00.000Z,Front AC,74.5,0,46,74,96.7,195,compressorCoolOff,Home,
2026-07-19T22:00:00.000Z,Front AC,74.9,0,45,74,97.4,300,compressorCoolStage1On,Home,
2026-07-19T22:05:00.000Z,Front AC,74.8,0,45,74,97.4,300,compressorCoolStage1On,Home,
2026-07-19T22:10:00.000Z,Front AC,74.4,0,44,74,97.4,300,compressorCoolStage1On,Home,
2026-07-19T22:15:00.000Z,Front AC,74,0,44,74,97.4,180,compressorCoolStage1On,Home,
2026-07-19T22:20:00.000Z,Front AC,73.6,0,45,74,97.4,0,compressorCoolOff,Home,
2026-07-19T22:25:00.000Z,Front AC,73.9,0,47,74,97.4,0,compressorCoolOff,Home,
2026-07-19T22:30:00.000Z,Front AC,74.5,0,46,74,98,195,compressorCoolOff,Home,
2026-07-19T22:35:00.000Z,Front AC,75,0,45,74,98,300,compressorCoolStage1On,Home,
2026-07-19T22:40:00.000Z,Front AC,75,0,44,74,98,300,compressorCoolStage1On,Home,
2026-07-19T22:45:00.000Z,Front AC,74.6,0,43,74,98,300,compressorCoolStage1On,Home,
2026-07-19T22:50:00.000Z,Front AC,74.3,0,43,74,98,300,compressorCoolStage1On,Home,
2026-07-19T22:55:00.000Z,Front AC,73.9,0,43,74,98,75,compressorCoolStage1On,Home,
2026-07-19T23:00:00.000Z,Front AC,73.7,0,46,74,98,0,compressorCoolOff,Home,
2026-07-19T23:05:00.000Z,Front AC,74.3,0,46,74,98,105,compressorCoolOff,Home,
2026-07-19T23:10:00.000Z,Front AC,74.9,0,45,74,98,300,compressorCoolStage1On,Home,
2026-07-19T23:15:00.000Z,Front AC,74.9,0,45,74,98,300,compressorCoolStage1On,Home,
2026-07-19T23:20:00.000Z,Front AC,74.6,0,45,74,98,300,compressorCoolStage1On,Home,
2026-07-19T23:25:00.000Z,Front AC,74.3,0,44,74,98,300,compressorCoolStage1On,Home,
2026-07-19T23:30:00.000Z,Front AC,74.1,0,44,74,98,255,compressorCoolStage1On,Home,
2026-07-19T23:35:00.000Z,Front AC,73.8,0,45,73.5,98,45,compressorCoolOff,Home,
2026-07-19T23:40:00.000Z,Front AC,73.9,0,46,73,98,300,compressorCoolStage1On,Home,auto
2026-07-19T23:45:00.000Z,Front AC,74.2,0,45,73,98,300,compressorCoolStage1On,Home,auto
2026-07-19T23:50:00.000Z,Front AC,74.2,0,44,73,98,300,compressorCoolStage1On,Home,auto
2026-07-19T23:55:00.000Z,Front AC,74.1,0,43,73,98,300,compressorCoolStage1On,Home,auto
2026-07-20T00:00:00.000Z,Front AC,73.8,0,43,73,97.7,300,compressorCoolStage1On,Home,auto
2026-07-20T00:05:00.000Z,Front AC,73.5,0,44,73,97.7,300,compressorCoolStage1On,Home,auto
2026-07-20T00:10:00.000Z,Front AC,73.4,0,45,73,97.7,300,compressorCoolStage1On,Home,auto
2026-07-20T00:15:00.000Z,Front AC,73.3,0,45,73,97.7,300,compressorCoolStage1On,Home,auto
2026-07-20T00:20:00.000Z,Front AC,73.3,0,44,73,97.7,300,compressorCoolStage1On,Home,auto
2026-07-20T00:25:00.000Z,Front AC,73.4,0,43,73,97.7,300,compressorCoolStage1On,Home,auto
2026-07-20T00:30:00.000Z,Front AC,73.3,0,43,73,99,300,compressorCoolStage1On,Home,auto
2026-07-20T00:35:00.000Z,Front AC,73.2,0,43,73,99,300,compressorCoolStage1On,Home,auto
2026-07-20T00:40:00.000Z,Front AC,72.9,0,43,73,99,120,compressorCoolStage1On,Home,auto
2026-07-20T00:45:00.000Z,Front AC,72.6,0,45,73,99,0,compressorCoolOff,Home,auto
2026-07-20T00:50:00.000Z,Front AC,73.3,0,46,73,99,120,compressorCoolOff,Home,auto
2026-07-20T00:55:00.000Z,Front AC,73.7,0,46,73,99,300,compressorCoolStage1On,Home,auto
2026-07-20T01:00:00.000Z,Front AC,73.9,0,45,73,96.3,300,compressorCoolStage1On,Home,auto
2026-07-20T01:05:00.000Z,Front AC,74.1,0,45,73,96.3,300,compressorCoolStage1On,Home,auto
2026-07-20T01:10:00.000Z,Front AC,74,0,43,73,96.3,300,compressorCoolStage1On,Home,auto
2026-07-20T01:15:00.000Z,Front AC,73.8,0,42,73,96.3,300,compressorCoolStage1On,Home,auto
2026-07-20T01:20:00.000Z,Front AC,73.6,0,43,73,96.3,300,compressorCoolStage1On,Home,auto
2026-07-20T01:25:00.000Z,Front AC,73.4,0,44,73,96.3,300,compressorCoolStage1On,Home,auto
2026-07-20T01:30:00.000Z,Front AC,73.4,0,43,73,96.3,300,compressorCoolStage1On,Home,auto
2026-07-20T01:35:00.000Z,Front AC,73.5,0,43,73,96.3,300,compressorCoolStage1On,Home,auto
2026-07-20T01:40:00.000Z,Front AC,73.5,0,43,73,96.3,300,compressorCoolStage1On,Home,auto
2026-07-20T01:45:00.000Z,Front AC,73.3,0,42,73,96.3,300,compressorCoolStage1On,Home,auto
2026-07-20T01:50:00.000Z,Front AC,73,0,42,73,96.3,15,compressorCoolStage1On,Home,auto
2026-07-20T01:55:00.000Z,Front AC,73.2,0,44,73,96.3,45,compressorCoolOff,Home,auto
2026-07-20T02:00:00.000Z,Front AC,73.9,0,44,73,95.5,300,compressorCoolStage1On,Home,auto
2026-07-20T02:05:00.000Z,Front AC,74.2,0,43,73,95.5,300,compressorCoolStage1On,Home,auto
2026-07-20T02:10:00.000Z,Front AC,73.8,0,41,73,95.5,300,compressorCoolStage1On,Home,auto
2026-07-20T02:15:00.000Z,Front AC,73.4,0,41,73,95.5,300,compressorCoolStage1On,Home,auto
2026-07-20T02:20:00.000Z,Front AC,73.2,0,41,73,95.5,300,compressorCoolStage1On,Home,auto
2026-07-20T02:25:00.000Z,Front AC,73,0,41,73,95.5,105,compressorCoolStage1On,Home,auto
2026-07-20T02:30:00.000Z,Front AC,72.9,0,42,73,95.5,0,compressorCoolOff,Home,auto
2026-07-20T02:35:00.000Z,Front AC,73.5,0,43,73,95.5,195,compressorCoolOff,Home,auto
2026-07-20T02:40:00.000Z,Front AC,74,0,42,73,95.5,300,compressorCoolStage1On,Home,auto
2026-07-20T02:45:00.000Z,Front AC,73.6,0,41,73,95.5,300,compressorCoolStage1On,Home,auto
2026-07-20T02:50:00.000Z,Front AC,73.2,0,41,73,95.5,300,compressorCoolStage1On,Home,auto
2026-07-20T02:55:00.000Z,Front AC,73.1,0,41,73,95.5,195,compressorCoolStage1On,Home,auto
2026-07-20T03:00:00.000Z,Front AC,72.7,0,42,73,93,0,compressorCoolOff,Home,auto
2026-07-20T03:05:00.000Z,Front AC,73.1,0,43,73,93,15,compressorCoolOff,Home,auto
2026-07-20T03:10:00.000Z,Front AC,73.8,0,43,73,93,300,compressorCoolStage1On,Home,auto
2026-07-20T03:15:00.000Z,Front AC,73.8,0,42,73,93,300,compressorCoolStage1On,Home,auto
2026-07-20T03:20:00.000Z,Front AC,73.3,0,41,73,93,300,compressorCoolStage1On,Home,auto
2026-07-20T03:25:00.000Z,Front AC,73.1,0,41,73,93,210,compressorCoolStage1On,Home,auto
2026-07-20T03:30:00.000Z,Front AC,72.6,0,41,73,93.7,0,compressorCoolOff,Home,auto
2026-07-20T03:35:00.000Z,Front AC,72.8,0,42,73,93.7,0,compressorCoolOff,Home,auto
2026-07-20T03:40:00.000Z,Front AC,73.4,0,41,73,93.7,150,compressorCoolOff,Home,auto
2026-07-20T03:45:00.000Z,Front AC,73.8,0,41,73,93.7,300,compressorCoolStage1On,Home,auto
2026-07-20T03:50:00.000Z,Front AC,73.8,0,41,73,93.7,300,compressorCoolStage1On,Home,auto
2026-07-20T03:55:00.000Z,Front AC,73.3,0,41,73,93.7,300,compressorCoolStage1On,Home,auto
2026-07-20T04:00:00.000Z,Front AC,72.8,0,41,73,91.5,75,compressorCoolStage1On,Sleep,auto
2026-07-20T04:05:00.000Z,Front AC,72.5,0,41,73,91.5,0,compressorCoolOff,Sleep,auto
2026-07-20T04:10:00.000Z,Front AC,73,0,41,73,91.5,0,compressorCoolOff,Sleep,auto
2026-07-20T04:15:00.000Z,Front AC,73.4,0,41,71.7,91.5,210,compressorCoolOff,Sleep,auto
2026-07-20T04:20:00.000Z,Front AC,73.5,0,41,71,91.5,300,compressorCoolStage1On,Sleep,
2026-07-20T04:25:00.000Z,Front AC,72.9,0,40,71,91.5,300,compressorCoolStage1On,Sleep,
2026-07-20T04:30:00.000Z,Front AC,72.2,0,40,71,91.5,300,compressorCoolStage1On,Sleep,
2026-07-20T04:35:00.000Z,Front AC,71.9,0,40,71,91.5,300,compressorCoolStage1On,Sleep,
2026-07-20T04:40:00.000Z,Front AC,71.8,0,40,71,91.5,300,compressorCoolStage1On,Sleep,
2026-07-20T04:45:00.000Z,Front AC,71.4,0,40,71,91.5,285,compressorCoolStage1On,Sleep,
2026-07-20T04:50:00.000Z,Front AC,71.1,0,40,71,91.5,0,compressorCoolOff,Sleep,
2026-07-20T04:55:00.000Z,Front AC,71.6,0,41,71,91.5,225,compressorCoolOff,Sleep,
2026-07-20T05:00:00.000Z,Front AC,72.1,0,41,71,90.7,300,compressorCoolStage1On,Sleep,
2026-07-20T05:05:00.000Z,Front AC,71.8,0,40,71,90.7,300,compressorCoolStage1On,Sleep,
2026-07-20T05:10:00.000Z,Front AC,71.5,0,40,71,90.7,300,compressorCoolStage1On,Sleep,
2026-07-20T05:15:00.000Z,Front AC,71.1,0,40,71,90.7,120,compressorCoolStage1On,Sleep,
2026-07-20T05:20:00.000Z,Front AC,71.2,0,41,71,90.7,180,compressorCoolOff,Sleep,
2026-07-20T05:25:00.000Z,Front AC,71.5,0,41,71,90.7,300,compressorCoolStage1On,Sleep,
2026-07-20T05:30:00.000Z,Front AC,71.2,0,40,71,90.7,150,compressorCoolStage1On,Sleep,
2026-07-20T05:35:00.000Z,Front AC,71.5,0,42,71,90.7,150,compressorCoolOff,Sleep,
2026-07-20T05:40:00.000Z,Front AC,71.6,0,41,71,90.7,300,compressorCoolStage1On,Sleep,
2026-07-20T05:45:00.000Z,Front AC,71.2,0,41,71,90.7,300,compressorCoolStage1On,Sleep,
2026-07-20T05:50:00.000Z,Front AC,70.8,0,41,71,90.7,30,compressorCoolStage1On,Sleep,
2026-07-20T05:55:00.000Z,Front AC,71.4,0,42,71,90.7,255,compressorCoolOff,Sleep,
2026-07-20T06:00:00.000Z,Front AC,71.3,0,41,71,90,300,compressorCoolStage1On,Sleep,
2026-07-20T06:05:00.000Z,Front AC,71,0,41,71,90,195,compressorCoolStage1On,Sleep,
2026-07-20T06:10:00.000Z,Front AC,70.9,0,42,71,90,105,compressorCoolOff,Sleep,
2026-07-20T06:15:00.000Z,Front AC,71.3,0,42,71,90,300,compressorCoolStage1On,Sleep,
2026-07-20T06:20:00.000Z,Front AC,70.9,0,41,71,90,105,compressorCoolStage1On,Sleep,
2026-07-20T06:25:00.000Z,Front AC,71.1,0,42,71,90,195,compressorCoolOff,Sleep,
2026-07-20T06:30:00.000Z,Front AC,71.4,0,42,71,90,300,compressorCoolStage1On,Sleep,
2026-07-20T06:35:00.000Z,Front AC,71.1,0,41,71,90,225,compressorCoolStage1On,Sleep,
2026-07-20T06:40:00.000Z,Front AC,70.8,0,42,71,90,75,compressorCoolOff,Sleep,
2026-07-20T06:45:00.000Z,Front AC,71.3,0,42,71,90,300,compressorCoolStage1On,Sleep,
2026-07-20T06:50:00.000Z,Front AC,70.9,0,41,71,90,105,compressorCoolStage1On,Sleep,
2026-07-20T06:55:00.000Z,Front AC,71.1,0,42,71,90,195,compressorCoolOff,Sleep,
2026-07-20T07:00:00.000Z,Front AC,71.4,0,42,71,89.1,300,compressorCoolStage1On,Sleep,
2026-07-20T07:05:00.000Z,Front AC,70.8,0,41,71,89.1,105,compressorCoolStage1On,Sleep,
2026-07-20T07:10:00.000Z,Front AC,71,0,42,71,89.1,195,compressorCoolOff,Sleep,
2026-07-20T07:15:00.000Z,Front AC,71.2,0,42,71,89.1,300,compressorCoolStage1On,Sleep,
2026-07-20T07:20:00.000Z,Front AC,70.8,0,41,71,89.1,30,compressorCoolStage1On,Sleep,
2026-07-20T07:25:00.000Z,Front AC,71.1,0,42,71,89.1,270,compressorCoolOff,Sleep,
2026-07-20T07:30:00.000Z,Front AC,71,0,41,71,89.8,210,compressorCoolStage1On,Sleep,
2026-07-20T07:35:00.000Z,Front AC,70.9,0,42,71,89.8,90,compressorCoolOff,Sleep,
2026-07-20T07:40:00.000Z,Front AC,71.4,0,42,71,89.8,300,compressorCoolStage1On,Sleep,
2026-07-20T07:45:00.000Z,Front AC,71.2,0,41,71,89.8,300,compressorCoolStage1On,Sleep,
2026-07-20T07:50:00.000Z,Front AC,70.7,0,40,71,89.8,60,compressorCoolStage1On,Sleep,
2026-07-20T07:55:00.000Z,Front AC,70.7,0,42,71,89.8,0,compressorCoolOff,Sleep,
2026-07-20T08:00:00.000Z,Front AC,71.2,0,41,71,88.2,285,compressorCoolOff,Sleep,
2026-07-20T08:05:00.000Z,Front AC,71.1,0,40,71,88.2,270,compressorCoolStage1On,Sleep,
2026-07-20T08:10:00.000Z,Front AC,70.8,0,41,71,88.2,0,compressorCoolOff,Sleep,
2026-07-20T08:15:00.000Z,Front AC,71.2,0,42,71,88.2,270,compressorCoolOff,Sleep,
2026-07-20T08:20:00.000Z,Front AC,71.1,0,41,71,88.2,285,compressorCoolStage1On,Sleep,
2026-07-20T08:25:00.000Z,Front AC,70.7,0,41,71,88.2,0,compressorCoolOff,Sleep,
2026-07-20T08:30:00.000Z,Front AC,71.1,0,42,71,88.2,225,compressorCoolOff,Sleep,
2026-07-20T08:35:00.000Z,Front AC,70.9,0,41,71,88.2,180,compressorCoolStage1On,Sleep,
2026-07-20T08:40:00.000Z,Front AC,70.9,0,42,71,88.2,120,compressorCoolOff,Sleep,
2026-07-20T08:45:00.000Z,Front AC,71.1,0,42,71,88.2,255,compressorCoolStage1On,Sleep,
2026-07-20T08:50:00.000Z,Front AC,70.8,0,42,71,88.2,45,compressorCoolOff,Sleep,
2026-07-20T08:55:00.000Z,Front AC,71.3,0,42,71,88.2,300,compressorCoolStage1On,Sleep,
2026-07-20T09:00:00.000Z,Front AC,70.8,0,42,71,87.3,15,compressorCoolStage1On,Sleep,
2026-07-20T09:05:00.000Z,Front AC,71.2,0,43,71,87.3,285,compressorCoolOff,Sleep,
2026-07-20T09:10:00.000Z,Front AC,70.8,0,42,71,87.3,75,compressorCoolStage1On,Sleep,
2026-07-20T09:15:00.000Z,Front AC,71,0,42,71,87.3,150,compressorCoolOff,Sleep,
2026-07-20T09:20:00.000Z,Front AC,71.2,0,42,71,87.3,255,compressorCoolStage1On,Sleep,
2026-07-20T09:25:00.000Z,Front AC,70.8,0,42,71,87.3,0,compressorCoolOff,Sleep,
2026-07-20T09:30:00.000Z,Front AC,71.1,0,43,71,87.3,285,compressorCoolOff,Sleep,
2026-07-20T09:35:00.000Z,Front AC,71,0,42,71,87.3,75,compressorCoolStage1On,Sleep,
2026-07-20T09:40:00.000Z,Front AC,71.2,0,43,71,87.3,225,compressorCoolOff,Sleep,
2026-07-20T09:45:00.000Z,Front AC,71.1,0,42,71,87.3,180,compressorCoolStage1On,Sleep,
2026-07-20T09:50:00.000Z,Front AC,70.9,0,42,71,87.3,0,compressorCoolOff,Sleep,
2026-07-20T09:55:00.000Z,Front AC,71.2,0,43,71,87.3,285,compressorCoolOff,Sleep,
2026-07-20T10:00:00.000Z,Front AC,71,0,42,71,86.7,105,compressorCoolStage1On,Sleep,
2026-07-20T10:05:00.000Z,Front AC,71.1,0,42,71,86.7,195,compressorCoolOff,Sleep,
2026-07-20T10:10:00.000Z,Front AC,71.3,0,42,71,86.7,270,compressorCoolStage1On,Sleep,
2026-07-20T10:15:00.000Z,Front AC,70.7,0,42,71,86.7,0,compressorCoolOff,Sleep,
2026-07-20T10:20:00.000Z,Front AC,71.1,0,43,71,86.7,210,compressorCoolOff,Sleep,
2026-07-20T10:25:00.000Z,Front AC,71.1,0,42,71,86.7,255,compressorCoolStage1On,Sleep,
2026-07-20T10:30:00.000Z,Front AC,70.7,0,42,71,86.7,0,compressorCoolOff,Sleep,
2026-07-20T10:35:00.000Z,Front AC,71,0,43,71,86.7,195,compressorCoolOff,Sleep,
2026-07-20T10:40:00.000Z,Front AC,70.9,0,42,71,86.7,120,compressorCoolStage1On,Sleep,
2026-07-20T10:45:00.000Z,Front AC,71.1,0,43,71,86.7,180,compressorCoolOff,Sleep,
2026-07-20T10:50:00.000Z,Front AC,71,0,42,71,86.7,210,compressorCoolStage1On,Sleep,
2026-07-20T10:55:00.000Z,Front AC,70.8,0,42,71,86.7,0,compressorCoolOff,Sleep,
2026-07-20T11:00:00.000Z,Front AC,71.2,0,43,71,85.2,270,compressorCoolOff,Sleep,
2026-07-20T11:05:00.000Z,Front AC,71.1,0,42,71,85.2,180,compressorCoolStage1On,Sleep,
2026-07-20T11:10:00.000Z,Front AC,70.9,0,42,71,85.2,0,compressorCoolOff,Sleep,
2026-07-20T11:15:00.000Z,Front AC,71.2,0,43,71,85.2,0,compressorCoolOff,Sleep,
2026-07-20T11:20:00.000Z,Front AC,71.7,0,43,71,85.2,30,compressorCoolOff,Sleep,
2026-07-20T11:25:00.000Z,Front AC,72.1,0,43,71,85.2,300,compressorCoolStage1On,Sleep,
2026-07-20T11:30:00.000Z,Front AC,71.3,0,41,71,85.9,300,compressorCoolStage1On,Sleep,
2026-07-20T11:35:00.000Z,Front AC,70.7,0,41,71,85.9,15,compressorCoolStage1On,Sleep,
2026-07-20T11:40:00.000Z,Front AC,71.2,0,43,71,85.9,0,compressorCoolOff,Sleep,
2026-07-20T11:45:00.000Z,Front AC,71.7,0,43,71,85.9,75,compressorCoolOff,Sleep,
2026-07-20T11:50:00.000Z,Front AC,72,0,42,71,85.9,300,compressorCoolStage1On,Sleep,
2026-07-20T11:55:00.000Z,Front AC,71.3,0,41,71,85.9,300,compressorCoolStage1On,Sleep,
2026-07-20T12:00:00.000Z,Front AC,70.6,0,41,71,84.9,15,compressorCoolStage1On,Sleep,
2026-07-20T12:05:00.000Z,Front AC,70.9,0,42,71,84.9,135,compressorCoolOff,Sleep,
2026-07-20T12:10:00.000Z,Front AC,71.1,0,42,71,84.9,240,compressorCoolStage1On,Sleep,
2026-07-20T12:15:00.000Z,Front AC,70.8,0,42,71,84.9,60,compressorCoolOff,Sleep,
2026-07-20T12:20:00.000Z,Front AC,71.2,0,42,71,84.9,300,compressorCoolStage1On,Sleep,
2026-07-20T12:25:00.000Z,Front AC,70.7,0,41,71,84.9,30,compressorCoolStage1On,Sleep,
2026-07-20T12:30:00.000Z,Front AC,71,0,43,71,84.9,180,compressorCoolOff,Sleep,
2026-07-20T12:35:00.000Z,Front AC,71.1,0,42,71,84.9,180,compressorCoolStage1On,Sleep,
2026-07-20T12:40:00.000Z,Front AC,70.9,0,42,71,84.9,45,compressorCoolOff,Sleep,
2026-07-20T12:45:00.000Z,Front AC,71.1,0,43,71,84.9,300,compressorCoolStage1On,Sleep,
2026-07-20T12:50:00.000Z,Front AC,70.7,0,42,71,84.9,15,compressorCoolStage1On,Sleep,
2026-07-20T12:55:00.000Z,Front AC,71,0,43,71,84.9,135,compressorCoolOff,Sleep,
2026-07-20T13:00:00.000Z,Front AC,71.5,0,42,71,84.4,300,compressorCoolStage1On,Sleep,
2026-07-20T13:05:00.000Z,Front AC,71.3,0,41,71,84.4,300,compressorCoolStage1On,Sleep,
2026-07-20T13:10:00.000Z,Front AC,70.9,0,41,71,84.4,150,compressorCoolStage1On,Sleep,
2026-07-20T13:15:00.000Z,Front AC,70.3,0,41,71,84.4,0,compressorCoolOff,Sleep,
2026-07-20T13:20:00.000Z,Front AC,70.7,0,42,71,84.4,30,compressorCoolOff,Sleep,
2026-07-20T13:25:00.000Z,Front AC,71,0,43,71.4,84.4,270,compressorCoolStage1On,Sleep,
2026-07-20T13:30:00.000Z,Front AC,70.7,0,43,75,84.4,0,compressorCoolOff,Sleep,auto
2026-07-20T13:35:00.000Z,Front AC,71.1,0,45,75,84.4,0,compressorCoolOff,Sleep,auto
2026-07-20T13:40:00.000Z,Front AC,71.6,0,44,75,84.4,0,compressorCoolOff,Sleep,auto
2026-07-20T13:45:00.000Z,Front AC,72.1,0,44,75,84.4,0,compressorCoolOff,Sleep,auto
2026-07-20T13:50:00.000Z,Front AC,72.5,0,44,75,84.4,0,compressorCoolOff,Sleep,auto
2026-07-20T13:55:00.000Z,Front AC,72.8,0,44,75,84.4,0,compressorCoolOff,Sleep,auto
2026-07-20T14:00:00.000Z,Front AC,73,0,44,75,85.6,0,compressorCoolOff,Sleep,auto
2026-07-20T14:05:00.000Z,Front AC,73.2,0,44,75,85.6,0,compressorCoolOff,Sleep,auto
2026-07-20T14:10:00.000Z,Front AC,73.5,0,45,75,85.6,0,compressorCoolOff,Sleep,auto
2026-07-20T14:15:00.000Z,Front AC,73.7,0,45,75,85.6,0,compressorCoolOff,Sleep,auto
2026-07-20T14:20:00.000Z,Front AC,73.8,0,45,75,85.6,0,compressorCoolOff,Sleep,auto
2026-07-20T14:25:00.000Z,Front AC,73.9,0,45,75,85.6,0,compressorCoolOff,Sleep,auto
2026-07-20T14:30:00.000Z,Front AC,74,0,45,75,85.6,0,compressorCoolOff,Sleep,auto
2026-07-20T14:35:00.000Z,Front AC,74.1,0,46,75,85.6,0,compressorCoolOff,Sleep,auto
2026-07-20T14:40:00.000Z,Front AC,74.3,0,46,75,85.6,0,compressorCoolOff,Sleep,auto
2026-07-20T14:45:00.000Z,Front AC,74.5,0,46,75,85.6,0,compressorCoolOff,Sleep,auto
2026-07-20T14:50:00.000Z,Front AC,74.6,0,46,75,85.6,0,compressorCoolOff,Sleep,auto
2026-07-20T14:55:00.000Z,Front AC,74.7,0,45,75,85.6,0,compressorCoolOff,Sleep,auto
2026-07-20T15:00:00.000Z,Front AC,74.9,0,44,75,87.7,0,compressorCoolOff,WFH,auto
2026-07-20T15:05:00.000Z,Front AC,75.1,0,44,75,87.7,210,compressorCoolOff,WFH,auto
2026-07-20T15:10:00.000Z,Front AC,75,0,42,75,87.7,120,compressorCoolStage1On,WFH,auto
2026-07-20T15:15:00.000Z,Front AC,74.4,0,43,75,87.7,0,compressorCoolOff,WFH,auto
2026-07-20T15:20:00.000Z,Front AC,74.2,0,44,75,87.7,0,compressorCoolOff,WFH,auto
2026-07-20T15:25:00.000Z,Front AC,74.5,0,44,75,87.7,0,compressorCoolOff,WFH,auto
2026-07-20T15:30:00.000Z,Front AC,74.7,0,44,75,89.8,0,compressorCoolOff,WFH,auto
2026-07-20T15:35:00.000Z,Front AC,75,0,44,75,89.8,120,compressorCoolOff,WFH,auto
2026-07-20T15:40:00.000Z,Front AC,75.1,0,43,75,89.8,210,compressorCoolStage1On,WFH,auto
2026-07-20T15:45:00.000Z,Front AC,74.6,0,43,75,89.8,0,compressorCoolOff,WFH,auto
2026-07-20T15:50:00.000Z,Front AC,74.3,0,44,75,89.8,0,compressorCoolOff,WFH,auto
2026-07-20T15:55:00.000Z,Front AC,74.5,0,44,75,89.8,0,compressorCoolOff,WFH,auto
2026-07-20T16:00:00.000Z,Front AC,74.8,0,44,75,89.9,0,compressorCoolOff,WFH,auto
2026-07-20T16:05:00.000Z,Front AC,75.1,0,43,75,89.9,270,compressorCoolOff,WFH,auto
2026-07-20T16:10:00.000Z,Front AC,75,0,42,75,89.9,135,compressorCoolStage1On,WFH,auto
2026-07-20T16:15:00.000Z,Front AC,74.3,0,43,75,89.9,0,compressorCoolOff,WFH,auto
2026-07-20T16:20:00.000Z,Front AC,74,0,46,75,89.9,0,compressorCoolOff,WFH,auto
2026-07-20T16:25:00.000Z,Front AC,74.2,0,46,75,89.9,0,compressorCoolOff,WFH,auto
2026-07-20T16:30:00.000Z,Front AC,74.6,0,45,75,89.9,0,compressorCoolOff,WFH,auto
2026-07-20T16:35:00.000Z,Front AC,75,0,44,75,89.9,165,compressorCoolOff,WFH,auto
2026-07-20T16:40:00.000Z,Front AC,75.2,0,43,75,89.9,240,compressorCoolStage1On,WFH,auto
2026-07-20T16:45:00.000Z,Front AC,74.7,0,43,75,89.9,0,compressorCoolOff,WFH,auto
2026-07-20T16:50:00.000Z,Front AC,74.3,0,44,75,89.9,0,compressorCoolOff,WFH,auto
2026-07-20T16:55:00.000Z,Front AC,74.6,0,45,75,89.9,0,compressorCoolOff,WFH,auto
2026-07-20T17:00:00.000Z,Front AC,75.1,0,44,75,91.9,195,compressorCoolOff,WFH,auto
2026-07-20T17:05:00.000Z,Front AC,75.2,0,43,75,91.9,210,compressorCoolStage1On,WFH,auto
2026-07-20T17:10:00.000Z,Front AC,74.5,0,44,75,91.9,0,compressorCoolOff,WFH,auto
2026-07-20T17:15:00.000Z,Front AC,74.6,0,46,75,91.9,0,compressorCoolOff,WFH,auto
2026-07-20T17:20:00.000Z,Front AC,75.2,0,45,75,91.9,240,compressorCoolOff,WFH,auto
2026-07-20T17:25:00.000Z,Front AC,75.2,0,43,75,91.9,240,compressorCoolStage1On,WFH,auto
2026-07-20T17:30:00.000Z,Front AC,74.6,0,44,75,91.9,0,compressorCoolOff,WFH,auto
2026-07-20T17:35:00.000Z,Front AC,74.6,0,45,75,91.9,0,compressorCoolOff,WFH,auto
2026-07-20T17:40:00.000Z,Front AC,75.2,0,45,75,91.9,225,compressorCoolOff,WFH,auto
2026-07-20T17:45:00.000Z,Front AC,75.4,0,43,75,91.9,300,compressorCoolStage1On,WFH,auto
2026-07-20T17:50:00.000Z,Front AC,75.1,0,43,75,91.9,195,compressorCoolStage1On,WFH,auto
2026-07-20T17:55:00.000Z,Front AC,74.5,0,44,76,91.9,0,compressorCoolOff,WFH,
2026-07-20T18:00:00.000Z,Front AC,74.3,0,45,76,94.1,0,compressorCoolOff,WFH,
2026-07-20T18:05:00.000Z,Front AC,74.8,0,45,76,94.1,0,compressorCoolOff,WFH,
2026-07-20T18:10:00.000Z,Front AC,75.4,0,46,76,94.1,0,compressorCoolOff,WFH,
2026-07-20T18:15:00.000Z,Front AC,75.8,0,45,76,94.1,0,compressorCoolOff,WFH,
2026-07-20T18:20:00.000Z,Front AC,76.1,0,44,76,94.1,0,compressorCoolOff,WFH,
2026-07-20T18:25:00.000Z,Front AC,76.4,0,44,76,94.1,105,compressorCoolOff,WFH,hold
2026-07-20T18:30:00.000Z,Front AC,76.6,0,44,76,95.2,300,compressorCoolStage1On,WFH,
2026-07-20T18:35:00.000Z,Front AC,76.2,0,42,76,95.2,240,compressorCoolStage1On,WFH,
2026-07-20T18:40:00.000Z,Front AC,75.6,0,43,76,95.2,0,compressorCoolOff,WFH,
2026-07-20T18:45:00.000Z,Front AC,75.4,0,45,76,95.2,0,compressorCoolOff,WFH,
2026-07-20T18:50:00.000Z,Front AC,75.7,0,46,76,95.2,0,compressorCoolOff,WFH,
2026-07-20T18:55:00.000Z,Front AC,76.2,0,46,76,95.2,15,compressorCoolOff,WFH,
2026-07-20T19:00:00.000Z,Front AC,76.6,0,45,76,96,300,compressorCoolStage1On,WFH,
2026-07-20T19:05:00.000Z,Front AC,76.4,0,43,76,96,300,compressorCoolStage1On,WFH,
2026-07-20T19:10:00.000Z,Front AC,76.2,0,43,76,96,300,compressorCoolStage1On,WFH,
2026-07-20T19:15:00.000Z,Front AC,75.7,0,43,76,96,0,compressorCoolOff,WFH,
2026-07-20T19:20:00.000Z,Front AC,75.2,0,45,76,96,0,compressorCoolOff,WFH,
2026-07-20T19:25:00.000Z,Front AC,75.5,0,46,76,96,0,compressorCoolOff,WFH,
2026-07-20T19:30:00.000Z,Front AC,76,0,46,76,96,0,compressorCoolOff,WFH,
2026-07-20T19:35:00.000Z,Front AC,76.4,0,45,76,96,165,compressorCoolOff,WFH,
2026-07-20T19:40:00.000Z,Front AC,76.7,0,43,76,96,300,compressorCoolStage1On,WFH,
2026-07-20T19:45:00.000Z,Front AC,76.4,0,43,76,96,300,compressorCoolStage1On,WFH,
2026-07-20T19:50:00.000Z,Front AC,76.2,0,43,76,96,240,compressorCoolStage1On,WFH,
2026-07-20T19:55:00.000Z,Front AC,75.5,0,43,76,96,0,compressorCoolOff,WFH,
2026-07-20T20:00:00.000Z,Front AC,75.2,0,44,76,97.9,0,compressorCoolOff,WFH,
2026-07-20T20:05:00.000Z,Front AC,75.4,0,44,76,97.9,0,compressorCoolOff,WFH,
2026-07-20T20:10:00.000Z,Front AC,75.8,0,45,76,97.9,0,compressorCoolOff,WFH,
2026-07-20T20:15:00.000Z,Front AC,76.4,0,44,76,97.9,135,compressorCoolOff,WFH,
2026-07-20T20:20:00.000Z,Front AC,76.8,0,43,76,97.9,300,compressorCoolStage1On,WFH,
2026-07-20T20:25:00.000Z,Front AC,76.5,0,43,76,97.9,300,compressorCoolStage1On,WFH,
2026-07-20T20:30:00.000Z,Front AC,76,0,43,76,97.9,135,compressorCoolStage1On,WFH,
2026-07-20T20:35:00.000Z,Front AC,75.2,0,43,76,97.9,0,compressorCoolOff,WFH,
2026-07-20T20:40:00.000Z,Front AC,75.3,0,44,76,97.9,0,compressorCoolOff,WFH,
2026-07-20T20:45:00.000Z,Front AC,75.8,0,44,76,97.9,0,compressorCoolOff,WFH,
2026-07-20T20:50:00.000Z,Front AC,76.3,0,44,76,97.9,105,compressorCoolOff,WFH,
2026-07-20T20:55:00.000Z,Front AC,76.7,0,44,76,97.9,300,compressorCoolStage1On,WFH,
2026-07-20T21:00:00.000Z,Front AC,76.1,0,44,76,99.8,180,compressorCoolStage1On,WFH,
2026-07-20T21:05:00.000Z,Front AC,75.4,0,44,76,99.8,0,compressorCoolOff,WFH,
2026-07-20T21:10:00.000Z,Front AC,75.7,0,45,76,99.8,0,compressorCoolOff,WFH,
2026-07-20T21:15:00.000Z,Front AC,76.1,0,44,76,99.8,0,compressorCoolOff,WFH,
2026-07-20T21:20:00.000Z,Front AC,76.5,0,43,76,99.8,300,compressorCoolStage1On,WFH,(SmartRecovery)
2026-07-20T21:25:00.000Z,Front AC,76.7,0,43,76,99.8,300,compressorCoolStage1On,WFH,
2026-07-20T21:30:00.000Z,Front AC,76.2,0,43,76,100.1,300,compressorCoolStage1On,WFH,
2026-07-20T21:35:00.000Z,Front AC,75.7,0,43,76,100.1,300,compressorCoolStage1On,WFH,(SmartRecovery)
2026-07-20T21:40:00.000Z,Front AC,75.2,0,43,76,100.1,300,compressorCoolStage1On,WFH,(SmartRecovery)
2026-07-20T21:45:00.000Z,Front AC,74.9,0,44,76,100.1,300,compressorCoolStage1On,WFH,(SmartRecovery)
2026-07-20T21:50:00.000Z,Front AC,74.6,0,44,76,100.1,300,compressorCoolStage1On,WFH,(SmartRecovery)
2026-07-20T21:55:00.000Z,Front AC,74.7,0,43,74.8,100.1,300,compressorCoolStage1On,WFH,(SmartRecovery)
2026-07-20T22:00:00.000Z,Front AC,74.5,0,43,74,100.1,300,compressorCoolStage1On,Home,
2026-07-20T22:05:00.000Z,Front AC,74.3,0,43,74,100.1,300,compressorCoolStage1On,Home,
2026-07-20T22:10:00.000Z,Front AC,73.9,0,43,74,100.1,105,compressorCoolStage1On,Home,
2026-07-20T22:15:00.000Z,Front AC,73.7,0,45,74,100.1,0,compressorCoolOff,Home,
2026-07-20T22:20:00.000Z,Front AC,74.4,0,45,74,100.1,165,compressorCoolOff,Home,
2026-07-20T22:25:00.000Z,Front AC,75,0,44,74,100.1,300,compressorCoolStage1On,Home,
2026-07-20T22:30:00.000Z,Front AC,75.1,0,43,74,100.1,300,compressorCoolStage1On,Home,
2026-07-20T22:35:00.000Z,Front AC,74.9,0,43,74,100.1,300,compressorCoolStage1On,Home,
2026-07-20T22:40:00.000Z,Front AC,74.7,0,43,74,100.1,300,compressorCoolStage1On,Home,
2026-07-20T22:45:00.000Z,Front AC,74.3,0,43,74,100.1,300,compressorCoolStage1On,Home,
2026-07-20T22:50:00.000Z,Front AC,73.8,0,44,74,100.1,60,compressorCoolStage1On,Home,
2026-07-20T22:55:00.000Z,Front AC,73.8,0,45,74,100.1,0,compressorCoolOff,Home,
2026-07-20T23:00:00.000Z,Front AC,74.6,0,45,74,100.1,210,compressorCoolOff,Home,
2026-07-20T23:05:00.000Z,Front AC,75,0,45,74,100.1,300,compressorCoolStage1On,Home,
2026-07-20T23:10:00.000Z,Front AC,75,0,45,74,100.1,300,compressorCoolStage1On,Home,
2026-07-20T23:15:00.000Z,Front AC,74.8,0,45,74,100.1,300,compressorCoolStage1On,Home,
2026-07-20T23:20:00.000Z,Front AC,74.2,0,46,74,100.1,270,compressorCoolStage1On,Home,
2026-07-20T23:25:00.000Z,Front AC,73.7,0,46,74,100.1,0,compressorCoolOff,Home,
2026-07-20T23:30:00.000Z,Front AC,73.9,0,46,74,100.1,0,compressorCoolOff,Home,
2026-07-20T23:35:00.000Z,Front AC,74.8,0,45,74,100.1,270,compressorCoolOff,Home,
2026-07-20T23:40:00.000Z,Front AC,75.3,0,43,74,100.1,300,compressorCoolStage1On,Home,
2026-07-20T23:45:00.000Z,Front AC,75.2,0,42,74,100.1,300,compressorCoolStage1On,Home,
2026-07-20T23:50:00.000Z,Front AC,74.8,0,42,74,100.1,300,compressorCoolStage1On,Home,
2026-07-20T23:55:00.000Z,Front AC,74.4,0,42,74,100.1,300,compressorCoolStage1On,Home,
2026-07-21T00:00:00.000Z,Front AC,74.4,0,43,74,100.1,300,compressorCoolStage1On,Home,
2026-07-21T00:05:00.000Z,Front AC,74.4,0,43,74,100.1,300,compressorCoolStage1On,Home,
2026-07-21T00:10:00.000Z,Front AC,74.3,0,43,74,100.1,300,compressorCoolStage1On,Home,
2026-07-21T00:15:00.000Z,Front AC,74.3,0,43,74,100.1,300,compressorCoolStage1On,Home,
2026-07-21T00:20:00.000Z,Front AC,74.1,0,41,74,100.1,195,compressorCoolStage1On,Home,
2026-07-21T00:25:00.000Z,Front AC,73.8,0,43,74,100.1,0,compressorCoolOff,Home,
2026-07-21T00:30:00.000Z,Front AC,74,0,44,74,100.1,0,compressorCoolOff,Home,
2026-07-21T00:35:00.000Z,Front AC,74.7,0,43,74,100.1,255,compressorCoolOff,Home,
2026-07-21T00:40:00.000Z,Front AC,74.9,0,43,74,100.1,300,compressorCoolStage1On,Home,
2026-07-21T00:45:00.000Z,Front AC,74.7,0,43,74,100.1,300,compressorCoolStage1On,Home,
2026-07-21T00:50:00.000Z,Front AC,74.5,0,43,74,100.1,300,compressorCoolStage1On,Home,
2026-07-21T00:55:00.000Z,Front AC,74.3,0,43,74,100.1,300,compressorCoolStage1On,Home,
2026-07-21T01:00:00.000Z,Front AC,74.2,0,42,74,98,300,compressorCoolStage1On,Home,
2026-07-21T01:05:00.000Z,Front AC,73.9,0,42,74,98,0,compressorCoolOff,Home,
2026-07-21T01:10:00.000Z,Front AC,74.2,0,43,74,98,75,compressorCoolOff,Home,
2026-07-21T01:15:00.000Z,Front AC,74.9,0,43,74,98,300,compressorCoolStage1On,Home,
2026-07-21T01:20:00.000Z,Front AC,74.9,0,43,74,98,300,compressorCoolStage1On,Home,
2026-07-21T01:25:00.000Z,Front AC,74.4,0,42,74,98,300,compressorCoolStage1On,Home,
2026-07-21T01:30:00.000Z,Front AC,74,0,41,74,98.9,135,compressorCoolStage1On,Home,
2026-07-21T01:35:00.000Z,Front AC,74,0,42,74,98.9,0,compressorCoolOff,Home,
2026-07-21T01:40:00.000Z,Front AC,74.6,0,43,74,98.9,210,compressorCoolOff,Home,
2026-07-21T01:45:00.000Z,Front AC,74.9,0,43,74,98.9,300,compressorCoolStage1On,Home,
2026-07-21T01:50:00.000Z,Front AC,74.6,0,42,74,98.9,300,compressorCoolStage1On,Home,
2026-07-21T01:55:00.000Z,Front AC,74.1,0,41,74,98.9,0,compressorCoolOff,Home,
2026-07-21T02:00:00.000Z,Front AC,74.4,0,43,74,97.4,150,compressorCoolOff,Home,
2026-07-21T02:05:00.000Z,Front AC,74.8,0,43,74,97.4,300,compressorCoolStage1On,Home,
2026-07-21T02:10:00.000Z,Front AC,74.5,0,42,74,97.4,285,compressorCoolStage1On,Home,
2026-07-21T02:15:00.000Z,Front AC,74.1,0,41,74,97.4,0,compressorCoolOff,Home,
2026-07-21T02:20:00.000Z,Front AC,74.5,0,43,74,97.4,225,compressorCoolOff,Home,
2026-07-21T02:25:00.000Z,Front AC,74.7,0,42,74,97.4,300,compressorCoolStage1On,Home,
2026-07-21T02:30:00.000Z,Front AC,74.1,0,41,74,97.4,165,compressorCoolStage1On,Home,
2026-07-21T02:35:00.000Z,Front AC,74.1,0,43,74,97.4,0,compressorCoolOff,Home,
2026-07-21T02:40:00.000Z,Front AC,74.4,0,44,74,97.4,180,compressorCoolOff,Home,
2026-07-21T02:45:00.000Z,Front AC,74.4,0,43,74,97.4,300,compressorCoolStage1On,Home,
2026-07-21T02:50:00.000Z,Front AC,73.9,0,43,74,97.4,90,compressorCoolStage1On,Home,
2026-07-21T02:55:00.000Z,Front AC,74,0,44,74,97.4,15,compressorCoolOff,Home,
2026-07-21T03:00:00.000Z,Front AC,74.9,0,43,74,92.1,300,compressorCoolStage1On,Home,
2026-07-21T03:05:00.000Z,Front AC,75.2,0,42,74,92.1,300,compressorCoolStage1On,Home,
2026-07-21T03:10:00.000Z,Front AC,74.6,0,41,74,92.1,300,compressorCoolStage1On,Home,
2026-07-21T03:15:00.000Z,Front AC,74.1,0,41,74,92.1,150,compressorCoolStage1On,Home,
2026-07-21T03:20:00.000Z,Front AC,73.8,0,42,74,92.1,0,compressorCoolOff,Home,
2026-07-21T03:25:00.000Z,Front AC,74.1,0,43,74,92.1,0,compressorCoolOff,Home,
2026-07-21T03:30:00.000Z,Front AC,74.7,0,43,74,92.1,285,compressorCoolOff,Home,
2026-07-21T03:35:00.000Z,Front AC,74.8,0,41,74,92.1,300,compressorCoolStage1On,Home,
2026-07-21T03:40:00.000Z,Front AC,74.4,0,41,74,92.1,300,compressorCoolStage1On,Home,
2026-07-21T03:45:00.000Z,Front AC,73.2,0,41,74,92.1,300,compressorCoolStage1On,Home,(SmartRecovery)
2026-07-21T03:50:00.000Z,Front AC,72.1,0,41,74,92.1,300,compressorCoolStage1On,Home,(SmartRecovery)
2026-07-21T03:55:00.000Z,Front AC,71.4,0,41,74,92.1,300,compressorCoolStage1On,Home,(SmartRecovery)
2026-07-21T04:00:00.000Z,Front AC,71.2,0,41,74,89.3,300,compressorCoolStage1On,Home,(SmartRecovery)
2026-07-21T04:05:00.000Z,Front AC,71,0,41,74,89.3,45,compressorCoolStage1On,Home,(SmartRecovery)
2026-07-21T04:10:00.000Z,Front AC,72.1,0,43,74,89.3,210,compressorCoolOff,Home,
2026-07-21T04:15:00.000Z,Front AC,72.7,0,43,74,89.3,300,compressorCoolStage1On,Home,(SmartRecovery)
2026-07-21T04:20:00.000Z,Front AC,72.3,0,43,74,89.3,300,compressorCoolStage1On,Home,(SmartRecovery)
2026-07-21T04:25:00.000Z,Front AC,71.5,0,41,72.2,89.3,300,compressorCoolStage1On,Home,(SmartRecovery)
2026-07-21T04:30:00.000Z,Front AC,71.2,0,41,71,89.3,300,compressorCoolStage1On,Sleep,
2026-07-21T04:35:00.000Z,Front AC,71.1,0,41,71,89.3,285,compressorCoolStage1On,Sleep,
2026-07-21T04:40:00.000Z,Front AC,70.9,0,41,71,89.3,0,compressorCoolOff,Sleep,
2026-07-21T04:45:00.000Z,Front AC,71.9,0,42,71,89.3,285,compressorCoolOff,Sleep,
2026-07-21T04:50:00.000Z,Front AC,71.5,0,41,71,89.3,300,compressorCoolStage1On,Sleep,
2026-07-21T04:55:00.000Z,Front AC,71.2,0,41,71,89.3,300,compressorCoolStage1On,Sleep,
2026-07-21T05:00:00.000Z,Front AC,71.1,0,41,71,86.1,255,compressorCoolStage1On,Sleep,
2026-07-21T05:05:00.000Z,Front AC,71,0,41,71,86.1,45,compressorCoolOff,Sleep,
2026-07-21T05:10:00.000Z,Front AC,71.5,0,42,71,86.1,300,compressorCoolStage1On,Sleep,
2026-07-21T05:15:00.000Z,Front AC,70.9,0,41,71,86.1,120,compressorCoolStage1On,Sleep,
2026-07-21T05:20:00.000Z,Front AC,71.6,0,43,71,86.1,165,compressorCoolOff,Sleep,
2026-07-21T05:25:00.000Z,Front AC,71.8,0,42,71,86.1,300,compressorCoolStage1On,Sleep,
2026-07-21T05:30:00.000Z,Front AC,71.3,0,42,71,86.9,300,compressorCoolStage1On,Sleep,
2026-07-21T05:35:00.000Z,Front AC,70.8,0,41,71,86.9,60,compressorCoolStage1On,Sleep,
2026-07-21T05:40:00.000Z,Front AC,71.4,0,42,71,86.9,225,compressorCoolOff,Sleep,
2026-07-21T05:45:00.000Z,Front AC,71,0,42,71,86.9,210,compressorCoolStage1On,Sleep,
2026-07-21T05:50:00.000Z,Front AC,71.1,0,42,71,86.9,90,compressorCoolOff,Sleep,
2026-07-21T05:55:00.000Z,Front AC,71.5,0,43,71,86.9,300,compressorCoolStage1On,Sleep,
2026-07-21T06:00:00.000Z,Front AC,71.1,0,42,71,86.8,30,compressorCoolStage1On,Sleep,
2026-07-21T06:05:00.000Z,Front AC,71.7,0,43,71,86.8,270,compressorCoolOff,Sleep,
2026-07-21T06:10:00.000Z,Front AC,71.1,0,42,71,86.8,225,compressorCoolStage1On,Sleep,
2026-07-21T06:15:00.000Z,Front AC,71,0,42,71,86.8,75,compressorCoolOff,Sleep,
2026-07-21T06:20:00.000Z,Front AC,71.3,0,42,71,86.8,285,compressorCoolStage1On,Sleep,
2026-07-21T06:25:00.000Z,Front AC,70.9,0,42,71,86.8,15,compressorCoolOff,Sleep,
2026-07-21T06:30:00.000Z,Front AC,71.5,0,43,71,86.8,300,compressorCoolStage1On,Sleep,
2026-07-21T06:35:00.000Z,Front AC,71,0,42,71,86.8,90,compressorCoolStage1On,Sleep,
2026-07-21T06:40:00.000Z,Front AC,71.3,0,43,71,86.8,210,compressorCoolOff,Sleep,
2026-07-21T06:45:00.000Z,Front AC,71.1,0,42,71,86.8,225,compressorCoolStage1On,Sleep,
2026-07-21T06:50:00.000Z,Front AC,70.9,0,43,71,86.8,75,compressorCoolOff,Sleep,
2026-07-21T06:55:00.000Z,Front AC,71.4,0,43,71,86.8,300,compressorCoolStage1On,Sleep,
2026-07-21T07:00:00.000Z,Front AC,70.9,0,42,71,84.1,180,compressorCoolStage1On,Sleep,
2026-07-21T07:05:00.000Z,Front AC,70.8,0,43,71,84.1,75,compressorCoolOff,Sleep,
2026-07-21T07:10:00.000Z,Front AC,71,0,43,71,84.1,240,compressorCoolStage1On,Sleep,
2026-07-21T07:15:00.000Z,Front AC,70.9,0,43,71,84.1,60,compressorCoolOff,Sleep,
2026-07-21T07:20:00.000Z,Front AC,71.2,0,43,71,84.1,300,compressorCoolStage1On,Sleep,
2026-07-21T07:25:00.000Z,Front AC,70.8,0,43,71,84.1,0,compressorCoolOff,Sleep,
2026-07-21T07:30:00.000Z,Front AC,71.3,0,44,71,84.1,285,compressorCoolOff,Sleep,
2026-07-21T07:35:00.000Z,Front AC,70.9,0,43,71,84.1,90,compressorCoolStage1On,Sleep,
2026-07-21T07:40:00.000Z,Front AC,71.1,0,44,71,84.1,195,compressorCoolOff,Sleep,
2026-07-21T07:45:00.000Z,Front AC,71.1,0,44,71,84.1,195,compressorCoolStage1On,Sleep,
2026-07-21T07:50:00.000Z,Front AC,70.9,0,44,71,84.1,90,compressorCoolOff,Sleep,
2026-07-21T07:55:00.000Z,Front AC,70.9,0,44,71,84.1,210,compressorCoolStage1On,Sleep,
2026-07-21T08:00:00.000Z,Front AC,70.7,0,44,71,82.7,30,compressorCoolOff,Sleep,
2026-07-21T08:05:00.000Z,Front AC,71.3,0,44,71,82.7,300,compressorCoolStage1On,Sleep,
2026-07-21T08:10:00.000Z,Front AC,70.9,0,43,71,82.7,75,compressorCoolStage1On,Sleep,
2026-07-21T08:15:00.000Z,Front AC,71.2,0,44,71,82.7,225,compressorCoolOff,Sleep,
2026-07-21T08:20:00.000Z,Front AC,71.2,0,43,71,82.7,300,compressorCoolStage1On,Sleep,
2026-07-21T08:25:00.000Z,Front AC,70.9,0,43,71,82.7,75,compressorCoolStage1On,Sleep,
2026-07-21T08:30:00.000Z,Front AC,71,0,44,71,82.7,135,compressorCoolOff,Sleep,
2026-07-21T08:35:00.000Z,Front AC,71.1,0,43,71,82.7,225,compressorCoolStage1On,Sleep,
2026-07-21T08:40:00.000Z,Front AC,70.8,0,44,71,82.7,45,compressorCoolOff,Sleep,
2026-07-21T08:45:00.000Z,Front AC,71.1,0,44,71,82.7,255,compressorCoolStage1On,Sleep,
2026-07-21T08:50:00.000Z,Front AC,70.9,0,44,71,82.7,30,compressorCoolOff,Sleep,
2026-07-21T08:55:00.000Z,Front AC,71.2,0,45,71,82.7,300,compressorCoolStage1On,Sleep,
2026-07-21T09:00:00.000Z,Front AC,70.9,0,44,71,81.4,90,compressorCoolStage1On,Sleep,
2026-07-21T09:05:00.000Z,Front AC,71,0,44,71,81.4,180,compressorCoolOff,Sleep,
2026-07-21T09:10:00.000Z,Front AC,71,0,44,71,81.4,165,compressorCoolStage1On,Sleep,
2026-07-21T09:15:00.000Z,Front AC,71.1,0,44,71,81.4,135,compressorCoolOff,Sleep,
2026-07-21T09:20:00.000Z,Front AC,71.1,0,44,71,81.4,240,compressorCoolStage1On,Sleep,
2026-07-21T09:25:00.000Z,Front AC,70.7,0,44,71,81.4,0,compressorCoolOff,Sleep,
2026-07-21T09:30:00.000Z,Front AC,71.2,0,44,71,81.4,300,compressorCoolStage1On,Sleep,
2026-07-21T09:35:00.000Z,Front AC,70.8,0,44,71,81.4,15,compressorCoolStage1On,Sleep,
2026-07-21T09:40:00.000Z,Front AC,71.2,0,45,71,81.4,240,compressorCoolOff,Sleep,
2026-07-21T09:45:00.000Z,Front AC,71,0,44,71,81.4,135,compressorCoolStage1On,Sleep,
2026-07-21T09:50:00.000Z,Front AC,71.1,0,44,71,81.4,165,compressorCoolOff,Sleep,
2026-07-21T09:55:00.000Z,Front AC,70.9,0,44,71,81.4,150,compressorCoolStage1On,Sleep,
2026-07-21T10:00:00.000Z,Front AC,70.8,0,44,71,80.9,75,compressorCoolOff,Sleep,
2026-07-21T10:05:00.000Z,Front AC,71.1,0,44,71,80.9,240,compressorCoolStage1On,Sleep,
2026-07-21T10:10:00.000Z,Front AC,70.8,0,44,71,80.9,30,compressorCoolOff,Sleep,
2026-07-21T10:15:00.000Z,Front AC,71.1,0,44,71,80.9,300,compressorCoolStage1On,Sleep,
2026-07-21T10:20:00.000Z,Front AC,70.9,0,44,71,80.9,30,compressorCoolStage1On,Sleep,
2026-07-21T10:25:00.000Z,Front AC,71.1,0,45,71,80.9,255,compressorCoolOff,Sleep,
2026-07-21T10:30:00.000Z,Front AC,70.5,0,44,71,81,45,compressorCoolStage1On,Sleep,
2026-07-21T10:35:00.000Z,Front AC,71,0,45,71,81,135,compressorCoolOff,Sleep,
2026-07-21T10:40:00.000Z,Front AC,71.1,0,44,71,81,210,compressorCoolStage1On,Sleep,
2026-07-21T10:45:00.000Z,Front AC,70.8,0,44,71,81,45,compressorCoolOff,Sleep,
2026-07-21T10:50:00.000Z,Front AC,71.2,0,44,71,81,255,compressorCoolStage1On,Sleep,
2026-07-21T10:55:00.000Z,Front AC,70.9,0,44,71,81,30,compressorCoolOff,Sleep,
2026-07-21T11:00:00.000Z,Front AC,71.1,0,44,71,80.3,285,compressorCoolStage1On,Sleep,
2026-07-21T11:05:00.000Z,Front AC,70.7,0,44,71,80.3,0,compressorCoolOff,Sleep,
2026-07-21T11:10:00.000Z,Front AC,71.1,0,45,71,80.3,225,compressorCoolOff,Sleep,
2026-07-21T11:15:00.000Z,Front AC,71.1,0,44,71,80.3,225,compressorCoolStage1On,Sleep,
2026-07-21T11:20:00.000Z,Front AC,70.7,0,44,71,80.3,0,compressorCoolOff,Sleep,
2026-07-21T11:25:00.000Z,Front AC,71.1,0,44,71,80.3,255,compressorCoolOff,Sleep,
2026-07-21T11:30:00.000Z,Front AC,70.6,0,44,71,80.3,45,compressorCoolStage1On,Sleep,
2026-07-21T11:35:00.000Z,Front AC,70.9,0,45,71,80.3,135,compressorCoolOff,Sleep,
2026-07-21T11:40:00.000Z,Front AC,71,0,44,71,80.3,165,compressorCoolStage1On,Sleep,
2026-07-21T11:45:00.000Z,Front AC,70.9,0,44,71,80.3,90,compressorCoolOff,Sleep,
2026-07-21T11:50:00.000Z,Front AC,71,0,44,71,80.3,210,compressorCoolStage1On,Sleep,
2026-07-21T11:55:00.000Z,Front AC,70.6,0,44,71,80.3,0,compressorCoolOff,Sleep,
2026-07-21T12:00:00.000Z,Front AC,71.1,0,45,71,79.7,285,compressorCoolOff,Sleep,
2026-07-21T12:05:00.000Z,Front AC,71,0,43,71,79.7,120,compressorCoolStage1On,Sleep,
2026-07-21T12:10:00.000Z,Front AC,71,0,44,71,79.7,165,compressorCoolOff,Sleep,
2026-07-21T12:15:00.000Z,Front AC,70.8,0,44,71,79.7,135,compressorCoolStage1On,Sleep,
2026-07-21T12:20:00.000Z,Front AC,70.8,0,44,71,79.7,45,compressorCoolOff,Sleep,
2026-07-21T12:25:00.000Z,Front AC,71.1,0,44,71,79.7,270,compressorCoolStage1On,Sleep,
2026-07-21T12:30:00.000Z,Front AC,70.7,0,44,71,79.7,0,compressorCoolOff,Sleep,
2026-07-21T12:35:00.000Z,Front AC,71.1,0,45,71,79.7,225,compressorCoolOff,Sleep,
2026-07-21T12:40:00.000Z,Front AC,70.9,0,44,71,79.7,90,compressorCoolStage1On,Sleep,
2026-07-21T12:45:00.000Z,Front AC,70.9,0,44,71,79.7,120,compressorCoolOff,Sleep,
2026-07-21T12:50:00.000Z,Front AC,70.9,0,45,71,79.7,180,compressorCoolStage1On,Sleep,
2026-07-21T12:55:00.000Z,Front AC,70.7,0,46,71,79.7,15,compressorCoolOff,Sleep,
2026-07-21T13:00:00.000Z,Front AC,71.4,0,45,71,79.9,300,compressorCoolStage1On,Sleep,
2026-07-21T13:05:00.000Z,Front AC,71.8,0,45,71,79.9,300,compressorCoolStage1On,Sleep,
2026-07-21T13:10:00.000Z,Front AC,71.5,0,44,71,79.9,300,compressorCoolStage1On,Sleep,
2026-07-21T13:15:00.000Z,Front AC,70.6,0,44,71,79.9,30,compressorCoolStage1On,Sleep,
2026-07-21T13:20:00.000Z,Front AC,70.5,0,44,71,79.9,0,compressorCoolOff,Sleep,
2026-07-21T13:25:00.000Z,Front AC,71.1,0,44,71,79.9,195,compressorCoolOff,Sleep,
2026-07-21T13:30:00.000Z,Front AC,71.5,0,44,71,81.4,300,compressorCoolStage1On,Sleep,
2026-07-21T13:35:00.000Z,Front AC,70.7,0,43,71,81.4,60,compressorCoolStage1On,Sleep,
2026-07-21T13:40:00.000Z,Front AC,70.6,0,44,71,81.4,0,compressorCoolOff,Sleep,
2026-07-21T13:45:00.000Z,Front AC,71.2,0,44,71,81.4,270,compressorCoolOff,Sleep,
2026-07-21T13:50:00.000Z,Front AC,70.7,0,45,71,81.4,30,compressorCoolStage1On,Sleep,
2026-07-21T13:55:00.000Z,Front AC,71.1,0,45,71,81.4,195,compressorCoolOff,Sleep,
2026-07-21T14:00:00.000Z,Front AC,71.1,0,45,71,82.5,210,compressorCoolStage1On,Sleep,
2026-07-21T14:05:00.000Z,Front AC,70.8,0,45,71,82.5,30,compressorCoolOff,Sleep,
2026-07-21T14:10:00.000Z,Front AC,71.1,0,46,71,82.5,270,compressorCoolStage1On,Sleep,
2026-07-21T14:15:00.000Z,Front AC,70.8,0,46,71,82.5,0,compressorCoolOff,Sleep,
2026-07-21T14:20:00.000Z,Front AC,71.3,0,46,71,82.5,285,compressorCoolOff,Sleep,
2026-07-21T14:25:00.000Z,Front AC,71.1,0,46,73.7,82.5,135,compressorCoolStage1On,Sleep,
2026-07-21T14:30:00.000Z,Front AC,71.1,0,46,76,82.5,0,compressorCoolOff,WFH,
2026-07-21T14:35:00.000Z,Front AC,71.8,0,46,76,82.5,0,compressorCoolOff,WFH,
2026-07-21T14:40:00.000Z,Front AC,72.6,0,46,76,82.5,0,compressorCoolOff,WFH,
2026-07-21T14:45:00.000Z,Front AC,73.2,0,46,76,82.5,0,compressorCoolOff,WFH,
2026-07-21T14:50:00.000Z,Front AC,73.7,0,46,76,82.5,0,compressorCoolOff,WFH,
2026-07-21T14:55:00.000Z,Front AC,74.1,0,45,76,82.5,0,compressorCoolOff,WFH,
2026-07-21T15:00:00.000Z,Front AC,74.5,0,44,76,82.4,0,compressorCoolOff,WFH,
2026-07-21T15:05:00.000Z,Front AC,74.8,0,44,76,82.4,0,compressorCoolOff,WFH,
2026-07-21T15:10:00.000Z,Front AC,75,0,46,76,82.4,0,compressorCoolOff,WFH,
2026-07-21T15:15:00.000Z,Front AC,75.1,0,45,76,82.4,0,compressorCoolOff,WFH,
2026-07-21T15:20:00.000Z,Front AC,75.2,0,44,76,82.4,0,compressorCoolOff,WFH,
2026-07-21T15:25:00.000Z,Front AC,75.5,0,44,76,82.4,0,compressorCoolOff,WFH,
2026-07-21T15:30:00.000Z,Front AC,75.8,0,44,76,82.4,0,compressorCoolOff,WFH,
2026-07-21T15:35:00.000Z,Front AC,76,0,45,76,82.4,120,compressorCoolOff,WFH,
2026-07-21T15:40:00.000Z,Front AC,75.7,0,45,76,82.4,180,compressorCoolStage1On,WFH,
2026-07-21T15:45:00.000Z,Front AC,75.1,0,46,76,82.4,0,compressorCoolOff,WFH,
2026-07-21T15:50:00.000Z,Front AC,75.5,0,46,76,82.4,0,compressorCoolOff,WFH,
2026-07-21T15:55:00.000Z,Front AC,76,0,46,76,82.4,180,compressorCoolOff,WFH,
2026-07-21T16:00:00.000Z,Front AC,75.9,0,45,76,84.3,135,compressorCoolStage1On,WFH,
2026-07-21T16:05:00.000Z,Front AC,75.6,0,46,76,84.3,0,compressorCoolOff,WFH,
2026-07-21T16:10:00.000Z,Front AC,75.8,0,46,76,84.3,0,compressorCoolOff,WFH,
2026-07-21T16:15:00.000Z,Front AC,76,0,46,76,84.3,150,compressorCoolOff,WFH,
2026-07-21T16:20:00.000Z,Front AC,76.2,0,45,76,84.3,300,compressorCoolStage1On,WFH,
2026-07-21T16:25:00.000Z,Front AC,76,0,45,76,84.3,135,compressorCoolStage1On,WFH,
2026-07-21T16:30:00.000Z,Front AC,75.4,0,45,76,87.1,0,compressorCoolOff,WFH,
2026-07-21T16:35:00.000Z,Front AC,75.4,0,46,76,87.1,0,compressorCoolOff,WFH,
2026-07-21T16:40:00.000Z,Front AC,75.8,0,46,76,87.1,30,compressorCoolOff,WFH,
2026-07-21T16:45:00.000Z,Front AC,76.3,0,45,76,87.1,300,compressorCoolStage1On,WFH,
2026-07-21T16:50:00.000Z,Front AC,76.3,0,44,76,87.1,300,compressorCoolStage1On,WFH,
2026-07-21T16:55:00.000Z,Front AC,75.8,0,44,76,87.1,75,compressorCoolStage1On,WFH,
2026-07-21T17:00:00.000Z,Front AC,75.1,0,45,76,87.4,0,compressorCoolOff,WFH,
2026-07-21T17:05:00.000Z,Front AC,75.3,0,46,76,87.4,0,compressorCoolOff,WFH,
2026-07-21T17:10:00.000Z,Front AC,75.9,0,46,76,87.4,0,compressorCoolOff,WFH,
2026-07-21T17:15:00.000Z,Front AC,76.4,0,45,76,87.4,150,compressorCoolOff,WFH,
2026-07-21T17:20:00.000Z,Front AC,76.8,0,44,76,87.4,300,compressorCoolStage1On,WFH,
2026-07-21T17:25:00.000Z,Front AC,76.5,0,43,76,87.4,300,compressorCoolStage1On,WFH,
2026-07-21T17:30:00.000Z,Front AC,75.9,0,43,76,87.4,105,compressorCoolStage1On,WFH,
2026-07-21T17:35:00.000Z,Front AC,75.2,0,44,76,87.4,0,compressorCoolOff,WFH,
2026-07-21T17:40:00.000Z,Front AC,75.5,0,45,76,87.4,0,compressorCoolOff,WFH,
2026-07-21T17:45:00.000Z,Front AC,76.1,0,44,76,87.4,180,compressorCoolOff,WFH,
2026-07-21T17:50:00.000Z,Front AC,76.4,0,44,76,87.4,300,compressorCoolStage1On,WFH,
2026-07-21T17:55:00.000Z,Front AC,76.2,0,43,76,87.4,255,compressorCoolStage1On,WFH,
2026-07-21T18:00:00.000Z,Front AC,75.6,0,43,76,89.8,0,compressorCoolOff,WFH,
2026-07-21T18:05:00.000Z,Front AC,75.4,0,44,76,89.8,0,compressorCoolOff,WFH,
2026-07-21T18:10:00.000Z,Front AC,75.8,0,46,76,89.8,45,compressorCoolOff,WFH,
2026-07-21T18:15:00.000Z,Front AC,76.4,0,44,76,89.8,300,compressorCoolStage1On,WFH,
2026-07-21T18:20:00.000Z,Front AC,76.3,0,43,76,89.8,300,compressorCoolStage1On,WFH,
2026-07-21T18:25:00.000Z,Front AC,75.9,0,43,76,89.8,105,compressorCoolStage1On,WFH,
2026-07-21T18:30:00.000Z,Front AC,75.3,0,44,76,89.8,0,compressorCoolOff,WFH,
2026-07-21T18:35:00.000Z,Front AC,75.5,0,45,76,89.8,0,compressorCoolOff,WFH,
2026-07-21T18:40:00.000Z,Front AC,76,0,44,76,89.8,150,compressorCoolOff,WFH,
2026-07-21T18:45:00.000Z,Front AC,76.4,0,43,76,89.8,300,compressorCoolStage1On,WFH,
2026-07-21T18:50:00.000Z,Front AC,76.3,0,43,76,89.8,300,compressorCoolStage1On,WFH,
2026-07-21T18:55:00.000Z,Front AC,75.7,0,43,76,89.8,45,compressorCoolStage1On,WFH,
2026-07-21T19:00:00.000Z,Front AC,75.2,0,44,76,92.8,0,compressorCoolOff,WFH,
2026-07-21T19:05:00.000Z,Front AC,75.5,0,44,76,92.8,0,compressorCoolOff,WFH,
2026-07-21T19:10:00.000Z,Front AC,76.1,0,44,76,92.8,0,compressorCoolOff,WFH,
2026-07-21T19:15:00.000Z,Front AC,76.6,0,44,76,92.8,270,compressorCoolOff,WFH,
2026-07-21T19:20:00.000Z,Front AC,76.8,0,43,76,92.8,300,compressorCoolStage1On,WFH,
2026-07-21T19:25:00.000Z,Front AC,76.4,0,43,76,92.8,300,compressorCoolStage1On,WFH,
2026-07-21T19:30:00.000Z,Front AC,75.6,0,43,76,92.8,30,compressorCoolStage1On,WFH,
2026-07-21T19:35:00.000Z,Front AC,75.1,0,44,76,92.8,0,compressorCoolOff,WFH,
2026-07-21T19:40:00.000Z,Front AC,75.4,0,44,76,92.8,0,compressorCoolOff,WFH,
2026-07-21T19:45:00.000Z,Front AC,76,0,44,76,92.8,0,compressorCoolOff,WFH,
2026-07-21T19:50:00.000Z,Front AC,76.5,0,43,76,92.8,210,compressorCoolOff,WFH,
2026-07-21T19:55:00.000Z,Front AC,76.7,0,43,76,92.8,300,compressorCoolStage1On,WFH,
2026-07-21T20:00:00.000Z,Front AC,76.3,0,43,76,94.5,300,compressorCoolStage1On,WFH,
2026-07-21T20:05:00.000Z,Front AC,75.5,0,43,76,94.5,0,compressorCoolOff,WFH,
2026-07-21T20:10:00.000Z,Front AC,75,0,44,76,94.5,0,compressorCoolOff,WFH,
2026-07-21T20:15:00.000Z,Front AC,75.3,0,44,76,94.5,0,compressorCoolOff,WFH,
2026-07-21T20:20:00.000Z,Front AC,75.9,0,44,76,94.5,0,compressorCoolOff,WFH,
2026-07-21T20:25:00.000Z,Front AC,76.4,0,44,76,94.5,165,compressorCoolOff,WFH,
2026-07-21T20:30:00.000Z,Front AC,76.8,0,43,76,94.5,300,compressorCoolStage1On,WFH,
2026-07-21T20:35:00.000Z,Front AC,76.4,0,43,76,94.5,300,compressorCoolStage1On,WFH,
2026-07-21T20:40:00.000Z,Front AC,75.7,0,43,76,94.5,60,compressorCoolStage1On,WFH,
2026-07-21T20:45:00.000Z,Front AC,75.1,0,44,76,94.5,0,compressorCoolOff,WFH,
2026-07-21T20:50:00.000Z,Front AC,75.3,0,44,76,94.5,0,compressorCoolOff,WFH,
2026-07-21T20:55:00.000Z,Front AC,75.9,0,44,76,94.5,0,compressorCoolOff,WFH,
2026-07-21T21:00:00.000Z,Front AC,76.4,0,44,76,95.7,150,compressorCoolOff,WFH,
2026-07-21T21:05:00.000Z,Front AC,76.8,0,43,76,95.7,300,compressorCoolStage1On,WFH,
2026-07-21T21:10:00.000Z,Front AC,76.5,0,43,76,95.7,300,compressorCoolStage1On,WFH,
2026-07-21T21:15:00.000Z,Front AC,76,0,43,76,95.7,300,compressorCoolStage1On,WFH,
2026-07-21T21:20:00.000Z,Front AC,75.3,0,43,76,95.7,300,compressorCoolStage1On,WFH,(SmartRecovery)
2026-07-21T21:25:00.000Z,Front AC,74.9,0,43,74.9,95.7,300,compressorCoolStage1On,WFH,(SmartRecovery)
2026-07-21T21:30:00.000Z,Front AC,74.2,0,43,74,95.8,270,compressorCoolStage1On,Home,
2026-07-21T21:35:00.000Z,Front AC,73.9,0,44,74,95.8,0,compressorCoolOff,Home,
2026-07-21T21:40:00.000Z,Front AC,74.2,0,45,74,95.8,75,compressorCoolOff,Home,
2026-07-21T21:45:00.000Z,Front AC,74.9,0,44,74,95.8,300,compressorCoolStage1On,Home,
2026-07-21T21:50:00.000Z,Front AC,75.1,0,43,74,95.8,300,compressorCoolStage1On,Home,
2026-07-21T21:55:00.000Z,Front AC,74.9,0,43,74,95.8,300,compressorCoolStage1On,Home,
2026-07-21T22:00:00.000Z,Front AC,74.6,0,43,74,96.6,300,compressorCoolStage1On,Home,
2026-07-21T22:05:00.000Z,Front AC,74.4,0,43,74,96.6,300,compressorCoolStage1On,Home,
2026-07-21T22:10:00.000Z,Front AC,73.8,0,43,74,96.6,60,compressorCoolStage1On,Home,
2026-07-21T22:15:00.000Z,Front AC,73.6,0,45,74,96.6,0,compressorCoolOff,Home,
2026-07-21T22:20:00.000Z,Front AC,74.4,0,45,74,96.6,165,compressorCoolOff,Home,
2026-07-21T22:25:00.000Z,Front AC,75,0,44,74,96.6,300,compressorCoolStage1On,Home,
2026-07-21T22:30:00.000Z,Front AC,74.9,0,43,74,96.6,300,compressorCoolStage1On,Home,
2026-07-21T22:35:00.000Z,Front AC,74.8,0,43,74,96.6,300,compressorCoolStage1On,Home,
2026-07-21T22:40:00.000Z,Front AC,74.5,0,43,74,96.6,300,compressorCoolStage1On,Home,
2026-07-21T22:45:00.000Z,Front AC,74.1,0,43,74,96.6,225,compressorCoolStage1On,Home,
2026-07-21T22:50:00.000Z,Front AC,73.6,0,44,74,96.6,0,compressorCoolOff,Home,
2026-07-21T22:55:00.000Z,Front AC,73.9,0,45,74,96.6,0,compressorCoolOff,Home,
2026-07-21T23:00:00.000Z,Front AC,74.7,0,44,74,96.6,255,compressorCoolOff,Home,
2026-07-21T23:05:00.000Z,Front AC,75,0,43,74,96.6,300,compressorCoolStage1On,Home,
2026-07-21T23:10:00.000Z,Front AC,74.9,0,43,74,96.6,300,compressorCoolStage1On,Home,
2026-07-21T23:15:00.000Z,Front AC,74.8,0,43,74,96.6,300,compressorCoolStage1On,Home,
2026-07-21T23:20:00.000Z,Front AC,74.4,0,43,74,96.6,300,compressorCoolStage1On,Home,
2026-07-21T23:25:00.000Z,Front AC,74,0,43,74.9,96.6,135,compressorCoolStage1On,Home,
2026-07-21T23:30:00.000Z,Front AC,73.6,0,45,75.8,96.6,0,compressorCoolOff,Home,smartAway
2026-07-21T23:35:00.000Z,Front AC,74.2,0,45,75.8,96.6,0,compressorCoolOff,Home,smartAway
2026-07-21T23:40:00.000Z,Front AC,74.9,0,44,75.8,96.6,0,compressorCoolOff,Home,smartAway
2026-07-21T23:45:00.000Z,Front AC,75.6,0,44,75,96.6,120,compressorCoolOff,Home,smartAway
2026-07-21T23:50:00.000Z,Front AC,76.1,0,43,74,96.6,300,compressorCoolStage1On,Home,
2026-07-21T23:55:00.000Z,Front AC,76,0,43,74,96.6,300,compressorCoolStage1On,Home,
2026-07-22T00:00:00.000Z,Front AC,75.4,0,43,74,95.8,300,compressorCoolStage1On,Home,
2026-07-22T00:05:00.000Z,Front AC,75,0,43,74,95.8,285,compressorCoolStage1On,Home,
2026-07-22T00:10:00.000Z,Front AC,74.6,0,43,75,95.8,0,compressorCoolOff,Home,auto
2026-07-22T00:15:00.000Z,Front AC,74.5,0,44,75,95.8,0,compressorCoolOff,Home,auto
2026-07-22T00:20:00.000Z,Front AC,75,0,45,75,95.8,0,compressorCoolOff,Home,auto
2026-07-22T00:25:00.000Z,Front AC,75.6,0,45,75,95.8,240,compressorCoolOff,Home,auto
2026-07-22T00:30:00.000Z,Front AC,76,0,43,75,95.8,300,compressorCoolStage1On,Home,auto
2026-07-22T00:35:00.000Z,Front AC,75.7,0,43,75,95.8,300,compressorCoolStage1On,Home,auto
2026-07-22T00:40:00.000Z,Front AC,75.2,0,43,75,95.8,300,compressorCoolStage1On,Home,auto
2026-07-22T00:45:00.000Z,Front AC,74.8,0,43,75,95.8,0,compressorCoolOff,Home,auto
2026-07-22T00:50:00.000Z,Front AC,74.6,0,45,75,95.8,0,compressorCoolOff,Home,auto
2026-07-22T00:55:00.000Z,Front AC,75,0,46,75,95.8,0,compressorCoolOff,Home,auto
2026-07-22T01:00:00.000Z,Front AC,75.8,0,45,75,95.1,300,compressorCoolStage1On,Home,auto
2026-07-22T01:05:00.000Z,Front AC,76.1,0,43,75,95.1,300,compressorCoolStage1On,Home,auto
2026-07-22T01:10:00.000Z,Front AC,76,0,43,75,95.1,300,compressorCoolStage1On,Home,auto
2026-07-22T01:15:00.000Z,Front AC,75.7,0,43,75,95.1,300,compressorCoolStage1On,Home,auto
2026-07-22T01:20:00.000Z,Front AC,75.2,0,43,75,95.1,285,compressorCoolStage1On,Home,auto
2026-07-22T01:25:00.000Z,Front AC,74.8,0,43,75,95.1,0,compressorCoolOff,Home,auto
2026-07-22T01:30:00.000Z,Front AC,74.8,0,44,75,96.2,0,compressorCoolOff,Home,auto
2026-07-22T01:35:00.000Z,Front AC,75.4,0,44,75,96.2,135,compressorCoolOff,Home,auto
2026-07-22T01:40:00.000Z,Front AC,76.1,0,43,75,96.2,300,compressorCoolStage1On,Home,auto
2026-07-22T01:45:00.000Z,Front AC,76.1,0,43,75,96.2,300,compressorCoolStage1On,Home,auto
2026-07-22T01:50:00.000Z,Front AC,75.4,0,43,75,96.2,300,compressorCoolStage1On,Home,auto
2026-07-22T01:55:00.000Z,Front AC,75.1,0,43,75,96.2,210,compressorCoolStage1On,Home,auto
2026-07-22T02:00:00.000Z,Front AC,74.7,0,43,75,93.9,0,compressorCoolOff,Home,auto
2026-07-22T02:05:00.000Z,Front AC,74.7,0,44,75,93.9,0,compressorCoolOff,Home,auto
2026-07-22T02:10:00.000Z,Front AC,75.3,0,44,75,93.9,120,compressorCoolOff,Home,auto
2026-07-22T02:15:00.000Z,Front AC,75.7,0,43,75,93.9,300,compressorCoolStage1On,Home,auto
2026-07-22T02:20:00.000Z,Front AC,75.5,0,42,75,93.9,285,compressorCoolStage1On,Home,auto
2026-07-22T02:25:00.000Z,Front AC,74.9,0,42,75,93.9,0,compressorCoolOff,Home,auto
2026-07-22T02:30:00.000Z,Front AC,74.8,0,43,75,91.1,0,compressorCoolOff,Home,auto
2026-07-22T02:35:00.000Z,Front AC,75.1,0,44,75,91.1,15,compressorCoolOff,Home,auto
2026-07-22T02:40:00.000Z,Front AC,75.7,0,43,75,91.1,300,compressorCoolStage1On,Home,auto
2026-07-22T02:45:00.000Z,Front AC,75.8,0,43,75,91.1,300,compressorCoolStage1On,Home,auto
2026-07-22T02:50:00.000Z,Front AC,75,0,42,75,91.1,75,compressorCoolStage1On,Home,auto
2026-07-22T02:55:00.000Z,Front AC,74.9,0,43,75,91.1,0,compressorCoolOff,Home,auto
2026-07-22T03:00:00.000Z,Front AC,75.4,0,44,75,86.8,165,compressorCoolOff,Home,auto
2026-07-22T03:05:00.000Z,Front AC,75.4,0,43,75,86.8,300,compressorCoolStage1On,Home,auto
2026-07-22T03:10:00.000Z,Front AC,74.9,0,42,75,86.8,75,compressorCoolStage1On,Home,auto
2026-07-22T03:15:00.000Z,Front AC,74.9,0,43,75,86.8,0,compressorCoolOff,Home,auto
2026-07-22T03:20:00.000Z,Front AC,75.5,0,43,75,86.8,210,compressorCoolOff,Home,auto
2026-07-22T03:25:00.000Z,Front AC,75.9,0,42,75,86.8,300,compressorCoolStage1On,Home,auto
2026-07-22T03:30:00.000Z,Front AC,75,0,41,75,89,120,compressorCoolStage1On,Home,auto
2026-07-22T03:35:00.000Z,Front AC,74.7,0,42,75,89,0,compressorCoolOff,Home,auto
2026-07-22T03:40:00.000Z,Front AC,75,0,43,74.3,89,195,compressorCoolOff,Home,auto
2026-07-22T03:45:00.000Z,Front AC,75.1,0,42,74,89,300,compressorCoolStage1On,Home,
2026-07-22T03:50:00.000Z,Front AC,74.4,0,41,74,89,300,compressorCoolStage1On,Home,
2026-07-22T03:55:00.000Z,Front AC,73.5,0,41,74,89,300,compressorCoolStage1On,Home,
2026-07-22T04:00:00.000Z,Front AC,72.8,0,41,74,86.8,300,compressorCoolStage1On,Home,(SmartRecovery)
2026-07-22T04:05:00.000Z,Front AC,72.2,0,41,74,86.8,300,compressorCoolStage1On,Home,(SmartRecovery)
2026-07-22T04:10:00.000Z,Front AC,72,0,41,74,86.8,300,compressorCoolStage1On,Home,(SmartRecovery)
2026-07-22T04:15:00.000Z,Front AC,71.7,0,41,74,86.8,300,compressorCoolStage1On,Home,(SmartRecovery)
2026-07-22T04:20:00.000Z,Front AC,71.6,0,41,74,86.8,300,compressorCoolStage1On,Home,(SmartRecovery)
2026-07-22T04:25:00.000Z,Front AC,71.5,0,41,72.2,86.8,300,compressorCoolStage1On,Home,(SmartRecovery)
2026-07-22T04:30:00.000Z,Front AC,71.2,0,40,71,87.1,75,compressorCoolStage1On,Sleep,
2026-07-22T04:35:00.000Z,Front AC,71.9,0,42,71,87.1,225,compressorCoolOff,Sleep,
2026-07-22T04:40:00.000Z,Front AC,71.8,0,41,71,87.1,300,compressorCoolStage1On,Sleep,
2026-07-22T04:45:00.000Z,Front AC,71.2,0,41,71,87.1,300,compressorCoolStage1On,Sleep,
2026-07-22T04:50:00.000Z,Front AC,70.9,0,41,71,87.1,90,compressorCoolStage1On,Sleep,
2026-07-22T04:55:00.000Z,Front AC,71.9,0,43,71,87.1,210,compressorCoolOff,Sleep,
2026-07-22T05:00:00.000Z,Front AC,72.2,0,43,71,87.1,300,compressorCoolStage1On,Sleep,
2026-07-22T05:05:00.000Z,Front AC,71.6,0,41,71,87.1,300,compressorCoolStage1On,Sleep,
2026-07-22T05:10:00.000Z,Front AC,71.1,0,41,71,87.1,240,compressorCoolStage1On,Sleep,
2026-07-22T05:15:00.000Z,Front AC,71.1,0,42,71,87.1,60,compressorCoolOff,Sleep,
2026-07-22T05:20:00.000Z,Front AC,71.9,0,43,71,87.1,300,compressorCoolStage1On,Sleep,
2026-07-22T05:25:00.000Z,Front AC,71.5,0,42,71,87.1,300,compressorCoolStage1On,Sleep,
2026-07-22T05:30:00.000Z,Front AC,71,0,41,71,87.1,75,compressorCoolStage1On,Sleep,
2026-07-22T05:35:00.000Z,Front AC,71.8,0,43,71,87.1,225,compressorCoolOff,Sleep,
2026-07-22T05:40:00.000Z,Front AC,72,0,43,71,87.1,300,compressorCoolStage1On,Sleep,
2026-07-22T05:45:00.000Z,Front AC,71.4,0,41,71,87.1,300,compressorCoolStage1On,Sleep,
2026-07-22T05:50:00.000Z,Front AC,70.9,0,41,71,87.1,30,compressorCoolStage1On,Sleep,
2026-07-22T05:55:00.000Z,Front AC,71.8,0,43,71,87.1,270,compressorCoolOff,Sleep,
2026-07-22T06:00:00.000Z,Front AC,71.6,0,42,71,86,300,compressorCoolStage1On,Sleep,
2026-07-22T06:05:00.000Z,Front AC,71,0,42,71,86,30,compressorCoolStage1On,Sleep,
2026-07-22T06:10:00.000Z,Front AC,71.8,0,43,71,86,270,compressorCoolOff,Sleep,
2026-07-22T06:15:00.000Z,Front AC,71.9,0,43,71,86,300,compressorCoolStage1On,Sleep,
2026-07-22T06:20:00.000Z,Front AC,71.2,0,41,71,86,225,compressorCoolStage1On,Sleep,
2026-07-22T06:25:00.000Z,Front AC,71.1,0,42,71,86,75,compressorCoolOff,Sleep,
2026-07-22T06:30:00.000Z,Front AC,71.6,0,43,71,83.6,300,compressorCoolStage1On,Sleep,
2026-07-22T06:35:00.000Z,Front AC,71.3,0,42,71,83.6,300,compressorCoolStage1On,Sleep,
2026-07-22T06:40:00.000Z,Front AC,70.9,0,42,71,83.6,0,compressorCoolOff,Sleep,
2026-07-22T06:45:00.000Z,Front AC,71.5,0,44,71,83.6,300,compressorCoolStage1On,Sleep,
2026-07-22T06:50:00.000Z,Front AC,71.3,0,43,71,83.6,300,compressorCoolStage1On,Sleep,
2026-07-22T06:55:00.000Z,Front AC,71,0,43,71,83.6,0,compressorCoolOff,Sleep,
2026-07-22T07:00:00.000Z,Front AC,71.5,0,43,71,83.3,300,compressorCoolStage1On,Sleep,
2026-07-22T07:05:00.000Z,Front AC,71.3,0,42,71,83.3,285,compressorCoolStage1On,Sleep,
2026-07-22T07:10:00.000Z,Front AC,71,0,43,71,83.3,15,compressorCoolOff,Sleep,
2026-07-22T07:15:00.000Z,Front AC,71.5,0,43,71,83.3,300,compressorCoolStage1On,Sleep,
2026-07-22T07:20:00.000Z,Front AC,71.2,0,43,71,83.3,240,compressorCoolStage1On,Sleep,
2026-07-22T07:25:00.000Z,Front AC,71.1,0,43,71,83.3,60,compressorCoolOff,Sleep,
2026-07-22T07:30:00.000Z,Front AC,71.5,0,44,71,83.3,300,compressorCoolStage1On,Sleep,
2026-07-22T07:35:00.000Z,Front AC,71,0,42,71,83.3,180,compressorCoolStage1On,Sleep,
2026-07-22T07:40:00.000Z,Front AC,71,0,43,71,83.3,120,compressorCoolOff,Sleep,
2026-07-22T07:45:00.000Z,Front AC,71.3,0,43,71,83.3,300,compressorCoolStage1On,Sleep,
2026-07-22T07:50:00.000Z,Front AC,70.9,0,42,71,83.3,75,compressorCoolStage1On,Sleep,
2026-07-22T07:55:00.000Z,Front AC,71.3,0,44,71,83.3,225,compressorCoolOff,Sleep,
2026-07-22T08:00:00.000Z,Front AC,71.1,0,43,71,82.5,270,compressorCoolStage1On,Sleep,
2026-07-22T08:05:00.000Z,Front AC,71.1,0,43,71,82.5,30,compressorCoolOff,Sleep,
2026-07-22T08:10:00.000Z,Front AC,71.5,0,43,71,82.5,300,compressorCoolStage1On,Sleep,
2026-07-22T08:15:00.000Z,Front AC,71.2,0,43,71,82.5,300,compressorCoolStage1On,Sleep,
2026-07-22T08:20:00.000Z,Front AC,70.9,0,42,71,82.5,15,compressorCoolStage1On,Sleep,
2026-07-22T08:25:00.000Z,Front AC,71.1,0,43,71,82.5,285,compressorCoolOff,Sleep,
2026-07-22T08:30:00.000Z,Front AC,70.9,0,43,71,82.5,30,compressorCoolStage1On,Sleep,
2026-07-22T08:35:00.000Z,Front AC,71.2,0,44,71,82.5,270,compressorCoolOff,Sleep,
2026-07-22T08:40:00.000Z,Front AC,71.1,0,43,71,82.5,210,compressorCoolStage1On,Sleep,
2026-07-22T08:45:00.000Z,Front AC,71,0,43,71,82.5,90,compressorCoolOff,Sleep,
2026-07-22T08:50:00.000Z,Front AC,71.4,0,44,71,82.5,300,compressorCoolStage1On,Sleep,
2026-07-22T08:55:00.000Z,Front AC,70.9,0,43,71,82.5,135,compressorCoolStage1On,Sleep,
2026-07-22T09:00:00.000Z,Front AC,70.9,0,44,71,81,105,compressorCoolOff,Sleep,
2026-07-22T09:05:00.000Z,Front AC,71.3,0,44,71,81,300,compressorCoolStage1On,Sleep,
2026-07-22T09:10:00.000Z,Front AC,70.9,0,42,71,81,150,compressorCoolStage1On,Sleep,
2026-07-22T09:15:00.000Z,Front AC,70.9,0,43,71,81,75,compressorCoolOff,Sleep,
2026-07-22T09:20:00.000Z,Front AC,71.1,0,43,71,81,300,compressorCoolStage1On,Sleep,
2026-07-22T09:25:00.000Z,Front AC,70.9,0,43,71,81,30,compressorCoolStage1On,Sleep,
2026-07-22T09:30:00.000Z,Front AC,71.2,0,44,71,82.4,270,compressorCoolOff,Sleep,
2026-07-22T09:35:00.000Z,Front AC,71,0,43,71,82.4,150,compressorCoolStage1On,Sleep,
2026-07-22T09:40:00.000Z,Front AC,71,0,44,71,82.4,120,compressorCoolOff,Sleep,
2026-07-22T09:45:00.000Z,Front AC,71.2,0,43,71,82.4,285,compressorCoolStage1On,Sleep,
2026-07-22T09:50:00.000Z,Front AC,70.8,0,43,71,82.4,0,compressorCoolOff,Sleep,
2026-07-22T09:55:00.000Z,Front AC,71.2,0,44,71,82.4,270,compressorCoolOff,Sleep,
2026-07-22T10:00:00.000Z,Front AC,70.9,0,43,71,81.8,120,compressorCoolStage1On,Sleep,
2026-07-22T10:05:00.000Z,Front AC,70.9,0,44,71,81.8,120,compressorCoolOff,Sleep,
2026-07-22T10:10:00.000Z,Front AC,71.2,0,44,71,81.8,300,compressorCoolStage1On,Sleep,
2026-07-22T10:15:00.000Z,Front AC,70.8,0,43,71,81.8,15,compressorCoolStage1On,Sleep,
2026-07-22T10:20:00.000Z,Front AC,71.2,0,44,71,81.8,255,compressorCoolOff,Sleep,
2026-07-22T10:25:00.000Z,Front AC,71.1,0,43,71,81.8,165,compressorCoolStage1On,Sleep,
2026-07-22T10:30:00.000Z,Front AC,70.9,0,44,71,81.6,105,compressorCoolOff,Sleep,
2026-07-22T10:35:00.000Z,Front AC,71.3,0,43,71,81.6,300,compressorCoolStage1On,Sleep,
2026-07-22T10:40:00.000Z,Front AC,70.8,0,43,71,81.6,15,compressorCoolStage1On,Sleep,
2026-07-22T10:45:00.000Z,Front AC,71.2,0,43,71,81.6,270,compressorCoolOff,Sleep,
2026-07-22T10:50:00.000Z,Front AC,70.9,0,43,71,81.6,90,compressorCoolStage1On,Sleep,
2026-07-22T10:55:00.000Z,Front AC,71,0,44,71,81.6,150,compressorCoolOff,Sleep,
2026-07-22T11:00:00.000Z,Front AC,71.1,0,43,71,81,210,compressorCoolStage1On,Sleep,
2026-07-22T11:05:00.000Z,Front AC,70.9,0,44,71,81,75,compressorCoolOff,Sleep,
2026-07-22T11:10:00.000Z,Front AC,70.9,0,44,71,81,225,compressorCoolStage1On,Sleep,
2026-07-22T11:15:00.000Z,Front AC,70.6,0,44,71,81,0,compressorCoolOff,Sleep,
2026-07-22T11:20:00.000Z,Front AC,71.2,0,44,71,81,270,compressorCoolOff,Sleep,
2026-07-22T11:25:00.000Z,Front AC,71,0,43,71,81,105,compressorCoolStage1On,Sleep,
2026-07-22T11:30:00.000Z,Front AC,71.1,0,44,71,81,195,compressorCoolOff,Sleep,
2026-07-22T11:35:00.000Z,Front AC,70.8,0,44,71,81,105,compressorCoolStage1On,Sleep,
2026-07-22T11:40:00.000Z,Front AC,70.9,0,45,71,81,105,compressorCoolOff,Sleep,
2026-07-22T11:45:00.000Z,Front AC,71,0,44,71,81,195,compressorCoolStage1On,Sleep,
2026-07-22T11:50:00.000Z,Front AC,70.6,0,45,71,81,0,compressorCoolOff,Sleep,
2026-07-22T11:55:00.000Z,Front AC,71.2,0,45,71,81,300,compressorCoolStage1On,Sleep,
2026-07-22T12:00:00.000Z,Front AC,70.8,0,44,71,79.6,45,compressorCoolStage1On,Sleep,
2026-07-22T12:05:00.000Z,Front AC,71,0,45,71,79.6,165,compressorCoolOff,Sleep,
2026-07-22T12:10:00.000Z,Front AC,70.9,0,44,71,79.6,135,compressorCoolStage1On,Sleep,
2026-07-22T12:15:00.000Z,Front AC,70.8,0,45,71,79.6,60,compressorCoolOff,Sleep,
2026-07-22T12:20:00.000Z,Front AC,71.1,0,44,71,79.6,240,compressorCoolStage1On,Sleep,
2026-07-22T12:25:00.000Z,Front AC,70.7,0,44,71,79.6,0,compressorCoolOff,Sleep,
2026-07-22T12:30:00.000Z,Front AC,71.1,0,45,71,79.6,285,compressorCoolOff,Sleep,
2026-07-22T12:35:00.000Z,Front AC,70.8,0,44,71,79.6,15,compressorCoolStage1On,Sleep,
2026-07-22T12:40:00.000Z,Front AC,71.1,0,45,71,79.6,240,compressorCoolOff,Sleep,
2026-07-22T12:45:00.000Z,Front AC,70.9,0,44,71,79.6,135,compressorCoolStage1On,Sleep,
2026-07-22T12:50:00.000Z,Front AC,70.8,0,45,71,79.6,60,compressorCoolOff,Sleep,
2026-07-22T12:55:00.000Z,Front AC,71.2,0,44,71,79.6,285,compressorCoolStage1On,Sleep,
2026-07-22T13:00:00.000Z,Front AC,70.8,0,44,71,79.8,0,compressorCoolOff,Sleep,
2026-07-22T13:05:00.000Z,Front AC,71.1,0,45,71,79.8,270,compressorCoolOff,Sleep,
2026-07-22T13:10:00.000Z,Front AC,70.8,0,45,71,79.8,30,compressorCoolStage1On,Sleep,
2026-07-22T13:15:00.000Z,Front AC,71,0,45,71,79.8,210,compressorCoolOff,Sleep,
2026-07-22T13:20:00.000Z,Front AC,70.9,0,45,71,79.8,90,compressorCoolStage1On,Sleep,
2026-07-22T13:25:00.000Z,Front AC,71,0,46,71,79.8,195,compressorCoolOff,Sleep,
2026-07-22T13:30:00.000Z,Front AC,70.8,0,45,71,79.8,105,compressorCoolStage1On,Sleep,
2026-07-22T13:35:00.000Z,Front AC,70.9,0,46,71,79.8,105,compressorCoolOff,Sleep,
2026-07-22T13:40:00.000Z,Front AC,71.2,0,46,71,79.8,300,compressorCoolStage1On,Sleep,
2026-07-22T13:45:00.000Z,Front AC,70.8,0,45,71,79.8,30,compressorCoolStage1On,Sleep,
2026-07-22T13:50:00.000Z,Front AC,71,0,46,71,79.8,180,compressorCoolOff,Sleep,
2026-07-22T13:55:00.000Z,Front AC,70.9,0,46,73,79.8,120,compressorCoolStage1On,Sleep,
2026-07-22T14:00:00.000Z,Front AC,71,0,46,75,82.2,0,compressorCoolOff,Sleep,hold
2026-07-22T14:05:00.000Z,Front AC,71.7,0,46,75,82.2,0,compressorCoolOff,Sleep,hold
2026-07-22T14:10:00.000Z,Front AC,72.2,0,47,75,82.2,0,compressorCoolOff,Sleep,hold
2026-07-22T14:15:00.000Z,Front AC,72.5,0,47,75,82.2,0,compressorCoolOff,Sleep,hold
2026-07-22T14:20:00.000Z,Front AC,72.8,0,47,75,82.2,0,compressorCoolOff,Sleep,hold
2026-07-22T14:25:00.000Z,Front AC,73.1,0,45,75,82.2,0,compressorCoolOff,Sleep,hold
2026-07-22T14:30:00.000Z,Front AC,73.5,0,45,75,84.1,0,compressorCoolOff,WFH,hold
2026-07-22T14:35:00.000Z,Front AC,73.7,0,45,75,84.1,0,compressorCoolOff,WFH,hold
2026-07-22T14:40:00.000Z,Front AC,73.9,0,45,75,84.1,0,compressorCoolOff,WFH,hold
2026-07-22T14:45:00.000Z,Front AC,74,0,46,75,84.1,0,compressorCoolOff,WFH,hold
2026-07-22T14:50:00.000Z,Front AC,74.2,0,46,75,84.1,0,compressorCoolOff,WFH,hold
2026-07-22T14:55:00.000Z,Front AC,74.5,0,46,75,84.1,0,compressorCoolOff,WFH,hold
2026-07-22T15:00:00.000Z,Front AC,74.6,0,46,75,85.6,0,compressorCoolOff,WFH,hold
2026-07-22T15:05:00.000Z,Front AC,74.7,0,46,75,85.6,0,compressorCoolOff,WFH,hold
2026-07-22T15:10:00.000Z,Front AC,74.8,0,46,75,85.6,0,compressorCoolOff,WFH,hold
2026-07-22T15:15:00.000Z,Front AC,74.9,0,46,75,85.6,0,compressorCoolOff,WFH,hold
2026-07-22T15:20:00.000Z,Front AC,75,0,46,75,85.6,180,compressorCoolOff,WFH,hold
2026-07-22T15:25:00.000Z,Front AC,74.3,0,46,75,85.6,120,compressorCoolStage1On,WFH,hold
2026-07-22T15:30:00.000Z,Front AC,73.9,0,47,75,85.6,0,compressorCoolOff,WFH,hold
2026-07-22T15:35:00.000Z,Front AC,74.3,0,47,75,85.6,0,compressorCoolOff,WFH,hold
2026-07-22T15:40:00.000Z,Front AC,74.8,0,47,75,85.6,0,compressorCoolOff,WFH,hold
2026-07-22T15:45:00.000Z,Front AC,75,0,47,75.5,85.6,135,compressorCoolOff,WFH,hold
2026-07-22T15:50:00.000Z,Front AC,74.9,0,48,76,85.6,0,compressorCoolOff,WFH,
2026-07-22T15:55:00.000Z,Front AC,74.9,0,47,76,85.6,0,compressorCoolOff,WFH,
2026-07-22T16:00:00.000Z,Front AC,75,0,47,76,88.6,0,compressorCoolOff,WFH,
2026-07-22T16:05:00.000Z,Front AC,75.4,0,46,76.5,88.6,0,compressorCoolOff,WFH,
2026-07-22T16:10:00.000Z,Front AC,75.6,0,46,77,88.6,0,compressorCoolOff,WFH,
2026-07-22T16:15:00.000Z,Front AC,75.9,0,46,77,88.6,0,compressorCoolOff,WFH,
2026-07-22T16:20:00.000Z,Front AC,76.1,0,46,77,88.6,0,compressorCoolOff,WFH,
2026-07-22T16:25:00.000Z,Front AC,76.4,0,46,77,88.6,0,compressorCoolOff,WFH,
2026-07-22T16:30:00.000Z,Front AC,76.6,0,46,77,88.6,0,compressorCoolOff,WFH,
2026-07-22T16:35:00.000Z,Front AC,76.6,0,47,77,88.6,0,compressorCoolOff,WFH,
2026-07-22T16:40:00.000Z,Front AC,76.6,0,46,77,88.6,0,compressorCoolOff,WFH,
2026-07-22T16:45:00.000Z,Front AC,76.8,0,46,77,88.6,0,compressorCoolOff,WFH,
2026-07-22T16:50:00.000Z,Front AC,77.1,0,46,77,88.6,180,compressorCoolOff,WFH,
2026-07-22T16:55:00.000Z,Front AC,77.3,0,44,77,88.6,300,compressorCoolStage1On,WFH,
2026-07-22T17:00:00.000Z,Front AC,76.8,0,43,77,91.3,90,compressorCoolStage1On,WFH,
2026-07-22T17:05:00.000Z,Front AC,76,0,45,77,91.3,0,compressorCoolOff,WFH,
2026-07-22T17:10:00.000Z,Front AC,76.1,0,46,77,91.3,0,compressorCoolOff,WFH,
2026-07-22T17:15:00.000Z,Front AC,76.5,0,46,77,91.3,0,compressorCoolOff,WFH,
2026-07-22T17:20:00.000Z,Front AC,76.9,0,46,77,91.3,75,compressorCoolOff,WFH,
2026-07-22T17:25:00.000Z,Front AC,77.3,0,44,77,91.3,300,compressorCoolStage1On,WFH,
2026-07-22T17:30:00.000Z,Front AC,77.1,0,43,77,91.3,225,compressorCoolStage1On,WFH,
2026-07-22T17:35:00.000Z,Front AC,76.4,0,44,77,91.3,0,compressorCoolOff,WFH,
2026-07-22T17:40:00.000Z,Front AC,76.1,0,45,77,91.3,0,compressorCoolOff,WFH,
2026-07-22T17:45:00.000Z,Front AC,76.6,0,46,77,91.3,0,compressorCoolOff,WFH,
2026-07-22T17:50:00.000Z,Front AC,77,0,46,77,91.3,150,compressorCoolOff,WFH,
2026-07-22T17:55:00.000Z,Front AC,77.1,0,44,77,91.3,300,compressorCoolStage1On,WFH,
2026-07-22T18:00:00.000Z,Front AC,76.8,0,44,77,93.7,45,compressorCoolStage1On,WFH,
2026-07-22T18:05:00.000Z,Front AC,76.2,0,45,77,93.7,0,compressorCoolOff,WFH,
2026-07-22T18:10:00.000Z,Front AC,76.3,0,46,77,93.7,0,compressorCoolOff,WFH,
2026-07-22T18:15:00.000Z,Front AC,76.8,0,46,77,93.7,30,compressorCoolOff,WFH,
2026-07-22T18:20:00.000Z,Front AC,77.4,0,45,77,93.7,300,compressorCoolStage1On,WFH,
2026-07-22T18:25:00.000Z,Front AC,77.3,0,43,77,93.7,300,compressorCoolStage1On,WFH,
2026-07-22T18:30:00.000Z,Front AC,76.8,0,43,77,93.7,75,compressorCoolStage1On,WFH,
2026-07-22T18:35:00.000Z,Front AC,76.2,0,45,77,93.7,0,compressorCoolOff,WFH,
2026-07-22T18:40:00.000Z,Front AC,76.4,0,46,77,93.7,0,compressorCoolOff,WFH,
2026-07-22T18:45:00.000Z,Front AC,77,0,45,77,93.7,165,compressorCoolOff,WFH,
2026-07-22T18:50:00.000Z,Front AC,77.4,0,44,76.9,93.7,300,compressorCoolStage1On,WFH,
2026-07-22T18:55:00.000Z,Front AC,77.2,0,43,76,93.7,300,compressorCoolStage1On,WFH,hold
2026-07-22T19:00:00.000Z,Front AC,76.6,0,44,76,96,300,compressorCoolStage1On,WFH,hold
2026-07-22T19:05:00.000Z,Front AC,76,0,44,76,96,150,compressorCoolStage1On,WFH,hold
2026-07-22T19:10:00.000Z,Front AC,75.5,0,45,76,96,0,compressorCoolOff,WFH,hold
2026-07-22T19:15:00.000Z,Front AC,76,0,45,76,96,0,compressorCoolOff,WFH,hold
2026-07-22T19:20:00.000Z,Front AC,76.8,0,44,76,96,300,compressorCoolStage1On,WFH,hold
2026-07-22T19:25:00.000Z,Front AC,77,0,44,76,96,300,compressorCoolStage1On,WFH,hold
2026-07-22T19:30:00.000Z,Front AC,76.7,0,43,76,96,300,compressorCoolStage1On,WFH,hold
2026-07-22T19:35:00.000Z,Front AC,76.3,0,43,76,96,300,compressorCoolStage1On,WFH,hold
2026-07-22T19:40:00.000Z,Front AC,75.9,0,43,76,96,105,compressorCoolStage1On,WFH,hold
2026-07-22T19:45:00.000Z,Front AC,75.6,0,44,76,96,0,compressorCoolOff,WFH,hold
2026-07-22T19:50:00.000Z,Front AC,75.9,0,46,76.4,96,0,compressorCoolOff,WFH,hold
2026-07-22T19:55:00.000Z,Front AC,76.7,0,45,77,96,0,compressorCoolOff,WFH,
2026-07-22T20:00:00.000Z,Front AC,77.4,0,45,77,98,135,compressorCoolOff,WFH,
2026-07-22T20:05:00.000Z,Front AC,77.9,0,43,77,98,300,compressorCoolStage1On,WFH,
2026-07-22T20:10:00.000Z,Front AC,77.7,0,43,77,98,300,compressorCoolStage1On,WFH,
2026-07-22T20:15:00.000Z,Front AC,77.1,0,43,77,98,195,compressorCoolStage1On,WFH,
2026-07-22T20:20:00.000Z,Front AC,76.4,0,43,77,98,0,compressorCoolOff,WFH,
2026-07-22T20:25:00.000Z,Front AC,76.5,0,44,77,98,0,compressorCoolOff,WFH,
2026-07-22T20:30:00.000Z,Front AC,77.2,0,44,77,98,60,compressorCoolOff,WFH,
2026-07-22T20:35:00.000Z,Front AC,77.9,0,43,77,98,300,compressorCoolStage1On,WFH,
2026-07-22T20:40:00.000Z,Front AC,78,0,43,77,98,300,compressorCoolStage1On,WFH,
2026-07-22T20:45:00.000Z,Front AC,77.5,0,43,77,98,300,compressorCoolStage1On,WFH,
2026-07-22T20:50:00.000Z,Front AC,76.8,0,43,77,98,300,compressorCoolStage1On,WFH,
2026-07-22T20:55:00.000Z,Front AC,76.3,0,43,77,98,300,compressorCoolStage1On,WFH,(SmartRecovery)
2026-07-22T21:00:00.000Z,Front AC,75.7,0,44,77,99.6,300,compressorCoolStage1On,WFH,(SmartRecovery)
2026-07-22T21:05:00.000Z,Front AC,75.2,0,44,77,99.6,300,compressorCoolStage1On,WFH,(SmartRecovery)
2026-07-22T21:10:00.000Z,Front AC,74.9,0,43,77,99.6,300,compressorCoolStage1On,WFH,(SmartRecovery)
2026-07-22T21:15:00.000Z,Front AC,74.8,0,43,77,99.6,300,compressorCoolStage1On,WFH,(SmartRecovery)
2026-07-22T21:20:00.000Z,Front AC,74.7,0,44,77,99.6,300,compressorCoolStage1On,WFH,(SmartRecovery)
2026-07-22T21:25:00.000Z,Front AC,74.9,0,43,75.3,99.6,300,compressorCoolStage1On,WFH,(SmartRecovery)
2026-07-22T21:30:00.000Z,Front AC,75,0,43,74,100,300,compressorCoolStage1On,Home,
2026-07-22T21:35:00.000Z,Front AC,74.9,0,43,74,100,300,compressorCoolStage1On,Home,
2026-07-22T21:40:00.000Z,Front AC,74.6,0,43,74,100,300,compressorCoolStage1On,Home,
2026-07-22T21:45:00.000Z,Front AC,74.4,0,43,74,100,300,compressorCoolStage1On,Home,
2026-07-22T21:50:00.000Z,Front AC,74.3,0,43,74,100,300,compressorCoolStage1On,Home,
2026-07-22T21:55:00.000Z,Front AC,74.2,0,43,74,100,300,compressorCoolStage1On,Home,
2026-07-22T22:00:00.000Z,Front AC,74.1,0,43,74,100.5,300,compressorCoolStage1On,Home,
2026-07-22T22:05:00.000Z,Front AC,74.2,0,43,74,100.5,300,compressorCoolStage1On,Home,
2026-07-22T22:10:00.000Z,Front AC,74.3,0,43,74,100.5,300,compressorCoolStage1On,Home,
2026-07-22T22:15:00.000Z,Front AC,74.4,0,43,74,100.5,300,compressorCoolStage1On,Home,
2026-07-22T22:20:00.000Z,Front AC,74.4,0,43,74,100.5,300,compressorCoolStage1On,Home,
2026-07-22T22:25:00.000Z,Front AC,74.3,0,43,74,100.5,300,compressorCoolStage1On,Home,
2026-07-22T22:30:00.000Z,Front AC,74.2,0,43,74,100.5,300,compressorCoolStage1On,Home,
2026-07-22T22:35:00.000Z,Front AC,73.9,0,43,74,100.5,0,compressorCoolOff,Home,
2026-07-22T22:40:00.000Z,Front AC,74.2,0,45,74,100.5,45,compressorCoolOff,Home,
2026-07-22T22:45:00.000Z,Front AC,74.9,0,44,74,100.5,300,compressorCoolStage1On,Home,
2026-07-22T22:50:00.000Z,Front AC,75.2,0,43,74,100.5,300,compressorCoolStage1On,Home,
2026-07-22T22:55:00.000Z,Front AC,75.1,0,43,74,100.5,300,compressorCoolStage1On,Home,
2026-07-22T23:00:00.000Z,Front AC,75.1,0,43,74,100.5,300,compressorCoolStage1On,Home,
2026-07-22T23:05:00.000Z,Front AC,74.9,0,43,74,100.5,300,compressorCoolStage1On,Home,
2026-07-22T23:10:00.000Z,Front AC,74.6,0,43,74,100.5,300,compressorCoolStage1On,Home,
2026-07-22T23:15:00.000Z,Front AC,74.4,0,43,74,100.5,300,compressorCoolStage1On,Home,
2026-07-22T23:20:00.000Z,Front AC,74.2,0,43,74,100.5,300,compressorCoolStage1On,Home,
2026-07-22T23:25:00.000Z,Front AC,74,0,43,74,100.5,165,compressorCoolStage1On,Home,
2026-07-22T23:30:00.000Z,Front AC,73.9,0,46,74,100.5,0,compressorCoolOff,Home,
2026-07-22T23:35:00.000Z,Front AC,74.5,0,47,74,100.5,165,compressorCoolOff,Home,
2026-07-22T23:40:00.000Z,Front AC,75.2,0,46,74,100.5,300,compressorCoolStage1On,Home,
2026-07-22T23:45:00.000Z,Front AC,75.2,0,44,74,100.5,300,compressorCoolStage1On,Home,
2026-07-22T23:50:00.000Z,Front AC,75,0,43,74,100.5,300,compressorCoolStage1On,Home,
2026-07-22T23:55:00.000Z,Front AC,74.6,0,42,74,100.5,300,compressorCoolStage1On,Home,
2026-07-23T00:00:00.000Z,Front AC,74.3,0,42,74,100.4,300,compressorCoolStage1On,Home,
2026-07-23T00:05:00.000Z,Front AC,74.5,0,43,74,100.4,300,compressorCoolStage1On,Home,
2026-07-23T00:10:00.000Z,Front AC,74.2,0,42,74,100.4,300,compressorCoolStage1On,Home,
2026-07-23T00:15:00.000Z,Front AC,74.1,0,42,74,100.4,300,compressorCoolStage1On,Home,
2026-07-23T00:20:00.000Z,Front AC,74,0,42,74,100.4,135,compressorCoolStage1On,Home,
2026-07-23T00:25:00.000Z,Front AC,73.9,0,44,74,100.4,0,compressorCoolOff,Home,
2026-07-23T00:30:00.000Z,Front AC,74.5,0,44,74,100.4,195,compressorCoolOff,Home,
2026-07-23T00:35:00.000Z,Front AC,75.1,0,42,74,100.4,300,compressorCoolStage1On,Home,
2026-07-23T00:40:00.000Z,Front AC,74.8,0,41,74,100.4,300,compressorCoolStage1On,Home,
2026-07-23T00:45:00.000Z,Front AC,74.5,0,41,74,100.4,300,compressorCoolStage1On,Home,
2026-07-23T00:50:00.000Z,Front AC,74.2,0,41,74,100.4,180,compressorCoolStage1On,Home,
2026-07-23T00:55:00.000Z,Front AC,74.1,0,43,74,100.4,0,compressorCoolOff,Home,
2026-07-23T01:00:00.000Z,Front AC,74.4,0,44,74,100.1,135,compressorCoolOff,Home,
2026-07-23T01:05:00.000Z,Front AC,74.9,0,43,74,100.1,300,compressorCoolStage1On,Home,
2026-07-23T01:10:00.000Z,Front AC,75.2,0,43,74,100.1,300,compressorCoolStage1On,Home,
2026-07-23T01:15:00.000Z,Front AC,75,0,43,74,100.1,300,compressorCoolStage1On,Home,
2026-07-23T01:20:00.000Z,Front AC,74.6,0,41,74,100.1,300,compressorCoolStage1On,Home,
2026-07-23T01:25:00.000Z,Front AC,74.3,0,41,74,100.1,270,compressorCoolStage1On,Home,
2026-07-23T01:30:00.000Z,Front AC,74.1,0,42,74,100,0,compressorCoolOff,Home,
2026-07-23T01:35:00.000Z,Front AC,74.3,0,44,74,100,45,compressorCoolOff,Home,
2026-07-23T01:40:00.000Z,Front AC,74.8,0,43,74,100,300,compressorCoolStage1On,Home,
2026-07-23T01:45:00.000Z,Front AC,75.2,0,43,74,100,300,compressorCoolStage1On,Home,
2026-07-23T01:50:00.000Z,Front AC,74.9,0,42,74,100,300,compressorCoolStage1On,Home,
2026-07-23T01:55:00.000Z,Front AC,74.4,0,41,74,100,300,compressorCoolStage1On,Home,
2026-07-23T02:00:00.000Z,Front AC,74.1,0,41,74,98.7,135,compressorCoolStage1On,Home,
2026-07-23T02:05:00.000Z,Front AC,74.1,0,42,74,98.7,0,compressorCoolOff,Home,
2026-07-23T02:10:00.000Z,Front AC,74.3,0,44,74,98.7,90,compressorCoolOff,Home,
2026-07-23T02:15:00.000Z,Front AC,74.9,0,43,74,98.7,300,compressorCoolStage1On,Home,
2026-07-23T02:20:00.000Z,Front AC,75,0,43,74,98.7,300,compressorCoolStage1On,Home,
2026-07-23T02:25:00.000Z,Front AC,74.6,0,41,74,98.7,300,compressorCoolStage1On,Home,
2026-07-23T02:30:00.000Z,Front AC,74.2,0,41,74,99.1,210,compressorCoolStage1On,Home,
2026-07-23T02:35:00.000Z,Front AC,74,0,42,75,99.1,0,compressorCoolOff,Home,
2026-07-23T02:40:00.000Z,Front AC,74.1,0,43,75.9,99.1,0,compressorCoolOff,Home,smartAway
2026-07-23T02:45:00.000Z,Front AC,74.6,0,43,75.9,99.1,0,compressorCoolOff,Home,smartAway
2026-07-23T02:50:00.000Z,Front AC,75.2,0,43,75.9,99.1,0,compressorCoolOff,Home,smartAway
2026-07-23T02:55:00.000Z,Front AC,75.4,0,42,75.9,99.1,0,compressorCoolOff,Home,smartAway
2026-07-23T03:00:00.000Z,Front AC,75.8,0,42,74.1,96.6,270,compressorCoolOff,Home,smartAway
2026-07-23T03:05:00.000Z,Front AC,75.6,0,41,74,96.6,300,compressorCoolStage1On,Home,
2026-07-23T03:10:00.000Z,Front AC,74.7,0,40,74,96.6,300,compressorCoolStage1On,Home,
2026-07-23T03:15:00.000Z,Front AC,74,0,40,74,96.6,105,compressorCoolStage1On,Home,
2026-07-23T03:20:00.000Z,Front AC,74.1,0,42,74,96.6,0,compressorCoolOff,Home,
2026-07-23T03:25:00.000Z,Front AC,74.6,0,42,74,96.6,270,compressorCoolOff,Home,
2026-07-23T03:30:00.000Z,Front AC,74.6,0,41,74,97.3,300,compressorCoolStage1On,Home,
2026-07-23T03:35:00.000Z,Front AC,74.2,0,41,74,97.3,300,compressorCoolStage1On,Home,
2026-07-23T03:40:00.000Z,Front AC,73.4,0,40,74,97.3,300,compressorCoolStage1On,Home,(SmartRecovery)
2026-07-23T03:45:00.000Z,Front AC,73,0,40,74,97.3,300,compressorCoolStage1On,Home,(SmartRecovery)
2026-07-23T03:50:00.000Z,Front AC,72.8,0,40,74,97.3,300,compressorCoolStage1On,Home,(SmartRecovery)
2026-07-23T03:55:00.000Z,Front AC,72.3,0,41,74,97.3,300,compressorCoolStage1On,Home,(SmartRecovery)
2026-07-23T04:00:00.000Z,Front AC,72.1,0,41,74,95.2,300,compressorCoolStage1On,Home,(SmartRecovery)
2026-07-23T04:05:00.000Z,Front AC,71.9,0,41,74,95.2,300,compressorCoolStage1On,Home,(SmartRecovery)
2026-07-23T04:10:00.000Z,Front AC,71.5,0,41,74,95.2,300,compressorCoolStage1On,Home,(SmartRecovery)
2026-07-23T04:15:00.000Z,Front AC,71.3,0,42,74,95.2,300,compressorCoolStage1On,Home,(SmartRecovery)
2026-07-23T04:20:00.000Z,Front AC,71,0,42,74,95.2,105,compressorCoolStage1On,Home,(SmartRecovery)
2026-07-23T04:25:00.000Z,Front AC,71.6,0,42,72.3,95.2,165,compressorCoolOff,Home,
2026-07-23T04:30:00.000Z,Front AC,71.7,0,42,71,96.6,300,compressorCoolStage1On,Sleep,
2026-07-23T04:35:00.000Z,Front AC,71.4,0,41,71,96.6,300,compressorCoolStage1On,Sleep,
2026-07-23T04:40:00.000Z,Front AC,71.3,0,41,71,96.6,300,compressorCoolStage1On,Sleep,
2026-07-23T04:45:00.000Z,Front AC,71.2,0,41,71,96.6,300,compressorCoolStage1On,Sleep,
2026-07-23T04:50:00.000Z,Front AC,70.9,0,40,71,96.6,165,compressorCoolStage1On,Sleep,
2026-07-23T04:55:00.000Z,Front AC,71.2,0,42,71,96.6,105,compressorCoolOff,Sleep,
2026-07-23T05:00:00.000Z,Front AC,71.6,0,42,71,94.7,300,compressorCoolStage1On,Sleep,
2026-07-23T05:05:00.000Z,Front AC,71.4,0,42,71,94.7,300,compressorCoolStage1On,Sleep,
2026-07-23T05:10:00.000Z,Front AC,71.2,0,42,71,94.7,300,compressorCoolStage1On,Sleep,
2026-07-23T05:15:00.000Z,Front AC,71.1,0,42,71,94.7,300,compressorCoolStage1On,Sleep,
2026-07-23T05:20:00.000Z,Front AC,71,0,42,71,94.7,135,compressorCoolStage1On,Sleep,
2026-07-23T05:25:00.000Z,Front AC,71.4,0,42,71,94.7,165,compressorCoolOff,Sleep,
2026-07-23T05:30:00.000Z,Front AC,71.3,0,41,71,94.7,300,compressorCoolStage1On,Sleep,
2026-07-23T05:35:00.000Z,Front AC,71,0,41,71,94.7,180,compressorCoolStage1On,Sleep,
2026-07-23T05:40:00.000Z,Front AC,71.3,0,42,71,94.7,120,compressorCoolOff,Sleep,
2026-07-23T05:45:00.000Z,Front AC,71.9,0,43,71,94.7,300,compressorCoolStage1On,Sleep,
2026-07-23T05:50:00.000Z,Front AC,71.3,0,41,71,94.7,300,compressorCoolStage1On,Sleep,
2026-07-23T05:55:00.000Z,Front AC,71.1,0,41,71,94.7,285,compressorCoolStage1On,Sleep,
2026-07-23T06:00:00.000Z,Front AC,70.9,0,41,71,93.2,15,compressorCoolOff,Sleep,
2026-07-23T06:05:00.000Z,Front AC,71.5,0,42,71,93.2,300,compressorCoolStage1On,Sleep,
2026-07-23T06:10:00.000Z,Front AC,71.3,0,41,71,93.2,300,compressorCoolStage1On,Sleep,
2026-07-23T06:15:00.000Z,Front AC,70.9,0,41,71,93.2,60,compressorCoolStage1On,Sleep,
2026-07-23T06:20:00.000Z,Front AC,71.6,0,42,71,93.2,240,compressorCoolOff,Sleep,
2026-07-23T06:25:00.000Z,Front AC,71.8,0,43,71,93.2,300,compressorCoolStage1On,Sleep,
2026-07-23T06:30:00.000Z,Front AC,71,0,41,71,93.2,195,compressorCoolStage1On,Sleep,
2026-07-23T06:35:00.000Z,Front AC,71.2,0,42,71,93.2,105,compressorCoolOff,Sleep,
2026-07-23T06:40:00.000Z,Front AC,71.5,0,43,71,93.2,300,compressorCoolStage1On,Sleep,
2026-07-23T06:45:00.000Z,Front AC,71,0,42,71,93.2,30,compressorCoolStage1On,Sleep,
2026-07-23T06:50:00.000Z,Front AC,71.4,0,43,71,93.2,270,compressorCoolOff,Sleep,
2026-07-23T06:55:00.000Z,Front AC,71.2,0,43,71,93.2,210,compressorCoolStage1On,Sleep,
2026-07-23T07:00:00.000Z,Front AC,71.2,0,43,71,91.9,90,compressorCoolOff,Sleep,
2026-07-23T07:05:00.000Z,Front AC,71.5,0,43,71,91.9,300,compressorCoolStage1On,Sleep,
2026-07-23T07:10:00.000Z,Front AC,71.1,0,42,71,91.9,180,compressorCoolStage1On,Sleep,
2026-07-23T07:15:00.000Z,Front AC,71.1,0,43,71,91.9,120,compressorCoolOff,Sleep,
2026-07-23T07:20:00.000Z,Front AC,71.2,0,43,71,91.9,270,compressorCoolStage1On,Sleep,
2026-07-23T07:25:00.000Z,Front AC,71.1,0,43,71,91.9,30,compressorCoolOff,Sleep,
2026-07-23T07:30:00.000Z,Front AC,71.8,0,44,71,93.2,300,compressorCoolStage1On,Sleep,
2026-07-23T07:35:00.000Z,Front AC,71.3,0,43,71,93.2,225,compressorCoolStage1On,Sleep,
2026-07-23T07:40:00.000Z,Front AC,71.1,0,43,71,93.2,75,compressorCoolOff,Sleep,
2026-07-23T07:45:00.000Z,Front AC,71.5,0,43,71,93.2,300,compressorCoolStage1On,Sleep,
2026-07-23T07:50:00.000Z,Front AC,71,0,43,71,93.2,60,compressorCoolStage1On,Sleep,
2026-07-23T07:55:00.000Z,Front AC,71.5,0,44,71,93.2,240,compressorCoolOff,Sleep,
2026-07-23T08:00:00.000Z,Front AC,71.3,0,43,71,92.3,300,compressorCoolStage1On,Sleep,
2026-07-23T08:05:00.000Z,Front AC,71,0,43,71,92.3,45,compressorCoolStage1On,Sleep,
2026-07-23T08:10:00.000Z,Front AC,71.2,0,43,71,92.3,255,compressorCoolOff,Sleep,
2026-07-23T08:15:00.000Z,Front AC,71.1,0,43,71,92.3,105,compressorCoolStage1On,Sleep,
2026-07-23T08:20:00.000Z,Front AC,71.4,0,44,71,92.3,195,compressorCoolOff,Sleep,
2026-07-23T08:25:00.000Z,Front AC,71.1,0,43,71,92.3,150,compressorCoolStage1On,Sleep,
2026-07-23T08:30:00.000Z,Front AC,71.3,0,44,71,91.1,150,compressorCoolOff,Sleep,
2026-07-23T08:35:00.000Z,Front AC,71.6,0,44,71,91.1,300,compressorCoolStage1On,Sleep,
2026-07-23T08:40:00.000Z,Front AC,71.1,0,43,71,91.1,150,compressorCoolStage1On,Sleep,
2026-07-23T08:45:00.000Z,Front AC,71.2,0,44,71,91.1,150,compressorCoolOff,Sleep,
2026-07-23T08:50:00.000Z,Front AC,71.1,0,43,71,91.1,150,compressorCoolStage1On,Sleep,
2026-07-23T08:55:00.000Z,Front AC,71.2,0,44,71,91.1,150,compressorCoolOff,Sleep,
2026-07-23T09:00:00.000Z,Front AC,71.3,0,44,71,90.9,270,compressorCoolStage1On,Sleep,
2026-07-23T09:05:00.000Z,Front AC,71.1,0,43,71,90.9,30,compressorCoolOff,Sleep,
2026-07-23T09:10:00.000Z,Front AC,71.4,0,44,71,90.9,300,compressorCoolStage1On,Sleep,
2026-07-23T09:15:00.000Z,Front AC,70.9,0,44,71,90.9,45,compressorCoolStage1On,Sleep,
2026-07-23T09:20:00.000Z,Front AC,71.1,0,45,71,90.9,240,compressorCoolOff,Sleep,
2026-07-23T09:25:00.000Z,Front AC,70.7,0,45,71,90.9,60,compressorCoolStage1On,Sleep,
2026-07-23T09:30:00.000Z,Front AC,71,0,46,71,90.9,150,compressorCoolOff,Sleep,
2026-07-23T09:35:00.000Z,Front AC,71,0,46,71,90.9,150,compressorCoolStage1On,Sleep,
2026-07-23T09:40:00.000Z,Front AC,70.8,0,47,71,90.9,45,compressorCoolOff,Sleep,
2026-07-23T09:45:00.000Z,Front AC,71.3,0,46,71,90.9,300,compressorCoolStage1On,Sleep,
2026-07-23T09:50:00.000Z,Front AC,70.9,0,44,71,90.9,90,compressorCoolStage1On,Sleep,
2026-07-23T09:55:00.000Z,Front AC,71,0,44,71,90.9,180,compressorCoolOff,Sleep,
2026-07-23T10:00:00.000Z,Front AC,70.9,0,44,71,90.2,120,compressorCoolStage1On,Sleep,
2026-07-23T10:05:00.000Z,Front AC,70.9,0,44,71,90.2,120,compressorCoolOff,Sleep,
2026-07-23T10:10:00.000Z,Front AC,71.1,0,44,71,90.2,300,compressorCoolStage1On,Sleep,
2026-07-23T10:15:00.000Z,Front AC,70.7,0,44,71,90.2,15,compressorCoolStage1On,Sleep,
2026-07-23T10:20:00.000Z,Front AC,71.1,0,44,71,90.2,210,compressorCoolOff,Sleep,
2026-07-23T10:25:00.000Z,Front AC,71,0,43,71,90.2,150,compressorCoolStage1On,Sleep,
2026-07-23T10:30:00.000Z,Front AC,71.1,0,44,71,90.2,150,compressorCoolOff,Sleep,
2026-07-23T10:35:00.000Z,Front AC,70.8,0,44,71,90.2,150,compressorCoolStage1On,Sleep,
2026-07-23T10:40:00.000Z,Front AC,70.8,0,45,71,90.2,60,compressorCoolOff,Sleep,
2026-07-23T10:45:00.000Z,Front AC,71.2,0,44,71,90.2,270,compressorCoolStage1On,Sleep,
2026-07-23T10:50:00.000Z,Front AC,70.8,0,44,71,90.2,0,compressorCoolOff,Sleep,
2026-07-23T10:55:00.000Z,Front AC,71.1,0,45,71,90.2,285,compressorCoolOff,Sleep,
2026-07-23T11:00:00.000Z,Front AC,70.9,0,45,71,89.4,45,compressorCoolStage1On,Sleep,
2026-07-23T11:05:00.000Z,Front AC,71.1,0,45,71,89.4,240,compressorCoolOff,Sleep,
2026-07-23T11:10:00.000Z,Front AC,70.7,0,45,71,89.4,60,compressorCoolStage1On,Sleep,
2026-07-23T11:15:00.000Z,Front AC,70.9,0,45,71,89.4,120,compressorCoolOff,Sleep,
2026-07-23T11:20:00.000Z,Front AC,71.2,0,44,71,89.4,255,compressorCoolStage1On,Sleep,
2026-07-23T11:25:00.000Z,Front AC,70.6,0,44,71,89.4,0,compressorCoolOff,Sleep,
2026-07-23T11:30:00.000Z,Front AC,71.1,0,45,71,89.4,225,compressorCoolOff,Sleep,
2026-07-23T11:35:00.000Z,Front AC,71.1,0,44,71,89.4,225,compressorCoolStage1On,Sleep,
2026-07-23T11:40:00.000Z,Front AC,70.6,0,44,71,89.4,0,compressorCoolOff,Sleep,
2026-07-23T11:45:00.000Z,Front AC,71.1,0,45,71,89.4,195,compressorCoolOff,Sleep,
2026-07-23T11:50:00.000Z,Front AC,70.7,0,45,71,89.4,105,compressorCoolStage1On,Sleep,
2026-07-23T11:55:00.000Z,Front AC,70.8,0,45,71,89.4,60,compressorCoolOff,Sleep,
2026-07-23T12:00:00.000Z,Front AC,71.2,0,44,71,88.9,270,compressorCoolStage1On,Sleep,
2026-07-23T12:05:00.000Z,Front AC,70.7,0,44,71,88.9,0,compressorCoolOff,Sleep,
2026-07-23T12:10:00.000Z,Front AC,71.2,0,45,71,88.9,240,compressorCoolOff,Sleep,
2026-07-23T12:15:00.000Z,Front AC,70.9,0,44,71,88.9,105,compressorCoolStage1On,Sleep,
2026-07-23T12:20:00.000Z,Front AC,70.8,0,45,71,88.9,60,compressorCoolOff,Sleep,
2026-07-23T12:25:00.000Z,Front AC,71,0,44,71,88.9,240,compressorCoolStage1On,Sleep,
2026-07-23T12:30:00.000Z,Front AC,70.6,0,45,71,89.1,0,compressorCoolOff,Sleep,
2026-07-23T12:35:00.000Z,Front AC,71.1,0,45,71,89.1,225,compressorCoolOff,Sleep,
2026-07-23T12:40:00.000Z,Front AC,70.7,0,45,71,89.1,75,compressorCoolStage1On,Sleep,
2026-07-23T12:45:00.000Z,Front AC,70.9,0,45,71,89.1,120,compressorCoolOff,Sleep,
2026-07-23T12:50:00.000Z,Front AC,71.1,0,45,71,89.1,210,compressorCoolStage1On,Sleep,
2026-07-23T12:55:00.000Z,Front AC,70.7,0,45,71,89.1,0,compressorCoolOff,Sleep,
2026-07-23T13:00:00.000Z,Front AC,71.1,0,46,71,88.9,225,compressorCoolOff,Sleep,
2026-07-23T13:05:00.000Z,Front AC,70.8,0,45,71,88.9,75,compressorCoolStage1On,Sleep,
2026-07-23T13:10:00.000Z,Front AC,70.9,0,45,71,88.9,120,compressorCoolOff,Sleep,
2026-07-23T13:15:00.000Z,Front AC,71,0,45,71,88.9,180,compressorCoolStage1On,Sleep,
2026-07-23T13:20:00.000Z,Front AC,70.8,0,46,71,88.9,15,compressorCoolOff,Sleep,
2026-07-23T13:25:00.000Z,Front AC,71,0,45,71,88.9,285,compressorCoolStage1On,Sleep,
2026-07-23T13:30:00.000Z,Front AC,70.5,0,45,71,88.9,0,compressorCoolOff,Sleep,
2026-07-23T13:35:00.000Z,Front AC,71.1,0,46,71,88.9,210,compressorCoolOff,Sleep,
2026-07-23T13:40:00.000Z,Front AC,71,0,45,71,88.9,180,compressorCoolStage1On,Sleep,
2026-07-23T13:45:00.000Z,Front AC,70.9,0,46,71,88.9,60,compressorCoolOff,Sleep,
2026-07-23T13:50:00.000Z,Front AC,71,0,46,71,88.9,240,compressorCoolStage1On,Sleep,
2026-07-23T13:55:00.000Z,Front AC,70.7,0,47,71,88.9,15,compressorCoolOff,Sleep,
2026-07-23T14:00:00.000Z,Front AC,71.3,0,47,71,93,300,compressorCoolStage1On,Sleep,
2026-07-23T14:05:00.000Z,Front AC,70.7,0,47,71,93,30,compressorCoolStage1On,Sleep,
2026-07-23T14:10:00.000Z,Front AC,71.1,0,47,71,93,195,compressorCoolOff,Sleep,
2026-07-23T14:15:00.000Z,Front AC,70.9,0,48,71,93,105,compressorCoolStage1On,Sleep,
2026-07-23T14:20:00.000Z,Front AC,71,0,48,71,93,180,compressorCoolOff,Sleep,
2026-07-23T14:25:00.000Z,Front AC,70.7,0,48,74.3,93,120,compressorCoolStage1On,Sleep,
2026-07-23T14:30:00.000Z,Front AC,70.8,0,49,77,93,0,compressorCoolOff,WFH,
2026-07-23T14:35:00.000Z,Front AC,71.9,0,47,77,93,0,compressorCoolOff,WFH,
2026-07-23T14:40:00.000Z,Front AC,72.7,0,46,77,93,0,compressorCoolOff,WFH,
2026-07-23T14:45:00.000Z,Front AC,73.3,0,46,77,93,0,compressorCoolOff,WFH,
2026-07-23T14:50:00.000Z,Front AC,73.7,0,46,77,93,0,compressorCoolOff,WFH,
2026-07-23T14:55:00.000Z,Front AC,74.1,0,46,77,93,0,compressorCoolOff,WFH,
2026-07-23T15:00:00.000Z,Front AC,74.4,0,47,77,96.3,0,compressorCoolOff,WFH,
2026-07-23T15:05:00.000Z,Front AC,74.6,0,47,77,96.3,0,compressorCoolOff,WFH,
2026-07-23T15:10:00.000Z,Front AC,74.8,0,47,77,96.3,0,compressorCoolOff,WFH,
2026-07-23T15:15:00.000Z,Front AC,75,0,47,77,96.3,0,compressorCoolOff,WFH,
2026-07-23T15:20:00.000Z,Front AC,75.2,0,47,77,96.3,0,compressorCoolOff,WFH,
2026-07-23T15:25:00.000Z,Front AC,75.3,0,47,77,96.3,0,compressorCoolOff,WFH,
2026-07-23T15:30:00.000Z,Front AC,75.5,0,47,75,96.3,195,compressorCoolOff,WFH,
2026-07-23T15:35:00.000Z,Front AC,74.8,0,48,74,96.3,300,compressorCoolStage1On,WFH,auto
2026-07-23T15:40:00.000Z,Front AC,73.8,0,48,74,96.3,30,compressorCoolStage1On,WFH,auto
2026-07-23T15:45:00.000Z,Front AC,74,0,49,74,96.3,0,compressorCoolOff,WFH,auto
2026-07-23T15:50:00.000Z,Front AC,74.4,0,48,74,96.3,225,compressorCoolOff,WFH,auto
2026-07-23T15:55:00.000Z,Front AC,73.7,0,48,74,96.3,75,compressorCoolStage1On,WFH,auto
2026-07-23T16:00:00.000Z,Front AC,73.8,0,51,74,98.8,0,compressorCoolOff,WFH,auto
2026-07-23T16:05:00.000Z,Front AC,74.4,0,51,74,98.8,165,compressorCoolOff,WFH,auto
2026-07-23T16:10:00.000Z,Front AC,73.9,0,50,74,98.8,135,compressorCoolStage1On,WFH,auto
2026-07-23T16:15:00.000Z,Front AC,73.6,0,51,74,98.8,0,compressorCoolOff,WFH,auto
2026-07-23T16:20:00.000Z,Front AC,74.1,0,51,74,98.8,0,compressorCoolOff,WFH,auto
2026-07-23T16:25:00.000Z,Front AC,74.3,0,49,74,98.8,270,compressorCoolOff,WFH,auto
2026-07-23T16:30:00.000Z,Front AC,73.5,0,49,74,99.4,30,compressorCoolStage1On,WFH,auto
2026-07-23T16:35:00.000Z,Front AC,73.8,0,50,74,99.4,0,compressorCoolOff,WFH,auto
2026-07-23T16:40:00.000Z,Front AC,74.4,0,50,74,99.4,180,compressorCoolOff,WFH,auto
2026-07-23T16:45:00.000Z,Front AC,74,0,49,74,99.4,150,compressorCoolStage1On,WFH,auto
2026-07-23T16:50:00.000Z,Front AC,73.6,0,49,74,99.4,0,compressorCoolOff,WFH,auto
2026-07-23T16:55:00.000Z,Front AC,74.4,0,49,74,99.4,150,compressorCoolOff,WFH,auto
2026-07-23T17:00:00.000Z,Front AC,74.2,0,49,74,100.6,210,compressorCoolStage1On,WFH,auto
2026-07-23T17:05:00.000Z,Front AC,73.6,0,50,74,100.6,0,compressorCoolOff,WFH,auto
2026-07-23T17:10:00.000Z,Front AC,74.3,0,50,74,100.6,150,compressorCoolOff,WFH,auto
2026-07-23T17:15:00.000Z,Front AC,74.1,0,50,74,100.6,180,compressorCoolStage1On,WFH,auto
2026-07-23T17:20:00.000Z,Front AC,73.8,0,51,74,100.6,0,compressorCoolOff,WFH,auto
2026-07-23T17:25:00.000Z,Front AC,74.5,0,50,74,100.6,225,compressorCoolOff,WFH,auto
2026-07-23T17:30:00.000Z,Front AC,73.8,0,50,74,101.7,75,compressorCoolStage1On,WFH,auto
2026-07-23T17:35:00.000Z,Front AC,74,0,51,74,101.7,15,compressorCoolOff,WFH,auto
2026-07-23T17:40:00.000Z,Front AC,74.7,0,50,74,101.7,300,compressorCoolStage1On,WFH,auto
2026-07-23T17:45:00.000Z,Front AC,73.9,0,50,74,101.7,105,compressorCoolStage1On,WFH,auto
2026-07-23T17:50:00.000Z,Front AC,74.1,0,51,74,101.7,60,compressorCoolOff,WFH,auto
2026-07-23T17:55:00.000Z,Front AC,74.5,0,51,74,101.7,300,compressorCoolStage1On,WFH,auto
2026-07-23T18:00:00.000Z,Front AC,73.8,0,51,74,102.8,60,compressorCoolStage1On,WFH,auto
2026-07-23T18:05:00.000Z,Front AC,74.3,0,52,74,102.8,120,compressorCoolOff,WFH,auto
2026-07-23T18:10:00.000Z,Front AC,74.3,0,52,74,102.8,225,compressorCoolStage1On,WFH,auto
2026-07-23T18:15:00.000Z,Front AC,73.8,0,52,74,102.8,0,compressorCoolOff,WFH,auto
2026-07-23T18:20:00.000Z,Front AC,74.7,0,52,74,102.8,285,compressorCoolOff,WFH,auto
2026-07-23T18:25:00.000Z,Front AC,74,0,52,74,102.8,150,compressorCoolStage1On,WFH,auto
2026-07-23T18:30:00.000Z,Front AC,74.2,0,52,74,102.8,105,compressorCoolOff,WFH,auto
2026-07-23T18:35:00.000Z,Front AC,74.5,0,52,74,102.8,300,compressorCoolStage1On,WFH,auto
2026-07-23T18:40:00.000Z,Front AC,74,0,52,74,102.8,195,compressorCoolStage1On,WFH,auto
2026-07-23T18:45:00.000Z,Front AC,74.2,0,53,74,102.8,75,compressorCoolOff,WFH,auto
2026-07-23T18:50:00.000Z,Front AC,74.6,0,54,74,102.8,300,compressorCoolStage1On,WFH,auto
2026-07-23T18:55:00.000Z,Front AC,74.1,0,52,74,102.8,255,compressorCoolStage1On,WFH,auto
2026-07-23T19:00:00.000Z,Front AC,73.9,0,52,74,105.1,0,compressorCoolOff,WFH,auto
2026-07-23T19:05:00.000Z,Front AC,74.8,0,52,74,105.1,285,compressorCoolOff,WFH,auto
2026-07-23T19:10:00.000Z,Front AC,74.4,0,52,74,105.1,300,compressorCoolStage1On,WFH,auto
2026-07-23T19:15:00.000Z,Front AC,73.9,0,51,74,105.1,105,compressorCoolStage1On,WFH,auto
2026-07-23T19:20:00.000Z,Front AC,74.3,0,52,74,105.1,195,compressorCoolOff,WFH,auto
2026-07-23T19:25:00.000Z,Front AC,74.3,0,50,74,105.1,300,compressorCoolStage1On,WFH,auto
2026-07-23T19:30:00.000Z,Front AC,73.9,0,51,75.9,105.1,0,compressorCoolOff,WFH,auto
2026-07-23T19:35:00.000Z,Front AC,74.8,0,50,77,105.1,0,compressorCoolOff,WFH,
2026-07-23T19:40:00.000Z,Front AC,75.9,0,49,77,105.1,0,compressorCoolOff,WFH,
2026-07-23T19:45:00.000Z,Front AC,76.6,0,49,77,105.1,0,compressorCoolOff,WFH,
2026-07-23T19:50:00.000Z,Front AC,77,0,49,77,105.1,255,compressorCoolOff,WFH,
2026-07-23T19:55:00.000Z,Front AC,76.4,0,49,77,105.1,45,compressorCoolStage1On,WFH,
2026-07-23T20:00:00.000Z,Front AC,76.6,0,50,77,106.7,0,compressorCoolOff,WFH,
2026-07-23T20:05:00.000Z,Front AC,77,0,49,77,106.7,270,compressorCoolOff,WFH,
2026-07-23T20:10:00.000Z,Front AC,76.3,0,49,77,106.7,30,compressorCoolStage1On,WFH,
2026-07-23T20:15:00.000Z,Front AC,76.5,0,50,77,106.7,0,compressorCoolOff,WFH,
2026-07-23T20:20:00.000Z,Front AC,77.1,0,49,77,106.7,255,compressorCoolOff,WFH,
2026-07-23T20:25:00.000Z,Front AC,76.6,0,49,77,106.7,45,compressorCoolStage1On,WFH,
2026-07-23T20:30:00.000Z,Front AC,76.9,0,49,76,107.2,255,compressorCoolOff,WFH,auto
2026-07-23T20:35:00.000Z,Front AC,76.9,0,48,76,107.2,300,compressorCoolStage1On,WFH,auto
2026-07-23T20:40:00.000Z,Front AC,76.4,0,46,76,107.2,300,compressorCoolStage1On,WFH,auto
2026-07-23T20:45:00.000Z,Front AC,75.9,0,46,76,107.2,120,compressorCoolStage1On,WFH,auto
2026-07-23T20:50:00.000Z,Front AC,76.1,0,47,76,107.2,180,compressorCoolOff,WFH,auto
2026-07-23T20:55:00.000Z,Front AC,76.2,0,46,76,107.2,300,compressorCoolStage1On,WFH,auto
2026-07-23T21:00:00.000Z,Front AC,76,0,46,76,107.4,30,compressorCoolStage1On,WFH,auto
2026-07-23T21:05:00.000Z,Front AC,76.4,0,47,76,107.4,270,compressorCoolOff,WFH,auto
2026-07-23T21:10:00.000Z,Front AC,76,0,47,76,107.4,165,compressorCoolStage1On,WFH,auto
2026-07-23T21:15:00.000Z,Front AC,76.1,0,47,76,107.4,135,compressorCoolOff,WFH,auto
2026-07-23T21:20:00.000Z,Front AC,76.3,0,47,76,107.4,300,compressorCoolStage1On,WFH,auto
2026-07-23T21:25:00.000Z,Front AC,76.1,0,46,75,107.4,300,compressorCoolStage1On,WFH,auto
2026-07-23T21:30:00.000Z,Front AC,75.9,0,46,74,107.4,300,compressorCoolStage1On,Home,
2026-07-23T21:35:00.000Z,Front AC,75.6,0,46,74,107.4,300,compressorCoolStage1On,Home,
2026-07-23T21:40:00.000Z,Front AC,75.3,0,46,74,107.4,300,compressorCoolStage1On,Home,
2026-07-23T21:45:00.000Z,Front AC,75.1,0,46,74,107.4,300,compressorCoolStage1On,Home,
2026-07-23T21:50:00.000Z,Front AC,74.8,0,45,74,107.4,300,compressorCoolStage1On,Home,
2026-07-23T21:55:00.000Z,Front AC,74.6,0,45,74,107.4,300,compressorCoolStage1On,Home,
2026-07-23T22:00:00.000Z,Front AC,74.4,0,45,74,108.1,300,compressorCoolStage1On,Home,
2026-07-23T22:05:00.000Z,Front AC,74.3,0,45,74,108.1,300,compressorCoolStage1On,Home,
2026-07-23T22:10:00.000Z,Front AC,74.1,0,45,74,108.1,300,compressorCoolStage1On,Home,
2026-07-23T22:15:00.000Z,Front AC,74,0,46,74,108.1,105,compressorCoolStage1On,Home,
2026-07-23T22:20:00.000Z,Front AC,74.6,0,47,74,108.1,195,compressorCoolOff,Home,
2026-07-23T22:25:00.000Z,Front AC,74.9,0,47,74,108.1,300,compressorCoolStage1On,Home,
2026-07-23T22:30:00.000Z,Front AC,74.8,0,46,74,108.1,300,compressorCoolStage1On,Home,
2026-07-23T22:35:00.000Z,Front AC,74.8,0,46,74,108.1,300,compressorCoolStage1On,Home,
2026-07-23T22:40:00.000Z,Front AC,74.8,0,46,74,108.1,300,compressorCoolStage1On,Home,
2026-07-23T22:45:00.000Z,Front AC,74.4,0,46,74,108.1,300,compressorCoolStage1On,Home,
2026-07-23T22:50:00.000Z,Front AC,74.2,0,46,74,108.1,300,compressorCoolStage1On,Home,
2026-07-23T22:55:00.000Z,Front AC,74.2,0,45,74,108.1,300,compressorCoolStage1On,Home,
2026-07-23T23:00:00.000Z,Front AC,74.2,0,45,74,108.1,300,compressorCoolStage1On,Home,
2026-07-23T23:05:00.000Z,Front AC,74.1,0,45,74,108.1,300,compressorCoolStage1On,Home,
2026-07-23T23:10:00.000Z,Front AC,74.1,0,45,74,108.1,300,compressorCoolStage1On,Home,
2026-07-23T23:15:00.000Z,Front AC,74,0,45,74,108.1,30,compressorCoolStage1On,Home,
2026-07-23T23:20:00.000Z,Front AC,74.8,0,46,74,108.1,270,compressorCoolOff,Home,
2026-07-23T23:25:00.000Z,Front AC,74.9,0,47,74,108.1,300,compressorCoolStage1On,Home,
2026-07-23T23:30:00.000Z,Front AC,74.7,0,46,74,108.1,300,compressorCoolStage1On,Home,
2026-07-23T23:35:00.000Z,Front AC,74.5,0,46,74,108.1,300,compressorCoolStage1On,Home,
2026-07-23T23:40:00.000Z,Front AC,74.3,0,46,74,108.1,300,compressorCoolStage1On,Home,
2026-07-23T23:45:00.000Z,Front AC,74.3,0,46,74,108.1,300,compressorCoolStage1On,Home,
2026-07-23T23:50:00.000Z,Front AC,74.2,0,46,74,108.1,300,compressorCoolStage1On,Home,
2026-07-23T23:55:00.000Z,Front AC,74,0,46,74,108.1,75,compressorCoolStage1On,Home,
2026-07-24T00:00:00.000Z,Front AC,74.6,0,47,74,108.4,225,compressorCoolOff,Home,
2026-07-24T00:05:00.000Z,Front AC,74.9,0,48,74,108.4,300,compressorCoolStage1On,Home,
2026-07-24T00:10:00.000Z,Front AC,74.8,0,48,74,108.4,300,compressorCoolStage1On,Home,
2026-07-24T00:15:00.000Z,Front AC,74.6,0,46,74,108.4,300,compressorCoolStage1On,Home,
2026-07-24T00:20:00.000Z,Front AC,74.3,0,46,74,108.4,300,compressorCoolStage1On,Home,
2026-07-24T00:25:00.000Z,Front AC,74.4,0,47,74,108.4,300,compressorCoolStage1On,Home,
2026-07-24T00:30:00.000Z,Front AC,74.3,0,46,74,107.9,300,compressorCoolStage1On,Home,
2026-07-24T00:35:00.000Z,Front AC,74.2,0,46,74,107.9,300,compressorCoolStage1On,Home,
2026-07-24T00:40:00.000Z,Front AC,74,0,46,74,107.9,195,compressorCoolStage1On,Home,
2026-07-24T00:45:00.000Z,Front AC,74.1,0,47,74,107.9,105,compressorCoolOff,Home,
2026-07-24T00:50:00.000Z,Front AC,74.7,0,47,74,107.9,300,compressorCoolStage1On,Home,
2026-07-24T00:55:00.000Z,Front AC,74.6,0,47,74,107.9,300,compressorCoolStage1On,Home,
2026-07-24T01:00:00.000Z,Front AC,74.5,0,46,74,106.9,300,compressorCoolStage1On,Home,
2026-07-24T01:05:00.000Z,Front AC,74.3,0,45,74,106.9,300,compressorCoolStage1On,Home,
2026-07-24T01:10:00.000Z,Front AC,74.1,0,45,74,106.9,300,compressorCoolStage1On,Home,
2026-07-24T01:15:00.000Z,Front AC,74,0,45,74,106.9,150,compressorCoolStage1On,Home,
2026-07-24T01:20:00.000Z,Front AC,74.3,0,46,74,106.9,150,compressorCoolOff,Home,
2026-07-24T01:25:00.000Z,Front AC,74.8,0,46,74,106.9,300,compressorCoolStage1On,Home,
2026-07-24T01:30:00.000Z,Front AC,74.6,0,46,74,106.9,300,compressorCoolStage1On,Home,
2026-07-24T01:35:00.000Z,Front AC,74.4,0,46,74.1,106.9,270,compressorCoolStage1On,Home,
2026-07-24T01:40:00.000Z,Front AC,74.4,0,45,75,106.9,0,compressorCoolOff,Home,auto
2026-07-24T01:45:00.000Z,Front AC,75,0,46,75,106.9,165,compressorCoolOff,Home,auto
2026-07-24T01:50:00.000Z,Front AC,75.2,0,45,75,106.9,300,compressorCoolStage1On,Home,auto
2026-07-24T01:55:00.000Z,Front AC,75,0,44,75,106.9,120,compressorCoolStage1On,Home,auto
2026-07-24T02:00:00.000Z,Front AC,75.1,0,47,75,106.1,180,compressorCoolOff,Home,auto
2026-07-24T02:05:00.000Z,Front AC,75.3,0,46,75,106.1,300,compressorCoolStage1On,Home,auto
2026-07-24T02:10:00.000Z,Front AC,74.9,0,46,75,106.1,75,compressorCoolStage1On,Home,auto
2026-07-24T02:15:00.000Z,Front AC,75.1,0,46,75,106.1,210,compressorCoolOff,Home,auto
2026-07-24T02:20:00.000Z,Front AC,75.1,0,45,74.3,106.1,300,compressorCoolStage1On,Home,auto
2026-07-24T02:25:00.000Z,Front AC,74.6,0,44,74,106.1,300,compressorCoolStage1On,Home,
2026-07-24T02:30:00.000Z,Front AC,74.2,0,43,74,106.1,300,compressorCoolStage1On,Home,
2026-07-24T02:35:00.000Z,Front AC,74,0,43,74,106.1,165,compressorCoolStage1On,Home,
2026-07-24T02:40:00.000Z,Front AC,74.3,0,45,74,106.1,135,compressorCoolOff,Home,
2026-07-24T02:45:00.000Z,Front AC,74.5,0,44,74,106.1,300,compressorCoolStage1On,Home,
2026-07-24T02:50:00.000Z,Front AC,74.2,0,44,74,106.1,285,compressorCoolStage1On,Home,
2026-07-24T02:55:00.000Z,Front AC,73.9,0,44,74,106.1,15,compressorCoolOff,Home,
2026-07-24T03:00:00.000Z,Front AC,74.2,0,44,74,103.3,300,compressorCoolStage1On,Home,
2026-07-24T03:05:00.000Z,Front AC,74.1,0,43,74,103.3,240,compressorCoolStage1On,Home,
2026-07-24T03:10:00.000Z,Front AC,74.1,0,44,74,103.3,60,compressorCoolOff,Home,
2026-07-24T03:15:00.000Z,Front AC,74.4,0,45,74,103.3,300,compressorCoolStage1On,Home,
2026-07-24T03:20:00.000Z,Front AC,74.2,0,44,74,103.3,300,compressorCoolStage1On,Home,
2026-07-24T03:25:00.000Z,Front AC,73.9,0,45,74,103.3,0,compressorCoolOff,Home,
2026-07-24T03:30:00.000Z,Front AC,74.2,0,45,74,103.6,300,compressorCoolStage1On,Home,
2026-07-24T03:35:00.000Z,Front AC,73.8,0,44,74,103.6,300,compressorCoolStage1On,Home,
2026-07-24T03:40:00.000Z,Front AC,73.3,0,43,74,103.6,300,compressorCoolStage1On,Home,(SmartRecovery)
2026-07-24T03:45:00.000Z,Front AC,72.9,0,43,74,103.6,300,compressorCoolStage1On,Home,(SmartRecovery)
2026-07-24T03:50:00.000Z,Front AC,72.8,0,43,74,103.6,300,compressorCoolStage1On,Home,(SmartRecovery)
2026-07-24T03:55:00.000Z,Front AC,72.8,0,43,74,103.6,300,compressorCoolStage1On,Home,(SmartRecovery)
2026-07-24T04:00:00.000Z,Front AC,72.6,0,43,74,101.6,300,compressorCoolStage1On,Home,(SmartRecovery)
2026-07-24T04:05:00.000Z,Front AC,72.2,0,42,74,101.6,300,compressorCoolStage1On,Home,(SmartRecovery)
2026-07-24T04:10:00.000Z,Front AC,71.5,0,41,74,101.6,300,compressorCoolStage1On,Home,(SmartRecovery)
2026-07-24T04:15:00.000Z,Front AC,71.3,0,41,74,101.6,300,compressorCoolStage1On,Home,(SmartRecovery)
2026-07-24T04:20:00.000Z,Front AC,72.3,0,44,74,101.6,300,compressorCoolStage1On,Home,(SmartRecovery)
2026-07-24T04:25:00.000Z,Front AC,73.2,0,46,72.3,101.6,300,compressorCoolStage1On,Home,(SmartRecovery)
2026-07-24T04:30:00.000Z,Front AC,73.4,0,47,71,101.6,300,compressorCoolStage1On,Sleep,
2026-07-24T04:35:00.000Z,Front AC,73.3,0,45,71,101.6,300,compressorCoolStage1On,Sleep,
2026-07-24T04:40:00.000Z,Front AC,73.1,0,45,71,101.6,300,compressorCoolStage1On,Sleep,
2026-07-24T04:45:00.000Z,Front AC,72.8,0,45,71,101.6,300,compressorCoolStage1On,Sleep,
2026-07-24T04:50:00.000Z,Front AC,72.6,0,45,71,101.6,300,compressorCoolStage1On,Sleep,
2026-07-24T04:55:00.000Z,Front AC,72.3,0,45,71,101.6,300,compressorCoolStage1On,Sleep,
2026-07-24T05:00:00.000Z,Front AC,72.3,0,45,71,102,300,compressorCoolStage1On,Sleep,
2026-07-24T05:05:00.000Z,Front AC,72.2,0,45,71,102,300,compressorCoolStage1On,Sleep,
2026-07-24T05:10:00.000Z,Front AC,72,0,45,71,102,300,compressorCoolStage1On,Sleep,
2026-07-24T05:15:00.000Z,Front AC,71.7,0,45,71,102,300,compressorCoolStage1On,Sleep,
2026-07-24T05:20:00.000Z,Front AC,71.6,0,45,71,102,300,compressorCoolStage1On,Sleep,
2026-07-24T05:25:00.000Z,Front AC,71.5,0,45,71,102,300,compressorCoolStage1On,Sleep,
2026-07-24T05:30:00.000Z,Front AC,71.6,0,45,71,102,300,compressorCoolStage1On,Sleep,
2026-07-24T05:35:00.000Z,Front AC,71.4,0,44,71,102,300,compressorCoolStage1On,Sleep,
2026-07-24T05:40:00.000Z,Front AC,71.1,0,43,71,102,60,compressorCoolStage1On,Sleep,
2026-07-24T05:45:00.000Z,Front AC,71.3,0,44,71,102,240,compressorCoolOff,Sleep,
2026-07-24T05:50:00.000Z,Front AC,71.5,0,45,71,102,300,compressorCoolStage1On,Sleep,
2026-07-24T05:55:00.000Z,Front AC,71.8,0,43,71,102,300,compressorCoolStage1On,Sleep,
2026-07-24T06:00:00.000Z,Front AC,71.9,0,43,71,100.7,300,compressorCoolStage1On,Sleep,
2026-07-24T06:05:00.000Z,Front AC,71.7,0,43,71,100.7,300,compressorCoolStage1On,Sleep,
2026-07-24T06:10:00.000Z,Front AC,71.5,0,43,71,100.7,300,compressorCoolStage1On,Sleep,
2026-07-24T06:15:00.000Z,Front AC,71,0,43,71,100.7,150,compressorCoolStage1On,Sleep,
2026-07-24T06:20:00.000Z,Front AC,71,0,43,71,100.7,135,compressorCoolOff,Sleep,
2026-07-24T06:25:00.000Z,Front AC,71.4,0,43,71,100.7,300,compressorCoolStage1On,Sleep,
2026-07-24T06:30:00.000Z,Front AC,71.6,0,43,71,100.7,300,compressorCoolStage1On,Sleep,
2026-07-24T06:35:00.000Z,Front AC,71.6,0,43,71,100.7,300,compressorCoolStage1On,Sleep,
2026-07-24T06:40:00.000Z,Front AC,71.3,0,42,71,100.7,225,compressorCoolStage1On,Sleep,
2026-07-24T06:45:00.000Z,Front AC,70.9,0,42,71,100.7,0,compressorCoolOff,Sleep,
2026-07-24T06:50:00.000Z,Front AC,71.2,0,43,71,100.7,225,compressorCoolOff,Sleep,
2026-07-24T06:55:00.000Z,Front AC,71.8,0,43,71,100.7,300,compressorCoolStage1On,Sleep,
2026-07-24T07:00:00.000Z,Front AC,71.7,0,42,71,98.9,300,compressorCoolStage1On,Sleep,
2026-07-24T07:05:00.000Z,Front AC,71.4,0,42,71,98.9,300,compressorCoolStage1On,Sleep,
2026-07-24T07:10:00.000Z,Front AC,71,0,41,71,98.9,15,compressorCoolStage1On,Sleep,
2026-07-24T07:15:00.000Z,Front AC,71.2,0,42,71,98.9,270,compressorCoolOff,Sleep,
2026-07-24T07:20:00.000Z,Front AC,71.6,0,42,71,98.9,300,compressorCoolStage1On,Sleep,
2026-07-24T07:25:00.000Z,Front AC,71.2,0,41,71,98.9,150,compressorCoolStage1On,Sleep,
2026-07-24T07:30:00.000Z,Front AC,71,0,42,71,98.9,75,compressorCoolOff,Sleep,
2026-07-24T07:35:00.000Z,Front AC,71.5,0,43,71,98.9,300,compressorCoolStage1On,Sleep,
2026-07-24T07:40:00.000Z,Front AC,71.4,0,41,71,98.9,300,compressorCoolStage1On,Sleep,
2026-07-24T07:45:00.000Z,Front AC,71.2,0,41,71,98.9,225,compressorCoolStage1On,Sleep,
2026-07-24T07:50:00.000Z,Front AC,70.9,0,41,71,98.9,0,compressorCoolOff,Sleep,
2026-07-24T07:55:00.000Z,Front AC,71.1,0,43,71,98.9,195,compressorCoolOff,Sleep,
2026-07-24T08:00:00.000Z,Front AC,71.6,0,42,71,96.9,300,compressorCoolStage1On,Sleep,
2026-07-24T08:05:00.000Z,Front AC,71.3,0,41,71,96.9,300,compressorCoolStage1On,Sleep,
2026-07-24T08:10:00.000Z,Front AC,71,0,41,71,96.9,75,compressorCoolStage1On,Sleep,
2026-07-24T08:15:00.000Z,Front AC,71.1,0,42,71,96.9,210,compressorCoolOff,Sleep,
2026-07-24T08:20:00.000Z,Front AC,71.4,0,42,71,96.9,300,compressorCoolStage1On,Sleep,
2026-07-24T08:25:00.000Z,Front AC,71.1,0,41,71,96.9,300,compressorCoolStage1On,Sleep,
2026-07-24T08:30:00.000Z,Front AC,70.9,0,41,71,97.3,0,compressorCoolOff,Sleep,
2026-07-24T08:35:00.000Z,Front AC,70.9,0,42,71,97.3,60,compressorCoolOff,Sleep,
2026-07-24T08:40:00.000Z,Front AC,71.5,0,42,71,97.3,300,compressorCoolStage1On,Sleep,
2026-07-24T08:45:00.000Z,Front AC,71.4,0,41,71,97.3,300,compressorCoolStage1On,Sleep,
2026-07-24T08:50:00.000Z,Front AC,71.1,0,41,71,97.3,210,compressorCoolStage1On,Sleep,
2026-07-24T08:55:00.000Z,Front AC,71,0,41,71,97.3,45,compressorCoolOff,Sleep,
2026-07-24T09:00:00.000Z,Front AC,71.3,0,42,71,96.7,300,compressorCoolStage1On,Sleep,
2026-07-24T09:05:00.000Z,Front AC,71.1,0,41,71,96.7,210,compressorCoolStage1On,Sleep,
2026-07-24T09:10:00.000Z,Front AC,71,0,41,71,96.7,60,compressorCoolOff,Sleep,
2026-07-24T09:15:00.000Z,Front AC,71.4,0,42,71,96.7,300,compressorCoolStage1On,Sleep,
2026-07-24T09:20:00.000Z,Front AC,71.1,0,41,71,96.7,120,compressorCoolStage1On,Sleep,
2026-07-24T09:25:00.000Z,Front AC,71,0,42,71,96.7,105,compressorCoolOff,Sleep,
2026-07-24T09:30:00.000Z,Front AC,71.5,0,42,71,95.7,300,compressorCoolStage1On,Sleep,
2026-07-24T09:35:00.000Z,Front AC,71.2,0,41,71,95.7,300,compressorCoolStage1On,Sleep,
2026-07-24T09:40:00.000Z,Front AC,71,0,41,71,95.7,15,compressorCoolStage1On,Sleep,
2026-07-24T09:45:00.000Z,Front AC,71.1,0,42,71,95.7,210,compressorCoolOff,Sleep,
2026-07-24T09:50:00.000Z,Front AC,71.4,0,42,71,95.7,300,compressorCoolStage1On,Sleep,
2026-07-24T09:55:00.000Z,Front AC,71.2,0,41,71,95.7,285,compressorCoolStage1On,Sleep,
2026-07-24T10:00:00.000Z,Front AC,70.9,0,41,71,94.8,0,compressorCoolOff,Sleep,
2026-07-24T10:05:00.000Z,Front AC,70.9,0,42,71,94.8,0,compressorCoolOff,Sleep,
2026-07-24T10:10:00.000Z,Front AC,71.4,0,43,71,94.8,300,compressorCoolStage1On,Sleep,
2026-07-24T10:15:00.000Z,Front AC,71.4,0,41,71,94.8,300,compressorCoolStage1On,Sleep,
2026-07-24T10:20:00.000Z,Front AC,71.1,0,41,71,94.8,195,compressorCoolStage1On,Sleep,
2026-07-24T10:25:00.000Z,Front AC,70.9,0,42,71,94.8,0,compressorCoolOff,Sleep,
2026-07-24T10:30:00.000Z,Front AC,71.3,0,43,71,94.8,255,compressorCoolOff,Sleep,
2026-07-24T10:35:00.000Z,Front AC,71.3,0,41,71,94.8,300,compressorCoolStage1On,Sleep,
2026-07-24T10:40:00.000Z,Front AC,71.2,0,41,71,94.8,240,compressorCoolStage1On,Sleep,
2026-07-24T10:45:00.000Z,Front AC,70.8,0,41,71,94.8,0,compressorCoolOff,Sleep,
2026-07-24T10:50:00.000Z,Front AC,70.9,0,42,71,94.8,30,compressorCoolOff,Sleep,
2026-07-24T10:55:00.000Z,Front AC,71.4,0,42,71,94.8,300,compressorCoolStage1On,Sleep,
2026-07-24T11:00:00.000Z,Front AC,71.3,0,41,71,93.4,300,compressorCoolStage1On,Sleep,
2026-07-24T11:05:00.000Z,Front AC,71,0,41,71,93.4,75,compressorCoolStage1On,Sleep,
2026-07-24T11:10:00.000Z,Front AC,70.9,0,42,71,93.4,105,compressorCoolOff,Sleep,
2026-07-24T11:15:00.000Z,Front AC,71.3,0,42,71,93.4,300,compressorCoolStage1On,Sleep,
2026-07-24T11:20:00.000Z,Front AC,71.2,0,41,71,93.4,300,compressorCoolStage1On,Sleep,
2026-07-24T11:25:00.000Z,Front AC,70.9,0,41,71,93.4,15,compressorCoolStage1On,Sleep,
2026-07-24T11:30:00.000Z,Front AC,70.8,0,42,71,93.4,0,compressorCoolOff,Sleep,
2026-07-24T11:35:00.000Z,Front AC,71.2,0,42,71,93.4,255,compressorCoolOff,Sleep,
2026-07-24T11:40:00.000Z,Front AC,71.3,0,41,71,93.4,300,compressorCoolStage1On,Sleep,
2026-07-24T11:45:00.000Z,Front AC,71.1,0,41,71,93.4,165,compressorCoolStage1On,Sleep,
2026-07-24T11:50:00.000Z,Front AC,70.8,0,42,71,93.4,0,compressorCoolOff,Sleep,
2026-07-24T11:55:00.000Z,Front AC,71.2,0,42,71,93.4,240,compressorCoolOff,Sleep,
2026-07-24T12:00:00.000Z,Front AC,71.3,0,41,71,92.8,300,compressorCoolStage1On,Sleep,
2026-07-24T12:05:00.000Z,Front AC,71.1,0,41,71,92.8,150,compressorCoolStage1On,Sleep,
2026-07-24T12:10:00.000Z,Front AC,70.8,0,42,71,92.8,0,compressorCoolOff,Sleep,
2026-07-24T12:15:00.000Z,Front AC,71.1,0,43,71,92.8,165,compressorCoolOff,Sleep,
2026-07-24T12:20:00.000Z,Front AC,71.4,0,42,71,92.8,300,compressorCoolStage1On,Sleep,
2026-07-24T12:25:00.000Z,Front AC,70.9,0,41,71,92.8,15,compressorCoolStage1On,Sleep,
2026-07-24T12:30:00.000Z,Front AC,71,0,42,71,92.8,150,compressorCoolOff,Sleep,
2026-07-24T12:35:00.000Z,Front AC,71.3,0,42,71,92.8,270,compressorCoolStage1On,Sleep,
2026-07-24T12:40:00.000Z,Front AC,71,0,43,71,92.8,30,compressorCoolOff,Sleep,
2026-07-24T12:45:00.000Z,Front AC,71.1,0,44,71.4,92.8,240,compressorCoolStage1On,Sleep,
2026-07-24T12:50:00.000Z,Front AC,70.7,0,45,73,92.8,0,compressorCoolOff,Sleep,auto
2026-07-24T12:55:00.000Z,Front AC,71.4,0,44,73,92.8,0,compressorCoolOff,Sleep,auto
2026-07-24T13:00:00.000Z,Front AC,72.2,0,44,73,92,0,compressorCoolOff,Sleep,auto
2026-07-24T13:05:00.000Z,Front AC,72.7,0,43,73,92,0,compressorCoolOff,Sleep,auto
2026-07-24T13:10:00.000Z,Front AC,73,0,44,73,92,300,compressorCoolStage1On,Sleep,auto
2026-07-24T13:15:00.000Z,Front AC,72.4,0,45,73,92,0,compressorCoolOff,Sleep,auto
2026-07-24T13:20:00.000Z,Front AC,72.4,0,47,73,92,0,compressorCoolOff,Sleep,auto
2026-07-24T13:25:00.000Z,Front AC,72.9,0,47,73,92,75,compressorCoolOff,Sleep,auto
2026-07-24T13:30:00.000Z,Front AC,72.9,0,47,73,93.1,225,compressorCoolStage1On,Sleep,auto
2026-07-24T13:35:00.000Z,Front AC,72.6,0,46,73,93.1,0,compressorCoolOff,Sleep,auto
2026-07-24T13:40:00.000Z,Front AC,72.9,0,46,73,93.1,105,compressorCoolOff,Sleep,auto
2026-07-24T13:45:00.000Z,Front AC,72.8,0,45,73,93.1,195,compressorCoolStage1On,Sleep,auto
2026-07-24T13:50:00.000Z,Front AC,72.5,0,46,73,93.1,0,compressorCoolOff,Sleep,auto
2026-07-24T13:55:00.000Z,Front AC,72.8,0,46,73,93.1,0,compressorCoolOff,Sleep,auto
2026-07-24T14:00:00.000Z,Front AC,73.1,0,46,73,94.6,285,compressorCoolOff,Sleep,auto
2026-07-24T14:05:00.000Z,Front AC,72.5,0,46,73,94.6,15,compressorCoolStage1On,Sleep,auto
2026-07-24T14:10:00.000Z,Front AC,72.8,0,46,73,94.6,75,compressorCoolOff,Sleep,auto
2026-07-24T14:15:00.000Z,Front AC,73,0,46,73,94.6,225,compressorCoolStage1On,Sleep,auto
2026-07-24T14:20:00.000Z,Front AC,72.7,0,46,73,94.6,0,compressorCoolOff,Sleep,auto
2026-07-24T14:25:00.000Z,Front AC,73,0,46,75,94.6,0,compressorCoolOff,Sleep,auto
2026-07-24T14:30:00.000Z,Front AC,73.6,0,46,77,94.6,0,compressorCoolOff,WFH,
2026-07-24T14:35:00.000Z,Front AC,74.1,0,45,77,94.6,0,compressorCoolOff,WFH,
2026-07-24T14:40:00.000Z,Front AC,74.5,0,45,77,94.6,0,compressorCoolOff,WFH,
2026-07-24T14:45:00.000Z,Front AC,74.8,0,45,77,94.6,0,compressorCoolOff,WFH,
2026-07-24T14:50:00.000Z,Front AC,75,0,44,77,94.6,0,compressorCoolOff,WFH,
2026-07-24T14:55:00.000Z,Front AC,75.2,0,44,77,94.6,0,compressorCoolOff,WFH,
2026-07-24T15:00:00.000Z,Front AC,75.3,0,45,77,97.3,0,compressorCoolOff,WFH,
2026-07-24T15:05:00.000Z,Front AC,75.5,0,45,77,97.3,0,compressorCoolOff,WFH,
2026-07-24T15:10:00.000Z,Front AC,75.7,0,45,77,97.3,0,compressorCoolOff,WFH,
2026-07-24T15:15:00.000Z,Front AC,75.9,0,44,77,97.3,0,compressorCoolOff,WFH,
2026-07-24T15:20:00.000Z,Front AC,75.8,0,44,77,97.3,0,compressorCoolOff,WFH,
2026-07-24T15:25:00.000Z,Front AC,75.8,0,44,77,97.3,0,compressorCoolOff,WFH,
2026-07-24T15:30:00.000Z,Front AC,75.9,0,44,77,97.3,0,compressorCoolOff,WFH,
2026-07-24T15:35:00.000Z,Front AC,76.1,0,44,77,97.3,0,compressorCoolOff,WFH,
2026-07-24T15:40:00.000Z,Front AC,76.3,0,44,77,97.3,0,compressorCoolOff,WFH,
2026-07-24T15:45:00.000Z,Front AC,76.5,0,44,77,97.3,0,compressorCoolOff,WFH,
2026-07-24T15:50:00.000Z,Front AC,76.6,0,44,77,97.3,0,compressorCoolOff,WFH,
2026-07-24T15:55:00.000Z,Front AC,76.7,0,44,77,97.3,0,compressorCoolOff,WFH,
2026-07-24T16:00:00.000Z,Front AC,76.6,0,44,77,99.4,0,compressorCoolOff,WFH,
2026-07-24T16:05:00.000Z,Front AC,76.6,0,44,77,99.4,0,compressorCoolOff,WFH,
2026-07-24T16:10:00.000Z,Front AC,76.7,0,44,77,99.4,0,compressorCoolOff,WFH,
2026-07-24T16:15:00.000Z,Front AC,76.9,0,44,77,99.4,75,compressorCoolOff,WFH,
2026-07-24T16:20:00.000Z,Front AC,76.9,0,44,77,99.4,225,compressorCoolStage1On,WFH,
2026-07-24T16:25:00.000Z,Front AC,76.3,0,45,77,99.4,0,compressorCoolOff,WFH,
2026-07-24T16:30:00.000Z,Front AC,76.5,0,46,77,101.2,0,compressorCoolOff,WFH,
2026-07-24T16:35:00.000Z,Front AC,76.7,0,45,77,101.2,0,compressorCoolOff,WFH,
2026-07-24T16:40:00.000Z,Front AC,77,0,44,77,101.2,150,compressorCoolOff,WFH,
2026-07-24T16:45:00.000Z,Front AC,76.5,0,45,77,101.2,150,compressorCoolStage1On,WFH,
2026-07-24T16:50:00.000Z,Front AC,76.1,0,46,77,101.2,0,compressorCoolOff,WFH,
2026-07-24T16:55:00.000Z,Front AC,76.5,0,46,77,101.2,0,compressorCoolOff,WFH,
2026-07-24T17:00:00.000Z,Front AC,76.9,0,46,77,102.2,0,compressorCoolOff,WFH,
2026-07-24T17:05:00.000Z,Front AC,76.9,0,46,77,102.2,270,compressorCoolOff,WFH,
2026-07-24T17:10:00.000Z,Front AC,76.3,0,46,77,102.2,30,compressorCoolStage1On,WFH,
2026-07-24T17:15:00.000Z,Front AC,76.5,0,46,77,102.2,0,compressorCoolOff,WFH,
2026-07-24T17:20:00.000Z,Front AC,76.9,0,46,77,102.2,75,compressorCoolOff,WFH,
2026-07-24T17:25:00.000Z,Front AC,76.8,0,46,77,102.2,225,compressorCoolStage1On,WFH,
2026-07-24T17:30:00.000Z,Front AC,76.1,0,46,76.2,103.4,75,compressorCoolOff,WFH,
2026-07-24T17:35:00.000Z,Front AC,76.1,0,47,74,103.4,300,compressorCoolStage1On,WFH,hold
2026-07-24T17:40:00.000Z,Front AC,75.5,0,46,74,103.4,300,compressorCoolStage1On,WFH,hold
2026-07-24T17:45:00.000Z,Front AC,74.8,0,46,74,103.4,300,compressorCoolStage1On,WFH,hold
2026-07-24T17:50:00.000Z,Front AC,74.1,0,46,74,103.4,195,compressorCoolStage1On,WFH,hold
2026-07-24T17:55:00.000Z,Front AC,74.1,0,47,74,103.4,105,compressorCoolOff,WFH,hold
2026-07-24T18:00:00.000Z,Front AC,74.6,0,46,74,104.6,300,compressorCoolStage1On,WFH,hold
2026-07-24T18:05:00.000Z,Front AC,74.2,0,46,74,104.6,300,compressorCoolStage1On,WFH,hold
2026-07-24T18:10:00.000Z,Front AC,74.1,0,46,74,104.6,225,compressorCoolStage1On,WFH,hold
2026-07-24T18:15:00.000Z,Front AC,74.1,0,46,74,104.6,75,compressorCoolOff,WFH,hold
2026-07-24T18:20:00.000Z,Front AC,74.5,0,47,74.6,104.6,240,compressorCoolStage1On,WFH,hold
2026-07-24T18:25:00.000Z,Front AC,74.8,0,48,77,104.6,0,compressorCoolOff,WFH,
2026-07-24T18:30:00.000Z,Front AC,75.5,0,48,77,104.6,0,compressorCoolOff,WFH,
2026-07-24T18:35:00.000Z,Front AC,76.2,0,46,77,104.6,0,compressorCoolOff,WFH,
2026-07-24T18:40:00.000Z,Front AC,76.6,0,45,77,104.6,0,compressorCoolOff,WFH,
2026-07-24T18:45:00.000Z,Front AC,76.9,0,45,77,104.6,45,compressorCoolOff,WFH,
2026-07-24T18:50:00.000Z,Front AC,77.3,0,45,77,104.6,300,compressorCoolStage1On,WFH,
2026-07-24T18:55:00.000Z,Front AC,77.5,0,44,77,104.6,300,compressorCoolStage1On,WFH,
2026-07-24T19:00:00.000Z,Front AC,77.2,0,44,77,107.1,300,compressorCoolStage1On,WFH,
2026-07-24T19:05:00.000Z,Front AC,76.7,0,44,77,107.1,15,compressorCoolStage1On,WFH,
2026-07-24T19:10:00.000Z,Front AC,76.2,0,45,77,107.1,0,compressorCoolOff,WFH,
2026-07-24T19:15:00.000Z,Front AC,76.4,0,46,77,107.1,0,compressorCoolOff,WFH,
2026-07-24T19:20:00.000Z,Front AC,76.9,0,45,76.1,107.1,270,compressorCoolOff,WFH,
2026-07-24T19:25:00.000Z,Front AC,77.2,0,44,76,107.1,300,compressorCoolStage1On,WFH,auto
2026-07-24T19:30:00.000Z,Front AC,76.9,0,44,76,107.1,300,compressorCoolStage1On,WFH,auto
2026-07-24T19:35:00.000Z,Front AC,76.6,0,44,76,107.1,300,compressorCoolStage1On,WFH,auto
2026-07-24T19:40:00.000Z,Front AC,76.4,0,44,76,107.1,300,compressorCoolStage1On,WFH,auto
2026-07-24T19:45:00.000Z,Front AC,76.1,0,45,76,107.1,225,compressorCoolStage1On,WFH,auto
2026-07-24T19:50:00.000Z,Front AC,75.6,0,45,76,107.1,0,compressorCoolOff,WFH,auto
2026-07-24T19:55:00.000Z,Front AC,75.6,0,46,76,107.1,0,compressorCoolOff,WFH,auto
2026-07-24T20:00:00.000Z,Front AC,75.9,0,46,76,108.7,105,compressorCoolOff,WFH,auto
2026-07-24T20:05:00.000Z,Front AC,76.4,0,45,76,108.7,300,compressorCoolStage1On,WFH,auto
2026-07-24T20:10:00.000Z,Front AC,76.5,0,44,76,108.7,300,compressorCoolStage1On,WFH,auto
2026-07-24T20:15:00.000Z,Front AC,76.2,0,43,76,108.7,300,compressorCoolStage1On,WFH,auto
2026-07-24T20:20:00.000Z,Front AC,76,0,44,76,108.7,180,compressorCoolStage1On,WFH,auto
2026-07-24T20:25:00.000Z,Front AC,75.9,0,44,76,108.7,15,compressorCoolOff,WFH,auto
2026-07-24T20:30:00.000Z,Front AC,76.3,0,44,74.6,108.7,300,compressorCoolStage1On,WFH,auto
2026-07-24T20:35:00.000Z,Front AC,76.6,0,44,73,108.7,300,compressorCoolStage1On,WFH,auto
2026-07-24T20:40:00.000Z,Front AC,76.6,0,44,73,108.7,300,compressorCoolStage1On,WFH,auto
2026-07-24T20:45:00.000Z,Front AC,76.5,0,44,73,108.7,300,compressorCoolStage1On,WFH,auto
2026-07-24T20:50:00.000Z,Front AC,75.9,0,44,73,108.7,300,compressorCoolStage1On,WFH,auto
2026-07-24T20:55:00.000Z,Front AC,75,0,45,73,108.7,300,compressorCoolStage1On,WFH,auto
2026-07-24T21:00:00.000Z,Front AC,74.7,0,45,73,0,300,compressorCoolStage1On,WFH,auto
2026-07-24T21:05:00.000Z,Front AC,74.6,0,45,73,0,300,compressorCoolStage1On,WFH,auto
2026-07-24T21:10:00.000Z,Front AC,74.5,0,45,73,0,300,compressorCoolStage1On,WFH,auto
2026-07-24T21:15:00.000Z,Front AC,74.4,0,45,73,0,300,compressorCoolStage1On,WFH,auto
2026-07-24T21:20:00.000Z,Front AC,74.3,0,46,73,0,300,compressorCoolStage1On,WFH,auto
2026-07-24T21:25:00.000Z,Front AC,74.2,0,46,73.5,0,300,compressorCoolStage1On,WFH,auto
2026-07-24T21:30:00.000Z,Front AC,74.2,0,46,74,0,300,compressorCoolStage1On,Home,
2026-07-24T21:35:00.000Z,Front AC,74.2,0,45,74,0,300,compressorCoolStage1On,Home,
2026-07-24T21:40:00.000Z,Front AC,74.2,0,45,74,0,300,compressorCoolStage1On,Home,
2026-07-24T21:45:00.000Z,Front AC,74.2,0,45,74,0,300,compressorCoolStage1On,Home,
2026-07-24T21:50:00.000Z,Front AC,74.2,0,45,74,0,300,compressorCoolStage1On,Home,
2026-07-24T21:55:00.000Z,Front AC,74.3,0,45,73.8,0,300,compressorCoolStage1On,Home,
2026-07-24T22:00:00.000Z,Front AC,74.3,0,45,73,0,300,compressorCoolStage1On,Home,auto
2026-07-24T22:05:00.000Z,Front AC,74.2,0,45,73,0,300,compressorCoolStage1On,Home,auto
2026-07-24T22:10:00.000Z,Front AC,74.4,0,45,73,0,300,compressorCoolStage1On,Home,auto
2026-07-24T22:15:00.000Z,Front AC,74.5,0,45,73,0,300,compressorCoolStage1On,Home,auto
2026-07-24T22:20:00.000Z,Front AC,74.6,0,45,73,0,300,compressorCoolStage1On,Home,auto
2026-07-24T22:25:00.000Z,Front AC,74.7,0,45,73,0,300,compressorCoolStage1On,Home,auto
2026-07-24T22:30:00.000Z,Front AC,74.7,0,45,73,0,300,compressorCoolStage1On,Home,auto
2026-07-24T22:35:00.000Z,Front AC,74.6,0,45,73,0,300,compressorCoolStage1On,Home,auto
2026-07-24T22:40:00.000Z,Front AC,74.7,0,45,72,0,300,compressorCoolStage1On,Home,auto
2026-07-24T22:45:00.000Z,Front AC,74.8,0,45,71,0,300,compressorCoolStage1On,Home,auto
2026-07-24T22:50:00.000Z,Front AC,75.1,0,47,72.5,0,300,compressorCoolStage1On,Home,auto
2026-07-24T22:55:00.000Z,Front AC,75.3,0,47,74,0,300,compressorCoolStage1On,Home,
2026-07-24T23:00:00.000Z,Front AC,75.3,0,47,74,0,300,compressorCoolStage1On,Home,
2026-07-24T23:05:00.000Z,Front AC,75,0,46,74,0,300,compressorCoolStage1On,Home,
2026-07-24T23:10:00.000Z,Front AC,74.2,0,46,74,0,300,compressorCoolStage1On,Home,
2026-07-24T23:15:00.000Z,Front AC,74,0,46,74,0,0,compressorCoolOff,Home,
2026-07-24T23:20:00.000Z,Front AC,74.6,0,47,74,0,300,compressorCoolStage1On,Home,
2026-07-24T23:25:00.000Z,Front AC,74.7,0,47,74,0,300,compressorCoolStage1On,Home,
2026-07-24T23:30:00.000Z,Front AC,74.6,0,46,74,0,300,compressorCoolStage1On,Home,
2026-07-24T23:35:00.000Z,Front AC,74.5,0,45,74,0,300,compressorCoolStage1On,Home,
2026-07-24T23:40:00.000Z,Front AC,74.4,0,45,74,0,300,compressorCoolStage1On,Home,
2026-07-24T23:45:00.000Z,Front AC,74.3,0,46,74,0,300,compressorCoolStage1On,Home,
2026-07-24T23:50:00.000Z,Front AC,74.3,0,47,74,0,300,compressorCoolStage1On,Home,
2026-07-24T23:55:00.000Z,Front AC,74.3,0,46,74,0,300,compressorCoolStage1On,Home,
2026-07-25T00:00:00.000Z,Front AC,74.3,0,45,74,0,300,compressorCoolStage1On,Home,
2026-07-25T00:05:00.000Z,Front AC,74.1,0,45,74,0,300,compressorCoolStage1On,Home,
2026-07-25T00:10:00.000Z,Front AC,74.1,0,45,74.7,0,90,compressorCoolStage1On,Home,
2026-07-25T00:15:00.000Z,Front AC,74.6,0,46,75,0,45,compressorCoolOff,Home,auto
2026-07-25T00:20:00.000Z,Front AC,75.4,0,46,75,0,300,compressorCoolStage1On,Home,auto
2026-07-25T00:25:00.000Z,Front AC,75.3,0,46,75,0,300,compressorCoolStage1On,Home,auto
2026-07-25T00:30:00.000Z,Front AC,75.1,0,46,75,0,270,compressorCoolStage1On,Home,auto
2026-07-25T00:35:00.000Z,Front AC,74.9,0,47,75,0,30,compressorCoolOff,Home,auto
2026-07-25T00:40:00.000Z,Front AC,75.6,0,48,75,0,300,compressorCoolStage1On,Home,auto
2026-07-25T00:45:00.000Z,Front AC,76.3,0,48,75,0,300,compressorCoolStage1On,Home,auto
2026-07-25T00:50:00.000Z,Front AC,76.3,0,47,75,0,300,compressorCoolStage1On,Home,auto
2026-07-25T00:55:00.000Z,Front AC,76,0,46,75,0,300,compressorCoolStage1On,Home,auto
2026-07-25T01:00:00.000Z,Front AC,75.9,0,46,75,0,300,compressorCoolStage1On,Home,auto
2026-07-25T01:05:00.000Z,Front AC,75.8,0,46,75,0,300,compressorCoolStage1On,Home,auto
2026-07-25T01:10:00.000Z,Front AC,75.8,0,46,75,0,300,compressorCoolStage1On,Home,auto
2026-07-25T01:15:00.000Z,Front AC,75.7,0,46,75,0,300,compressorCoolStage1On,Home,auto
2026-07-25T01:20:00.000Z,Front AC,75.6,0,45,75,0,300,compressorCoolStage1On,Home,auto
2026-07-25T01:25:00.000Z,Front AC,75.5,0,45,75,0,300,compressorCoolStage1On,Home,auto
2026-07-25T01:30:00.000Z,Front AC,75.4,0,45,75,0,300,compressorCoolStage1On,Home,auto
2026-07-25T01:35:00.000Z,Front AC,75.1,0,45,75,0,300,compressorCoolStage1On,Home,auto
2026-07-25T01:40:00.000Z,Front AC,75.1,0,45,75,0,300,compressorCoolStage1On,Home,auto
2026-07-25T01:45:00.000Z,Front AC,75.2,0,45,75,0,300,compressorCoolStage1On,Home,auto
2026-07-25T01:50:00.000Z,Front AC,75.1,0,45,75,0,300,compressorCoolStage1On,Home,auto
2026-07-25T01:55:00.000Z,Front AC,75,0,45,75,0,135,compressorCoolStage1On,Home,auto
2026-07-25T02:00:00.000Z,Front AC,74.7,0,45,74.7,109.9,90,compressorCoolOff,Home,auto
2026-07-25T02:05:00.000Z,Front AC,75.1,0,45,74,109.9,300,compressorCoolStage1On,Home,
2026-07-25T02:10:00.000Z,Front AC,75.4,0,45,74,109.9,300,compressorCoolStage1On,Home,
2026-07-25T02:15:00.000Z,Front AC,75.3,0,45,74,109.9,300,compressorCoolStage1On,Home,
2026-07-25T02:20:00.000Z,Front AC,75.3,0,45,74,109.9,300,compressorCoolStage1On,Home,
2026-07-25T02:25:00.000Z,Front AC,75,0,43,74,109.9,300,compressorCoolStage1On,Home,
2026-07-25T02:30:00.000Z,Front AC,74.7,0,43,74,109.9,300,compressorCoolStage1On,Home,
2026-07-25T02:35:00.000Z,Front AC,74.6,0,43,74,109.9,300,compressorCoolStage1On,Home,
2026-07-25T02:40:00.000Z,Front AC,74.4,0,43,74,109.9,300,compressorCoolStage1On,Home,
2026-07-25T02:45:00.000Z,Front AC,74.3,0,43,74,109.9,300,compressorCoolStage1On,Home,
2026-07-25T02:50:00.000Z,Front AC,74.2,0,43,74,109.9,300,compressorCoolStage1On,Home,
2026-07-25T02:55:00.000Z,Front AC,74.2,0,43,74,109.9,300,compressorCoolStage1On,Home,
2026-07-25T03:00:00.000Z,Front AC,74.2,0,43,74,107.3,300,compressorCoolStage1On,Home,
2026-07-25T03:05:00.000Z,Front AC,74.2,0,43,74,107.3,300,compressorCoolStage1On,Home,
2026-07-25T03:10:00.000Z,Front AC,73.8,0,43,74,107.3,75,compressorCoolStage1On,Home,
2026-07-25T03:15:00.000Z,Front AC,73.8,0,44,74,107.3,15,compressorCoolOff,Home,
2026-07-25T03:20:00.000Z,Front AC,74.3,0,44,74,107.3,300,compressorCoolStage1On,Home,
2026-07-25T03:25:00.000Z,Front AC,74.1,0,45,74,107.3,300,compressorCoolStage1On,Home,
2026-07-25T03:30:00.000Z,Front AC,73.6,0,44,74,105.4,300,compressorCoolStage1On,Home,(SmartRecovery)
2026-07-25T03:35:00.000Z,Front AC,73.6,0,43,74,105.4,300,compressorCoolStage1On,Home,(SmartRecovery)
2026-07-25T03:40:00.000Z,Front AC,73.1,0,42,74,105.4,300,compressorCoolStage1On,Home,(SmartRecovery)
2026-07-25T03:45:00.000Z,Front AC,73,0,42,74,105.4,300,compressorCoolStage1On,Home,(SmartRecovery)
2026-07-25T03:50:00.000Z,Front AC,73.8,0,43,74,105.4,300,compressorCoolStage1On,Home,(SmartRecovery)
2026-07-25T03:55:00.000Z,Front AC,74.1,0,44,74,105.4,300,compressorCoolStage1On,Home,
2026-07-25T04:00:00.000Z,Front AC,74,0,43,74,103.4,300,compressorCoolStage1On,Home,
2026-07-25T04:05:00.000Z,Front AC,73.6,0,42,74,103.4,300,compressorCoolStage1On,Home,(SmartRecovery)
2026-07-25T04:10:00.000Z,Front AC,73.4,0,42,74,103.4,300,compressorCoolStage1On,Home,(SmartRecovery)
2026-07-25T04:15:00.000Z,Front AC,73.1,0,42,74,103.4,300,compressorCoolStage1On,Home,(SmartRecovery)
2026-07-25T04:20:00.000Z,Front AC,72.9,0,42,74,103.4,300,compressorCoolStage1On,Home,(SmartRecovery)
2026-07-25T04:25:00.000Z,Front AC,72.8,0,42,72.3,103.4,300,compressorCoolStage1On,Home,(SmartRecovery)
2026-07-25T04:30:00.000Z,Front AC,72.7,0,42,71,103.4,300,compressorCoolStage1On,Sleep,
2026-07-25T04:35:00.000Z,Front AC,72.8,0,42,71,103.4,300,compressorCoolStage1On,Sleep,
2026-07-25T04:40:00.000Z,Front AC,72.7,0,42,71,103.4,300,compressorCoolStage1On,Sleep,
2026-07-25T04:45:00.000Z,Front AC,72.6,0,42,71,103.4,300,compressorCoolStage1On,Sleep,
2026-07-25T04:50:00.000Z,Front AC,72.3,0,42,71,103.4,300,compressorCoolStage1On,Sleep,
2026-07-25T04:55:00.000Z,Front AC,72.2,0,42,71,103.4,300,compressorCoolStage1On,Sleep,
2026-07-25T05:00:00.000Z,Front AC,72.1,0,42,71,101.8,300,compressorCoolStage1On,Sleep,
2026-07-25T05:05:00.000Z,Front AC,72.1,0,42,71,101.8,300,compressorCoolStage1On,Sleep,
2026-07-25T05:10:00.000Z,Front AC,72,0,42,71,101.8,300,compressorCoolStage1On,Sleep,
2026-07-25T05:15:00.000Z,Front AC,72,0,42,71,101.8,300,compressorCoolStage1On,Sleep,
2026-07-25T05:20:00.000Z,Front AC,71.9,0,42,71,101.8,300,compressorCoolStage1On,Sleep,
2026-07-25T05:25:00.000Z,Front AC,71.5,0,42,71,101.8,300,compressorCoolStage1On,Sleep,
2026-07-25T05:30:00.000Z,Front AC,71,0,43,71,101.8,45,compressorCoolStage1On,Sleep,
2026-07-25T05:35:00.000Z,Front AC,71.6,0,44,71,101.8,255,compressorCoolOff,Sleep,
2026-07-25T05:40:00.000Z,Front AC,71.8,0,44,71,101.8,300,compressorCoolStage1On,Sleep,
2026-07-25T05:45:00.000Z,Front AC,71.4,0,42,71,101.8,300,compressorCoolStage1On,Sleep,
2026-07-25T05:50:00.000Z,Front AC,71.1,0,42,71,101.8,135,compressorCoolStage1On,Sleep,
2026-07-25T05:55:00.000Z,Front AC,71.6,0,43,71,101.8,165,compressorCoolOff,Sleep,
2026-07-25T06:00:00.000Z,Front AC,71.8,0,43,71,99.9,300,compressorCoolStage1On,Sleep,
2026-07-25T06:05:00.000Z,Front AC,71.2,0,42,71,99.9,180,compressorCoolStage1On,Sleep,
2026-07-25T06:10:00.000Z,Front AC,71.5,0,43,71,99.9,120,compressorCoolOff,Sleep,
2026-07-25T06:15:00.000Z,Front AC,71.8,0,43,71,99.9,300,compressorCoolStage1On,Sleep,
2026-07-25T06:20:00.000Z,Front AC,71.5,0,43,71,99.9,300,compressorCoolStage1On,Sleep,
2026-07-25T06:25:00.000Z,Front AC,71.1,0,42,71,99.9,45,compressorCoolStage1On,Sleep,
2026-07-25T06:30:00.000Z,Front AC,71.7,0,43,71,99.9,255,compressorCoolOff,Sleep,
2026-07-25T06:35:00.000Z,Front AC,71.5,0,43,71,99.9,300,compressorCoolStage1On,Sleep,
2026-07-25T06:40:00.000Z,Front AC,71.1,0,43,71,99.9,135,compressorCoolStage1On,Sleep,
2026-07-25T06:45:00.000Z,Front AC,71.5,0,43,71,99.9,165,compressorCoolOff,Sleep,
2026-07-25T06:50:00.000Z,Front AC,71.9,0,43,71,99.9,300,compressorCoolStage1On,Sleep,
2026-07-25T06:55:00.000Z,Front AC,71.4,0,42,71,99.9,270,compressorCoolStage1On,Sleep,
2026-07-25T07:00:00.000Z,Front AC,71.1,0,42,71,98.6,30,compressorCoolOff,Sleep,
2026-07-25T07:05:00.000Z,Front AC,71.8,0,43,71,98.6,300,compressorCoolStage1On,Sleep,
2026-07-25T07:10:00.000Z,Front AC,71.5,0,42,71,98.6,300,compressorCoolStage1On,Sleep,
2026-07-25T07:15:00.000Z,Front AC,71.2,0,42,71,98.6,0,compressorCoolOff,Sleep,
2026-07-25T07:20:00.000Z,Front AC,71.7,0,43,71,98.6,300,compressorCoolStage1On,Sleep,
2026-07-25T07:25:00.000Z,Front AC,71.3,0,43,71,98.6,300,compressorCoolStage1On,Sleep,
2026-07-25T07:30:00.000Z,Front AC,71,0,43,71,99.4,75,compressorCoolStage1On,Sleep,
2026-07-25T07:35:00.000Z,Front AC,71.5,0,43,71,99.4,225,compressorCoolOff,Sleep,
2026-07-25T07:40:00.000Z,Front AC,71.8,0,42,71,99.4,300,compressorCoolStage1On,Sleep,
2026-07-25T07:45:00.000Z,Front AC,71.2,0,42,71,99.4,240,compressorCoolStage1On,Sleep,
2026-07-25T07:50:00.000Z,Front AC,71.2,0,42,71,99.4,60,compressorCoolOff,Sleep,
2026-07-25T07:55:00.000Z,Front AC,71.8,0,43,71,99.4,300,compressorCoolStage1On,Sleep,
2026-07-25T08:00:00.000Z,Front AC,71.2,0,42,71,97.7,105,compressorCoolStage1On,Sleep,
2026-07-25T08:05:00.000Z,Front AC,71.5,0,43,71,97.7,195,compressorCoolOff,Sleep,
2026-07-25T08:10:00.000Z,Front AC,71.7,0,43,71,97.7,300,compressorCoolStage1On,Sleep,
2026-07-25T08:15:00.000Z,Front AC,71.2,0,42,71,97.7,180,compressorCoolStage1On,Sleep,
2026-07-25T08:20:00.000Z,Front AC,71.1,0,43,71,97.7,120,compressorCoolOff,Sleep,
2026-07-25T08:25:00.000Z,Front AC,71.5,0,43,71,97.7,300,compressorCoolStage1On,Sleep,
2026-07-25T08:30:00.000Z,Front AC,71.1,0,42,71,0,90,compressorCoolStage1On,Sleep,
2026-07-25T08:35:00.000Z,Front AC,71.5,0,43,71,0,210,compressorCoolOff,Sleep,
2026-07-25T08:40:00.000Z,Front AC,71.5,0,43,71,0,300,compressorCoolStage1On,Sleep,
2026-07-25T08:45:00.000Z,Front AC,70.9,0,42,71,0,105,compressorCoolStage1On,Sleep,
2026-07-25T08:50:00.000Z,Front AC,71.3,0,43,71,0,195,compressorCoolOff,Sleep,
2026-07-25T08:55:00.000Z,Front AC,71.2,0,43,71,0,225,compressorCoolStage1On,Sleep,
2026-07-25T09:00:00.000Z,Front AC,71.2,0,43,71,0,75,compressorCoolOff,Sleep,
2026-07-25T09:05:00.000Z,Front AC,71.7,0,43,71,0,300,compressorCoolStage1On,Sleep,
2026-07-25T09:10:00.000Z,Front AC,71.3,0,43,71,0,300,compressorCoolStage1On,Sleep,
2026-07-25T09:15:00.000Z,Front AC,71,0,42,71,0,0,compressorCoolOff,Sleep,
2026-07-25T09:20:00.000Z,Front AC,71.6,0,43,71,0,300,compressorCoolStage1On,Sleep,
2026-07-25T09:25:00.000Z,Front AC,71.1,0,43,71,0,165,compressorCoolStage1On,Sleep,
2026-07-25T09:30:00.000Z,Front AC,71.3,0,43,71,0,135,compressorCoolOff,Sleep,
2026-07-25T09:35:00.000Z,Front AC,71.6,0,43,71,0,300,compressorCoolStage1On,Sleep,
2026-07-25T09:40:00.000Z,Front AC,71.4,0,42,71,0,285,compressorCoolStage1On,Sleep,
2026-07-25T09:45:00.000Z,Front AC,71.1,0,42,71,0,15,compressorCoolOff,Sleep,
2026-07-25T09:50:00.000Z,Front AC,71.7,0,43,71,0,300,compressorCoolStage1On,Sleep,
2026-07-25T09:55:00.000Z,Front AC,71.4,0,42,71,0,300,compressorCoolStage1On,Sleep,
2026-07-25T10:00:00.000Z,Front AC,71.1,0,42,71,0,15,compressorCoolStage1On,Sleep,
2026-07-25T10:05:00.000Z,Front AC,71.7,0,43,71,0,285,compressorCoolOff,Sleep,
2026-07-25T10:10:00.000Z,Front AC,71.4,0,42,71,0,300,compressorCoolStage1On,Sleep,
2026-07-25T10:15:00.000Z,Front AC,71.2,0,42,71,0,285,compressorCoolStage1On,Sleep,
2026-07-25T10:20:00.000Z,Front AC,71,0,41,71,0,0,compressorCoolOff,Sleep,
2026-07-25T10:25:00.000Z,Front AC,71.3,0,42,71,0,300,compressorCoolStage1On,Sleep,
2026-07-25T10:30:00.000Z,Front AC,71.3,0,42,71,0,300,compressorCoolStage1On,Sleep,
2026-07-25T10:35:00.000Z,Front AC,71,0,41,71,0,60,compressorCoolStage1On,Sleep,
2026-07-25T10:40:00.000Z,Front AC,71.3,0,42,71,0,240,compressorCoolOff,Sleep,
2026-07-25T10:45:00.000Z,Front AC,71,0,42,71,0,60,compressorCoolStage1On,Sleep,
2026-07-25T10:50:00.000Z,Front AC,71.5,0,43,71,0,240,compressorCoolOff,Sleep,
2026-07-25T10:55:00.000Z,Front AC,71.4,0,42,71,0,255,compressorCoolStage1On,Sleep,
2026-07-25T11:00:00.000Z,Front AC,71,0,42,71,0,45,compressorCoolOff,Sleep,
2026-07-25T11:05:00.000Z,Front AC,71.5,0,42,71,0,300,compressorCoolStage1On,Sleep,
2026-07-25T11:10:00.000Z,Front AC,71.1,0,42,71,0,15,compressorCoolStage1On,Sleep,
2026-07-25T11:15:00.000Z,Front AC,71.6,0,43,71,0,285,compressorCoolOff,Sleep,
2026-07-25T11:20:00.000Z,Front AC,71.3,0,42,71,0,210,compressorCoolStage1On,Sleep,
2026-07-25T11:25:00.000Z,Front AC,71.2,0,42,71,0,90,compressorCoolOff,Sleep,
2026-07-25T11:30:00.000Z,Front AC,71.4,0,43,71,0,300,compressorCoolStage1On,Sleep,
2026-07-25T11:35:00.000Z,Front AC,70.9,0,42,71,0,15,compressorCoolStage1On,Sleep,
2026-07-25T11:40:00.000Z,Front AC,71.5,0,43,71,0,285,compressorCoolOff,Sleep,
2026-07-25T11:45:00.000Z,Front AC,71.1,0,42,71,0,120,compressorCoolStage1On,Sleep,
2026-07-25T11:50:00.000Z,Front AC,71.3,0,43,71,0,180,compressorCoolOff,Sleep,
2026-07-25T11:55:00.000Z,Front AC,71.6,0,42,71,0,300,compressorCoolStage1On,Sleep,
2026-07-25T12:00:00.000Z,Front AC,71.2,0,41,71,0,195,compressorCoolStage1On,Sleep,
2026-07-25T12:05:00.000Z,Front AC,70.9,0,41,71,0,30,compressorCoolOff,Sleep,
2026-07-25T12:10:00.000Z,Front AC,71.3,0,42,71,0,300,compressorCoolStage1On,Sleep,
2026-07-25T12:15:00.000Z,Front AC,71,0,42,71,0,15,compressorCoolStage1On,Sleep,
2026-07-25T12:20:00.000Z,Front AC,71.5,0,43,71,0,285,compressorCoolOff,Sleep,
2026-07-25T12:25:00.000Z,Front AC,71,0,43,71,0,150,compressorCoolStage1On,Sleep,
2026-07-25T12:30:00.000Z,Front AC,71.1,0,43,71,0,135,compressorCoolOff,Sleep,
2026-07-25T12:35:00.000Z,Front AC,71.3,0,43,71,0,300,compressorCoolStage1On,Sleep,
2026-07-25T12:40:00.000Z,Front AC,70.8,0,42,71,0,30,compressorCoolStage1On,Sleep,
2026-07-25T12:45:00.000Z,Front AC,71.4,0,43,71,0,270,compressorCoolOff,Sleep,
2026-07-25T12:50:00.000Z,Front AC,71.4,0,42,71,0,300,compressorCoolStage1On,Sleep,
2026-07-25T12:55:00.000Z,Front AC,70.9,0,42,71,0,60,compressorCoolStage1On,Sleep,
2026-07-25T13:00:00.000Z,Front AC,71,0,43,71,0,120,compressorCoolOff,Sleep,
2026-07-25T13:05:00.000Z,Front AC,71,0,43,71,0,180,compressorCoolStage1On,Sleep,
2026-07-25T13:10:00.000Z,Front AC,71.1,0,43,71,0,120,compressorCoolOff,Sleep,
2026-07-25T13:15:00.000Z,Front AC,71.2,0,43,72.5,0,150,compressorCoolStage1On,Sleep,
2026-07-25T13:20:00.000Z,Front AC,71.4,0,43,74,0,0,compressorCoolOff,Sleep,auto
2026-07-25T13:25:00.000Z,Front AC,72.1,0,43,74,0,0,compressorCoolOff,Sleep,auto
2026-07-25T13:30:00.000Z,Front AC,72.6,0,43,74,0,0,compressorCoolOff,Sleep,auto
2026-07-25T13:35:00.000Z,Front AC,73,0,43,74,0,0,compressorCoolOff,Sleep,auto
2026-07-25T13:40:00.000Z,Front AC,73,0,41,74,0,0,compressorCoolOff,Sleep,auto
2026-07-25T13:45:00.000Z,Front AC,73.2,0,41,74,0,0,compressorCoolOff,Sleep,auto
2026-07-25T13:50:00.000Z,Front AC,73.6,0,41,74,0,0,compressorCoolOff,Sleep,auto
2026-07-25T13:55:00.000Z,Front AC,73.7,0,41,74,0,0,compressorCoolOff,Sleep,auto
2026-07-25T14:00:00.000Z,Front AC,73.7,0,41,74,0,0,compressorCoolOff,Sleep,auto
2026-07-25T14:05:00.000Z,Front AC,73.8,0,41,74,0,105,compressorCoolOff,Sleep,auto
2026-07-25T14:10:00.000Z,Front AC,73.7,0,41,74,0,195,compressorCoolStage1On,Sleep,auto
2026-07-25T14:15:00.000Z,Front AC,73.3,0,42,74,0,0,compressorCoolOff,Sleep,auto
2026-07-25T14:20:00.000Z,Front AC,73.8,0,43,74,0,30,compressorCoolOff,Sleep,auto
2026-07-25T14:25:00.000Z,Front AC,73.8,0,42,74,0,270,compressorCoolStage1On,Sleep,auto
2026-07-25T14:30:00.000Z,Front AC,73.1,0,42,74,96.4,0,compressorCoolOff,Sleep,auto
2026-07-25T14:35:00.000Z,Front AC,73.6,0,43,74,96.4,0,compressorCoolOff,Sleep,auto
2026-07-25T14:40:00.000Z,Front AC,74,0,43,74,96.4,180,compressorCoolOff,Sleep,auto
2026-07-25T14:45:00.000Z,Front AC,73.7,0,43,74,96.4,120,compressorCoolStage1On,Sleep,auto
2026-07-25T14:50:00.000Z,Front AC,73.6,0,44,74,96.4,0,compressorCoolOff,Sleep,auto
2026-07-25T14:55:00.000Z,Front AC,74.1,0,43,74,96.4,240,compressorCoolOff,Sleep,auto
2026-07-25T15:00:00.000Z,Front AC,73.6,0,44,74,98,60,compressorCoolStage1On,Home,
2026-07-25T15:05:00.000Z,Front AC,73.7,0,44,74,98,15,compressorCoolOff,Home,
2026-07-25T15:10:00.000Z,Front AC,74,0,44,74,98,285,compressorCoolStage1On,Home,
2026-07-25T15:15:00.000Z,Front AC,73.4,0,45,74,98,0,compressorCoolOff,Home,
2026-07-25T15:20:00.000Z,Front AC,73.9,0,44,74,98,120,compressorCoolOff,Home,
2026-07-25T15:25:00.000Z,Front AC,74,0,44,74,98,180,compressorCoolStage1On,Home,
2026-07-25T15:30:00.000Z,Front AC,73.7,0,45,74,98,0,compressorCoolOff,Home,
2026-07-25T15:35:00.000Z,Front AC,74.1,0,45,74,98,300,compressorCoolStage1On,Home,
2026-07-25T15:40:00.000Z,Front AC,73.8,0,45,74,98,0,compressorCoolOff,Home,
2026-07-25T15:45:00.000Z,Front AC,74,0,46,74,98,195,compressorCoolOff,Home,
2026-07-25T15:50:00.000Z,Front AC,73.9,0,46,74,98,105,compressorCoolStage1On,Home,
2026-07-25T15:55:00.000Z,Front AC,73.9,0,46,74,98,105,compressorCoolOff,Home,
2026-07-25T16:00:00.000Z,Front AC,74.1,0,46,74,101.6,225,compressorCoolStage1On,Home,
2026-07-25T16:05:00.000Z,Front AC,73.7,0,47,74,101.6,0,compressorCoolOff,Home,
2026-07-25T16:10:00.000Z,Front AC,74.1,0,47,74,101.6,300,compressorCoolStage1On,Home,
2026-07-25T16:15:00.000Z,Front AC,73.8,0,49,74,101.6,0,compressorCoolOff,Home,
2026-07-25T16:20:00.000Z,Front AC,74.2,0,50,74,101.6,270,compressorCoolOff,Home,
2026-07-25T16:25:00.000Z,Front AC,73.8,0,51,74,101.6,45,compressorCoolStage1On,Home,
2026-07-25T16:30:00.000Z,Front AC,74.2,0,51,74,101.6,240,compressorCoolOff,Home,
2026-07-25T16:35:00.000Z,Front AC,74.1,0,50,74,101.6,195,compressorCoolStage1On,Home,
2026-07-25T16:40:00.000Z,Front AC,73.9,0,51,74,101.6,75,compressorCoolOff,Home,
2026-07-25T16:45:00.000Z,Front AC,74.2,0,50,74,101.6,300,compressorCoolStage1On,Home,
2026-07-25T16:50:00.000Z,Front AC,73.9,0,49,74,101.6,120,compressorCoolStage1On,Home,
2026-07-25T16:55:00.000Z,Front AC,74.1,0,50,74,101.6,180,compressorCoolOff,Home,
2026-07-25T17:00:00.000Z,Front AC,74.1,0,49,74,103.2,225,compressorCoolStage1On,Home,
2026-07-25T17:05:00.000Z,Front AC,73.9,0,49,74,103.2,60,compressorCoolOff,Home,
2026-07-25T17:10:00.000Z,Front AC,74.3,0,49,74,103.2,300,compressorCoolStage1On,Home,
2026-07-25T17:15:00.000Z,Front AC,74,0,48,74,103.2,165,compressorCoolStage1On,Home,
2026-07-25T17:20:00.000Z,Front AC,74.1,0,48,74,103.2,135,compressorCoolOff,Home,
2026-07-25T17:25:00.000Z,Front AC,74.2,0,48,74,103.2,240,compressorCoolStage1On,Home,
2026-07-25T17:30:00.000Z,Front AC,74,0,48,74,103.2,60,compressorCoolOff,Home,
2026-07-25T17:35:00.000Z,Front AC,74.4,0,48,74,103.2,300,compressorCoolStage1On,Home,
2026-07-25T17:40:00.000Z,Front AC,74.2,0,47,74,103.2,255,compressorCoolStage1On,Home,
2026-07-25T17:45:00.000Z,Front AC,74,0,47,74,103.2,45,compressorCoolOff,Home,
2026-07-25T17:50:00.000Z,Front AC,74.4,0,48,74,103.2,300,compressorCoolStage1On,Home,
2026-07-25T17:55:00.000Z,Front AC,74,0,47,74,103.2,150,compressorCoolStage1On,Home,
2026-07-25T18:00:00.000Z,Front AC,74.1,0,48,74,105.8,150,compressorCoolOff,Home,
2026-07-25T18:05:00.000Z,Front AC,74.5,0,47,74,105.8,300,compressorCoolStage1On,Home,
2026-07-25T18:10:00.000Z,Front AC,74.2,0,46,74,105.8,300,compressorCoolStage1On,Home,
2026-07-25T18:15:00.000Z,Front AC,73.9,0,46,74,105.8,75,compressorCoolStage1On,Home,
2026-07-25T18:20:00.000Z,Front AC,74.2,0,47,74,105.8,225,compressorCoolOff,Home,
2026-07-25T18:25:00.000Z,Front AC,74.1,0,46,74,105.8,225,compressorCoolStage1On,Home,
2026-07-25T18:30:00.000Z,Front AC,74,0,47,74,106.7,75,compressorCoolOff,Home,
2026-07-25T18:35:00.000Z,Front AC,74.5,0,47,74,106.7,300,compressorCoolStage1On,Home,
2026-07-25T18:40:00.000Z,Front AC,74.3,0,46,74,106.7,300,compressorCoolStage1On,Home,
2026-07-25T18:45:00.000Z,Front AC,74,0,46,74,106.7,105,compressorCoolStage1On,Home,
2026-07-25T18:50:00.000Z,Front AC,74.3,0,47,75.7,106.7,0,compressorCoolOff,Home,
2026-07-25T18:55:00.000Z,Front AC,75.1,0,46,75.1,106.7,135,compressorCoolOff,Home,smartAway
2026-07-25T19:00:00.000Z,Front AC,75.3,0,46,74,107.8,300,compressorCoolStage1On,Home,
2026-07-25T19:05:00.000Z,Front AC,74.9,0,46,74,107.8,300,compressorCoolStage1On,Home,
2026-07-25T19:10:00.000Z,Front AC,74.5,0,45,74,107.8,300,compressorCoolStage1On,Home,
2026-07-25T19:15:00.000Z,Front AC,74.2,0,45,74,107.8,300,compressorCoolStage1On,Home,
2026-07-25T19:20:00.000Z,Front AC,74,0,45,74,107.8,210,compressorCoolStage1On,Home,
2026-07-25T19:25:00.000Z,Front AC,74.1,0,45,74,107.8,90,compressorCoolOff,Home,
2026-07-25T19:30:00.000Z,Front AC,74.6,0,46,73.2,107.8,300,compressorCoolStage1On,Home,
2026-07-25T19:35:00.000Z,Front AC,74.3,0,45,73,107.8,300,compressorCoolStage1On,Home,auto
2026-07-25T19:40:00.000Z,Front AC,74.2,0,45,73,107.8,300,compressorCoolStage1On,Home,auto
2026-07-25T19:45:00.000Z,Front AC,74.2,0,45,73,107.8,300,compressorCoolStage1On,Home,auto
2026-07-25T19:50:00.000Z,Front AC,74.2,0,46,73,107.8,300,compressorCoolStage1On,Home,auto
2026-07-25T19:55:00.000Z,Front AC,74.2,0,46,73,107.8,300,compressorCoolStage1On,Home,auto
2026-07-25T20:00:00.000Z,Front AC,74.2,0,46,73,109.2,300,compressorCoolStage1On,Home,auto
2026-07-25T20:05:00.000Z,Front AC,74.3,0,45,73,109.2,300,compressorCoolStage1On,Home,auto
2026-07-25T20:10:00.000Z,Front AC,74.2,0,45,73,109.2,300,compressorCoolStage1On,Home,auto
2026-07-25T20:15:00.000Z,Front AC,74.2,0,45,73,109.2,300,compressorCoolStage1On,Home,auto
2026-07-25T20:20:00.000Z,Front AC,74.2,0,45,73,109.2,300,compressorCoolStage1On,Home,auto
2026-07-25T20:25:00.000Z,Front AC,74.1,0,44,73,109.2,300,compressorCoolStage1On,Home,auto
2026-07-25T20:30:00.000Z,Front AC,74.1,0,44,73,109.2,300,compressorCoolStage1On,Home,auto
2026-07-25T20:35:00.000Z,Front AC,74.2,0,45,73,109.2,300,compressorCoolStage1On,Home,auto
2026-07-25T20:40:00.000Z,Front AC,74.2,0,45,73,109.2,300,compressorCoolStage1On,Home,auto
2026-07-25T20:45:00.000Z,Front AC,74.3,0,45,73,109.2,300,compressorCoolStage1On,Home,auto
2026-07-25T20:50:00.000Z,Front AC,74.2,0,45,73,109.2,300,compressorCoolStage1On,Home,auto
2026-07-25T20:55:00.000Z,Front AC,74.1,0,45,73.8,109.2,225,compressorCoolStage1On,Home,auto
2026-07-25T21:00:00.000Z,Front AC,74,0,46,74,110.3,75,compressorCoolOff,Home,
2026-07-25T21:05:00.000Z,Front AC,74.5,0,46,74,110.3,300,compressorCoolStage1On,Home,
2026-07-25T21:10:00.000Z,Front AC,74.4,0,46,74,110.3,300,compressorCoolStage1On,Home,
2026-07-25T21:15:00.000Z,Front AC,74.3,0,45,74,110.3,300,compressorCoolStage1On,Home,
2026-07-25T21:20:00.000Z,Front AC,74.1,0,45,74,110.3,300,compressorCoolStage1On,Home,
2026-07-25T21:25:00.000Z,Front AC,74,0,45,74,110.3,15,compressorCoolStage1On,Home,
2026-07-25T21:30:00.000Z,Front AC,74.7,0,46,74,110.3,285,compressorCoolOff,Home,
2026-07-25T21:35:00.000Z,Front AC,74.9,0,46,74,110.3,300,compressorCoolStage1On,Home,
2026-07-25T21:40:00.000Z,Front AC,74.5,0,47,74,110.3,300,compressorCoolStage1On,Home,
2026-07-25T21:45:00.000Z,Front AC,74.3,0,47,74,110.3,300,compressorCoolStage1On,Home,
2026-07-25T21:50:00.000Z,Front AC,74.3,0,47,74,110.3,300,compressorCoolStage1On,Home,
2026-07-25T21:55:00.000Z,Front AC,74.2,0,47,74,110.3,300,compressorCoolStage1On,Home,
2026-07-25T22:00:00.000Z,Front AC,74.1,0,46,74,111.3,255,compressorCoolStage1On,Home,
2026-07-25T22:05:00.000Z,Front AC,74.1,0,46,74,111.3,45,compressorCoolOff,Home,
2026-07-25T22:10:00.000Z,Front AC,74.7,0,47,74,111.3,300,compressorCoolStage1On,Home,
2026-07-25T22:15:00.000Z,Front AC,74.8,0,47,74,111.3,300,compressorCoolStage1On,Home,
2026-07-25T22:20:00.000Z,Front AC,74.7,0,47,74,111.3,300,compressorCoolStage1On,Home,
2026-07-25T22:25:00.000Z,Front AC,74.5,0,47,74,111.3,300,compressorCoolStage1On,Home,
2026-07-25T22:30:00.000Z,Front AC,74.2,0,47,74,111.6,300,compressorCoolStage1On,Home,
2026-07-25T22:35:00.000Z,Front AC,74.2,0,46,74,111.6,300,compressorCoolStage1On,Home,
2026-07-25T22:40:00.000Z,Front AC,74.3,0,45,74,111.6,300,compressorCoolStage1On,Home,
2026-07-25T22:45:00.000Z,Front AC,74.2,0,46,74,111.6,300,compressorCoolStage1On,Home,
2026-07-25T22:50:00.000Z,Front AC,74.2,0,46,74,111.6,300,compressorCoolStage1On,Home,
2026-07-25T22:55:00.000Z,Front AC,74.1,0,45,74,111.6,300,compressorCoolStage1On,Home,
2026-07-25T23:00:00.000Z,Front AC,74.1,0,45,74,111.6,300,compressorCoolStage1On,Home,
2026-07-25T23:05:00.000Z,Front AC,74.5,0,47,74,111.6,300,compressorCoolStage1On,Home,
2026-07-25T23:10:00.000Z,Front AC,74.9,0,47,74,111.6,300,compressorCoolStage1On,Home,
2026-07-25T23:15:00.000Z,Front AC,74.9,0,47,74,111.6,300,compressorCoolStage1On,Home,
2026-07-25T23:20:00.000Z,Front AC,74.8,0,47,74,111.6,300,compressorCoolStage1On,Home,
2026-07-25T23:25:00.000Z,Front AC,74.5,0,47,74,111.6,300,compressorCoolStage1On,Home,
2026-07-25T23:30:00.000Z,Front AC,74.4,0,47,74,111.6,300,compressorCoolStage1On,Home,
2026-07-25T23:35:00.000Z,Front AC,74.2,0,45,74,111.6,300,compressorCoolStage1On,Home,
2026-07-25T23:40:00.000Z,Front AC,74.1,0,45,74,111.6,300,compressorCoolStage1On,Home,
2026-07-25T23:45:00.000Z,Front AC,73.9,0,45,74,111.6,75,compressorCoolStage1On,Home,
2026-07-25T23:50:00.000Z,Front AC,73.8,0,46,74,111.6,30,compressorCoolOff,Home,
2026-07-25T23:55:00.000Z,Front AC,74.5,0,45,74,111.6,300,compressorCoolStage1On,Home,
2026-07-26T00:00:00.000Z,Front AC,74.8,0,45,74,98.3,300,compressorCoolStage1On,Home,
2026-07-26T00:05:00.000Z,Front AC,74.7,0,45,74,98.3,300,compressorCoolStage1On,Home,
2026-07-26T00:10:00.000Z,Front AC,74.4,0,45,74,98.3,300,compressorCoolStage1On,Home,
2026-07-26T00:15:00.000Z,Front AC,74.1,0,44,74,98.3,240,compressorCoolStage1On,Home,
2026-07-26T00:20:00.000Z,Front AC,73.6,0,44,74,98.3,0,compressorCoolOff,Home,
2026-07-26T00:25:00.000Z,Front AC,73.7,0,45,74,98.3,15,compressorCoolOff,Home,
2026-07-26T00:30:00.000Z,Front AC,74.4,0,45,74,98.3,300,compressorCoolStage1On,Home,
2026-07-26T00:35:00.000Z,Front AC,74.6,0,44,74,98.3,300,compressorCoolStage1On,Home,
2026-07-26T00:40:00.000Z,Front AC,74.2,0,43,74,98.3,300,compressorCoolStage1On,Home,
2026-07-26T00:45:00.000Z,Front AC,74,0,43,74,98.3,90,compressorCoolStage1On,Home,
2026-07-26T00:50:00.000Z,Front AC,73.9,0,44,74,98.3,0,compressorCoolOff,Home,
2026-07-26T00:55:00.000Z,Front AC,74.2,0,45,74,98.3,270,compressorCoolOff,Home,
2026-07-26T01:00:00.000Z,Front AC,74.4,0,44,74,100.1,300,compressorCoolStage1On,Home,
2026-07-26T01:05:00.000Z,Front AC,74,0,43,74,100.1,135,compressorCoolStage1On,Home,
2026-07-26T01:10:00.000Z,Front AC,73.7,0,44,74,100.1,0,compressorCoolOff,Home,
2026-07-26T01:15:00.000Z,Front AC,74.1,0,45,74,100.1,195,compressorCoolOff,Home,
2026-07-26T01:20:00.000Z,Front AC,74.5,0,43,74,100.1,300,compressorCoolStage1On,Home,
2026-07-26T01:25:00.000Z,Front AC,74.3,0,43,74,100.1,300,compressorCoolStage1On,Home,
2026-07-26T01:30:00.000Z,Front AC,73.9,0,43,74,100.1,105,compressorCoolStage1On,Home,
2026-07-26T01:35:00.000Z,Front AC,73.6,0,43,74,100.1,0,compressorCoolOff,Home,
2026-07-26T01:40:00.000Z,Front AC,73.7,0,43,74,100.1,0,compressorCoolOff,Home,
2026-07-26T01:45:00.000Z,Front AC,74.2,0,43,74,100.1,240,compressorCoolOff,Home,
2026-07-26T01:50:00.000Z,Front AC,74.5,0,43,74,100.1,300,compressorCoolStage1On,Home,
2026-07-26T01:55:00.000Z,Front AC,74.2,0,43,74,100.1,285,compressorCoolStage1On,Home,
2026-07-26T02:00:00.000Z,Front AC,73.7,0,43,74.2,100.5,0,compressorCoolOff,Home,
2026-07-26T02:05:00.000Z,Front AC,73.6,0,43,75.5,100.5,0,compressorCoolOff,Home,smartAway
2026-07-26T02:10:00.000Z,Front AC,74.1,0,43,75.5,100.5,0,compressorCoolOff,Home,smartAway
2026-07-26T02:15:00.000Z,Front AC,74.6,0,43,75.5,100.5,0,compressorCoolOff,Home,smartAway
2026-07-26T02:20:00.000Z,Front AC,74.9,0,43,75.5,100.5,0,compressorCoolOff,Home,smartAway
2026-07-26T02:25:00.000Z,Front AC,75.2,0,43,75.5,100.5,0,compressorCoolOff,Home,smartAway
2026-07-26T02:30:00.000Z,Front AC,75.5,0,43,75.5,98.2,0,compressorCoolOff,Home,smartAway
2026-07-26T02:35:00.000Z,Front AC,75.6,0,43,75.5,98.2,0,compressorCoolOff,Home,smartAway
2026-07-26T02:40:00.000Z,Front AC,75.6,0,42,75.5,98.2,0,compressorCoolOff,Home,smartAway
2026-07-26T02:45:00.000Z,Front AC,75.2,0,41,75.5,98.2,0,compressorCoolOff,Home,smartAway
2026-07-26T02:50:00.000Z,Front AC,75.3,0,41,75.5,98.2,0,compressorCoolOff,Home,smartAway
2026-07-26T02:55:00.000Z,Front AC,75.4,0,41,75.5,98.2,0,compressorCoolOff,Home,smartAway
2026-07-26T03:00:00.000Z,Front AC,75.6,0,41,75.5,98,0,compressorCoolOff,Home,smartAway
2026-07-26T03:05:00.000Z,Front AC,75.7,0,41,75.5,98,0,compressorCoolOff,Home,smartAway
2026-07-26T03:10:00.000Z,Front AC,75.9,0,41,75.5,98,0,compressorCoolOff,Home,smartAway
2026-07-26T03:15:00.000Z,Front AC,76.2,0,41,75.1,98,75,compressorCoolOff,Home,smartAway
2026-07-26T03:20:00.000Z,Front AC,75.7,0,41,74,98,300,compressorCoolStage1On,Home,
2026-07-26T03:25:00.000Z,Front AC,74.6,0,40,74,98,300,compressorCoolStage1On,Home,
2026-07-26T03:30:00.000Z,Front AC,73.5,0,40,74,97.2,300,compressorCoolStage1On,Home,(SmartRecovery)
2026-07-26T03:35:00.000Z,Front AC,72.7,0,40,74,97.2,300,compressorCoolStage1On,Home,(SmartRecovery)
2026-07-26T03:40:00.000Z,Front AC,72.4,0,39,74,97.2,300,compressorCoolStage1On,Home,(SmartRecovery)
2026-07-26T03:45:00.000Z,Front AC,71.9,0,39,74,97.2,300,compressorCoolStage1On,Home,(SmartRecovery)
2026-07-26T03:50:00.000Z,Front AC,71.7,0,39,74,97.2,300,compressorCoolStage1On,Home,(SmartRecovery)
2026-07-26T03:55:00.000Z,Front AC,71.5,0,39,74,97.2,300,compressorCoolStage1On,Home,(SmartRecovery)
2026-07-26T04:00:00.000Z,Front AC,71.2,0,39,74,97,300,compressorCoolStage1On,Home,(SmartRecovery)
2026-07-26T04:05:00.000Z,Front AC,71.1,0,39,74,97,60,compressorCoolStage1On,Home,(SmartRecovery)
2026-07-26T04:10:00.000Z,Front AC,71.8,0,41,74,97,195,compressorCoolOff,Home,
2026-07-26T04:15:00.000Z,Front AC,71.8,0,40,74,97,300,compressorCoolStage1On,Home,(SmartRecovery)
2026-07-26T04:20:00.000Z,Front AC,71.5,0,40,74,97,300,compressorCoolStage1On,Home,(SmartRecovery)
2026-07-26T04:25:00.000Z,Front AC,71.1,0,40,72.5,97,285,compressorCoolStage1On,Home,(SmartRecovery)
2026-07-26T04:30:00.000Z,Front AC,71,0,40,71,0,15,compressorCoolOff,Sleep,
2026-07-26T04:35:00.000Z,Front AC,71.8,0,42,71,0,300,compressorCoolStage1On,Sleep,
2026-07-26T04:40:00.000Z,Front AC,71.4,0,41,71,0,300,compressorCoolStage1On,Sleep,
2026-07-26T04:45:00.000Z,Front AC,71,0,40,71,0,195,compressorCoolStage1On,Sleep,
2026-07-26T04:50:00.000Z,Front AC,71.2,0,41,71,0,105,compressorCoolOff,Sleep,
2026-07-26T04:55:00.000Z,Front AC,71.6,0,42,71,0,300,compressorCoolStage1On,Sleep,
2026-07-26T05:00:00.000Z,Front AC,71.3,0,42,71,0,300,compressorCoolStage1On,Sleep,
2026-07-26T05:05:00.000Z,Front AC,71.3,0,41,71,0,195,compressorCoolStage1On,Sleep,
2026-07-26T05:10:00.000Z,Front AC,71.5,0,42,71,0,105,compressorCoolOff,Sleep,
2026-07-26T05:15:00.000Z,Front AC,71.6,0,42,71,0,300,compressorCoolStage1On,Sleep,
2026-07-26T05:20:00.000Z,Front AC,71.1,0,42,71,0,15,compressorCoolStage1On,Sleep,
2026-07-26T05:25:00.000Z,Front AC,71.6,0,43,71,0,285,compressorCoolOff,Sleep,
2026-07-26T05:30:00.000Z,Front AC,71.2,0,43,71,0,225,compressorCoolStage1On,Sleep,
2026-07-26T05:35:00.000Z,Front AC,71.1,0,43,71,0,75,compressorCoolOff,Sleep,
2026-07-26T05:40:00.000Z,Front AC,71.5,0,42,71,0,300,compressorCoolStage1On,Sleep,
2026-07-26T05:45:00.000Z,Front AC,71.1,0,42,71,0,15,compressorCoolStage1On,Sleep,
2026-07-26T05:50:00.000Z,Front AC,71.7,0,43,71,0,285,compressorCoolOff,Sleep,
2026-07-26T05:55:00.000Z,Front AC,71.5,0,43,71,0,270,compressorCoolStage1On,Sleep,
2026-07-26T06:00:00.000Z,Front AC,71.1,0,42,71,0,30,compressorCoolOff,Sleep,
2026-07-26T06:05:00.000Z,Front AC,71.5,0,43,71,0,300,compressorCoolStage1On,Sleep,
2026-07-26T06:10:00.000Z,Front AC,71,0,42,71,0,15,compressorCoolStage1On,Sleep,
2026-07-26T06:15:00.000Z,Front AC,71.6,0,43,71,0,285,compressorCoolOff,Sleep,
2026-07-26T06:20:00.000Z,Front AC,71.1,0,42,71,0,180,compressorCoolStage1On,Sleep,
2026-07-26T06:25:00.000Z,Front AC,71.3,0,43,71,0,120,compressorCoolOff,Sleep,
2026-07-26T06:30:00.000Z,Front AC,71.6,0,43,71,91,300,compressorCoolStage1On,Sleep,
2026-07-26T06:35:00.000Z,Front AC,71,0,42,71,91,135,compressorCoolStage1On,Sleep,
2026-07-26T06:40:00.000Z,Front AC,71.2,0,43,71,91,165,compressorCoolOff,Sleep,
2026-07-26T06:45:00.000Z,Front AC,71.1,0,43,71,91,180,compressorCoolStage1On,Sleep,
2026-07-26T06:50:00.000Z,Front AC,71.1,0,43,71,91,120,compressorCoolOff,Sleep,
2026-07-26T06:55:00.000Z,Front AC,71.4,0,43,71,91,300,compressorCoolStage1On,Sleep,
2026-07-26T07:00:00.000Z,Front AC,71,0,43,71,90.4,15,compressorCoolStage1On,Sleep,
2026-07-26T07:05:00.000Z,Front AC,71.3,0,43,71,90.4,285,compressorCoolOff,Sleep,
2026-07-26T07:10:00.000Z,Front AC,71.1,0,43,71,90.4,15,compressorCoolStage1On,Sleep,
2026-07-26T07:15:00.000Z,Front AC,71.7,0,44,71,90.4,285,compressorCoolOff,Sleep,
2026-07-26T07:20:00.000Z,Front AC,71.4,0,43,71,90.4,300,compressorCoolStage1On,Sleep,
2026-07-26T07:25:00.000Z,Front AC,70.9,0,43,71,90.4,30,compressorCoolStage1On,Sleep,
2026-07-26T07:30:00.000Z,Front AC,71.2,0,43,71,90.4,270,compressorCoolOff,Sleep,
2026-07-26T07:35:00.000Z,Front AC,71,0,43,71,90.4,60,compressorCoolStage1On,Sleep,
2026-07-26T07:40:00.000Z,Front AC,71.2,0,43,71,90.4,240,compressorCoolOff,Sleep,
2026-07-26T07:45:00.000Z,Front AC,71,0,43,71,90.4,90,compressorCoolStage1On,Sleep,
2026-07-26T07:50:00.000Z,Front AC,71.5,0,44,71,90.4,210,compressorCoolOff,Sleep,
2026-07-26T07:55:00.000Z,Front AC,71.3,0,43,71,90.4,270,compressorCoolStage1On,Sleep,
2026-07-26T08:00:00.000Z,Front AC,71,0,43,71,90.5,30,compressorCoolOff,Sleep,
2026-07-26T08:05:00.000Z,Front AC,71.3,0,43,71,90.5,300,compressorCoolStage1On,Sleep,
2026-07-26T08:10:00.000Z,Front AC,71,0,43,71,90.5,15,compressorCoolStage1On,Sleep,
2026-07-26T08:15:00.000Z,Front AC,71.5,0,44,71,90.5,285,compressorCoolOff,Sleep,
2026-07-26T08:20:00.000Z,Front AC,71,0,43,71,90.5,60,compressorCoolStage1On,Sleep,
2026-07-26T08:25:00.000Z,Front AC,71.5,0,44,71,90.5,240,compressorCoolOff,Sleep,
2026-07-26T08:30:00.000Z,Front AC,71.2,0,43,71,90.5,135,compressorCoolStage1On,Sleep,
2026-07-26T08:35:00.000Z,Front AC,71.3,0,44,71,90.5,165,compressorCoolOff,Sleep,
2026-07-26T08:40:00.000Z,Front AC,71.1,0,44,71,90.5,240,compressorCoolStage1On,Sleep,
2026-07-26T08:45:00.000Z,Front AC,70.7,0,44,71,90.5,45,compressorCoolOff,Sleep,
2026-07-26T08:50:00.000Z,Front AC,71.3,0,44,71,90.5,300,compressorCoolStage1On,Sleep,
2026-07-26T08:55:00.000Z,Front AC,71,0,43,71,90.5,45,compressorCoolStage1On,Sleep,
2026-07-26T09:00:00.000Z,Front AC,71.4,0,44,71,88.8,255,compressorCoolOff,Sleep,
2026-07-26T09:05:00.000Z,Front AC,71.1,0,43,71,88.8,135,compressorCoolStage1On,Sleep,
2026-07-26T09:10:00.000Z,Front AC,71.3,0,44,71,88.8,165,compressorCoolOff,Sleep,
2026-07-26T09:15:00.000Z,Front AC,71.3,0,44,71,88.8,255,compressorCoolStage1On,Sleep,
2026-07-26T09:20:00.000Z,Front AC,71.1,0,44,71,88.8,45,compressorCoolOff,Sleep,
2026-07-26T09:25:00.000Z,Front AC,71.6,0,44,71,88.8,300,compressorCoolStage1On,Sleep,
2026-07-26T09:30:00.000Z,Front AC,71,0,43,71,88.5,90,compressorCoolStage1On,Sleep,
2026-07-26T09:35:00.000Z,Front AC,71.4,0,44,71,88.5,210,compressorCoolOff,Sleep,
2026-07-26T09:40:00.000Z,Front AC,71.3,0,43,71,88.5,285,compressorCoolStage1On,Sleep,
2026-07-26T09:45:00.000Z,Front AC,71,0,43,71,88.5,15,compressorCoolOff,Sleep,
2026-07-26T09:50:00.000Z,Front AC,71.3,0,44,71,88.5,300,compressorCoolStage1On,Sleep,
2026-07-26T09:55:00.000Z,Front AC,70.8,0,43,71,88.5,15,compressorCoolStage1On,Sleep,
2026-07-26T10:00:00.000Z,Front AC,71.2,0,44,71,87.7,285,compressorCoolOff,Sleep,
2026-07-26T10:05:00.000Z,Front AC,70.9,0,43,71,87.7,105,compressorCoolStage1On,Sleep,
2026-07-26T10:10:00.000Z,Front AC,71.2,0,44,71,87.7,195,compressorCoolOff,Sleep,
2026-07-26T10:15:00.000Z,Front AC,71.1,0,43,71,87.7,165,compressorCoolStage1On,Sleep,
2026-07-26T10:20:00.000Z,Front AC,71.3,0,44,71,87.7,135,compressorCoolOff,Sleep,
2026-07-26T10:25:00.000Z,Front AC,71.2,0,43,71,87.7,210,compressorCoolStage1On,Sleep,
2026-07-26T10:30:00.000Z,Front AC,71.2,0,44,71,87,90,compressorCoolOff,Sleep,
2026-07-26T10:35:00.000Z,Front AC,71.5,0,44,71,87,300,compressorCoolStage1On,Sleep,
2026-07-26T10:40:00.000Z,Front AC,71,0,43,71,87,15,compressorCoolStage1On,Sleep,
2026-07-26T10:45:00.000Z,Front AC,71.4,0,44,71,87,285,compressorCoolOff,Sleep,
2026-07-26T10:50:00.000Z,Front AC,71.1,0,43,71,87,225,compressorCoolStage1On,Sleep,
2026-07-26T10:55:00.000Z,Front AC,71,0,43,71,87,45,compressorCoolOff,Sleep,
2026-07-26T11:00:00.000Z,Front AC,71.2,0,43,71,86,300,compressorCoolStage1On,Sleep,
2026-07-26T11:05:00.000Z,Front AC,70.9,0,42,71,86,75,compressorCoolStage1On,Sleep,
2026-07-26T11:10:00.000Z,Front AC,71.1,0,43,71,86,180,compressorCoolOff,Sleep,
2026-07-26T11:15:00.000Z,Front AC,71,0,43,71,86,135,compressorCoolStage1On,Sleep,
2026-07-26T11:20:00.000Z,Front AC,71.1,0,44,71,86,165,compressorCoolOff,Sleep,
2026-07-26T11:25:00.000Z,Front AC,70.9,0,43,71,86,165,compressorCoolStage1On,Sleep,
2026-07-26T11:30:00.000Z,Front AC,70.9,0,44,71,86,120,compressorCoolOff,Sleep,
2026-07-26T11:35:00.000Z,Front AC,71,0,43,71,86,180,compressorCoolStage1On,Sleep,
2026-07-26T11:40:00.000Z,Front AC,71,0,44,71,86,120,compressorCoolOff,Sleep,
2026-07-26T11:45:00.000Z,Front AC,71,0,43,71,86,180,compressorCoolStage1On,Sleep,
2026-07-26T11:50:00.000Z,Front AC,71.1,0,44,71,86,120,compressorCoolOff,Sleep,
2026-07-26T11:55:00.000Z,Front AC,71.1,0,43,71,86,225,compressorCoolStage1On,Sleep,
2026-07-26T12:00:00.000Z,Front AC,71.1,0,44,71,84.2,75,compressorCoolOff,Sleep,
2026-07-26T12:05:00.000Z,Front AC,71.1,0,44,71,84.2,225,compressorCoolStage1On,Sleep,
2026-07-26T12:10:00.000Z,Front AC,70.7,0,44,71,84.2,15,compressorCoolOff,Sleep,
2026-07-26T12:15:00.000Z,Front AC,71.2,0,44,71,84.2,285,compressorCoolStage1On,Sleep,
2026-07-26T12:20:00.000Z,Front AC,70.7,0,44,71,84.2,0,compressorCoolOff,Sleep,
2026-07-26T12:25:00.000Z,Front AC,71.2,0,45,71,84.2,255,compressorCoolOff,Sleep,
2026-07-26T12:30:00.000Z,Front AC,70.9,0,44,71,84.2,75,compressorCoolStage1On,Sleep,
2026-07-26T12:35:00.000Z,Front AC,71.1,0,44,71,84.2,225,compressorCoolOff,Sleep,
2026-07-26T12:40:00.000Z,Front AC,70.9,0,43,71,84.2,150,compressorCoolStage1On,Sleep,
2026-07-26T12:45:00.000Z,Front AC,70.9,0,44,71,84.2,75,compressorCoolOff,Sleep,
2026-07-26T12:50:00.000Z,Front AC,71.1,0,44,71,84.2,225,compressorCoolStage1On,Sleep,
2026-07-26T12:55:00.000Z,Front AC,70.7,0,44,71,84.2,15,compressorCoolOff,Sleep,
2026-07-26T13:00:00.000Z,Front AC,71.2,0,44,71,82.9,300,compressorCoolStage1On,Sleep,
2026-07-26T13:05:00.000Z,Front AC,71,0,44,71,82.9,15,compressorCoolStage1On,Sleep,
2026-07-26T13:10:00.000Z,Front AC,71.4,0,44,71,82.9,285,compressorCoolOff,Sleep,
2026-07-26T13:15:00.000Z,Front AC,71.8,0,44,71,82.9,300,compressorCoolStage1On,Sleep,
2026-07-26T13:20:00.000Z,Front AC,71.3,0,43,71,82.9,300,compressorCoolStage1On,Sleep,
2026-07-26T13:25:00.000Z,Front AC,70.8,0,44,71,82.9,30,compressorCoolStage1On,Sleep,
2026-07-26T13:30:00.000Z,Front AC,70.6,0,43,71,85.6,0,compressorCoolOff,Sleep,
2026-07-26T13:35:00.000Z,Front AC,71.2,0,43,71,85.6,210,compressorCoolOff,Sleep,
2026-07-26T13:40:00.000Z,Front AC,71.6,0,43,71,85.6,300,compressorCoolStage1On,Sleep,
2026-07-26T13:45:00.000Z,Front AC,71.2,0,42,71.8,85.6,45,compressorCoolStage1On,Sleep,
2026-07-26T13:50:00.000Z,Front AC,71.3,0,43,72,85.6,0,compressorCoolOff,Sleep,auto
2026-07-26T13:55:00.000Z,Front AC,71.7,0,43,72,85.6,0,compressorCoolOff,Sleep,auto
2026-07-26T14:00:00.000Z,Front AC,72.2,0,43,72,87.2,240,compressorCoolOff,Sleep,auto
2026-07-26T14:05:00.000Z,Front AC,71.9,0,42,72,87.2,120,compressorCoolStage1On,Sleep,auto
2026-07-26T14:10:00.000Z,Front AC,71.6,0,43,72,87.2,0,compressorCoolOff,Sleep,auto
2026-07-26T14:15:00.000Z,Front AC,72.1,0,43,72,87.2,210,compressorCoolOff,Sleep,auto
2026-07-26T14:20:00.000Z,Front AC,71.6,0,43,72,87.2,90,compressorCoolStage1On,Sleep,auto
2026-07-26T14:25:00.000Z,Front AC,71.8,0,45,72,87.2,45,compressorCoolOff,Sleep,auto
2026-07-26T14:30:00.000Z,Front AC,72.1,0,44,72,87.2,255,compressorCoolStage1On,Sleep,auto
2026-07-26T14:35:00.000Z,Front AC,71.7,0,44,72,87.2,0,compressorCoolOff,Sleep,auto
2026-07-26T14:40:00.000Z,Front AC,72.1,0,45,72,87.2,225,compressorCoolOff,Sleep,auto
2026-07-26T14:45:00.000Z,Front AC,71.8,0,45,72,87.2,75,compressorCoolStage1On,Sleep,auto
2026-07-26T14:50:00.000Z,Front AC,72,0,45,72,87.2,135,compressorCoolOff,Sleep,auto
2026-07-26T14:55:00.000Z,Front AC,71.9,0,45,73,87.2,165,compressorCoolStage1On,Sleep,auto
2026-07-26T15:00:00.000Z,Front AC,71.6,0,46,74,90,0,compressorCoolOff,Home,
2026-07-26T15:05:00.000Z,Front AC,72.4,0,45,74,90,0,compressorCoolOff,Home,
2026-07-26T15:10:00.000Z,Front AC,73.1,0,44,74,90,0,compressorCoolOff,Home,
2026-07-26T15:15:00.000Z,Front AC,73.6,0,44,74,90,0,compressorCoolOff,Home,
2026-07-26T15:20:00.000Z,Front AC,73.9,0,44,74,90,105,compressorCoolOff,Home,
2026-07-26T15:25:00.000Z,Front AC,73.7,0,45,74,90,195,compressorCoolStage1On,Home,
2026-07-26T15:30:00.000Z,Front AC,73.2,0,46,74,90,0,compressorCoolOff,Home,
2026-07-26T15:35:00.000Z,Front AC,73.6,0,46,74,90,0,compressorCoolOff,Home,
2026-07-26T15:40:00.000Z,Front AC,74.1,0,46,74,90,255,compressorCoolOff,Home,
2026-07-26T15:45:00.000Z,Front AC,73.6,0,46,74,90,45,compressorCoolStage1On,Home,
2026-07-26T15:50:00.000Z,Front AC,73.6,0,46,74,90,0,compressorCoolOff,Home,
2026-07-26T15:55:00.000Z,Front AC,74.2,0,45,74,90,270,compressorCoolOff,Home,
2026-07-26T16:00:00.000Z,Front AC,74.4,0,44,74,92.3,300,compressorCoolStage1On,Home,
2026-07-26T16:05:00.000Z,Front AC,73.9,0,43,74,92.3,135,compressorCoolStage1On,Home,
2026-07-26T16:10:00.000Z,Front AC,73.4,0,45,74,92.3,0,compressorCoolOff,Home,
2026-07-26T16:15:00.000Z,Front AC,73.7,0,46,74,92.3,0,compressorCoolOff,Home,
2026-07-26T16:20:00.000Z,Front AC,74,0,46,74,92.3,270,compressorCoolOff,Home,auto
2026-07-26T16:25:00.000Z,Front AC,73.4,0,47,74,92.3,30,compressorCoolStage1On,Home,auto
2026-07-26T16:30:00.000Z,Front AC,73.5,0,49,74,93.9,0,compressorCoolOff,Home,auto
2026-07-26T16:35:00.000Z,Front AC,73.9,0,49,74,93.9,90,compressorCoolOff,Home,auto
2026-07-26T16:40:00.000Z,Front AC,73.9,0,48,74,93.9,210,compressorCoolStage1On,Home,auto
2026-07-26T16:45:00.000Z,Front AC,73.5,0,48,74,93.9,0,compressorCoolOff,Home,auto
2026-07-26T16:50:00.000Z,Front AC,74,0,47,74,93.9,135,compressorCoolOff,Home,auto
2026-07-26T16:55:00.000Z,Front AC,74.3,0,47,74,93.9,300,compressorCoolStage1On,Home,auto
2026-07-26T17:00:00.000Z,Front AC,73.8,0,47,74,94.6,75,compressorCoolStage1On,Home,auto
2026-07-26T17:05:00.000Z,Front AC,73.9,0,47,74,94.6,120,compressorCoolOff,Home,auto
2026-07-26T17:10:00.000Z,Front AC,74.1,0,47,74,94.6,225,compressorCoolStage1On,Home,auto
2026-07-26T17:15:00.000Z,Front AC,73.8,0,47,74,94.6,15,compressorCoolOff,Home,auto
2026-07-26T17:20:00.000Z,Front AC,74.2,0,47,74,94.6,300,compressorCoolStage1On,Home,auto
2026-07-26T17:25:00.000Z,Front AC,73.8,0,47,74,94.6,0,compressorCoolOff,Home,auto
2026-07-26T17:30:00.000Z,Front AC,74.1,0,46,74,94.6,240,compressorCoolOff,Home,auto
2026-07-26T17:35:00.000Z,Front AC,73.9,0,46,74,94.6,105,compressorCoolStage1On,Home,auto
2026-07-26T17:40:00.000Z,Front AC,73.9,0,47,74,94.6,120,compressorCoolOff,Home,auto
2026-07-26T17:45:00.000Z,Front AC,74,0,47,74,94.6,195,compressorCoolStage1On,Home,auto
2026-07-26T17:50:00.000Z,Front AC,73.8,0,47,74,94.6,30,compressorCoolOff,Home,auto
2026-07-26T17:55:00.000Z,Front AC,74.2,0,46,74,94.6,300,compressorCoolStage1On,Home,auto
2026-07-26T18:00:00.000Z,Front AC,73.9,0,46,74,97.1,75,compressorCoolStage1On,Home,auto
2026-07-26T18:05:00.000Z,Front AC,74,0,47,74,97.1,165,compressorCoolOff,Home,auto
2026-07-26T18:10:00.000Z,Front AC,74,0,46,74,97.1,150,compressorCoolStage1On,Home,auto
2026-07-26T18:15:00.000Z,Front AC,73.9,0,47,74,97.1,90,compressorCoolOff,Home,auto
2026-07-26T18:20:00.000Z,Front AC,74.2,0,47,74,97.1,300,compressorCoolStage1On,Home,auto
2026-07-26T18:25:00.000Z,Front AC,73.8,0,47,74,97.1,0,compressorCoolOff,Home,auto
2026-07-26T18:30:00.000Z,Front AC,74.1,0,47,74,97.1,255,compressorCoolOff,Home,auto
2026-07-26T18:35:00.000Z,Front AC,74,0,46,74,97.1,210,compressorCoolStage1On,Home,auto
2026-07-26T18:40:00.000Z,Front AC,73.9,0,47,74,97.1,90,compressorCoolOff,Home,auto
2026-07-26T18:45:00.000Z,Front AC,74.1,0,47,74,97.1,240,compressorCoolStage1On,Home,auto
2026-07-26T18:50:00.000Z,Front AC,73.9,0,47,74,97.1,45,compressorCoolOff,Home,auto
2026-07-26T18:55:00.000Z,Front AC,74.2,0,47,74,97.1,300,compressorCoolStage1On,Home,auto
2026-07-26T19:00:00.000Z,Front AC,73.9,0,46,74,99.4,75,compressorCoolStage1On,Home,auto
2026-07-26T19:05:00.000Z,Front AC,74.2,0,47,74,99.4,225,compressorCoolOff,Home,auto
2026-07-26T19:10:00.000Z,Front AC,74,0,47,74,99.4,180,compressorCoolStage1On,Home,auto
2026-07-26T19:15:00.000Z,Front AC,73.9,0,47,74,99.4,90,compressorCoolOff,Home,auto
2026-07-26T19:20:00.000Z,Front AC,74.2,0,47,74,99.4,300,compressorCoolStage1On,Home,auto
2026-07-26T19:25:00.000Z,Front AC,74,0,46,74,99.4,120,compressorCoolStage1On,Home,auto
2026-07-26T19:30:00.000Z,Front AC,74.1,0,47,74,99.4,180,compressorCoolOff,Home,auto
2026-07-26T19:35:00.000Z,Front AC,74,0,47,74,99.4,180,compressorCoolStage1On,Home,auto
2026-07-26T19:40:00.000Z,Front AC,73.9,0,47,74,99.4,105,compressorCoolOff,Home,auto
2026-07-26T19:45:00.000Z,Front AC,74.3,0,47,74,99.4,300,compressorCoolStage1On,Home,auto
2026-07-26T19:50:00.000Z,Front AC,73.9,0,46,74,99.4,90,compressorCoolStage1On,Home,auto
2026-07-26T19:55:00.000Z,Front AC,74.2,0,47,74,99.4,210,compressorCoolOff,Home,auto
2026-07-26T20:00:00.000Z,Front AC,74.1,0,47,74,102,195,compressorCoolStage1On,Home,auto
2026-07-26T20:05:00.000Z,Front AC,74,0,47,74,102,105,compressorCoolOff,Home,auto
2026-07-26T20:10:00.000Z,Front AC,74.3,0,48,74,102,300,compressorCoolStage1On,Home,auto
2026-07-26T20:15:00.000Z,Front AC,74,0,47,74,102,180,compressorCoolStage1On,Home,auto
2026-07-26T20:20:00.000Z,Front AC,74.1,0,47,74,102,120,compressorCoolOff,Home,auto
2026-07-26T20:25:00.000Z,Front AC,74.3,0,47,74,102,300,compressorCoolStage1On,Home,auto
2026-07-26T20:30:00.000Z,Front AC,73.9,0,46,74,102,75,compressorCoolStage1On,Home,auto
2026-07-26T20:35:00.000Z,Front AC,74.2,0,47,74,102,225,compressorCoolOff,Home,auto
2026-07-26T20:40:00.000Z,Front AC,74.2,0,47,74,102,285,compressorCoolStage1On,Home,auto
2026-07-26T20:45:00.000Z,Front AC,74,0,47,74,102,15,compressorCoolOff,Home,auto
2026-07-26T20:50:00.000Z,Front AC,74.5,0,48,74,102,300,compressorCoolStage1On,Home,auto
2026-07-26T20:55:00.000Z,Front AC,74.4,0,47,74,102,300,compressorCoolStage1On,Home,auto
2026-07-26T21:00:00.000Z,Front AC,74.2,0,46,74,0,300,compressorCoolStage1On,Home,auto
2026-07-26T21:05:00.000Z,Front AC,73.9,0,46,74,0,15,compressorCoolStage1On,Home,auto
2026-07-26T21:10:00.000Z,Front AC,74.3,0,47,74,0,285,compressorCoolOff,Home,auto
2026-07-26T21:15:00.000Z,Front AC,74.2,0,46,74,0,285,compressorCoolStage1On,Home,auto
2026-07-26T21:20:00.000Z,Front AC,73.9,0,47,74,0,15,compressorCoolOff,Home,auto
2026-07-26T21:25:00.000Z,Front AC,74.4,0,47,74,0,300,compressorCoolStage1On,Home,auto
2026-07-26T21:30:00.000Z,Front AC,74.3,0,47,74,0,300,compressorCoolStage1On,Home,auto
2026-07-26T21:35:00.000Z,Front AC,73.9,0,47,74,0,45,compressorCoolStage1On,Home,auto
2026-07-26T21:40:00.000Z,Front AC,74.3,0,47,74,0,255,compressorCoolOff,Home,auto
2026-07-26T21:45:00.000Z,Front AC,74.2,0,47,74,0,300,compressorCoolStage1On,Home,auto
2026-07-26T21:50:00.000Z,Front AC,74.1,0,47,74,0,285,compressorCoolStage1On,Home,auto
2026-07-26T21:55:00.000Z,Front AC,74,0,47,74,0,15,compressorCoolOff,Home,auto
2026-07-26T22:00:00.000Z,Front AC,74.5,0,47,74,0,300,compressorCoolStage1On,Home,auto
2026-07-26T22:05:00.000Z,Front AC,74.4,0,47,74,0,300,compressorCoolStage1On,Home,auto
2026-07-26T22:10:00.000Z,Front AC,74,0,47,74,0,75,compressorCoolStage1On,Home,auto
2026-07-26T22:15:00.000Z,Front AC,74.4,0,48,74,0,225,compressorCoolOff,Home,auto
2026-07-26T22:20:00.000Z,Front AC,74.5,0,47,74,0,300,compressorCoolStage1On,Home,auto
2026-07-26T22:25:00.000Z,Front AC,74.2,0,47,74,0,300,compressorCoolStage1On,Home,auto
2026-07-26T22:30:00.000Z,Front AC,74,0,47,74,0,45,compressorCoolStage1On,Home,auto
2026-07-26T22:35:00.000Z,Front AC,74.4,0,48,74,0,255,compressorCoolOff,Home,auto
2026-07-26T22:40:00.000Z,Front AC,74.4,0,48,74,0,300,compressorCoolStage1On,Home,auto
2026-07-26T22:45:00.000Z,Front AC,74,0,47,74,0,150,compressorCoolStage1On,Home,auto
2026-07-26T22:50:00.000Z,Front AC,74.4,0,48,74,0,150,compressorCoolOff,Home,auto
2026-07-26T22:55:00.000Z,Front AC,74.8,0,48,74,0,300,compressorCoolStage1On,Home,auto
2026-07-26T23:00:00.000Z,Front AC,74.6,0,48,74,0,300,compressorCoolStage1On,Home,auto
2026-07-26T23:05:00.000Z,Front AC,75,0,49,74,0,300,compressorCoolStage1On,Home,auto
2026-07-26T23:10:00.000Z,Front AC,75.2,0,49,74,0,300,compressorCoolStage1On,Home,auto
2026-07-26T23:15:00.000Z,Front AC,75.2,0,49,74,0,300,compressorCoolStage1On,Home,auto
2026-07-26T23:20:00.000Z,Front AC,75,0,48,74,0,300,compressorCoolStage1On,Home,auto
2026-07-26T23:25:00.000Z,Front AC,74.8,0,48,74,0,300,compressorCoolStage1On,Home,auto
2026-07-26T23:30:00.000Z,Front AC,74.7,0,48,74,0,300,compressorCoolStage1On,Home,auto
2026-07-26T23:35:00.000Z,Front AC,73.8,0,47,74,0,105,compressorCoolStage1On,Home,auto
2026-07-26T23:40:00.000Z,Front AC,73.5,0,49,74,0,0,compressorCoolOff,Home,auto
2026-07-26T23:45:00.000Z,Front AC,74.3,0,48,74,0,285,compressorCoolOff,Home,auto
2026-07-26T23:50:00.000Z,Front AC,74.2,0,48,74,0,270,compressorCoolStage1On,Home,auto
2026-07-26T23:55:00.000Z,Front AC,73.9,0,49,74,0,30,compressorCoolOff,Home,auto
2026-07-27T00:00:00.000Z,Front AC,74.4,0,49,74,104.3,300,compressorCoolStage1On,Home,auto
2026-07-27T00:05:00.000Z,Front AC,74.2,0,48,74,104.3,300,compressorCoolStage1On,Home,auto
2026-07-27T00:10:00.000Z,Front AC,73.9,0,48,74,104.3,75,compressorCoolStage1On,Home,auto
2026-07-27T00:15:00.000Z,Front AC,74.2,0,49,74,104.3,225,compressorCoolOff,Home,auto
2026-07-27T00:20:00.000Z,Front AC,74.2,0,48,74,104.3,270,compressorCoolStage1On,Home,auto
2026-07-27T00:25:00.000Z,Front AC,73.9,0,48,74,104.3,30,compressorCoolOff,Home,auto
2026-07-27T00:30:00.000Z,Front AC,74.4,0,48,74,104.3,300,compressorCoolStage1On,Home,auto
2026-07-27T00:35:00.000Z,Front AC,74.1,0,48,74,104.3,195,compressorCoolStage1On,Home,auto
2026-07-27T00:40:00.000Z,Front AC,74.2,0,48,74,104.3,105,compressorCoolOff,Home,auto
2026-07-27T00:45:00.000Z,Front AC,74.7,0,47,74,104.3,300,compressorCoolStage1On,Home,auto
2026-07-27T00:50:00.000Z,Front AC,74.5,0,47,74,104.3,300,compressorCoolStage1On,Home,auto
2026-07-27T00:55:00.000Z,Front AC,74,0,47,74,104.3,120,compressorCoolStage1On,Home,auto
2026-07-27T01:00:00.000Z,Front AC,74.4,0,48,74,103.4,180,compressorCoolOff,Home,auto
2026-07-27T01:05:00.000Z,Front AC,74.9,0,47,74,103.4,300,compressorCoolStage1On,Home,auto
2026-07-27T01:10:00.000Z,Front AC,75.5,0,47,74,103.4,300,compressorCoolStage1On,Home,auto
2026-07-27T01:15:00.000Z,Front AC,75.2,0,46,74,103.4,300,compressorCoolStage1On,Home,auto
2026-07-27T01:20:00.000Z,Front AC,74,0,45,74,103.4,120,compressorCoolStage1On,Home,auto
2026-07-27T01:25:00.000Z,Front AC,74,0,46,74,103.4,150,compressorCoolOff,Home,auto
2026-07-27T01:30:00.000Z,Front AC,74.3,0,46,74,103.4,300,compressorCoolStage1On,Home,auto
2026-07-27T01:35:00.000Z,Front AC,73.9,0,46,74,103.4,120,compressorCoolStage1On,Home,auto
2026-07-27T01:40:00.000Z,Front AC,74.1,0,47,74,103.4,180,compressorCoolOff,Home,auto
2026-07-27T01:45:00.000Z,Front AC,74.4,0,46,74,103.4,300,compressorCoolStage1On,Home,auto
2026-07-27T01:50:00.000Z,Front AC,74,0,46,74,103.4,105,compressorCoolStage1On,Home,auto
2026-07-27T01:55:00.000Z,Front AC,74.2,0,47,74,103.4,195,compressorCoolOff,Home,auto
2026-07-27T02:00:00.000Z,Front AC,74.3,0,46,74,102.3,300,compressorCoolStage1On,Home,auto
2026-07-27T02:05:00.000Z,Front AC,73.9,0,46,74,102.3,0,compressorCoolOff,Home,auto
2026-07-27T02:10:00.000Z,Front AC,74.4,0,47,74,102.3,300,compressorCoolStage1On,Home,auto
2026-07-27T02:15:00.000Z,Front AC,74.3,0,46,74,102.3,300,compressorCoolStage1On,Home,auto
2026-07-27T02:20:00.000Z,Front AC,73.9,0,46,74,102.3,15,compressorCoolStage1On,Home,auto
2026-07-27T02:25:00.000Z,Front AC,74.4,0,46,74,102.3,285,compressorCoolOff,Home,auto
2026-07-27T02:30:00.000Z,Front AC,74.2,0,46,74,102.3,300,compressorCoolStage1On,Home,auto
2026-07-27T02:35:00.000Z,Front AC,73.9,0,46,74,102.3,0,compressorCoolOff,Home,auto
2026-07-27T02:40:00.000Z,Front AC,74.3,0,46,74,102.3,300,compressorCoolStage1On,Home,auto
2026-07-27T02:45:00.000Z,Front AC,74,0,46,74,102.3,105,compressorCoolStage1On,Home,auto
2026-07-27T02:50:00.000Z,Front AC,74.2,0,46,74,102.3,195,compressorCoolOff,Home,auto
2026-07-27T02:55:00.000Z,Front AC,74.1,0,46,74,102.3,225,compressorCoolStage1On,Home,auto
2026-07-27T03:00:00.000Z,Front AC,74,0,46,74,99.5,75,compressorCoolOff,Home,auto
2026-07-27T03:05:00.000Z,Front AC,74.3,0,45,74,99.5,300,compressorCoolStage1On,Home,auto
2026-07-27T03:10:00.000Z,Front AC,73.9,0,44,74,99.5,105,compressorCoolStage1On,Home,auto
2026-07-27T03:15:00.000Z,Front AC,74.1,0,46,74,99.5,195,compressorCoolOff,Home,auto
2026-07-27T03:20:00.000Z,Front AC,74.1,0,46,73.1,99.5,300,compressorCoolStage1On,Home,auto
2026-07-27T03:25:00.000Z,Front AC,73.7,0,44,72,99.5,300,compressorCoolStage1On,Home,hold
2026-07-27T03:30:00.000Z,Front AC,73.3,0,43,72,99.5,300,compressorCoolStage1On,Home,hold
2026-07-27T03:35:00.000Z,Front AC,72.9,0,43,72,99.5,300,compressorCoolStage1On,Home,hold
2026-07-27T03:40:00.000Z,Front AC,72.3,0,42,72,99.5,300,compressorCoolStage1On,Home,hold
2026-07-27T03:45:00.000Z,Front AC,72,0,42,72,99.5,225,compressorCoolStage1On,Home,hold
2026-07-27T03:50:00.000Z,Front AC,72.7,0,43,72,99.5,75,compressorCoolOff,Home,hold
2026-07-27T03:55:00.000Z,Front AC,73.4,0,43,72,99.5,300,compressorCoolStage1On,Home,hold
2026-07-27T04:00:00.000Z,Front AC,73,0,42,72,97.1,300,compressorCoolStage1On,Home,hold
2026-07-27T04:05:00.000Z,Front AC,72.3,0,41,72,97.1,300,compressorCoolStage1On,Home,hold
2026-07-27T04:10:00.000Z,Front AC,72.4,0,42,72,97.1,0,compressorCoolOff,Home,hold
2026-07-27T04:15:00.000Z,Front AC,73.3,0,42,72,97.1,300,compressorCoolStage1On,Home,hold
2026-07-27T04:20:00.000Z,Front AC,73,0,42,72,97.1,300,compressorCoolStage1On,Home,hold
2026-07-27T04:25:00.000Z,Front AC,72.5,0,42,71.5,97.1,300,compressorCoolStage1On,Home,hold
2026-07-27T04:30:00.000Z,Front AC,72.3,0,42,71,99.2,300,compressorCoolStage1On,Sleep,
2026-07-27T04:35:00.000Z,Front AC,72,0,41,71,99.2,300,compressorCoolStage1On,Sleep,
2026-07-27T04:40:00.000Z,Front AC,73.1,0,43,71,99.2,300,compressorCoolStage1On,Sleep,
2026-07-27T04:45:00.000Z,Front AC,73.6,0,44,71,99.2,300,compressorCoolStage1On,Sleep,
2026-07-27T04:50:00.000Z,Front AC,73.8,0,44,71,99.2,300,compressorCoolStage1On,Sleep,
2026-07-27T04:55:00.000Z,Front AC,73.6,0,44,71,99.2,300,compressorCoolStage1On,Sleep,
2026-07-27T05:00:00.000Z,Front AC,73.3,0,44,71,97,300,compressorCoolStage1On,Sleep,
2026-07-27T05:05:00.000Z,Front AC,73,0,44,71,97,300,compressorCoolStage1On,Sleep,
2026-07-27T05:10:00.000Z,Front AC,72.8,0,44,71,97,300,compressorCoolStage1On,Sleep,
2026-07-27T05:15:00.000Z,Front AC,72.8,0,44,71,97,300,compressorCoolStage1On,Sleep,
2026-07-27T05:20:00.000Z,Front AC,72.5,0,44,71,97,300,compressorCoolStage1On,Sleep,
2026-07-27T05:25:00.000Z,Front AC,72.5,0,44,71,97,300,compressorCoolStage1On,Sleep,
2026-07-27T05:30:00.000Z,Front AC,72.5,0,44,71,97,300,compressorCoolStage1On,Sleep,
2026-07-27T05:35:00.000Z,Front AC,72.3,0,43,71,97,300,compressorCoolStage1On,Sleep,
2026-07-27T05:40:00.000Z,Front AC,71.9,0,42,71,97,300,compressorCoolStage1On,Sleep,
2026-07-27T05:45:00.000Z,Front AC,71.5,0,42,71,97,300,compressorCoolStage1On,Sleep,
2026-07-27T05:50:00.000Z,Front AC,71.4,0,42,71,97,300,compressorCoolStage1On,Sleep,
2026-07-27T05:55:00.000Z,Front AC,71.3,0,42,71,97,300,compressorCoolStage1On,Sleep,
2026-07-27T06:00:00.000Z,Front AC,71.3,0,42,71,96.4,300,compressorCoolStage1On,Sleep,
2026-07-27T06:05:00.000Z,Front AC,71.4,0,42,71,96.4,300,compressorCoolStage1On,Sleep,
2026-07-27T06:10:00.000Z,Front AC,71.3,0,42,71,96.4,300,compressorCoolStage1On,Sleep,
2026-07-27T06:15:00.000Z,Front AC,71,0,42,71,96.4,15,compressorCoolStage1On,Sleep,
2026-07-27T06:20:00.000Z,Front AC,71.4,0,43,71,96.4,285,compressorCoolOff,Sleep,
2026-07-27T06:25:00.000Z,Front AC,71.6,0,42,71,96.4,300,compressorCoolStage1On,Sleep,
2026-07-27T06:30:00.000Z,Front AC,71.6,0,42,71,96.4,300,compressorCoolStage1On,Sleep,
2026-07-27T06:35:00.000Z,Front AC,71.5,0,42,71,96.4,300,compressorCoolStage1On,Sleep,
2026-07-27T06:40:00.000Z,Front AC,71.3,0,42,71,96.4,300,compressorCoolStage1On,Sleep,
2026-07-27T06:45:00.000Z,Front AC,71.3,0,42,71,96.4,300,compressorCoolStage1On,Sleep,
2026-07-27T06:50:00.000Z,Front AC,71,0,42,71,96.4,60,compressorCoolStage1On,Sleep,
2026-07-27T06:55:00.000Z,Front AC,71.1,0,42,71,96.4,150,compressorCoolOff,Sleep,
2026-07-27T07:00:00.000Z,Front AC,71.6,0,43,71,95.3,300,compressorCoolStage1On,Sleep,
2026-07-27T07:05:00.000Z,Front AC,71.7,0,43,71,95.3,300,compressorCoolStage1On,Sleep,
2026-07-27T07:10:00.000Z,Front AC,71.4,0,42,71,95.3,300,compressorCoolStage1On,Sleep,
2026-07-27T07:15:00.000Z,Front AC,71.3,0,42,71,95.3,300,compressorCoolStage1On,Sleep,
2026-07-27T07:20:00.000Z,Front AC,71.2,0,42,71,95.3,210,compressorCoolStage1On,Sleep,
2026-07-27T07:25:00.000Z,Front AC,70.8,0,42,71,95.3,0,compressorCoolOff,Sleep,
2026-07-27T07:30:00.000Z,Front AC,70.9,0,42,71,96.4,60,compressorCoolOff,Sleep,
2026-07-27T07:35:00.000Z,Front AC,71.5,0,42,71,96.4,300,compressorCoolStage1On,Sleep,
2026-07-27T07:40:00.000Z,Front AC,71.9,0,42,71,96.4,300,compressorCoolStage1On,Sleep,
2026-07-27T07:45:00.000Z,Front AC,71.6,0,42,71,96.4,300,compressorCoolStage1On,Sleep,
2026-07-27T07:50:00.000Z,Front AC,71.4,0,42,71,96.4,300,compressorCoolStage1On,Sleep,
2026-07-27T07:55:00.000Z,Front AC,71.1,0,41,71,96.4,195,compressorCoolStage1On,Sleep,
2026-07-27T08:00:00.000Z,Front AC,71,0,42,71,95,0,compressorCoolOff,Sleep,
2026-07-27T08:05:00.000Z,Front AC,71.1,0,42,71,95,120,compressorCoolOff,Sleep,
2026-07-27T08:10:00.000Z,Front AC,71.6,0,42,71,95,300,compressorCoolStage1On,Sleep,
2026-07-27T08:15:00.000Z,Front AC,71.8,0,42,71,95,300,compressorCoolStage1On,Sleep,
2026-07-27T08:20:00.000Z,Front AC,71.4,0,41,71,95,300,compressorCoolStage1On,Sleep,
2026-07-27T08:25:00.000Z,Front AC,71.2,0,42,71,95,195,compressorCoolStage1On,Sleep,
2026-07-27T08:30:00.000Z,Front AC,70.9,0,42,71,95,0,compressorCoolOff,Sleep,
2026-07-27T08:35:00.000Z,Front AC,71.1,0,42,71,95,165,compressorCoolOff,Sleep,
2026-07-27T08:40:00.000Z,Front AC,71.5,0,42,71,95,300,compressorCoolStage1On,Sleep,
2026-07-27T08:45:00.000Z,Front AC,71.5,0,42,71,95,300,compressorCoolStage1On,Sleep,
2026-07-27T08:50:00.000Z,Front AC,71.3,0,42,71,95,300,compressorCoolStage1On,Sleep,
2026-07-27T08:55:00.000Z,Front AC,71.1,0,41,71,95,105,compressorCoolStage1On,Sleep,
2026-07-27T09:00:00.000Z,Front AC,70.9,0,42,71,93.5,0,compressorCoolOff,Sleep,
2026-07-27T09:05:00.000Z,Front AC,71.2,0,42,71,93.5,195,compressorCoolOff,Sleep,
2026-07-27T09:10:00.000Z,Front AC,71.4,0,42,71,93.5,300,compressorCoolStage1On,Sleep,
2026-07-27T09:15:00.000Z,Front AC,71.4,0,42,71,93.5,300,compressorCoolStage1On,Sleep,
2026-07-27T09:20:00.000Z,Front AC,71.3,0,41,71,93.5,300,compressorCoolStage1On,Sleep,
2026-07-27T09:25:00.000Z,Front AC,71,0,41,71,93.5,105,compressorCoolStage1On,Sleep,
2026-07-27T09:30:00.000Z,Front AC,70.9,0,42,71,93.5,0,compressorCoolOff,Sleep,
2026-07-27T09:35:00.000Z,Front AC,71.1,0,42,71,93.5,150,compressorCoolOff,Sleep,
2026-07-27T09:40:00.000Z,Front AC,71.5,0,42,71,93.5,300,compressorCoolStage1On,Sleep,
2026-07-27T09:45:00.000Z,Front AC,71.4,0,42,71,93.5,300,compressorCoolStage1On,Sleep,
2026-07-27T09:50:00.000Z,Front AC,71.2,0,41,71,93.5,225,compressorCoolStage1On,Sleep,
2026-07-27T09:55:00.000Z,Front AC,70.9,0,41,71,93.5,0,compressorCoolOff,Sleep,
2026-07-27T10:00:00.000Z,Front AC,71,0,42,71,91.8,105,compressorCoolOff,Sleep,
2026-07-27T10:05:00.000Z,Front AC,71.4,0,42,71,91.8,300,compressorCoolStage1On,Sleep,
2026-07-27T10:10:00.000Z,Front AC,71.4,0,42,71,91.8,300,compressorCoolStage1On,Sleep,
2026-07-27T10:15:00.000Z,Front AC,71.1,0,41,71,91.8,150,compressorCoolStage1On,Sleep,
2026-07-27T10:20:00.000Z,Front AC,70.9,0,42,71,91.8,0,compressorCoolOff,Sleep,
2026-07-27T10:25:00.000Z,Front AC,71.2,0,42,71,91.8,225,compressorCoolOff,Sleep,
2026-07-27T10:30:00.000Z,Front AC,71.5,0,42,71,92,300,compressorCoolStage1On,Sleep,
2026-07-27T10:35:00.000Z,Front AC,71.4,0,41,71,92,300,compressorCoolStage1On,Sleep,
2026-07-27T10:40:00.000Z,Front AC,70.9,0,40,71,92,105,compressorCoolStage1On,Sleep,
2026-07-27T10:45:00.000Z,Front AC,70.9,0,41,71,92,0,compressorCoolOff,Sleep,
2026-07-27T10:50:00.000Z,Front AC,71.1,0,42,71,92,150,compressorCoolOff,Sleep,
2026-07-27T10:55:00.000Z,Front AC,71.5,0,42,71,92,300,compressorCoolStage1On,Sleep,
2026-07-27T11:00:00.000Z,Front AC,71.4,0,41,71,90.6,300,compressorCoolStage1On,Sleep,
2026-07-27T11:05:00.000Z,Front AC,70.9,0,40,71,90.6,75,compressorCoolStage1On,Sleep,
2026-07-27T11:10:00.000Z,Front AC,70.9,0,41,71,90.6,0,compressorCoolOff,Sleep,
2026-07-27T11:15:00.000Z,Front AC,71.3,0,42,71,90.6,30,compressorCoolOff,Sleep,
2026-07-27T11:20:00.000Z,Front AC,71.9,0,42,71,90.6,300,compressorCoolStage1On,Sleep,
2026-07-27T11:25:00.000Z,Front AC,71.9,0,41,71,90.6,300,compressorCoolStage1On,Sleep,
2026-07-27T11:30:00.000Z,Front AC,71.5,0,40,71,90.6,300,compressorCoolStage1On,Sleep,
2026-07-27T11:35:00.000Z,Front AC,71.1,0,40,71,90.6,270,compressorCoolStage1On,Sleep,
2026-07-27T11:40:00.000Z,Front AC,70.7,0,40,71,90.6,0,compressorCoolOff,Sleep,
2026-07-27T11:45:00.000Z,Front AC,70.8,0,42,71,90.6,0,compressorCoolOff,Sleep,
2026-07-27T11:50:00.000Z,Front AC,71.2,0,42,71,90.6,225,compressorCoolOff,Sleep,
2026-07-27T11:55:00.000Z,Front AC,71.4,0,41,71,90.6,300,compressorCoolStage1On,Sleep,
2026-07-27T12:00:00.000Z,Front AC,71.1,0,40,71,89,255,compressorCoolStage1On,Sleep,
2026-07-27T12:05:00.000Z,Front AC,70.8,0,40,71,89,0,compressorCoolOff,Sleep,
2026-07-27T12:10:00.000Z,Front AC,71,0,42,71,89,0,compressorCoolOff,Sleep,
2026-07-27T12:15:00.000Z,Front AC,71.4,0,42,71,89,120,compressorCoolOff,Sleep,
2026-07-27T12:20:00.000Z,Front AC,71.9,0,41,71,89,300,compressorCoolStage1On,Sleep,
2026-07-27T12:25:00.000Z,Front AC,71.7,0,40,71,89,300,compressorCoolStage1On,Sleep,
2026-07-27T12:30:00.000Z,Front AC,71.3,0,40,71,89,300,compressorCoolStage1On,Sleep,
2026-07-27T12:35:00.000Z,Front AC,70.9,0,40,71,89,105,compressorCoolStage1On,Sleep,
2026-07-27T12:40:00.000Z,Front AC,70.5,0,41,71,89,0,compressorCoolOff,Sleep,
2026-07-27T12:45:00.000Z,Front AC,71,0,42,71,89,0,compressorCoolOff,Sleep,
2026-07-27T12:50:00.000Z,Front AC,71.4,0,42,71,89,135,compressorCoolOff,Sleep,
2026-07-27T12:55:00.000Z,Front AC,71.9,0,41,71,89,300,compressorCoolStage1On,Sleep,
2026-07-27T13:00:00.000Z,Front AC,71.5,0,40,71,87.8,300,compressorCoolStage1On,Sleep,
2026-07-27T13:05:00.000Z,Front AC,71.1,0,40,71,87.8,270,compressorCoolStage1On,Sleep,
2026-07-27T13:10:00.000Z,Front AC,70.7,0,40,71,87.8,0,compressorCoolOff,Sleep,
2026-07-27T13:15:00.000Z,Front AC,70.8,0,42,71,87.8,0,compressorCoolOff,Sleep,
2026-07-27T13:20:00.000Z,Front AC,71.3,0,42,71,87.8,30,compressorCoolOff,Sleep,
2026-07-27T13:25:00.000Z,Front AC,71.8,0,42,71,87.8,300,compressorCoolStage1On,Sleep,
2026-07-27T13:30:00.000Z,Front AC,71.8,0,41,71,89.9,300,compressorCoolStage1On,Sleep,
2026-07-27T13:35:00.000Z,Front AC,70.8,0,40,71,89.9,60,compressorCoolStage1On,Sleep,
2026-07-27T13:40:00.000Z,Front AC,71,0,42,71,89.9,165,compressorCoolOff,Sleep,
2026-07-27T13:45:00.000Z,Front AC,71.1,0,43,71,89.9,195,compressorCoolStage1On,Sleep,
2026-07-27T13:50:00.000Z,Front AC,71.1,0,44,71,89.9,105,compressorCoolOff,Sleep,
2026-07-27T13:55:00.000Z,Front AC,71.2,0,45,71,89.9,300,compressorCoolStage1On,Sleep,
2026-07-27T14:00:00.000Z,Front AC,70.9,0,45,71,89.7,30,compressorCoolStage1On,Sleep,
2026-07-27T14:05:00.000Z,Front AC,71.2,0,45,71,89.7,270,compressorCoolOff,Sleep,
2026-07-27T14:10:00.000Z,Front AC,71,0,47,71,89.7,120,compressorCoolStage1On,Sleep,
2026-07-27T14:15:00.000Z,Front AC,71.1,0,48,71,89.7,180,compressorCoolOff,Sleep,
2026-07-27T14:20:00.000Z,Front AC,71.1,0,47,71,89.7,195,compressorCoolStage1On,Sleep,
2026-07-27T14:25:00.000Z,Front AC,70.9,0,47,71,89.7,90,compressorCoolOff,Sleep,
2026-07-27T14:30:00.000Z,Front AC,71.3,0,47,71,89.7,300,compressorCoolStage1On,Sleep,
2026-07-27T14:35:00.000Z,Front AC,70.9,0,47,71,89.7,75,compressorCoolStage1On,Sleep,
2026-07-27T14:40:00.000Z,Front AC,71.2,0,47,71,89.7,225,compressorCoolOff,Sleep,
2026-07-27T14:45:00.000Z,Front AC,71.2,0,47,71,89.7,285,compressorCoolStage1On,Sleep,
2026-07-27T14:50:00.000Z,Front AC,70.9,0,47,71,89.7,0,compressorCoolOff,Sleep,
2026-07-27T14:55:00.000Z,Front AC,71.6,0,48,74,89.7,0,compressorCoolOff,Sleep,
2026-07-27T15:00:00.000Z,Front AC,72.3,0,48,77,92.4,0,compressorCoolOff,WFH,
2026-07-27T15:05:00.000Z,Front AC,72.9,0,48,77,92.4,0,compressorCoolOff,WFH,
2026-07-27T15:10:00.000Z,Front AC,73.4,0,47,77,92.4,0,compressorCoolOff,WFH,
2026-07-27T15:15:00.000Z,Front AC,73.8,0,47,77,92.4,0,compressorCoolOff,WFH,
2026-07-27T15:20:00.000Z,Front AC,74.1,0,47,77,92.4,0,compressorCoolOff,WFH,
2026-07-27T15:25:00.000Z,Front AC,74.3,0,46,77,92.4,0,compressorCoolOff,WFH,
2026-07-27T15:30:00.000Z,Front AC,74.5,0,46,77,92.4,0,compressorCoolOff,WFH,
2026-07-27T15:35:00.000Z,Front AC,74.8,0,46,77,92.4,0,compressorCoolOff,WFH,
2026-07-27T15:40:00.000Z,Front AC,74.9,0,45,77,92.4,0,compressorCoolOff,WFH,
2026-07-27T15:45:00.000Z,Front AC,75,0,44,77,92.4,0,compressorCoolOff,WFH,
2026-07-27T15:50:00.000Z,Front AC,75.2,0,44,77,92.4,0,compressorCoolOff,WFH,
2026-07-27T15:55:00.000Z,Front AC,75.3,0,44,77,92.4,0,compressorCoolOff,WFH,
2026-07-27T16:00:00.000Z,Front AC,75.4,0,44,77,94.6,0,compressorCoolOff,WFH,
2026-07-27T16:05:00.000Z,Front AC,75.6,0,44,77,94.6,0,compressorCoolOff,WFH,
2026-07-27T16:10:00.000Z,Front AC,75.7,0,44,77,94.6,0,compressorCoolOff,WFH,
2026-07-27T16:15:00.000Z,Front AC,75.9,0,44,77,94.6,0,compressorCoolOff,WFH,
2026-07-27T16:20:00.000Z,Front AC,75.8,0,44,77,94.6,0,compressorCoolOff,WFH,
2026-07-27T16:25:00.000Z,Front AC,76,0,44,77,94.6,0,compressorCoolOff,WFH,
2026-07-27T16:30:00.000Z,Front AC,76.1,0,43,77,94.6,0,compressorCoolOff,WFH,
2026-07-27T16:35:00.000Z,Front AC,76.1,0,43,77,94.6,0,compressorCoolOff,WFH,
2026-07-27T16:40:00.000Z,Front AC,76.1,0,44,77,94.6,0,compressorCoolOff,WFH,
2026-07-27T16:45:00.000Z,Front AC,76.2,0,44,77,94.6,0,compressorCoolOff,WFH,
2026-07-27T16:50:00.000Z,Front AC,76.4,0,44,77,94.6,0,compressorCoolOff,WFH,
2026-07-27T16:55:00.000Z,Front AC,76.5,0,43,77,94.6,0,compressorCoolOff,WFH,
2026-07-27T17:00:00.000Z,Front AC,76.6,0,44,77,97.1,0,compressorCoolOff,WFH,
2026-07-27T17:05:00.000Z,Front AC,76.7,0,44,77,97.1,0,compressorCoolOff,WFH,
2026-07-27T17:10:00.000Z,Front AC,76.6,0,44,77,97.1,0,compressorCoolOff,WFH,
2026-07-27T17:15:00.000Z,Front AC,76.8,0,43,77,97.1,0,compressorCoolOff,WFH,
2026-07-27T17:20:00.000Z,Front AC,77,0,44,77,97.1,0,compressorCoolOff,WFH,
2026-07-27T17:25:00.000Z,Front AC,76.9,0,44,77,97.1,0,compressorCoolOff,WFH,
2026-07-27T17:30:00.000Z,Front AC,77,0,44,77,0,150,compressorCoolOff,WFH,
2026-07-27T17:35:00.000Z,Front AC,77,0,43,77,0,150,compressorCoolStage1On,WFH,
2026-07-27T17:40:00.000Z,Front AC,76.7,0,43,77,0,0,compressorCoolOff,WFH,
2026-07-27T17:45:00.000Z,Front AC,76.7,0,44,77,0,0,compressorCoolOff,WFH,
2026-07-27T17:50:00.000Z,Front AC,76.8,0,45,77,0,0,compressorCoolOff,WFH,
2026-07-27T17:55:00.000Z,Front AC,77,0,44,77,0,210,compressorCoolOff,WFH,
2026-07-27T18:00:00.000Z,Front AC,77,0,43,77,0,225,compressorCoolStage1On,WFH,
2026-07-27T18:05:00.000Z,Front AC,76.7,0,43,77,0,0,compressorCoolOff,WFH,
2026-07-27T18:10:00.000Z,Front AC,76.5,0,45,77,0,0,compressorCoolOff,WFH,
2026-07-27T18:15:00.000Z,Front AC,76.7,0,45,77,0,0,compressorCoolOff,WFH,
2026-07-27T18:20:00.000Z,Front AC,76.9,0,44,77,0,90,compressorCoolOff,WFH,
2026-07-27T18:25:00.000Z,Front AC,77.1,0,43,77,0,255,compressorCoolStage1On,WFH,
2026-07-27T18:30:00.000Z,Front AC,76.8,0,44,77,0,0,compressorCoolOff,WFH,
2026-07-27T18:35:00.000Z,Front AC,76.7,0,45,77,0,0,compressorCoolOff,WFH,
2026-07-27T18:40:00.000Z,Front AC,76.9,0,46,77,0,30,compressorCoolOff,WFH,
2026-07-27T18:45:00.000Z,Front AC,77.2,0,44,77,0,300,compressorCoolStage1On,WFH,
2026-07-27T18:50:00.000Z,Front AC,77,0,43,77,0,165,compressorCoolStage1On,WFH,
2026-07-27T18:55:00.000Z,Front AC,76.7,0,44,77,0,0,compressorCoolOff,WFH,
2026-07-27T19:00:00.000Z,Front AC,76.8,0,46,77,0,0,compressorCoolOff,WFH,
2026-07-27T19:05:00.000Z,Front AC,77,0,45,77,0,150,compressorCoolOff,WFH,
2026-07-27T19:10:00.000Z,Front AC,77.2,0,44,77,0,285,compressorCoolStage1On,WFH,
2026-07-27T19:15:00.000Z,Front AC,76.8,0,44,77,0,0,compressorCoolOff,WFH,
2026-07-27T19:20:00.000Z,Front AC,76.7,0,45,77,0,0,compressorCoolOff,WFH,
2026-07-27T19:25:00.000Z,Front AC,77.1,0,45,77,0,195,compressorCoolOff,WFH,
2026-07-27T19:30:00.000Z,Front AC,77.3,0,44,77,0,300,compressorCoolStage1On,WFH,
2026-07-27T19:35:00.000Z,Front AC,77,0,43,77,0,150,compressorCoolStage1On,WFH,
2026-07-27T19:40:00.000Z,Front AC,76.6,0,45,77,0,0,compressorCoolOff,WFH,
2026-07-27T19:45:00.000Z,Front AC,76.7,0,46,77,0,0,compressorCoolOff,WFH,
2026-07-27T19:50:00.000Z,Front AC,77.1,0,45,77,0,195,compressorCoolOff,WFH,
2026-07-27T19:55:00.000Z,Front AC,77.4,0,45,77,0,300,compressorCoolStage1On,WFH,
2026-07-27T20:00:00.000Z,Front AC,77.2,0,44,77,104.2,240,compressorCoolStage1On,WFH,
2026-07-27T20:05:00.000Z,Front AC,76.8,0,44,77,104.2,0,compressorCoolOff,WFH,
2026-07-27T20:10:00.000Z,Front AC,76.7,0,45,77,104.2,0,compressorCoolOff,WFH,
2026-07-27T20:15:00.000Z,Front AC,77,0,45,77,104.2,180,compressorCoolOff,WFH,
2026-07-27T20:20:00.000Z,Front AC,77.4,0,45,77,104.2,300,compressorCoolStage1On,WFH,
2026-07-27T20:25:00.000Z,Front AC,77.2,0,43,77,104.2,300,compressorCoolStage1On,WFH,
2026-07-27T20:30:00.000Z,Front AC,76.7,0,43,77,104.2,300,compressorCoolStage1On,WFH,(SmartRecovery)
2026-07-27T20:35:00.000Z,Front AC,76.3,0,43,77,104.2,300,compressorCoolStage1On,WFH,(SmartRecovery)
2026-07-27T20:40:00.000Z,Front AC,76.1,0,43,77,104.2,300,compressorCoolStage1On,WFH,(SmartRecovery)
2026-07-27T20:45:00.000Z,Front AC,75.8,0,43,77,104.2,300,compressorCoolStage1On,WFH,(SmartRecovery)
2026-07-27T20:50:00.000Z,Front AC,75.8,0,44,77,104.2,300,compressorCoolStage1On,WFH,(SmartRecovery)
2026-07-27T20:55:00.000Z,Front AC,75.3,0,44,77,104.2,300,compressorCoolStage1On,WFH,(SmartRecovery)
2026-07-27T21:00:00.000Z,Front AC,74.3,0,45,77,105.7,300,compressorCoolStage1On,WFH,(SmartRecovery)
2026-07-27T21:05:00.000Z,Front AC,74.2,0,46,77,105.7,300,compressorCoolStage1On,WFH,(SmartRecovery)
2026-07-27T21:10:00.000Z,Front AC,74.8,0,45,77,105.7,300,compressorCoolStage1On,WFH,(SmartRecovery)
2026-07-27T21:15:00.000Z,Front AC,75.2,0,44,77,105.7,300,compressorCoolStage1On,WFH,(SmartRecovery)
2026-07-27T21:20:00.000Z,Front AC,75.3,0,44,77,105.7,300,compressorCoolStage1On,WFH,(SmartRecovery)
2026-07-27T21:25:00.000Z,Front AC,75.2,0,44,75.6,105.7,300,compressorCoolStage1On,WFH,(SmartRecovery)
2026-07-27T21:30:00.000Z,Front AC,75.1,0,44,74,106.4,300,compressorCoolStage1On,Home,
2026-07-27T21:35:00.000Z,Front AC,75.1,0,44,74,106.4,300,compressorCoolStage1On,Home,
2026-07-27T21:40:00.000Z,Front AC,75,0,44,74,106.4,300,compressorCoolStage1On,Home,
2026-07-27T21:45:00.000Z,Front AC,75,0,44,74,106.4,300,compressorCoolStage1On,Home,
2026-07-27T21:50:00.000Z,Front AC,75,0,44,74,106.4,300,compressorCoolStage1On,Home,
2026-07-27T21:55:00.000Z,Front AC,74.8,0,44,74,106.4,300,compressorCoolStage1On,Home,
2026-07-27T22:00:00.000Z,Front AC,74.8,0,44,74,106.1,300,compressorCoolStage1On,Home,
2026-07-27T22:05:00.000Z,Front AC,74.8,0,44,74,106.1,300,compressorCoolStage1On,Home,
2026-07-27T22:10:00.000Z,Front AC,74.8,0,44,74,106.1,300,compressorCoolStage1On,Home,
2026-07-27T22:15:00.000Z,Front AC,74.8,0,44,74,106.1,300,compressorCoolStage1On,Home,
2026-07-27T22:20:00.000Z,Front AC,74.8,0,44,74,106.1,300,compressorCoolStage1On,Home,
2026-07-27T22:25:00.000Z,Front AC,74.7,0,44,74,106.1,300,compressorCoolStage1On,Home,
2026-07-27T22:30:00.000Z,Front AC,74.7,0,44,74,106.7,300,compressorCoolStage1On,Home,
2026-07-27T22:35:00.000Z,Front AC,74.2,0,44,74,106.7,225,compressorCoolStage1On,Home,
2026-07-27T22:40:00.000Z,Front AC,73.7,0,46,74,106.7,0,compressorCoolOff,Home,
2026-07-27T22:45:00.000Z,Front AC,74.5,0,45,74,106.7,285,compressorCoolOff,Home,
2026-07-27T22:50:00.000Z,Front AC,75,0,45,74,106.7,300,compressorCoolStage1On,Home,
2026-07-27T22:55:00.000Z,Front AC,75.1,0,43,74,106.7,300,compressorCoolStage1On,Home,
2026-07-27T23:00:00.000Z,Front AC,74.7,0,43,74,106.7,300,compressorCoolStage1On,Home,
2026-07-27T23:05:00.000Z,Front AC,74.7,0,43,74,106.7,300,compressorCoolStage1On,Home,
2026-07-27T23:10:00.000Z,Front AC,74.7,0,43,74,106.7,300,compressorCoolStage1On,Home,
2026-07-27T23:15:00.000Z,Front AC,74.6,0,43,74,106.7,300,compressorCoolStage1On,Home,
2026-07-27T23:20:00.000Z,Front AC,74.5,0,43,74,106.7,300,compressorCoolStage1On,Home,
2026-07-27T23:25:00.000Z,Front AC,74.5,0,43,74,106.7,300,compressorCoolStage1On,Home,
2026-07-27T23:30:00.000Z,Front AC,74.6,0,43,74,106.7,300,compressorCoolStage1On,Home,
2026-07-27T23:35:00.000Z,Front AC,74.6,0,43,74,106.7,300,compressorCoolStage1On,Home,
2026-07-27T23:40:00.000Z,Front AC,74.6,0,43,74,106.7,300,compressorCoolStage1On,Home,
2026-07-27T23:45:00.000Z,Front AC,74.5,0,43,74,106.7,300,compressorCoolStage1On,Home,
2026-07-27T23:50:00.000Z,Front AC,74.6,0,43,74,106.7,300,compressorCoolStage1On,Home,
2026-07-27T23:55:00.000Z,Front AC,74.4,0,44,74,106.7,300,compressorCoolStage1On,Home,
2026-07-28T00:00:00.000Z,Front AC,74.4,0,44,74,106.1,300,compressorCoolStage1On,Home,
2026-07-28T00:05:00.000Z,Front AC,74.4,0,44,74,106.1,300,compressorCoolStage1On,Home,
2026-07-28T00:10:00.000Z,Front AC,74.3,0,44,74,106.1,300,compressorCoolStage1On,Home,
2026-07-28T00:15:00.000Z,Front AC,74.3,0,44,74,106.1,300,compressorCoolStage1On,Home,
2026-07-28T00:20:00.000Z,Front AC,74.2,0,44,74,106.1,300,compressorCoolStage1On,Home,
2026-07-28T00:25:00.000Z,Front AC,74.2,0,44,74,106.1,300,compressorCoolStage1On,Home,
2026-07-28T00:30:00.000Z,Front AC,74.2,0,44,74,106.1,300,compressorCoolStage1On,Home,
2026-07-28T00:35:00.000Z,Front AC,74.3,0,44,74,106.1,300,compressorCoolStage1On,Home,
2026-07-28T00:40:00.000Z,Front AC,74.3,0,44,74,106.1,300,compressorCoolStage1On,Home,
2026-07-28T00:45:00.000Z,Front AC,74.2,0,44,74,106.1,300,compressorCoolStage1On,Home,
2026-07-28T00:50:00.000Z,Front AC,74.2,0,44,74,106.1,300,compressorCoolStage1On,Home,
2026-07-28T00:55:00.000Z,Front AC,74.1,0,44,74,106.1,300,compressorCoolStage1On,Home,
2026-07-28T01:00:00.000Z,Front AC,73.9,0,44,74,105.4,75,compressorCoolStage1On,Home,
2026-07-28T01:05:00.000Z,Front AC,74,0,44,74,105.4,90,compressorCoolOff,Home,
2026-07-28T01:10:00.000Z,Front AC,74.5,0,44,74,105.4,300,compressorCoolStage1On,Home,
2026-07-28T01:15:00.000Z,Front AC,74.3,0,44,74,105.4,270,compressorCoolStage1On,Home,
2026-07-28T01:20:00.000Z,Front AC,73.8,0,45,74,105.4,0,compressorCoolOff,Home,
2026-07-28T01:25:00.000Z,Front AC,74.2,0,46,74,105.4,285,compressorCoolOff,Home,
2026-07-28T01:30:00.000Z,Front AC,74.1,0,45,74,105.6,210,compressorCoolStage1On,Home,
2026-07-28T01:35:00.000Z,Front AC,74,0,45,74,105.6,90,compressorCoolOff,Home,
2026-07-28T01:40:00.000Z,Front AC,74.4,0,45,74,105.6,300,compressorCoolStage1On,Home,
2026-07-28T01:45:00.000Z,Front AC,74.2,0,44,74,105.6,285,compressorCoolStage1On,Home,
2026-07-28T01:50:00.000Z,Front AC,73.8,0,45,74,105.6,0,compressorCoolOff,Home,
2026-07-28T01:55:00.000Z,Front AC,74.2,0,45,74,105.6,285,compressorCoolOff,Home,
2026-07-28T02:00:00.000Z,Front AC,74.1,0,45,74,104.3,240,compressorCoolStage1On,Home,
2026-07-28T02:05:00.000Z,Front AC,74,0,45,74,104.3,60,compressorCoolOff,Home,
2026-07-28T02:10:00.000Z,Front AC,74.5,0,45,74,104.3,300,compressorCoolStage1On,Home,
2026-07-28T02:15:00.000Z,Front AC,74.1,0,45,74,104.3,210,compressorCoolStage1On,Home,
2026-07-28T02:20:00.000Z,Front AC,74,0,45,74,104.3,90,compressorCoolOff,Home,
2026-07-28T02:25:00.000Z,Front AC,74.5,0,44,74,104.3,300,compressorCoolStage1On,Home,
2026-07-28T02:30:00.000Z,Front AC,74.2,0,43,74,104.3,165,compressorCoolStage1On,Home,
2026-07-28T02:35:00.000Z,Front AC,74.2,0,44,74,104.3,135,compressorCoolOff,Home,
2026-07-28T02:40:00.000Z,Front AC,74.4,0,44,74,104.3,300,compressorCoolStage1On,Home,
2026-07-28T02:45:00.000Z,Front AC,74,0,43,74,104.3,135,compressorCoolStage1On,Home,
2026-07-28T02:50:00.000Z,Front AC,74.2,0,45,74,104.3,165,compressorCoolOff,Home,
2026-07-28T02:55:00.000Z,Front AC,74.5,0,44,74,104.3,300,compressorCoolStage1On,Home,
2026-07-28T03:00:00.000Z,Front AC,74,0,43,74,101.8,135,compressorCoolStage1On,Home,
2026-07-28T03:05:00.000Z,Front AC,74.2,0,44,74,101.8,165,compressorCoolOff,Home,
2026-07-28T03:10:00.000Z,Front AC,74.3,0,43,74,101.8,300,compressorCoolStage1On,Home,
2026-07-28T03:15:00.000Z,Front AC,74,0,43,74,101.8,30,compressorCoolStage1On,Home,
2026-07-28T03:20:00.000Z,Front AC,74.3,0,44,74,101.8,270,compressorCoolOff,Home,
2026-07-28T03:25:00.000Z,Front AC,74.1,0,43,74,101.8,300,compressorCoolStage1On,Home,
2026-07-28T03:30:00.000Z,Front AC,73.6,0,43,74,101.8,300,compressorCoolStage1On,Home,(SmartRecovery)
2026-07-28T03:35:00.000Z,Front AC,73.3,0,43,74,101.8,300,compressorCoolStage1On,Home,(SmartRecovery)
2026-07-28T03:40:00.000Z,Front AC,72.8,0,42,74,101.8,300,compressorCoolStage1On,Home,(SmartRecovery)
2026-07-28T03:45:00.000Z,Front AC,72.3,0,42,74,101.8,300,compressorCoolStage1On,Home,(SmartRecovery)
2026-07-28T03:50:00.000Z,Front AC,72.1,0,42,74,101.8,300,compressorCoolStage1On,Home,(SmartRecovery)
2026-07-28T03:55:00.000Z,Front AC,72.1,0,42,74,101.8,300,compressorCoolStage1On,Home,(SmartRecovery)
2026-07-28T04:00:00.000Z,Front AC,72,0,42,74,100.4,300,compressorCoolStage1On,Home,(SmartRecovery)
2026-07-28T04:05:00.000Z,Front AC,71.7,0,42,74,100.4,300,compressorCoolStage1On,Home,(SmartRecovery)
2026-07-28T04:10:00.000Z,Front AC,71.9,0,42,74,100.4,300,compressorCoolStage1On,Home,(SmartRecovery)
2026-07-28T04:15:00.000Z,Front AC,71.6,0,42,74,100.4,300,compressorCoolStage1On,Home,(SmartRecovery)
2026-07-28T04:20:00.000Z,Front AC,71.3,0,42,74,100.4,300,compressorCoolStage1On,Home,(SmartRecovery)
2026-07-28T04:25:00.000Z,Front AC,71.2,0,42,72.6,100.4,180,compressorCoolStage1On,Home,(SmartRecovery)
2026-07-28T04:30:00.000Z,Front AC,71.8,0,43,71,100.4,120,compressorCoolOff,Sleep,
2026-07-28T04:35:00.000Z,Front AC,72.5,0,44,71,100.4,300,compressorCoolStage1On,Sleep,
2026-07-28T04:40:00.000Z,Front AC,72.2,0,43,71,100.4,300,compressorCoolStage1On,Sleep,
2026-07-28T04:45:00.000Z,Front AC,71.7,0,42,71,100.4,300,compressorCoolStage1On,Sleep,
2026-07-28T04:50:00.000Z,Front AC,71.3,0,42,71,100.4,300,compressorCoolStage1On,Sleep,
2026-07-28T04:55:00.000Z,Front AC,71.1,0,42,71,100.4,105,compressorCoolStage1On,Sleep,
2026-07-28T05:00:00.000Z,Front AC,71.8,0,43,71,98.4,195,compressorCoolOff,Sleep,
2026-07-28T05:05:00.000Z,Front AC,72.3,0,43,71,98.4,300,compressorCoolStage1On,Sleep,
2026-07-28T05:10:00.000Z,Front AC,71.7,0,42,71,98.4,300,compressorCoolStage1On,Sleep,
2026-07-28T05:15:00.000Z,Front AC,71.5,0,42,71,98.4,300,compressorCoolStage1On,Sleep,
2026-07-28T05:20:00.000Z,Front AC,71.4,0,42,71,98.4,300,compressorCoolStage1On,Sleep,
2026-07-28T05:25:00.000Z,Front AC,71.3,0,42,71,98.4,300,compressorCoolStage1On,Sleep,
2026-07-28T05:30:00.000Z,Front AC,71.2,0,42,71,99.4,240,compressorCoolStage1On,Sleep,
2026-07-28T05:35:00.000Z,Front AC,71.4,0,42,71,99.4,60,compressorCoolOff,Sleep,
2026-07-28T05:40:00.000Z,Front AC,72.2,0,43,71,99.4,300,compressorCoolStage1On,Sleep,
2026-07-28T05:45:00.000Z,Front AC,71.7,0,42,71,99.4,300,compressorCoolStage1On,Sleep,
2026-07-28T05:50:00.000Z,Front AC,71.3,0,42,71,99.4,300,compressorCoolStage1On,Sleep,
2026-07-28T05:55:00.000Z,Front AC,71.2,0,42,71,99.4,180,compressorCoolStage1On,Sleep,
2026-07-28T06:00:00.000Z,Front AC,71.5,0,43,71,97.9,120,compressorCoolOff,Sleep,
2026-07-28T06:05:00.000Z,Front AC,71.9,0,42,71,97.9,300,compressorCoolStage1On,Sleep,
2026-07-28T06:10:00.000Z,Front AC,71.4,0,42,71,97.9,300,compressorCoolStage1On,Sleep,
2026-07-28T06:15:00.000Z,Front AC,71.1,0,42,71,97.9,150,compressorCoolStage1On,Sleep,
2026-07-28T06:20:00.000Z,Front AC,71.8,0,43,71,97.9,150,compressorCoolOff,Sleep,
2026-07-28T06:25:00.000Z,Front AC,72.2,0,42,71,97.9,300,compressorCoolStage1On,Sleep,
2026-07-28T06:30:00.000Z,Front AC,71.6,0,42,71,98.5,300,compressorCoolStage1On,Sleep,
2026-07-28T06:35:00.000Z,Front AC,71.3,0,42,71,98.5,300,compressorCoolStage1On,Sleep,
2026-07-28T06:40:00.000Z,Front AC,71.1,0,42,71,98.5,180,compressorCoolStage1On,Sleep,
2026-07-28T06:45:00.000Z,Front AC,71.4,0,42,71,98.5,120,compressorCoolOff,Sleep,
2026-07-28T06:50:00.000Z,Front AC,71.7,0,42,71,98.5,300,compressorCoolStage1On,Sleep,
2026-07-28T06:55:00.000Z,Front AC,71.2,0,42,71,98.5,225,compressorCoolStage1On,Sleep,
2026-07-28T07:00:00.000Z,Front AC,71.3,0,42,71,96.7,75,compressorCoolOff,Sleep,
2026-07-28T07:05:00.000Z,Front AC,71.7,0,43,71,96.7,300,compressorCoolStage1On,Sleep,
2026-07-28T07:10:00.000Z,Front AC,71.5,0,43,71,96.7,300,compressorCoolStage1On,Sleep,
2026-07-28T07:15:00.000Z,Front AC,71.1,0,42,71,96.7,15,compressorCoolStage1On,Sleep,
2026-07-28T07:20:00.000Z,Front AC,71.6,0,43,71,96.7,285,compressorCoolOff,Sleep,
2026-07-28T07:25:00.000Z,Front AC,71.3,0,43,71,96.7,300,compressorCoolStage1On,Sleep,
2026-07-28T07:30:00.000Z,Front AC,70.9,0,42,71,96.7,150,compressorCoolStage1On,Sleep,
2026-07-28T07:35:00.000Z,Front AC,71.3,0,43,71,96.7,150,compressorCoolOff,Sleep,
2026-07-28T07:40:00.000Z,Front AC,71.6,0,43,71,96.7,300,compressorCoolStage1On,Sleep,
2026-07-28T07:45:00.000Z,Front AC,71.1,0,43,71,96.7,240,compressorCoolStage1On,Sleep,
2026-07-28T07:50:00.000Z,Front AC,71.2,0,43,71,96.7,60,compressorCoolOff,Sleep,
2026-07-28T07:55:00.000Z,Front AC,71.7,0,43,71,96.7,300,compressorCoolStage1On,Sleep,
2026-07-28T08:00:00.000Z,Front AC,71.6,0,43,71,95.9,300,compressorCoolStage1On,Sleep,
2026-07-28T08:05:00.000Z,Front AC,71.1,0,42,71,95.9,150,compressorCoolStage1On,Sleep,
2026-07-28T08:10:00.000Z,Front AC,71.2,0,43,71,95.9,150,compressorCoolOff,Sleep,
2026-07-28T08:15:00.000Z,Front AC,71.5,0,43,71,95.9,300,compressorCoolStage1On,Sleep,
2026-07-28T08:20:00.000Z,Front AC,71,0,42,71,95.9,150,compressorCoolStage1On,Sleep,
2026-07-28T08:25:00.000Z,Front AC,71.4,0,43,71,95.9,150,compressorCoolOff,Sleep,
2026-07-28T08:30:00.000Z,Front AC,71.6,0,43,71,95.9,300,compressorCoolStage1On,Sleep,
2026-07-28T08:35:00.000Z,Front AC,71.1,0,43,71,95.9,270,compressorCoolStage1On,Sleep,
2026-07-28T08:40:00.000Z,Front AC,71,0,43,71,95.9,30,compressorCoolOff,Sleep,
2026-07-28T08:45:00.000Z,Front AC,71.5,0,43,71,95.9,300,compressorCoolStage1On,Sleep,
2026-07-28T08:50:00.000Z,Front AC,71.4,0,43,71,95.9,300,compressorCoolStage1On,Sleep,
2026-07-28T08:55:00.000Z,Front AC,70.9,0,42,71,95.9,90,compressorCoolStage1On,Sleep,
2026-07-28T09:00:00.000Z,Front AC,71.3,0,43,71,94.4,210,compressorCoolOff,Sleep,
2026-07-28T09:05:00.000Z,Front AC,71.4,0,43,71,94.4,300,compressorCoolStage1On,Sleep,
2026-07-28T09:10:00.000Z,Front AC,71.1,0,43,71,94.4,30,compressorCoolStage1On,Sleep,
2026-07-28T09:15:00.000Z,Front AC,71.5,0,43,71,94.4,270,compressorCoolOff,Sleep,
2026-07-28T09:20:00.000Z,Front AC,71.5,0,43,71,94.4,300,compressorCoolStage1On,Sleep,
2026-07-28T09:25:00.000Z,Front AC,71.2,0,43,71,94.4,0,compressorCoolOff,Sleep,
2026-07-28T09:30:00.000Z,Front AC,71.7,0,43,71,95.1,300,compressorCoolStage1On,Sleep,
2026-07-28T09:35:00.000Z,Front AC,71.3,0,42,71,95.1,255,compressorCoolStage1On,Sleep,
2026-07-28T09:40:00.000Z,Front AC,70.9,0,42,71,95.1,45,compressorCoolOff,Sleep,
2026-07-28T09:45:00.000Z,Front AC,71.6,0,43,71,95.1,300,compressorCoolStage1On,Sleep,
2026-07-28T09:50:00.000Z,Front AC,71.2,0,42,71,95.1,180,compressorCoolStage1On,Sleep,
2026-07-28T09:55:00.000Z,Front AC,71.3,0,43,71,95.1,120,compressorCoolOff,Sleep,
2026-07-28T10:00:00.000Z,Front AC,71.6,0,43,71,93.3,300,compressorCoolStage1On,Sleep,
2026-07-28T10:05:00.000Z,Front AC,71.2,0,42,71,93.3,240,compressorCoolStage1On,Sleep,
2026-07-28T10:10:00.000Z,Front AC,71.2,0,42,71,93.3,60,compressorCoolOff,Sleep,
2026-07-28T10:15:00.000Z,Front AC,71.6,0,43,71,93.3,300,compressorCoolStage1On,Sleep,
2026-07-28T10:20:00.000Z,Front AC,71.3,0,43,71,93.3,300,compressorCoolStage1On,Sleep,
2026-07-28T10:25:00.000Z,Front AC,70.8,0,42,71,93.3,0,compressorCoolOff,Sleep,
2026-07-28T10:30:00.000Z,Front AC,71.1,0,43,71,88.7,300,compressorCoolStage1On,Sleep,
2026-07-28T10:35:00.000Z,Front AC,71,0,43,71,88.7,105,compressorCoolStage1On,Sleep,
2026-07-28T10:40:00.000Z,Front AC,71.5,0,44,71,88.7,195,compressorCoolOff,Sleep,
2026-07-28T10:45:00.000Z,Front AC,71.5,0,43,71,88.7,300,compressorCoolStage1On,Sleep,
2026-07-28T10:50:00.000Z,Front AC,71,0,43,71,88.7,135,compressorCoolStage1On,Sleep,
2026-07-28T10:55:00.000Z,Front AC,71.3,0,44,71,88.7,165,compressorCoolOff,Sleep,
2026-07-28T11:00:00.000Z,Front AC,71.5,0,43,71,85.8,300,compressorCoolStage1On,Sleep,
2026-07-28T11:05:00.000Z,Front AC,71.1,0,42,71,85.8,105,compressorCoolStage1On,Sleep,
2026-07-28T11:10:00.000Z,Front AC,71.5,0,43,71,85.8,195,compressorCoolOff,Sleep,
2026-07-28T11:15:00.000Z,Front AC,71.6,0,43,71,85.8,300,compressorCoolStage1On,Sleep,
2026-07-28T11:20:00.000Z,Front AC,71.3,0,42,71,85.8,300,compressorCoolStage1On,Sleep,
2026-07-28T11:25:00.000Z,Front AC,70.9,0,42,71,85.8,0,compressorCoolOff,Sleep,
2026-07-28T11:30:00.000Z,Front AC,71.3,0,43,71,85.8,300,compressorCoolStage1On,Sleep,
2026-07-28T11:35:00.000Z,Front AC,71.1,0,42,71,85.8,120,compressorCoolStage1On,Sleep,
2026-07-28T11:40:00.000Z,Front AC,71.6,0,43,71,85.8,180,compressorCoolOff,Sleep,
2026-07-28T11:45:00.000Z,Front AC,72.2,0,43,71,85.8,300,compressorCoolStage1On,Sleep,
2026-07-28T11:50:00.000Z,Front AC,72.1,0,43,71,85.8,300,compressorCoolStage1On,Sleep,
2026-07-28T11:55:00.000Z,Front AC,71.8,0,43,71,85.8,300,compressorCoolStage1On,Sleep,
2026-07-28T12:00:00.000Z,Front AC,71.3,0,43,71,86.1,285,compressorCoolStage1On,Sleep,
2026-07-28T12:05:00.000Z,Front AC,70.6,0,43,71,86.1,0,compressorCoolOff,Sleep,
2026-07-28T12:10:00.000Z,Front AC,70.8,0,43,71,86.1,75,compressorCoolOff,Sleep,
2026-07-28T12:15:00.000Z,Front AC,71.4,0,43,71,86.1,300,compressorCoolStage1On,Sleep,
2026-07-28T12:20:00.000Z,Front AC,71.3,0,43,71,86.1,300,compressorCoolStage1On,Sleep,
2026-07-28T12:25:00.000Z,Front AC,70.8,0,43,71,86.1,75,compressorCoolStage1On,Sleep,
2026-07-28T12:30:00.000Z,Front AC,71.1,0,43,71,86.1,225,compressorCoolOff,Sleep,
2026-07-28T12:35:00.000Z,Front AC,71.1,0,43,71,86.1,270,compressorCoolStage1On,Sleep,
2026-07-28T12:40:00.000Z,Front AC,70.9,0,43,71,86.1,0,compressorCoolOff,Sleep,
2026-07-28T12:45:00.000Z,Front AC,71.2,0,44,71,86.1,300,compressorCoolStage1On,Sleep,
2026-07-28T12:50:00.000Z,Front AC,71.2,0,43,71,86.1,300,compressorCoolStage1On,Sleep,
2026-07-28T12:55:00.000Z,Front AC,71.1,0,43,71,86.1,300,compressorCoolStage1On,Sleep,
2026-07-28T13:00:00.000Z,Front AC,70.9,0,43,71,84.7,105,compressorCoolStage1On,Sleep,
2026-07-28T13:05:00.000Z,Front AC,70.6,0,43,71,84.7,0,compressorCoolOff,Sleep,
2026-07-28T13:10:00.000Z,Front AC,71,0,43,71,84.7,150,compressorCoolOff,Sleep,
2026-07-28T13:15:00.000Z,Front AC,71.5,0,43,71,84.7,300,compressorCoolStage1On,Sleep,
2026-07-28T13:20:00.000Z,Front AC,71.2,0,43,71,84.7,300,compressorCoolStage1On,Sleep,
2026-07-28T13:25:00.000Z,Front AC,70.7,0,43,71,84.7,0,compressorCoolOff,Sleep,
2026-07-28T13:30:00.000Z,Front AC,70.9,0,43,71,87.3,135,compressorCoolOff,Sleep,
2026-07-28T13:35:00.000Z,Front AC,71.5,0,43,71,87.3,300,compressorCoolStage1On,Sleep,
2026-07-28T13:40:00.000Z,Front AC,71.1,0,42,71,87.3,195,compressorCoolStage1On,Sleep,
2026-07-28T13:45:00.000Z,Front AC,70.6,0,42,71,87.3,0,compressorCoolOff,Sleep,
2026-07-28T13:50:00.000Z,Front AC,71.1,0,43,71,87.3,225,compressorCoolOff,Sleep,
2026-07-28T13:55:00.000Z,Front AC,70.9,0,44,71,87.3,90,compressorCoolStage1On,Sleep,
2026-07-28T14:00:00.000Z,Front AC,71.1,0,45,71,86.5,210,compressorCoolOff,Sleep,
2026-07-28T14:05:00.000Z,Front AC,71,0,45,71,86.5,135,compressorCoolStage1On,Sleep,
2026-07-28T14:10:00.000Z,Front AC,71,0,45,71,86.5,135,compressorCoolOff,Sleep,
2026-07-28T14:15:00.000Z,Front AC,71.2,0,44,71,86.5,300,compressorCoolStage1On,Sleep,
2026-07-28T14:20:00.000Z,Front AC,71.2,0,43,71,86.5,300,compressorCoolStage1On,Sleep,
2026-07-28T14:25:00.000Z,Front AC,71.2,0,43,73.7,86.5,165,compressorCoolStage1On,Sleep,
2026-07-28T14:30:00.000Z,Front AC,70.8,0,43,77,89,0,compressorCoolOff,WFH,
2026-07-28T14:35:00.000Z,Front AC,71.2,0,43,77,89,0,compressorCoolOff,WFH,
2026-07-28T14:40:00.000Z,Front AC,71.8,0,43,77,89,0,compressorCoolOff,WFH,
2026-07-28T14:45:00.000Z,Front AC,72.3,0,43,77,89,0,compressorCoolOff,WFH,
2026-07-28T14:50:00.000Z,Front AC,72.6,0,43,77,89,0,compressorCoolOff,WFH,
2026-07-28T14:55:00.000Z,Front AC,73,0,43,77,89,0,compressorCoolOff,WFH,
2026-07-28T15:00:00.000Z,Front AC,73.3,0,43,77,89.8,0,compressorCoolOff,WFH,
2026-07-28T15:05:00.000Z,Front AC,73.4,0,43,77,89.8,0,compressorCoolOff,WFH,
2026-07-28T15:10:00.000Z,Front AC,73.6,0,43,77,89.8,0,compressorCoolOff,WFH,
2026-07-28T15:15:00.000Z,Front AC,73.8,0,43,77,89.8,0,compressorCoolOff,WFH,
2026-07-28T15:20:00.000Z,Front AC,74,0,43,77,89.8,0,compressorCoolOff,WFH,
2026-07-28T15:25:00.000Z,Front AC,74.2,0,43,77,89.8,0,compressorCoolOff,WFH,
2026-07-28T15:30:00.000Z,Front AC,74.3,0,43,77,89.8,0,compressorCoolOff,WFH,
2026-07-28T15:35:00.000Z,Front AC,74.5,0,43,77,89.8,0,compressorCoolOff,WFH,
2026-07-28T15:40:00.000Z,Front AC,74.4,0,43,77,89.8,0,compressorCoolOff,WFH,
2026-07-28T15:45:00.000Z,Front AC,74.8,0,43,77,89.8,0,compressorCoolOff,WFH,
2026-07-28T15:50:00.000Z,Front AC,74.8,0,43,77,89.8,0,compressorCoolOff,WFH,
2026-07-28T15:55:00.000Z,Front AC,74.9,0,43,77,89.8,0,compressorCoolOff,WFH,
2026-07-28T16:00:00.000Z,Front AC,75,0,43,77,90.5,0,compressorCoolOff,WFH,
2026-07-28T16:05:00.000Z,Front AC,75.2,0,43,77,90.5,0,compressorCoolOff,WFH,
2026-07-28T16:10:00.000Z,Front AC,75.3,0,43,77,90.5,0,compressorCoolOff,WFH,
2026-07-28T16:15:00.000Z,Front AC,75.3,0,43,77,90.5,0,compressorCoolOff,WFH,
2026-07-28T16:20:00.000Z,Front AC,75.4,0,43,77,90.5,0,compressorCoolOff,WFH,
2026-07-28T16:25:00.000Z,Front AC,75.6,0,43,77,90.5,0,compressorCoolOff,WFH,
2026-07-28T16:30:00.000Z,Front AC,75.7,0,43,77,90.5,0,compressorCoolOff,WFH,
2026-07-28T16:35:00.000Z,Front AC,75.8,0,43,77,90.5,0,compressorCoolOff,WFH,
2026-07-28T16:40:00.000Z,Front AC,75.9,0,44,77,90.5,0,compressorCoolOff,WFH,
2026-07-28T16:45:00.000Z,Front AC,76.2,0,45,77,90.5,0,compressorCoolOff,WFH,
2026-07-28T16:50:00.000Z,Front AC,76.3,0,45,77,90.5,0,compressorCoolOff,WFH,
2026-07-28T16:55:00.000Z,Front AC,76.3,0,44,77,90.5,0,compressorCoolOff,WFH,
2026-07-28T17:00:00.000Z,Front AC,76.4,0,44,77,92.3,0,compressorCoolOff,WFH,
2026-07-28T17:05:00.000Z,Front AC,76.2,0,44,77,92.3,0,compressorCoolOff,WFH,
2026-07-28T17:10:00.000Z,Front AC,76.2,0,44,77,92.3,0,compressorCoolOff,WFH,
2026-07-28T17:15:00.000Z,Front AC,76.3,0,44,77,92.3,0,compressorCoolOff,WFH,
2026-07-28T17:20:00.000Z,Front AC,76.3,0,43,77,92.3,0,compressorCoolOff,WFH,
2026-07-28T17:25:00.000Z,Front AC,76.3,0,43,77,92.3,0,compressorCoolOff,WFH,
2026-07-28T17:30:00.000Z,Front AC,76.3,0,43,77,93.7,0,compressorCoolOff,WFH,
2026-07-28T17:35:00.000Z,Front AC,76.3,0,43,77,93.7,0,compressorCoolOff,WFH,
2026-07-28T17:40:00.000Z,Front AC,76.4,0,44,77,93.7,0,compressorCoolOff,WFH,
2026-07-28T17:45:00.000Z,Front AC,76.4,0,44,77,93.7,0,compressorCoolOff,WFH,
2026-07-28T17:50:00.000Z,Front AC,76.7,0,44,77,93.7,0,compressorCoolOff,WFH,
2026-07-28T17:55:00.000Z,Front AC,76.9,0,44,77,93.7,0,compressorCoolOff,WFH,
2026-07-28T18:00:00.000Z,Front AC,76.7,0,44,77,95.4,0,compressorCoolOff,WFH,
2026-07-28T18:05:00.000Z,Front AC,76.7,0,44,77,95.4,0,compressorCoolOff,WFH,
2026-07-28T18:10:00.000Z,Front AC,76.8,0,44,77,95.4,0,compressorCoolOff,WFH,
2026-07-28T18:15:00.000Z,Front AC,77,0,44,77,95.4,180,compressorCoolOff,WFH,
2026-07-28T18:20:00.000Z,Front AC,76.8,0,43,77,95.4,120,compressorCoolStage1On,WFH,
2026-07-28T18:25:00.000Z,Front AC,76.8,0,44,77,95.4,0,compressorCoolOff,WFH,
2026-07-28T18:30:00.000Z,Front AC,76.7,0,45,77,94.8,0,compressorCoolOff,WFH,
2026-07-28T18:35:00.000Z,Front AC,76.8,0,46,77,94.8,0,compressorCoolOff,WFH,
2026-07-28T18:40:00.000Z,Front AC,77,0,45,77,94.8,210,compressorCoolOff,WFH,
2026-07-28T18:45:00.000Z,Front AC,77,0,44,77,94.8,165,compressorCoolStage1On,WFH,
2026-07-28T18:50:00.000Z,Front AC,76.6,0,45,77,94.8,0,compressorCoolOff,WFH,
2026-07-28T18:55:00.000Z,Front AC,76.5,0,46,77,94.8,0,compressorCoolOff,WFH,
2026-07-28T19:00:00.000Z,Front AC,76.7,0,46,77,96.4,0,compressorCoolOff,WFH,
2026-07-28T19:05:00.000Z,Front AC,77,0,46,77,96.4,0,compressorCoolOff,WFH,
2026-07-28T19:10:00.000Z,Front AC,77.3,0,46,77,96.4,45,compressorCoolOff,WFH,
2026-07-28T19:15:00.000Z,Front AC,77.5,0,44,77,96.4,300,compressorCoolStage1On,WFH,
2026-07-28T19:20:00.000Z,Front AC,77.2,0,44,77,96.4,270,compressorCoolStage1On,WFH,
2026-07-28T19:25:00.000Z,Front AC,76.7,0,44,77,96.4,0,compressorCoolOff,WFH,
2026-07-28T19:30:00.000Z,Front AC,76.2,0,46,77,96.4,0,compressorCoolOff,WFH,
2026-07-28T19:35:00.000Z,Front AC,76.5,0,46,77,96.4,0,compressorCoolOff,WFH,
2026-07-28T19:40:00.000Z,Front AC,76.9,0,46,77,96.4,90,compressorCoolOff,WFH,
2026-07-28T19:45:00.000Z,Front AC,77.1,0,45,77,96.4,270,compressorCoolStage1On,WFH,
2026-07-28T19:50:00.000Z,Front AC,76.9,0,44,77,96.4,0,compressorCoolOff,WFH,
2026-07-28T19:55:00.000Z,Front AC,76.7,0,46,77,96.4,0,compressorCoolOff,WFH,
2026-07-28T20:00:00.000Z,Front AC,76.8,0,46,77,99.1,0,compressorCoolOff,WFH,
2026-07-28T20:05:00.000Z,Front AC,77.2,0,46,77,99.1,300,compressorCoolStage1On,WFH,
2026-07-28T20:10:00.000Z,Front AC,77.2,0,44,77,99.1,300,compressorCoolStage1On,WFH,
2026-07-28T20:15:00.000Z,Front AC,76.8,0,45,77,99.1,90,compressorCoolStage1On,WFH,
2026-07-28T20:20:00.000Z,Front AC,76.2,0,46,77,99.1,0,compressorCoolOff,WFH,
2026-07-28T20:25:00.000Z,Front AC,76.3,0,47,77,99.1,0,compressorCoolOff,WFH,
2026-07-28T20:30:00.000Z,Front AC,76.8,0,46,77,99.1,45,compressorCoolOff,WFH,
2026-07-28T20:35:00.000Z,Front AC,77.3,0,45,77,99.1,300,compressorCoolStage1On,WFH,
2026-07-28T20:40:00.000Z,Front AC,77.3,0,45,77,99.1,300,compressorCoolStage1On,WFH,
2026-07-28T20:45:00.000Z,Front AC,76.9,0,45,77,99.1,300,compressorCoolStage1On,WFH,
2026-07-28T20:50:00.000Z,Front AC,76.3,0,45,77,99.1,300,compressorCoolStage1On,WFH,(SmartRecovery)
2026-07-28T20:55:00.000Z,Front AC,75.8,0,45,77,99.1,300,compressorCoolStage1On,WFH,(SmartRecovery)
2026-07-28T21:00:00.000Z,Front AC,75.3,0,45,77,100.8,300,compressorCoolStage1On,WFH,(SmartRecovery)
2026-07-28T21:05:00.000Z,Front AC,74.7,0,45,77,100.8,300,compressorCoolStage1On,WFH,(SmartRecovery)
2026-07-28T21:10:00.000Z,Front AC,74.6,0,45,77,100.8,300,compressorCoolStage1On,WFH,(SmartRecovery)
2026-07-28T21:15:00.000Z,Front AC,74.3,0,45,77,100.8,300,compressorCoolStage1On,WFH,(SmartRecovery)
2026-07-28T21:20:00.000Z,Front AC,74.3,0,45,77,100.8,300,compressorCoolStage1On,WFH,(SmartRecovery)
2026-07-28T21:25:00.000Z,Front AC,74.5,0,45,75.6,100.8,300,compressorCoolStage1On,WFH,(SmartRecovery)
2026-07-28T21:30:00.000Z,Front AC,74.5,0,45,74,99.8,300,compressorCoolStage1On,Home,
2026-07-28T21:35:00.000Z,Front AC,74,0,45,74,99.8,210,compressorCoolStage1On,Home,
2026-07-28T21:40:00.000Z,Front AC,73.8,0,46,74,99.8,0,compressorCoolOff,Home,
2026-07-28T21:45:00.000Z,Front AC,74.4,0,46,74,99.8,300,compressorCoolStage1On,Home,
2026-07-28T21:50:00.000Z,Front AC,74.8,0,45,74,99.8,300,compressorCoolStage1On,Home,
2026-07-28T21:55:00.000Z,Front AC,74.8,0,45,74,99.8,300,compressorCoolStage1On,Home,
2026-07-28T22:00:00.000Z,Front AC,74.7,0,45,74,101.3,300,compressorCoolStage1On,Home,
2026-07-28T22:05:00.000Z,Front AC,74.5,0,45,74,101.3,300,compressorCoolStage1On,Home,
2026-07-28T22:10:00.000Z,Front AC,74.1,0,45,74,101.3,240,compressorCoolStage1On,Home,
2026-07-28T22:15:00.000Z,Front AC,73.9,0,45,74,101.3,15,compressorCoolOff,Home,
2026-07-28T22:20:00.000Z,Front AC,74.4,0,45,74,101.3,300,compressorCoolStage1On,Home,
2026-07-28T22:25:00.000Z,Front AC,74.8,0,45,74,101.3,300,compressorCoolStage1On,Home,
2026-07-28T22:30:00.000Z,Front AC,74.8,0,45,74,101.8,300,compressorCoolStage1On,Home,
2026-07-28T22:35:00.000Z,Front AC,74.5,0,44,74,101.8,300,compressorCoolStage1On,Home,
2026-07-28T22:40:00.000Z,Front AC,74.2,0,44,74,101.8,300,compressorCoolStage1On,Home,
2026-07-28T22:45:00.000Z,Front AC,73.9,0,44,74,101.8,150,compressorCoolStage1On,Home,
2026-07-28T22:50:00.000Z,Front AC,73.8,0,46,74,101.8,45,compressorCoolOff,Home,
2026-07-28T22:55:00.000Z,Front AC,74.5,0,45,74,101.8,300,compressorCoolStage1On,Home,
2026-07-28T23:00:00.000Z,Front AC,74.8,0,45,74,101.8,300,compressorCoolStage1On,Home,
2026-07-28T23:05:00.000Z,Front AC,74.7,0,44,74,101.8,300,compressorCoolStage1On,Home,
2026-07-28T23:10:00.000Z,Front AC,74.4,0,44,74,101.8,300,compressorCoolStage1On,Home,
2026-07-28T23:15:00.000Z,Front AC,74.2,0,44,74,101.8,300,compressorCoolStage1On,Home,
2026-07-28T23:20:00.000Z,Front AC,73.9,0,45,74,101.8,0,compressorCoolOff,Home,
2026-07-28T23:25:00.000Z,Front AC,74.3,0,45,74,101.8,255,compressorCoolOff,Home,
2026-07-28T23:30:00.000Z,Front AC,74.7,0,45,74,101.8,300,compressorCoolStage1On,Home,
2026-07-28T23:35:00.000Z,Front AC,74.6,0,45,74,101.8,300,compressorCoolStage1On,Home,
2026-07-28T23:40:00.000Z,Front AC,74.3,0,44,74,101.8,300,compressorCoolStage1On,Home,
2026-07-28T23:45:00.000Z,Front AC,74.2,0,44,74,101.8,300,compressorCoolStage1On,Home,
2026-07-28T23:50:00.000Z,Front AC,74,0,44,74,101.8,120,compressorCoolStage1On,Home,
2026-07-28T23:55:00.000Z,Front AC,73.9,0,44,74,101.8,150,compressorCoolOff,Home,
2026-07-29T00:00:00.000Z,Front AC,74.2,0,44,74,101.9,300,compressorCoolStage1On,Home,
2026-07-29T00:05:00.000Z,Front AC,74.2,0,43,74,101.9,300,compressorCoolStage1On,Home,
2026-07-29T00:10:00.000Z,Front AC,74,0,43,74,101.9,60,compressorCoolStage1On,Home,
2026-07-29T00:15:00.000Z,Front AC,74.2,0,44,74,101.9,240,compressorCoolOff,Home,
2026-07-29T00:20:00.000Z,Front AC,74.5,0,45,74,101.9,300,compressorCoolStage1On,Home,
2026-07-29T00:25:00.000Z,Front AC,74.4,0,44,74,101.9,300,compressorCoolStage1On,Home,
2026-07-29T00:30:00.000Z,Front AC,74.1,0,43,74,101.9,300,compressorCoolStage1On,Home,
2026-07-29T00:35:00.000Z,Front AC,74.1,0,44,74,101.9,285,compressorCoolStage1On,Home,
2026-07-29T00:40:00.000Z,Front AC,73.9,0,44,74,101.9,0,compressorCoolOff,Home,
2026-07-29T00:45:00.000Z,Front AC,74,0,45,74,101.9,225,compressorCoolOff,Home,
2026-07-29T00:50:00.000Z,Front AC,74.5,0,45,74,101.9,300,compressorCoolStage1On,Home,
2026-07-29T00:55:00.000Z,Front AC,74.4,0,44,74,101.9,300,compressorCoolStage1On,Home,
2026-07-29T01:00:00.000Z,Front AC,74.1,0,43,74,101.3,300,compressorCoolStage1On,Home,
2026-07-29T01:05:00.000Z,Front AC,74.1,0,44,74,101.3,300,compressorCoolStage1On,Home,
2026-07-29T01:10:00.000Z,Front AC,73.9,0,44,74,101.3,15,compressorCoolStage1On,Home,
2026-07-29T01:15:00.000Z,Front AC,74,0,45,74,101.3,165,compressorCoolOff,Home,
2026-07-29T01:20:00.000Z,Front AC,74.2,0,44,74,101.3,300,compressorCoolStage1On,Home,
2026-07-29T01:25:00.000Z,Front AC,74.1,0,43,74,101.3,300,compressorCoolStage1On,Home,
2026-07-29T01:30:00.000Z,Front AC,74,0,43,74,101.7,150,compressorCoolStage1On,Home,
2026-07-29T01:35:00.000Z,Front AC,74,0,44,74,101.7,105,compressorCoolOff,Home,
2026-07-29T01:40:00.000Z,Front AC,74.3,0,44,74,101.7,300,compressorCoolStage1On,Home,
2026-07-29T01:45:00.000Z,Front AC,74.3,0,43,74,101.7,300,compressorCoolStage1On,Home,
2026-07-29T01:50:00.000Z,Front AC,74.2,0,43,74,101.7,300,compressorCoolStage1On,Home,
2026-07-29T01:55:00.000Z,Front AC,73.8,0,43,74,101.7,15,compressorCoolStage1On,Home,
2026-07-29T02:00:00.000Z,Front AC,73.9,0,44,74,100,150,compressorCoolOff,Home,
2026-07-29T02:05:00.000Z,Front AC,74.2,0,43,74,100,300,compressorCoolStage1On,Home,
2026-07-29T02:10:00.000Z,Front AC,74.2,0,43,74,100,300,compressorCoolStage1On,Home,
2026-07-29T02:15:00.000Z,Front AC,74,0,43,74,100,165,compressorCoolStage1On,Home,
2026-07-29T02:20:00.000Z,Front AC,73.8,0,43,74,100,45,compressorCoolOff,Home,
2026-07-29T02:25:00.000Z,Front AC,74.1,0,44,74,100,300,compressorCoolStage1On,Home,
2026-07-29T02:30:00.000Z,Front AC,74.1,0,43,74,99.6,300,compressorCoolStage1On,Home,
2026-07-29T02:35:00.000Z,Front AC,73.9,0,43,74,99.6,75,compressorCoolStage1On,Home,
2026-07-29T02:40:00.000Z,Front AC,74,0,44,74,99.6,150,compressorCoolOff,Home,
2026-07-29T02:45:00.000Z,Front AC,74.2,0,43,74,99.6,300,compressorCoolStage1On,Home,
2026-07-29T02:50:00.000Z,Front AC,74.1,0,43,74,99.6,300,compressorCoolStage1On,Home,
2026-07-29T02:55:00.000Z,Front AC,73.8,0,43,74,99.6,30,compressorCoolStage1On,Home,
2026-07-29T03:00:00.000Z,Front AC,73.9,0,44,74,97.9,120,compressorCoolOff,Home,
2026-07-29T03:05:00.000Z,Front AC,74.2,0,43,74,97.9,300,compressorCoolStage1On,Home,
2026-07-29T03:10:00.000Z,Front AC,74.1,0,43,74,97.9,285,compressorCoolStage1On,Home,
2026-07-29T03:15:00.000Z,Front AC,73.8,0,43,74,97.9,0,compressorCoolOff,Home,
2026-07-29T03:20:00.000Z,Front AC,74,0,44,74,97.9,150,compressorCoolOff,Home,
2026-07-29T03:25:00.000Z,Front AC,74.2,0,43,74,97.9,300,compressorCoolStage1On,Home,
2026-07-29T03:30:00.000Z,Front AC,74,0,42,74,98.1,300,compressorCoolStage1On,Home,
2026-07-29T03:35:00.000Z,Front AC,73.5,0,42,74,98.1,300,compressorCoolStage1On,Home,(SmartRecovery)
2026-07-29T03:40:00.000Z,Front AC,73.2,0,42,74,98.1,300,compressorCoolStage1On,Home,(SmartRecovery)
2026-07-29T03:45:00.000Z,Front AC,72.8,0,42,74,98.1,300,compressorCoolStage1On,Home,(SmartRecovery)
2026-07-29T03:50:00.000Z,Front AC,72.6,0,42,74,98.1,300,compressorCoolStage1On,Home,(SmartRecovery)
2026-07-29T03:55:00.000Z,Front AC,72.4,0,42,74,98.1,300,compressorCoolStage1On,Home,(SmartRecovery)
2026-07-29T04:00:00.000Z,Front AC,72,0,42,74,96.8,300,compressorCoolStage1On,Home,(SmartRecovery)
2026-07-29T04:05:00.000Z,Front AC,71.7,0,42,74,96.8,300,compressorCoolStage1On,Home,(SmartRecovery)
2026-07-29T04:10:00.000Z,Front AC,71,0,42,74,96.8,105,compressorCoolStage1On,Home,(SmartRecovery)
2026-07-29T04:15:00.000Z,Front AC,71.6,0,44,74,96.8,180,compressorCoolOff,Home,
2026-07-29T04:20:00.000Z,Front AC,72,0,44,74,96.8,300,compressorCoolStage1On,Home,(SmartRecovery)
2026-07-29T04:25:00.000Z,Front AC,71.6,0,43,72.8,96.8,300,compressorCoolStage1On,Home,(SmartRecovery)
2026-07-29T04:30:00.000Z,Front AC,71,0,42,71,96.8,120,compressorCoolStage1On,Sleep,
2026-07-29T04:35:00.000Z,Front AC,71.5,0,43,71,96.8,180,compressorCoolOff,Sleep,
2026-07-29T04:40:00.000Z,Front AC,71.6,0,43,71,96.8,300,compressorCoolStage1On,Sleep,
2026-07-29T04:45:00.000Z,Front AC,71.3,0,42,71,96.8,300,compressorCoolStage1On,Sleep,
2026-07-29T04:50:00.000Z,Front AC,71.1,0,42,71,96.8,0,compressorCoolOff,Sleep,
2026-07-29T04:55:00.000Z,Front AC,71.8,0,43,71,96.8,300,compressorCoolStage1On,Sleep,
2026-07-29T05:00:00.000Z,Front AC,71.6,0,42,71,95.5,300,compressorCoolStage1On,Sleep,
2026-07-29T05:05:00.000Z,Front AC,71,0,42,71,95.5,180,compressorCoolStage1On,Sleep,
2026-07-29T05:10:00.000Z,Front AC,71.3,0,43,71,95.5,120,compressorCoolOff,Sleep,
2026-07-29T05:15:00.000Z,Front AC,71.6,0,42,71,95.5,300,compressorCoolStage1On,Sleep,
2026-07-29T05:20:00.000Z,Front AC,71.1,0,42,71,95.5,120,compressorCoolStage1On,Sleep,
2026-07-29T05:25:00.000Z,Front AC,71.6,0,43,71,95.5,180,compressorCoolOff,Sleep,
2026-07-29T05:30:00.000Z,Front AC,71.7,0,42,71,95.5,300,compressorCoolStage1On,Sleep,
2026-07-29T05:35:00.000Z,Front AC,71.2,0,42,71,95.5,300,compressorCoolStage1On,Sleep,
2026-07-29T05:40:00.000Z,Front AC,71,0,42,71,95.5,15,compressorCoolStage1On,Sleep,
2026-07-29T05:45:00.000Z,Front AC,71.5,0,43,71,95.5,285,compressorCoolOff,Sleep,
2026-07-29T05:50:00.000Z,Front AC,71.1,0,43,71,95.5,90,compressorCoolStage1On,Sleep,
2026-07-29T05:55:00.000Z,Front AC,71.5,0,43,71,95.5,210,compressorCoolOff,Sleep,
2026-07-29T06:00:00.000Z,Front AC,71.5,0,42,71,94,300,compressorCoolStage1On,Sleep,
2026-07-29T06:05:00.000Z,Front AC,71,0,42,71,94,30,compressorCoolStage1On,Sleep,
2026-07-29T06:10:00.000Z,Front AC,71.6,0,43,71,94,270,compressorCoolOff,Sleep,
2026-07-29T06:15:00.000Z,Front AC,71.4,0,42,71,94,255,compressorCoolStage1On,Sleep,
2026-07-29T06:20:00.000Z,Front AC,71.2,0,42,71,94,45,compressorCoolOff,Sleep,
2026-07-29T06:25:00.000Z,Front AC,71.6,0,43,71,94,300,compressorCoolStage1On,Sleep,
2026-07-29T06:30:00.000Z,Front AC,71.1,0,42,71,94.6,45,compressorCoolStage1On,Sleep,
2026-07-29T06:35:00.000Z,Front AC,71.6,0,43,71,94.6,255,compressorCoolOff,Sleep,
2026-07-29T06:40:00.000Z,Front AC,71.2,0,42,71,94.6,255,compressorCoolStage1On,Sleep,
2026-07-29T06:45:00.000Z,Front AC,71,0,43,71,94.6,0,compressorCoolOff,Sleep,
2026-07-29T06:50:00.000Z,Front AC,71.8,0,43,71,94.6,300,compressorCoolStage1On,Sleep,
2026-07-29T06:55:00.000Z,Front AC,71.5,0,42,71,94.6,285,compressorCoolStage1On,Sleep,
2026-07-29T07:00:00.000Z,Front AC,71.2,0,42,71,93.3,15,compressorCoolOff,Sleep,
2026-07-29T07:05:00.000Z,Front AC,71.6,0,43,71,93.3,300,compressorCoolStage1On,Sleep,
2026-07-29T07:10:00.000Z,Front AC,71.1,0,42,71,93.3,105,compressorCoolStage1On,Sleep,
2026-07-29T07:15:00.000Z,Front AC,71.5,0,43,71,93.3,195,compressorCoolOff,Sleep,
2026-07-29T07:20:00.000Z,Front AC,71.7,0,42,71,93.3,300,compressorCoolStage1On,Sleep,
2026-07-29T07:25:00.000Z,Front AC,71.1,0,42,71,93.3,120,compressorCoolStage1On,Sleep,
2026-07-29T07:30:00.000Z,Front AC,71.6,0,43,71,93.3,180,compressorCoolOff,Sleep,
2026-07-29T07:35:00.000Z,Front AC,71.7,0,42,71,93.3,300,compressorCoolStage1On,Sleep,
2026-07-29T07:40:00.000Z,Front AC,71.2,0,42,71,93.3,225,compressorCoolStage1On,Sleep,
2026-07-29T07:45:00.000Z,Front AC,71.3,0,42,71,93.3,75,compressorCoolOff,Sleep,
2026-07-29T07:50:00.000Z,Front AC,71.7,0,42,71,93.3,300,compressorCoolStage1On,Sleep,
2026-07-29T07:55:00.000Z,Front AC,71.2,0,42,71,93.3,210,compressorCoolStage1On,Sleep,
2026-07-29T08:00:00.000Z,Front AC,71.2,0,42,71,92.2,75,compressorCoolOff,Sleep,
2026-07-29T08:05:00.000Z,Front AC,71.6,0,42,71,92.2,300,compressorCoolStage1On,Sleep,
2026-07-29T08:10:00.000Z,Front AC,71.3,0,42,71,92.2,300,compressorCoolStage1On,Sleep,
2026-07-29T08:15:00.000Z,Front AC,71,0,42,71,92.2,0,compressorCoolOff,Sleep,
2026-07-29T08:20:00.000Z,Front AC,71.6,0,42,71,92.2,300,compressorCoolStage1On,Sleep,
2026-07-29T08:25:00.000Z,Front AC,71,0,42,71,92.2,105,compressorCoolStage1On,Sleep,
2026-07-29T08:30:00.000Z,Front AC,71.3,0,43,71,92.2,150,compressorCoolOff,Sleep,
2026-07-29T08:35:00.000Z,Front AC,71.5,0,43,71,92.2,300,compressorCoolStage1On,Sleep,
2026-07-29T08:40:00.000Z,Front AC,70.9,0,42,71,92.2,60,compressorCoolStage1On,Sleep,
2026-07-29T08:45:00.000Z,Front AC,71.4,0,43,71,92.2,195,compressorCoolOff,Sleep,
2026-07-29T08:50:00.000Z,Front AC,71.2,0,42,71,92.2,150,compressorCoolStage1On,Sleep,
2026-07-29T08:55:00.000Z,Front AC,71.3,0,43,71,92.2,120,compressorCoolOff,Sleep,
2026-07-29T09:00:00.000Z,Front AC,71.5,0,43,71,91.2,300,compressorCoolStage1On,Sleep,
2026-07-29T09:05:00.000Z,Front AC,71,0,43,71,91.2,30,compressorCoolStage1On,Sleep,
2026-07-29T09:10:00.000Z,Front AC,71.4,0,43,71,91.2,180,compressorCoolOff,Sleep,
2026-07-29T09:15:00.000Z,Front AC,71.6,0,43,71,91.2,300,compressorCoolStage1On,Sleep,
2026-07-29T09:20:00.000Z,Front AC,71,0,42,71,91.2,15,compressorCoolStage1On,Sleep,
2026-07-29T09:25:00.000Z,Front AC,71.6,0,43,71,91.2,240,compressorCoolOff,Sleep,
2026-07-29T09:30:00.000Z,Front AC,71.4,0,42,71,91.3,225,compressorCoolStage1On,Sleep,
2026-07-29T09:35:00.000Z,Front AC,71.1,0,42,71,91.3,45,compressorCoolOff,Sleep,
2026-07-29T09:40:00.000Z,Front AC,71.5,0,43,71,91.3,300,compressorCoolStage1On,Sleep,
2026-07-29T09:45:00.000Z,Front AC,70.9,0,42,71,91.3,105,compressorCoolStage1On,Sleep,
2026-07-29T09:50:00.000Z,Front AC,71.2,0,43,71,91.3,105,compressorCoolOff,Sleep,
2026-07-29T09:55:00.000Z,Front AC,71.6,0,42,71,91.3,285,compressorCoolStage1On,Sleep,
2026-07-29T10:00:00.000Z,Front AC,71,0,43,71,90,0,compressorCoolOff,Sleep,
2026-07-29T10:05:00.000Z,Front AC,71.6,0,43,71,90,270,compressorCoolOff,Sleep,
2026-07-29T10:10:00.000Z,Front AC,71.2,0,42,71,90,195,compressorCoolStage1On,Sleep,
2026-07-29T10:15:00.000Z,Front AC,71.2,0,43,71,90,105,compressorCoolOff,Sleep,
2026-07-29T10:20:00.000Z,Front AC,71.5,0,43,71,90,300,compressorCoolStage1On,Sleep,
2026-07-29T10:25:00.000Z,Front AC,70.9,0,42,71,90,105,compressorCoolStage1On,Sleep,
2026-07-29T10:30:00.000Z,Front AC,71.1,0,43,71,90.3,60,compressorCoolOff,Sleep,
2026-07-29T10:35:00.000Z,Front AC,71.6,0,42,71,90.3,270,compressorCoolStage1On,Sleep,
2026-07-29T10:40:00.000Z,Front AC,71,0,42,71,90.3,0,compressorCoolOff,Sleep,
2026-07-29T10:45:00.000Z,Front AC,71.6,0,43,71,90.3,300,compressorCoolStage1On,Sleep,
2026-07-29T10:50:00.000Z,Front AC,71,0,43,71,90.3,120,compressorCoolStage1On,Sleep,
2026-07-29T10:55:00.000Z,Front AC,71.2,0,43,71,90.3,90,compressorCoolOff,Sleep,
2026-07-29T11:00:00.000Z,Front AC,71.7,0,43,71,89.2,300,compressorCoolStage1On,Sleep,
2026-07-29T11:05:00.000Z,Front AC,70.9,0,42,71,89.2,90,compressorCoolStage1On,Sleep,
2026-07-29T11:10:00.000Z,Front AC,71.2,0,43,71,89.2,90,compressorCoolOff,Sleep,
2026-07-29T11:15:00.000Z,Front AC,71.7,0,42,71,89.2,300,compressorCoolStage1On,Sleep,
2026-07-29T11:20:00.000Z,Front AC,71,0,42,71,89.2,60,compressorCoolStage1On,Sleep,
2026-07-29T11:25:00.000Z,Front AC,71.4,0,43,71,89.2,180,compressorCoolOff,Sleep,
2026-07-29T11:30:00.000Z,Front AC,71.2,0,42,71,89.2,195,compressorCoolStage1On,Sleep,
2026-07-29T11:35:00.000Z,Front AC,71,0,43,71,89.2,15,compressorCoolOff,Sleep,
2026-07-29T11:40:00.000Z,Front AC,71.6,0,43,71,89.2,300,compressorCoolStage1On,Sleep,
2026-07-29T11:45:00.000Z,Front AC,71.2,0,42,71,89.2,60,compressorCoolStage1On,Sleep,
2026-07-29T11:50:00.000Z,Front AC,71.5,0,43,71,89.2,225,compressorCoolOff,Sleep,
2026-07-29T11:55:00.000Z,Front AC,71.5,0,42,71,89.2,300,compressorCoolStage1On,Sleep,
2026-07-29T12:00:00.000Z,Front AC,71,0,41,71,88.5,150,compressorCoolStage1On,Sleep,
2026-07-29T12:05:00.000Z,Front AC,71,0,42,71,88.5,150,compressorCoolOff,Sleep,
2026-07-29T12:10:00.000Z,Front AC,71,0,42,71,88.5,150,compressorCoolStage1On,Sleep,
2026-07-29T12:15:00.000Z,Front AC,71.1,0,43,71,88.5,150,compressorCoolOff,Sleep,
2026-07-29T12:20:00.000Z,Front AC,71.4,0,42,71,88.5,255,compressorCoolStage1On,Sleep,
2026-07-29T12:25:00.000Z,Front AC,71.1,0,42,71,88.5,45,compressorCoolOff,Sleep,
2026-07-29T12:30:00.000Z,Front AC,71.3,0,43,71,88.5,300,compressorCoolStage1On,Sleep,
2026-07-29T12:35:00.000Z,Front AC,70.9,0,42,71,88.5,60,compressorCoolStage1On,Sleep,
2026-07-29T12:40:00.000Z,Front AC,71.1,0,43,71,88.5,240,compressorCoolOff,Sleep,
2026-07-29T12:45:00.000Z,Front AC,71,0,43,71,88.5,75,compressorCoolStage1On,Sleep,
2026-07-29T12:50:00.000Z,Front AC,71.2,0,43,71,88.5,180,compressorCoolOff,Sleep,
2026-07-29T12:55:00.000Z,Front AC,71,0,43,71,88.5,120,compressorCoolStage1On,Sleep,
2026-07-29T13:00:00.000Z,Front AC,71.3,0,44,71,87.6,180,compressorCoolOff,Sleep,
2026-07-29T13:05:00.000Z,Front AC,71.2,0,43,71,87.6,165,compressorCoolStage1On,Sleep,
2026-07-29T13:10:00.000Z,Front AC,71.1,0,44,71,87.6,135,compressorCoolOff,Sleep,
2026-07-29T13:15:00.000Z,Front AC,71.1,0,44,71,87.6,180,compressorCoolStage1On,Sleep,
2026-07-29T13:20:00.000Z,Front AC,71.1,0,44,71,87.6,120,compressorCoolOff,Sleep,
2026-07-29T13:25:00.000Z,Front AC,71.3,0,44,71,87.6,270,compressorCoolStage1On,Sleep,
2026-07-29T13:30:00.000Z,Front AC,71,0,43,71,89.5,30,compressorCoolOff,Sleep,
2026-07-29T13:35:00.000Z,Front AC,71.2,0,44,71,89.5,300,compressorCoolStage1On,Sleep,
2026-07-29T13:40:00.000Z,Front AC,71,0,43,72.6,89.5,30,compressorCoolStage1On,Sleep,
2026-07-29T13:45:00.000Z,Front AC,71.5,0,44,74,89.5,0,compressorCoolOff,Sleep,hold
2026-07-29T13:50:00.000Z,Front AC,72.2,0,44,74,89.5,0,compressorCoolOff,Sleep,hold
2026-07-29T13:55:00.000Z,Front AC,72.8,0,44,74,89.5,0,compressorCoolOff,Sleep,hold
2026-07-29T14:00:00.000Z,Front AC,73.3,0,43,74,90.6,0,compressorCoolOff,Sleep,hold
2026-07-29T14:05:00.000Z,Front AC,73.5,0,43,74,90.6,0,compressorCoolOff,Sleep,hold
2026-07-29T14:10:00.000Z,Front AC,73.7,0,43,74,90.6,0,compressorCoolOff,Sleep,hold
2026-07-29T14:15:00.000Z,Front AC,74,0,43,74,90.6,105,compressorCoolOff,Sleep,hold
2026-07-29T14:20:00.000Z,Front AC,73.9,0,44,74,90.6,195,compressorCoolStage1On,Sleep,hold
2026-07-29T14:25:00.000Z,Front AC,73.2,0,44,75.2,90.6,0,compressorCoolOff,Sleep,hold
2026-07-29T14:30:00.000Z,Front AC,73.6,0,45,77,90.6,0,compressorCoolOff,WFH,
2026-07-29T14:35:00.000Z,Front AC,74.1,0,44,77,90.6,0,compressorCoolOff,WFH,
2026-07-29T14:40:00.000Z,Front AC,74.4,0,44,77,90.6,0,compressorCoolOff,WFH,
2026-07-29T14:45:00.000Z,Front AC,74.8,0,44,77,90.6,0,compressorCoolOff,WFH,
2026-07-29T14:50:00.000Z,Front AC,75.1,0,45,77,90.6,0,compressorCoolOff,WFH,
2026-07-29T14:55:00.000Z,Front AC,75.3,0,45,77,90.6,0,compressorCoolOff,WFH,
2026-07-29T15:00:00.000Z,Front AC,75.5,0,44,77,93.4,0,compressorCoolOff,WFH,
2026-07-29T15:05:00.000Z,Front AC,75.7,0,44,77,93.4,0,compressorCoolOff,WFH,
2026-07-29T15:10:00.000Z,Front AC,75.8,0,44,77,93.4,0,compressorCoolOff,WFH,
2026-07-29T15:15:00.000Z,Front AC,75.8,0,44,77,93.4,0,compressorCoolOff,WFH,
2026-07-29T15:20:00.000Z,Front AC,76.1,0,44,77,93.4,0,compressorCoolOff,WFH,
2026-07-29T15:25:00.000Z,Front AC,76.1,0,46,77,93.4,0,compressorCoolOff,WFH,
2026-07-29T15:30:00.000Z,Front AC,76.2,0,46,77,93.4,0,compressorCoolOff,WFH,
2026-07-29T15:35:00.000Z,Front AC,76.2,0,46,77,93.4,0,compressorCoolOff,WFH,
2026-07-29T15:40:00.000Z,Front AC,76.4,0,48,77,93.4,0,compressorCoolOff,WFH,
2026-07-29T15:45:00.000Z,Front AC,76.5,0,48,77,93.4,0,compressorCoolOff,WFH,
2026-07-29T15:50:00.000Z,Front AC,76.5,0,47,77,93.4,0,compressorCoolOff,WFH,
2026-07-29T15:55:00.000Z,Front AC,76.4,0,48,77,93.4,0,compressorCoolOff,WFH,
2026-07-29T16:00:00.000Z,Front AC,76.6,0,48,77,95.9,0,compressorCoolOff,WFH,
2026-07-29T16:05:00.000Z,Front AC,76.8,0,47,77,95.9,0,compressorCoolOff,WFH,
2026-07-29T16:10:00.000Z,Front AC,77,0,46,77,95.9,0,compressorCoolOff,WFH,
2026-07-29T16:15:00.000Z,Front AC,76.8,0,46,77,95.9,0,compressorCoolOff,WFH,
2026-07-29T16:20:00.000Z,Front AC,76.8,0,47,77,95.9,0,compressorCoolOff,WFH,
2026-07-29T16:25:00.000Z,Front AC,77,0,46,77,95.9,150,compressorCoolOff,WFH,
2026-07-29T16:30:00.000Z,Front AC,77.2,0,44,77,96.7,300,compressorCoolStage1On,WFH,
2026-07-29T16:35:00.000Z,Front AC,76.6,0,43,77,96.7,15,compressorCoolStage1On,WFH,
2026-07-29T16:40:00.000Z,Front AC,76.1,0,45,77,96.7,0,compressorCoolOff,WFH,
2026-07-29T16:45:00.000Z,Front AC,76.2,0,46,77,96.7,0,compressorCoolOff,WFH,
2026-07-29T16:50:00.000Z,Front AC,76.6,0,46,77,96.7,0,compressorCoolOff,WFH,
2026-07-29T16:55:00.000Z,Front AC,76.9,0,44,77,96.7,60,compressorCoolOff,WFH,
2026-07-29T17:00:00.000Z,Front AC,77.2,0,43,77,98.8,300,compressorCoolStage1On,WFH,
2026-07-29T17:05:00.000Z,Front AC,76.8,0,43,77,98.8,45,compressorCoolStage1On,WFH,
2026-07-29T17:10:00.000Z,Front AC,76.2,0,44,77,98.8,0,compressorCoolOff,WFH,
2026-07-29T17:15:00.000Z,Front AC,76.3,0,45,77,98.8,0,compressorCoolOff,WFH,
2026-07-29T17:20:00.000Z,Front AC,76.7,0,45,77,98.8,0,compressorCoolOff,WFH,
2026-07-29T17:25:00.000Z,Front AC,77.1,0,44,77,98.8,195,compressorCoolOff,WFH,
2026-07-29T17:30:00.000Z,Front AC,77.1,0,43,77,99.3,210,compressorCoolStage1On,WFH,
2026-07-29T17:35:00.000Z,Front AC,76.6,0,44,77,99.3,0,compressorCoolOff,WFH,
2026-07-29T17:40:00.000Z,Front AC,76.3,0,45,77,99.3,0,compressorCoolOff,WFH,
2026-07-29T17:45:00.000Z,Front AC,76.6,0,45,77,99.3,0,compressorCoolOff,WFH,
2026-07-29T17:50:00.000Z,Front AC,77,0,44,77,99.3,105,compressorCoolOff,WFH,
2026-07-29T17:55:00.000Z,Front AC,77.2,0,43,77,99.3,300,compressorCoolStage1On,WFH,
2026-07-29T18:00:00.000Z,Front AC,76.8,0,43,77,100.6,60,compressorCoolStage1On,WFH,
2026-07-29T18:05:00.000Z,Front AC,76.4,0,45,77,100.6,0,compressorCoolOff,WFH,
2026-07-29T18:10:00.000Z,Front AC,76.5,0,46,77,100.6,0,compressorCoolOff,WFH,
2026-07-29T18:15:00.000Z,Front AC,76.9,0,44,77,100.6,75,compressorCoolOff,WFH,
2026-07-29T18:20:00.000Z,Front AC,77.3,0,44,77,100.6,300,compressorCoolStage1On,WFH,
2026-07-29T18:25:00.000Z,Front AC,77,0,43,77,100.6,150,compressorCoolStage1On,WFH,
2026-07-29T18:30:00.000Z,Front AC,76.5,0,44,77,100.6,0,compressorCoolOff,WFH,
2026-07-29T18:35:00.000Z,Front AC,76.4,0,46,77,100.6,0,compressorCoolOff,WFH,
2026-07-29T18:40:00.000Z,Front AC,76.8,0,45,77,100.6,15,compressorCoolOff,WFH,
2026-07-29T18:45:00.000Z,Front AC,77.2,0,44,77,100.6,300,compressorCoolStage1On,WFH,
2026-07-29T18:50:00.000Z,Front AC,77.1,0,43,77,100.6,195,compressorCoolStage1On,WFH,
2026-07-29T18:55:00.000Z,Front AC,76.7,0,44,77,100.6,0,compressorCoolOff,WFH,
2026-07-29T19:00:00.000Z,Front AC,76.5,0,45,77,102.6,0,compressorCoolOff,WFH,
2026-07-29T19:05:00.000Z,Front AC,76.9,0,45,77,102.6,75,compressorCoolOff,WFH,
2026-07-29T19:10:00.000Z,Front AC,77.3,0,44,77,102.6,300,compressorCoolStage1On,WFH,
2026-07-29T19:15:00.000Z,Front AC,77.1,0,43,77,102.6,180,compressorCoolStage1On,WFH,
2026-07-29T19:20:00.000Z,Front AC,76.6,0,44,77,102.6,0,compressorCoolOff,WFH,
2026-07-29T19:25:00.000Z,Front AC,76.5,0,46,77,102.6,0,compressorCoolOff,WFH,
2026-07-29T19:30:00.000Z,Front AC,77,0,45,77,102.6,120,compressorCoolOff,WFH,
2026-07-29T19:35:00.000Z,Front AC,77.4,0,44,77,102.6,300,compressorCoolStage1On,WFH,
2026-07-29T19:40:00.000Z,Front AC,77.1,0,43,77,102.6,75,compressorCoolStage1On,WFH,
2026-07-29T19:45:00.000Z,Front AC,76.7,0,45,77,102.6,0,compressorCoolOff,WFH,
2026-07-29T19:50:00.000Z,Front AC,76.8,0,46,77,102.6,0,compressorCoolOff,WFH,
2026-07-29T19:55:00.000Z,Front AC,77.2,0,45,77,102.6,300,compressorCoolStage1On,WFH,
2026-07-29T20:00:00.000Z,Front AC,77.3,0,43,77,103.6,270,compressorCoolStage1On,WFH,
2026-07-29T20:05:00.000Z,Front AC,76.9,0,44,77,103.6,0,compressorCoolOff,WFH,
2026-07-29T20:10:00.000Z,Front AC,76.7,0,45,77,103.6,0,compressorCoolOff,WFH,
2026-07-29T20:15:00.000Z,Front AC,77,0,45,77,103.6,135,compressorCoolOff,WFH,
2026-07-29T20:20:00.000Z,Front AC,77.4,0,44,77,103.6,300,compressorCoolStage1On,WFH,
2026-07-29T20:25:00.000Z,Front AC,77.2,0,43,77,103.6,300,compressorCoolStage1On,WFH,
2026-07-29T20:30:00.000Z,Front AC,76.8,0,43,77,103.6,300,compressorCoolStage1On,WFH,(SmartRecovery)
2026-07-29T20:35:00.000Z,Front AC,76.3,0,43,77,103.6,300,compressorCoolStage1On,WFH,(SmartRecovery)
2026-07-29T20:40:00.000Z,Front AC,75.9,0,43,77,103.6,300,compressorCoolStage1On,WFH,(SmartRecovery)
2026-07-29T20:45:00.000Z,Front AC,75.6,0,43,77,103.6,300,compressorCoolStage1On,WFH,(SmartRecovery)
2026-07-29T20:50:00.000Z,Front AC,75.2,0,43,77,103.6,285,compressorCoolStage1On,WFH,(SmartRecovery)
2026-07-29T20:55:00.000Z,Front AC,75.1,0,43,76.2,103.6,15,compressorCoolOff,WFH,
2026-07-29T21:00:00.000Z,Front AC,75.2,0,45,75,104.6,300,compressorCoolStage1On,Cooldown,
2026-07-29T21:05:00.000Z,Front AC,75.5,0,44,75,104.6,300,compressorCoolStage1On,Cooldown,
2026-07-29T21:10:00.000Z,Front AC,75.2,0,43,75,104.6,75,compressorCoolStage1On,Cooldown,
2026-07-29T21:15:00.000Z,Front AC,75.1,0,44,75,104.6,225,compressorCoolOff,Cooldown,
2026-07-29T21:20:00.000Z,Front AC,75.3,0,45,75,104.6,300,compressorCoolStage1On,Cooldown,
2026-07-29T21:25:00.000Z,Front AC,75.3,0,45,75,104.6,300,compressorCoolStage1On,Cooldown,
2026-07-29T21:30:00.000Z,Front AC,75.1,0,44,75,104.8,300,compressorCoolStage1On,Cooldown,
2026-07-29T21:35:00.000Z,Front AC,74.9,0,43,75,104.8,45,compressorCoolStage1On,Cooldown,
2026-07-29T21:40:00.000Z,Front AC,74.8,0,45,75,104.8,0,compressorCoolOff,Cooldown,
2026-07-29T21:45:00.000Z,Front AC,75.2,0,45,75,104.8,255,compressorCoolOff,Cooldown,
2026-07-29T21:50:00.000Z,Front AC,75.7,0,44,75,104.8,300,compressorCoolStage1On,Cooldown,
2026-07-29T21:55:00.000Z,Front AC,75.4,0,43,75,104.8,300,compressorCoolStage1On,Cooldown,
2026-07-29T22:00:00.000Z,Front AC,75.1,0,43,75,105.1,75,compressorCoolStage1On,Cooldown,
2026-07-29T22:05:00.000Z,Front AC,75,0,44,75,105.1,75,compressorCoolOff,Cooldown,
2026-07-29T22:10:00.000Z,Front AC,75.3,0,45,75,105.1,300,compressorCoolStage1On,Cooldown,
2026-07-29T22:15:00.000Z,Front AC,75.5,0,44,75,105.1,300,compressorCoolStage1On,Cooldown,
2026-07-29T22:20:00.000Z,Front AC,75.1,0,43,75,105.1,90,compressorCoolStage1On,Cooldown,
2026-07-29T22:25:00.000Z,Front AC,75,0,44,75,105.1,210,compressorCoolOff,Cooldown,
2026-07-29T22:30:00.000Z,Front AC,75.2,0,45,75,105.1,300,compressorCoolStage1On,Cooldown,
2026-07-29T22:35:00.000Z,Front AC,75.2,0,45,75,105.1,300,compressorCoolStage1On,Cooldown,
2026-07-29T22:40:00.000Z,Front AC,75,0,45,75,105.1,300,compressorCoolStage1On,Cooldown,
2026-07-29T22:45:00.000Z,Front AC,74.9,0,45,75,105.1,300,compressorCoolStage1On,Cooldown,(SmartRecovery)
2026-07-29T22:50:00.000Z,Front AC,74.8,0,43,75,105.1,300,compressorCoolStage1On,Cooldown,(SmartRecovery)
2026-07-29T22:55:00.000Z,Front AC,74.7,0,43,74.6,105.1,300,compressorCoolStage1On,Cooldown,(SmartRecovery)
2026-07-29T23:00:00.000Z,Front AC,74.5,0,44,74,105.1,300,compressorCoolStage1On,Home,
2026-07-29T23:05:00.000Z,Front AC,74.4,0,44,74,105.1,300,compressorCoolStage1On,Home,
2026-07-29T23:10:00.000Z,Front AC,74.3,0,44,74,105.1,300,compressorCoolStage1On,Home,
2026-07-29T23:15:00.000Z,Front AC,74.2,0,44,74,105.1,300,compressorCoolStage1On,Home,
2026-07-29T23:20:00.000Z,Front AC,74.2,0,44,74,105.1,300,compressorCoolStage1On,Home,
2026-07-29T23:25:00.000Z,Front AC,74.3,0,44,74,105.1,300,compressorCoolStage1On,Home,
2026-07-29T23:30:00.000Z,Front AC,74.3,0,44,74,105.1,300,compressorCoolStage1On,Home,
2026-07-29T23:35:00.000Z,Front AC,74.2,0,44,74,105.1,300,compressorCoolStage1On,Home,
2026-07-29T23:40:00.000Z,Front AC,74,0,44,74,105.1,150,compressorCoolStage1On,Home,
2026-07-29T23:45:00.000Z,Front AC,74,0,45,74,105.1,0,compressorCoolOff,Home,
2026-07-29T23:50:00.000Z,Front AC,74.8,0,45,74,105.1,270,compressorCoolOff,Home,
2026-07-29T23:55:00.000Z,Front AC,75.1,0,43,74,105.1,300,compressorCoolStage1On,Home,
2026-07-30T00:00:00.000Z,Front AC,75,0,43,74,104.2,300,compressorCoolStage1On,Home,
2026-07-30T00:05:00.000Z,Front AC,74.7,0,43,74,104.2,300,compressorCoolStage1On,Home,
2026-07-30T00:10:00.000Z,Front AC,74.4,0,43,74,104.2,300,compressorCoolStage1On,Home,
2026-07-30T00:15:00.000Z,Front AC,73.8,0,44,74,104.2,90,compressorCoolStage1On,Home,
2026-07-30T00:20:00.000Z,Front AC,73.9,0,46,74,104.2,0,compressorCoolOff,Home,
2026-07-30T00:25:00.000Z,Front AC,74.7,0,46,74,104.2,300,compressorCoolStage1On,Home,
2026-07-30T00:30:00.000Z,Front AC,74.7,0,45,74,104.2,300,compressorCoolStage1On,Home,
2026-07-30T00:35:00.000Z,Front AC,74.5,0,45,74,104.2,300,compressorCoolStage1On,Home,
2026-07-30T00:40:00.000Z,Front AC,74.3,0,45,74,104.2,300,compressorCoolStage1On,Home,
2026-07-30T00:45:00.000Z,Front AC,74,0,44,74,104.2,180,compressorCoolStage1On,Home,
2026-07-30T00:50:00.000Z,Front AC,74.1,0,45,74,104.2,30,compressorCoolOff,Home,
2026-07-30T00:55:00.000Z,Front AC,74.8,0,45,74,104.2,300,compressorCoolStage1On,Home,
2026-07-30T01:00:00.000Z,Front AC,74.7,0,45,74,103.3,300,compressorCoolStage1On,Home,
2026-07-30T01:05:00.000Z,Front AC,74.5,0,44,74,103.3,300,compressorCoolStage1On,Home,
2026-07-30T01:10:00.000Z,Front AC,74.2,0,43,74,103.3,300,compressorCoolStage1On,Home,
2026-07-30T01:15:00.000Z,Front AC,74.2,0,43,74,103.3,300,compressorCoolStage1On,Home,
2026-07-30T01:20:00.000Z,Front AC,74,0,44,74,103.3,75,compressorCoolStage1On,Home,
2026-07-30T01:25:00.000Z,Front AC,74.4,0,45,74,103.3,150,compressorCoolOff,Home,
2026-07-30T01:30:00.000Z,Front AC,74.8,0,44,74,103.3,300,compressorCoolStage1On,Home,
2026-07-30T01:35:00.000Z,Front AC,74.6,0,43,74.4,103.3,180,compressorCoolStage1On,Home,
2026-07-30T01:40:00.000Z,Front AC,74.6,0,44,75,103.3,0,compressorCoolOff,Home,auto
2026-07-30T01:45:00.000Z,Front AC,75.4,0,45,75,103.3,135,compressorCoolOff,Home,auto
2026-07-30T01:50:00.000Z,Front AC,75.6,0,44,75,103.3,300,compressorCoolStage1On,Home,auto
2026-07-30T01:55:00.000Z,Front AC,75.1,0,43,75,103.3,165,compressorCoolStage1On,Home,auto
2026-07-30T02:00:00.000Z,Front AC,75.1,0,44,75,102.1,15,compressorCoolOff,Home,auto
2026-07-30T02:05:00.000Z,Front AC,75.6,0,44,75,102.1,300,compressorCoolStage1On,Home,auto
2026-07-30T02:10:00.000Z,Front AC,75.2,0,43,75,102.1,135,compressorCoolStage1On,Home,auto
2026-07-30T02:15:00.000Z,Front AC,75.2,0,44,75,102.1,60,compressorCoolOff,Home,auto
2026-07-30T02:20:00.000Z,Front AC,75.6,0,44,75,102.1,300,compressorCoolStage1On,Home,auto
2026-07-30T02:25:00.000Z,Front AC,75.2,0,43,75,102.1,135,compressorCoolStage1On,Home,auto
2026-07-30T02:30:00.000Z,Front AC,75.5,0,44,75,102.1,165,compressorCoolOff,Home,auto
2026-07-30T02:35:00.000Z,Front AC,75.5,0,44,75,102.1,285,compressorCoolStage1On,Home,auto
2026-07-30T02:40:00.000Z,Front AC,75.1,0,43,75,102.1,0,compressorCoolOff,Home,auto
2026-07-30T02:45:00.000Z,Front AC,75.5,0,45,75,102.1,210,compressorCoolOff,Home,auto
2026-07-30T02:50:00.000Z,Front AC,75.4,0,43,75,102.1,225,compressorCoolStage1On,Home,auto
2026-07-30T02:55:00.000Z,Front AC,75.2,0,44,75,102.1,45,compressorCoolOff,Home,auto
2026-07-30T03:00:00.000Z,Front AC,75.6,0,44,75,100.1,300,compressorCoolStage1On,Home,auto
2026-07-30T03:05:00.000Z,Front AC,75.1,0,43,75,100.1,90,compressorCoolStage1On,Home,auto
2026-07-30T03:10:00.000Z,Front AC,75.3,0,44,75,100.1,105,compressorCoolOff,Home,auto
2026-07-30T03:15:00.000Z,Front AC,75.6,0,44,75,100.1,300,compressorCoolStage1On,Home,auto
2026-07-30T03:20:00.000Z,Front AC,75.1,0,43,75,100.1,0,compressorCoolOff,Home,auto
2026-07-30T03:25:00.000Z,Front AC,75.6,0,44,75,100.1,255,compressorCoolOff,Home,auto
2026-07-30T03:30:00.000Z,Front AC,75.3,0,43,75,100.1,210,compressorCoolStage1On,Home,auto
2026-07-30T03:35:00.000Z,Front AC,75.1,0,44,75.2,100.1,0,compressorCoolOff,Home,auto
2026-07-30T03:40:00.000Z,Front AC,75.7,0,44,74.6,100.1,165,compressorCoolOff,Home,smartAway
2026-07-30T03:45:00.000Z,Front AC,75.6,0,43,74,100.1,300,compressorCoolStage1On,Home,auto
2026-07-30T03:50:00.000Z,Front AC,75,0,42,74,100.1,300,compressorCoolStage1On,Home,auto
2026-07-30T03:55:00.000Z,Front AC,74.4,0,41,74,100.1,300,compressorCoolStage1On,Home,auto
2026-07-30T04:00:00.000Z,Front AC,74,0,41,74,98.2,195,compressorCoolStage1On,Home,auto
2026-07-30T04:05:00.000Z,Front AC,74.3,0,42,74,98.2,105,compressorCoolOff,Home,auto
2026-07-30T04:10:00.000Z,Front AC,74.5,0,42,74,98.2,300,compressorCoolStage1On,Home,auto
2026-07-30T04:15:00.000Z,Front AC,74.1,0,42,74,98.2,225,compressorCoolStage1On,Home,auto
2026-07-30T04:20:00.000Z,Front AC,74.1,0,42,74,98.2,0,compressorCoolOff,Home,auto
2026-07-30T04:25:00.000Z,Front AC,74.5,0,42,74,98.2,240,compressorCoolOff,Home,auto
2026-07-30T04:30:00.000Z,Front AC,74.2,0,42,74,99.3,300,compressorCoolStage1On,Sleep,auto
2026-07-30T04:35:00.000Z,Front AC,73.8,0,41,74,99.3,15,compressorCoolStage1On,Sleep,auto
2026-07-30T04:40:00.000Z,Front AC,74.5,0,42,74,99.3,195,compressorCoolOff,Sleep,auto
2026-07-30T04:45:00.000Z,Front AC,74.3,0,42,74,99.3,300,compressorCoolStage1On,Sleep,auto
2026-07-30T04:50:00.000Z,Front AC,73.9,0,42,74,99.3,120,compressorCoolStage1On,Sleep,auto
2026-07-30T04:55:00.000Z,Front AC,74.1,0,42,74,99.3,0,compressorCoolOff,Sleep,auto
2026-07-30T05:00:00.000Z,Front AC,74.2,0,42,74,97.7,30,compressorCoolOff,Sleep,auto
2026-07-30T05:05:00.000Z,Front AC,74.6,0,42,74,97.7,300,compressorCoolStage1On,Sleep,auto
2026-07-30T05:10:00.000Z,Front AC,74.1,0,40,74,97.7,195,compressorCoolStage1On,Sleep,auto
2026-07-30T05:15:00.000Z,Front AC,73.8,0,41,74,97.7,0,compressorCoolOff,Sleep,auto
2026-07-30T05:20:00.000Z,Front AC,74.4,0,42,74,97.7,150,compressorCoolOff,Sleep,auto
2026-07-30T05:25:00.000Z,Front AC,74.6,0,42,74,97.7,300,compressorCoolStage1On,Sleep,auto
2026-07-30T05:30:00.000Z,Front AC,74.1,0,41,74,97.7,240,compressorCoolStage1On,Sleep,auto
2026-07-30T05:35:00.000Z,Front AC,73.7,0,41,74,97.7,0,compressorCoolOff,Sleep,auto
2026-07-30T05:40:00.000Z,Front AC,74,0,42,73.5,97.7,45,compressorCoolOff,Sleep,auto
2026-07-30T05:45:00.000Z,Front AC,74.5,0,42,71,97.7,300,compressorCoolStage1On,Sleep,
2026-07-30T05:50:00.000Z,Front AC,74.1,0,41,71,97.7,300,compressorCoolStage1On,Sleep,
2026-07-30T05:55:00.000Z,Front AC,73.5,0,40,71,97.7,300,compressorCoolStage1On,Sleep,
2026-07-30T06:00:00.000Z,Front AC,72.9,0,40,71,96.8,300,compressorCoolStage1On,Sleep,
2026-07-30T06:05:00.000Z,Front AC,72.7,0,40,71,96.8,300,compressorCoolStage1On,Sleep,
2026-07-30T06:10:00.000Z,Front AC,72.4,0,40,71,96.8,300,compressorCoolStage1On,Sleep,
2026-07-30T06:15:00.000Z,Front AC,72.2,0,40,71,96.8,300,compressorCoolStage1On,Sleep,
2026-07-30T06:20:00.000Z,Front AC,72,0,40,71,96.8,300,compressorCoolStage1On,Sleep,
2026-07-30T06:25:00.000Z,Front AC,71.7,0,39,71,96.8,300,compressorCoolStage1On,Sleep,
2026-07-30T06:30:00.000Z,Front AC,71.6,0,40,71,96.8,300,compressorCoolStage1On,Sleep,
2026-07-30T06:35:00.000Z,Front AC,71.4,0,39,71,96.8,300,compressorCoolStage1On,Sleep,
2026-07-30T06:40:00.000Z,Front AC,71.3,0,39,71,96.8,300,compressorCoolStage1On,Sleep,
2026-07-30T06:45:00.000Z,Front AC,71.3,0,40,71,96.8,300,compressorCoolStage1On,Sleep,
2026-07-30T06:50:00.000Z,Front AC,71.3,0,40,71,96.8,300,compressorCoolStage1On,Sleep,
2026-07-30T06:55:00.000Z,Front AC,71.3,0,40,71,96.8,300,compressorCoolStage1On,Sleep,
2026-07-30T07:00:00.000Z,Front AC,71,0,40,71,95.1,165,compressorCoolStage1On,Sleep,
2026-07-30T07:05:00.000Z,Front AC,71.4,0,41,71,95.1,135,compressorCoolOff,Sleep,
2026-07-30T07:10:00.000Z,Front AC,72,0,41,71,95.1,300,compressorCoolStage1On,Sleep,
2026-07-30T07:15:00.000Z,Front AC,71.7,0,40,71,95.1,300,compressorCoolStage1On,Sleep,
2026-07-30T07:20:00.000Z,Front AC,71.5,0,40,71,95.1,300,compressorCoolStage1On,Sleep,
2026-07-30T07:25:00.000Z,Front AC,71.3,0,40,71,95.1,300,compressorCoolStage1On,Sleep,
2026-07-30T07:30:00.000Z,Front AC,71.3,0,40,71,96.2,300,compressorCoolStage1On,Sleep,
2026-07-30T07:35:00.000Z,Front AC,71.2,0,40,71,96.2,300,compressorCoolStage1On,Sleep,
2026-07-30T07:40:00.000Z,Front AC,71,0,40,71,96.2,60,compressorCoolStage1On,Sleep,
2026-07-30T07:45:00.000Z,Front AC,71.4,0,41,71,96.2,180,compressorCoolOff,Sleep,
2026-07-30T07:50:00.000Z,Front AC,71.3,0,41,71,96.2,285,compressorCoolStage1On,Sleep,
2026-07-30T07:55:00.000Z,Front AC,71,0,41,71,96.2,0,compressorCoolOff,Sleep,
2026-07-30T08:00:00.000Z,Front AC,71.8,0,42,71,94.9,255,compressorCoolOff,Sleep,
2026-07-30T08:05:00.000Z,Front AC,72,0,40,71,94.9,300,compressorCoolStage1On,Sleep,
2026-07-30T08:10:00.000Z,Front AC,71.6,0,40,71,94.9,300,compressorCoolStage1On,Sleep,
2026-07-30T08:15:00.000Z,Front AC,71.2,0,40,71,94.9,300,compressorCoolStage1On,Sleep,
2026-07-30T08:20:00.000Z,Front AC,71,0,40,71,94.9,180,compressorCoolStage1On,Sleep,
2026-07-30T08:25:00.000Z,Front AC,71.2,0,41,71,94.9,120,compressorCoolOff,Sleep,
2026-07-30T08:30:00.000Z,Front AC,71.7,0,41,71,94.9,300,compressorCoolStage1On,Sleep,
2026-07-30T08:35:00.000Z,Front AC,71.3,0,40,71,94.9,300,compressorCoolStage1On,Sleep,
2026-07-30T08:40:00.000Z,Front AC,70.8,0,40,71,94.9,0,compressorCoolOff,Sleep,
2026-07-30T08:45:00.000Z,Front AC,71.4,0,41,71,94.9,300,compressorCoolStage1On,Sleep,
2026-07-30T08:50:00.000Z,Front AC,71,0,40,71,94.9,105,compressorCoolStage1On,Sleep,
2026-07-30T08:55:00.000Z,Front AC,71.5,0,41,71,94.9,195,compressorCoolOff,Sleep,
2026-07-30T09:00:00.000Z,Front AC,71.7,0,41,71,92.7,300,compressorCoolStage1On,Sleep,
2026-07-30T09:05:00.000Z,Front AC,71,0,41,71,92.7,30,compressorCoolStage1On,Sleep,
2026-07-30T09:10:00.000Z,Front AC,71.5,0,42,71,92.7,270,compressorCoolOff,Sleep,
2026-07-30T09:15:00.000Z,Front AC,71.3,0,41,71,92.7,285,compressorCoolStage1On,Sleep,
2026-07-30T09:20:00.000Z,Front AC,71.1,0,41,71,92.7,15,compressorCoolOff,Sleep,
2026-07-30T09:25:00.000Z,Front AC,71.3,0,42,71,92.7,300,compressorCoolStage1On,Sleep,
2026-07-30T09:30:00.000Z,Front AC,71.1,0,41,71,93.5,270,compressorCoolStage1On,Sleep,
2026-07-30T09:35:00.000Z,Front AC,71,0,41,71,93.5,30,compressorCoolOff,Sleep,
2026-07-30T09:40:00.000Z,Front AC,71.7,0,41,71,93.5,300,compressorCoolStage1On,Sleep,
2026-07-30T09:45:00.000Z,Front AC,71.5,0,40,71,93.5,300,compressorCoolStage1On,Sleep,
2026-07-30T09:50:00.000Z,Front AC,71.3,0,40,71,93.5,300,compressorCoolStage1On,Sleep,
2026-07-30T09:55:00.000Z,Front AC,70.9,0,39,71,93.5,75,compressorCoolStage1On,Sleep,
2026-07-30T10:00:00.000Z,Front AC,71.2,0,40,71,91.8,225,compressorCoolOff,Sleep,
2026-07-30T10:05:00.000Z,Front AC,71.4,0,40,71,91.8,300,compressorCoolStage1On,Sleep,
2026-07-30T10:10:00.000Z,Front AC,71,0,39,71,91.8,195,compressorCoolStage1On,Sleep,
2026-07-30T10:15:00.000Z,Front AC,70.8,0,39,71,91.8,30,compressorCoolOff,Sleep,
2026-07-30T10:20:00.000Z,Front AC,71.3,0,40,71,91.8,300,compressorCoolStage1On,Sleep,
2026-07-30T10:25:00.000Z,Front AC,71.3,0,40,71,91.8,300,compressorCoolStage1On,Sleep,
2026-07-30T10:30:00.000Z,Front AC,70.9,0,40,71,91.8,0,compressorCoolOff,Sleep,
2026-07-30T10:35:00.000Z,Front AC,71.3,0,40,71,91.8,300,compressorCoolStage1On,Sleep,
2026-07-30T10:40:00.000Z,Front AC,71,0,40,71,91.8,150,compressorCoolStage1On,Sleep,
2026-07-30T10:45:00.000Z,Front AC,71.2,0,41,71,91.8,150,compressorCoolOff,Sleep,
2026-07-30T10:50:00.000Z,Front AC,71.5,0,40,71,91.8,300,compressorCoolStage1On,Sleep,
2026-07-30T10:55:00.000Z,Front AC,71.3,0,39,71,91.8,270,compressorCoolStage1On,Sleep,
2026-07-30T11:00:00.000Z,Front AC,70.8,0,39,71,90.6,0,compressorCoolOff,Sleep,
2026-07-30T11:05:00.000Z,Front AC,71.1,0,40,71,90.6,225,compressorCoolOff,Sleep,
2026-07-30T11:10:00.000Z,Front AC,71.2,0,40,71,90.6,300,compressorCoolStage1On,Sleep,
2026-07-30T11:15:00.000Z,Front AC,70.9,0,39,71,90.6,105,compressorCoolStage1On,Sleep,
2026-07-30T11:20:00.000Z,Front AC,71,0,40,71,90.6,195,compressorCoolOff,Sleep,
2026-07-30T11:25:00.000Z,Front AC,71.2,0,40,71,90.6,300,compressorCoolStage1On,Sleep,
2026-07-30T11:30:00.000Z,Front AC,71,0,39,71,90.6,90,compressorCoolStage1On,Sleep,
2026-07-30T11:35:00.000Z,Front AC,71.2,0,40,71,90.6,210,compressorCoolOff,Sleep,
2026-07-30T11:40:00.000Z,Front AC,71.3,0,40,71,90.6,300,compressorCoolStage1On,Sleep,
2026-07-30T11:45:00.000Z,Front AC,70.9,0,39,71,90.6,30,compressorCoolStage1On,Sleep,
2026-07-30T11:50:00.000Z,Front AC,71.2,0,40,71,90.6,270,compressorCoolOff,Sleep,
2026-07-30T11:55:00.000Z,Front AC,71,0,40,71,90.6,165,compressorCoolStage1On,Sleep,
2026-07-30T12:00:00.000Z,Front AC,71.1,0,41,71,91.7,90,compressorCoolOff,Sleep,
2026-07-30T12:05:00.000Z,Front AC,71.4,0,40,71,91.7,300,compressorCoolStage1On,Sleep,
2026-07-30T12:10:00.000Z,Front AC,71.1,0,39,71,91.7,210,compressorCoolStage1On,Sleep,
2026-07-30T12:15:00.000Z,Front AC,70.9,0,39,71,91.7,90,compressorCoolOff,Sleep,
2026-07-30T12:20:00.000Z,Front AC,71.2,0,40,71,91.7,300,compressorCoolStage1On,Sleep,
2026-07-30T12:25:00.000Z,Front AC,70.9,0,39,71,91.7,150,compressorCoolStage1On,Sleep,
2026-07-30T12:30:00.000Z,Front AC,70.9,0,40,71,91.7,105,compressorCoolOff,Sleep,
2026-07-30T12:35:00.000Z,Front AC,71.2,0,40,71,91.7,300,compressorCoolStage1On,Sleep,
2026-07-30T12:40:00.000Z,Front AC,70.9,0,40,71,91.7,15,compressorCoolStage1On,Sleep,
2026-07-30T12:45:00.000Z,Front AC,71.5,0,41,71,91.7,285,compressorCoolOff,Sleep,
2026-07-30T12:50:00.000Z,Front AC,71.7,0,42,71,91.7,300,compressorCoolStage1On,Sleep,
2026-07-30T12:55:00.000Z,Front AC,71.2,0,41,71,91.7,225,compressorCoolStage1On,Sleep,
2026-07-30T13:00:00.000Z,Front AC,70.6,0,40,71,90.6,0,compressorCoolOff,Sleep,
2026-07-30T13:05:00.000Z,Front AC,70.7,0,40,71,90.6,0,compressorCoolOff,Sleep,
2026-07-30T13:10:00.000Z,Front AC,71.3,0,40,71,90.6,285,compressorCoolOff,Sleep,
2026-07-30T13:15:00.000Z,Front AC,71,0,40,71,90.6,180,compressorCoolStage1On,Sleep,
2026-07-30T13:20:00.000Z,Front AC,70.7,0,41,74,90.6,0,compressorCoolOff,Sleep,
2026-07-30T13:25:00.000Z,Front AC,71.1,0,41,75,90.6,0,compressorCoolOff,Sleep,hold
2026-07-30T13:30:00.000Z,Front AC,71.8,0,41,75,92.8,0,compressorCoolOff,Sleep,hold
2026-07-30T13:35:00.000Z,Front AC,72.2,0,41,75,92.8,0,compressorCoolOff,Sleep,hold
2026-07-30T13:40:00.000Z,Front AC,72.6,0,40,75,92.8,0,compressorCoolOff,Sleep,hold
2026-07-30T13:45:00.000Z,Front AC,73.2,0,41,75,92.8,0,compressorCoolOff,Sleep,hold
2026-07-30T13:50:00.000Z,Front AC,73.5,0,42,75,92.8,0,compressorCoolOff,Sleep,hold
2026-07-30T13:55:00.000Z,Front AC,73.7,0,42,75,92.8,0,compressorCoolOff,Sleep,hold
2026-07-30T14:00:00.000Z,Front AC,74,0,43,75,93.9,0,compressorCoolOff,Sleep,hold
2026-07-30T14:05:00.000Z,Front AC,74,0,43,75,93.9,0,compressorCoolOff,Sleep,hold
2026-07-30T14:10:00.000Z,Front AC,74.2,0,43,75,93.9,0,compressorCoolOff,Sleep,hold
2026-07-30T14:15:00.000Z,Front AC,74.4,0,43,75,93.9,0,compressorCoolOff,Sleep,hold
2026-07-30T14:20:00.000Z,Front AC,74.6,0,43,75,93.9,0,compressorCoolOff,Sleep,hold
2026-07-30T14:25:00.000Z,Front AC,74.4,0,42,75,93.9,0,compressorCoolOff,Sleep,hold
2026-07-30T14:30:00.000Z,Front AC,74.4,0,42,75,93.9,0,compressorCoolOff,WFH,hold
2026-07-30T14:35:00.000Z,Front AC,74.7,0,43,75,93.9,0,compressorCoolOff,WFH,hold
2026-07-30T14:40:00.000Z,Front AC,74.7,0,44,75,93.9,0,compressorCoolOff,WFH,hold
2026-07-30T14:45:00.000Z,Front AC,74.8,0,45,75,93.9,0,compressorCoolOff,WFH,hold
2026-07-30T14:50:00.000Z,Front AC,74.9,0,44,75,93.9,60,compressorCoolOff,WFH,hold
2026-07-30T14:55:00.000Z,Front AC,74.6,0,43,75,93.9,240,compressorCoolStage1On,WFH,hold
2026-07-30T15:00:00.000Z,Front AC,74,0,43,75,96.1,0,compressorCoolOff,WFH,hold
2026-07-30T15:05:00.000Z,Front AC,74.3,0,42,75,96.1,0,compressorCoolOff,WFH,hold
2026-07-30T15:10:00.000Z,Front AC,74.7,0,42,75,96.1,0,compressorCoolOff,WFH,hold
2026-07-30T15:15:00.000Z,Front AC,74.9,0,41,75,96.1,165,compressorCoolOff,WFH,hold
2026-07-30T15:20:00.000Z,Front AC,74.7,0,42,76.5,96.1,105,compressorCoolStage1On,WFH,hold
2026-07-30T15:25:00.000Z,Front AC,74.6,0,42,77,96.1,0,compressorCoolOff,WFH,
2026-07-30T15:30:00.000Z,Front AC,74.9,0,42,77,96.1,0,compressorCoolOff,WFH,
2026-07-30T15:35:00.000Z,Front AC,75.3,0,42,77,96.1,0,compressorCoolOff,WFH,
2026-07-30T15:40:00.000Z,Front AC,75.7,0,42,77,96.1,0,compressorCoolOff,WFH,
2026-07-30T15:45:00.000Z,Front AC,75.7,0,41,77,96.1,0,compressorCoolOff,WFH,
2026-07-30T15:50:00.000Z,Front AC,75.8,0,41,77,96.1,0,compressorCoolOff,WFH,
2026-07-30T15:55:00.000Z,Front AC,75.9,0,41,77,96.1,0,compressorCoolOff,WFH,
2026-07-30T16:00:00.000Z,Front AC,75.9,0,41,77,98,0,compressorCoolOff,WFH,
2026-07-30T16:05:00.000Z,Front AC,76.1,0,41,77,98,0,compressorCoolOff,WFH,
2026-07-30T16:10:00.000Z,Front AC,76.2,0,41,77,98,0,compressorCoolOff,WFH,
2026-07-30T16:15:00.000Z,Front AC,76.3,0,41,77,98,0,compressorCoolOff,WFH,
2026-07-30T16:20:00.000Z,Front AC,76.4,0,41,77,98,0,compressorCoolOff,WFH,
2026-07-30T16:25:00.000Z,Front AC,76.7,0,41,77,98,0,compressorCoolOff,WFH,
2026-07-30T16:30:00.000Z,Front AC,76.4,0,41,77,98,0,compressorCoolOff,WFH,
2026-07-30T16:35:00.000Z,Front AC,76.4,0,41,77,98,0,compressorCoolOff,WFH,
2026-07-30T16:40:00.000Z,Front AC,76.4,0,41,77,98,0,compressorCoolOff,WFH,
2026-07-30T16:45:00.000Z,Front AC,76.7,0,41,77,98,0,compressorCoolOff,WFH,
2026-07-30T16:50:00.000Z,Front AC,76.8,0,41,77,98,0,compressorCoolOff,WFH,
2026-07-30T16:55:00.000Z,Front AC,77,0,41,77,98,0,compressorCoolOff,WFH,
2026-07-30T17:00:00.000Z,Front AC,77,0,41,77,100.1,0,compressorCoolOff,WFH,
2026-07-30T17:05:00.000Z,Front AC,77,0,41,77,100.1,0,compressorCoolOff,WFH,
2026-07-30T17:10:00.000Z,Front AC,76.8,0,41,77,100.1,0,compressorCoolOff,WFH,
2026-07-30T17:15:00.000Z,Front AC,77,0,41,77,100.1,0,compressorCoolOff,WFH,
2026-07-30T17:20:00.000Z,Front AC,77.1,0,41,77,100.1,0,compressorCoolOff,WFH,
2026-07-30T17:25:00.000Z,Front AC,77.2,0,41,77,100.1,0,compressorCoolOff,WFH,
2026-07-30T17:30:00.000Z,Front AC,77.3,0,41,77,101.1,0,compressorCoolOff,WFH,
2026-07-30T17:35:00.000Z,Front AC,77.2,0,41,77,101.1,0,compressorCoolOff,WFH,
2026-07-30T17:40:00.000Z,Front AC,77.1,0,41,77,101.1,0,compressorCoolOff,WFH,
2026-07-30T17:45:00.000Z,Front AC,77.3,0,41,77,101.1,120,compressorCoolOff,WFH,
2026-07-30T17:50:00.000Z,Front AC,77.4,0,41,77,101.1,300,compressorCoolStage1On,WFH,
2026-07-30T17:55:00.000Z,Front AC,76.8,0,41,77,101.1,15,compressorCoolStage1On,WFH,
2026-07-30T18:00:00.000Z,Front AC,77,0,43,77,102.4,0,compressorCoolOff,WFH,
2026-07-30T18:05:00.000Z,Front AC,77.5,0,43,77,102.4,195,compressorCoolOff,WFH,
2026-07-30T18:10:00.000Z,Front AC,77.3,0,42,77,102.4,180,compressorCoolStage1On,WFH,
2026-07-30T18:15:00.000Z,Front AC,76.9,0,42,77,102.4,0,compressorCoolOff,WFH,
2026-07-30T18:20:00.000Z,Front AC,77.1,0,43,77,102.4,0,compressorCoolOff,WFH,
2026-07-30T18:25:00.000Z,Front AC,77.5,0,43,77,102.4,300,compressorCoolStage1On,WFH,
2026-07-30T18:30:00.000Z,Front AC,77.2,0,43,77,102.4,180,compressorCoolStage1On,WFH,
2026-07-30T18:35:00.000Z,Front AC,77,0,44,77,102.4,0,compressorCoolOff,WFH,
2026-07-30T18:40:00.000Z,Front AC,77.1,0,43,77,102.4,0,compressorCoolOff,WFH,
2026-07-30T18:45:00.000Z,Front AC,77.5,0,43,77,102.4,195,compressorCoolOff,WFH,
2026-07-30T18:50:00.000Z,Front AC,77.5,0,43,77,102.4,300,compressorCoolStage1On,WFH,
2026-07-30T18:55:00.000Z,Front AC,77,0,43,77,102.4,60,compressorCoolStage1On,WFH,
2026-07-30T19:00:00.000Z,Front AC,77.1,0,44,77,105.2,0,compressorCoolOff,WFH,
2026-07-30T19:05:00.000Z,Front AC,77.5,0,44,77,105.2,255,compressorCoolOff,WFH,
2026-07-30T19:10:00.000Z,Front AC,77.2,0,43,77,105.2,150,compressorCoolStage1On,WFH,
2026-07-30T19:15:00.000Z,Front AC,77,0,44,77,105.2,0,compressorCoolOff,WFH,
2026-07-30T19:20:00.000Z,Front AC,77.4,0,44,77,105.2,150,compressorCoolOff,WFH,
2026-07-30T19:25:00.000Z,Front AC,77.5,0,43,77,105.2,300,compressorCoolStage1On,WFH,
2026-07-30T19:30:00.000Z,Front AC,77.1,0,43,77,105.2,105,compressorCoolStage1On,WFH,
2026-07-30T19:35:00.000Z,Front AC,77,0,44,77,105.2,0,compressorCoolOff,WFH,
2026-07-30T19:40:00.000Z,Front AC,77.3,0,44,77,105.2,105,compressorCoolOff,WFH,
2026-07-30T19:45:00.000Z,Front AC,77.7,0,43,77,105.2,300,compressorCoolStage1On,WFH,
2026-07-30T19:50:00.000Z,Front AC,77.6,0,43,77,105.2,300,compressorCoolStage1On,WFH,
2026-07-30T19:55:00.000Z,Front AC,77,0,43,77,105.2,90,compressorCoolStage1On,WFH,
2026-07-30T20:00:00.000Z,Front AC,76.7,0,44,77,106.9,0,compressorCoolOff,WFH,
2026-07-30T20:05:00.000Z,Front AC,77,0,44,77,106.9,150,compressorCoolOff,WFH,
2026-07-30T20:10:00.000Z,Front AC,77.2,0,43,77,106.9,225,compressorCoolStage1On,WFH,
2026-07-30T20:15:00.000Z,Front AC,77.1,0,43,77,106.9,75,compressorCoolOff,WFH,
2026-07-30T20:20:00.000Z,Front AC,77.2,0,44,77,106.9,300,compressorCoolStage1On,WFH,
2026-07-30T20:25:00.000Z,Front AC,76.8,0,43,77,106.9,300,compressorCoolStage1On,WFH,
2026-07-30T20:30:00.000Z,Front AC,76.1,0,43,76.3,107.6,195,compressorCoolStage1On,WFH,(SmartRecovery)
2026-07-30T20:35:00.000Z,Front AC,76.1,0,44,73.5,107.6,120,compressorCoolOff,WFH,auto
2026-07-30T20:40:00.000Z,Front AC,76.6,0,44,73,107.6,300,compressorCoolStage1On,WFH,auto
2026-07-30T20:45:00.000Z,Front AC,76.6,0,43,73,107.6,300,compressorCoolStage1On,WFH,auto
2026-07-30T20:50:00.000Z,Front AC,76.2,0,43,73,107.6,300,compressorCoolStage1On,WFH,auto
2026-07-30T20:55:00.000Z,Front AC,76,0,43,73.8,107.6,300,compressorCoolStage1On,WFH,auto
2026-07-30T21:00:00.000Z,Front AC,75.7,0,43,75,107.8,300,compressorCoolStage1On,Cooldown,
2026-07-30T21:05:00.000Z,Front AC,75.6,0,43,75,107.8,300,compressorCoolStage1On,Cooldown,
2026-07-30T21:10:00.000Z,Front AC,75.3,0,43,75,107.8,300,compressorCoolStage1On,Cooldown,
2026-07-30T21:15:00.000Z,Front AC,75.3,0,44,75,107.8,300,compressorCoolStage1On,Cooldown,
2026-07-30T21:20:00.000Z,Front AC,75.2,0,44,75,107.8,300,compressorCoolStage1On,Cooldown,
2026-07-30T21:25:00.000Z,Front AC,75,0,44,75,107.8,150,compressorCoolStage1On,Cooldown,
2026-07-30T21:30:00.000Z,Front AC,74.8,0,44,75,107.8,30,compressorCoolOff,Cooldown,
2026-07-30T21:35:00.000Z,Front AC,75.5,0,44,75,107.8,300,compressorCoolStage1On,Cooldown,
2026-07-30T21:40:00.000Z,Front AC,75.7,0,43,75,107.8,300,compressorCoolStage1On,Cooldown,
2026-07-30T21:45:00.000Z,Front AC,75.6,0,43,75,107.8,300,compressorCoolStage1On,Cooldown,
2026-07-30T21:50:00.000Z,Front AC,75.3,0,43,75,107.8,300,compressorCoolStage1On,Cooldown,
2026-07-30T21:55:00.000Z,Front AC,75.2,0,43,75,107.8,105,compressorCoolStage1On,Cooldown,
2026-07-30T22:00:00.000Z,Front AC,75.2,0,44,75,108.6,195,compressorCoolOff,Cooldown,
2026-07-30T22:05:00.000Z,Front AC,75.4,0,43,75,108.6,300,compressorCoolStage1On,Cooldown,
2026-07-30T22:10:00.000Z,Front AC,75.4,0,43,75,108.6,300,compressorCoolStage1On,Cooldown,
2026-07-30T22:15:00.000Z,Front AC,75.2,0,43,75,108.6,300,compressorCoolStage1On,Cooldown,
2026-07-30T22:20:00.000Z,Front AC,75.3,0,44,75,108.6,300,compressorCoolStage1On,Cooldown,
2026-07-30T22:25:00.000Z,Front AC,75.1,0,44,75,108.6,300,compressorCoolStage1On,Cooldown,
2026-07-30T22:30:00.000Z,Front AC,74.9,0,44,75,108.6,300,compressorCoolStage1On,Cooldown,
2026-07-30T22:35:00.000Z,Front AC,74.6,0,44,75,108.6,300,compressorCoolStage1On,Cooldown,(SmartRecovery)
2026-07-30T22:40:00.000Z,Front AC,74.6,0,44,75,108.6,300,compressorCoolStage1On,Cooldown,(SmartRecovery)
2026-07-30T22:45:00.000Z,Front AC,74.8,0,44,75,108.6,300,compressorCoolStage1On,Cooldown,(SmartRecovery)
2026-07-30T22:50:00.000Z,Front AC,75,0,44,75,108.6,300,compressorCoolStage1On,Cooldown,(SmartRecovery)
2026-07-30T22:55:00.000Z,Front AC,75,0,44,74.6,108.6,300,compressorCoolStage1On,Cooldown,(SmartRecovery)
2026-07-30T23:00:00.000Z,Front AC,74.9,0,44,74,108.6,300,compressorCoolStage1On,Home,
2026-07-30T23:05:00.000Z,Front AC,74.8,0,44,74,108.6,300,compressorCoolStage1On,Home,
2026-07-30T23:10:00.000Z,Front AC,74.8,0,44,74,108.6,300,compressorCoolStage1On,Home,
2026-07-30T23:15:00.000Z,Front AC,74.8,0,44,74,108.6,300,compressorCoolStage1On,Home,
2026-07-30T23:20:00.000Z,Front AC,75,0,44,74,108.6,300,compressorCoolStage1On,Home,
2026-07-30T23:25:00.000Z,Front AC,75.2,0,44,74,108.6,300,compressorCoolStage1On,Home,
2026-07-30T23:30:00.000Z,Front AC,75.1,0,43,74,108.6,300,compressorCoolStage1On,Home,
2026-07-30T23:35:00.000Z,Front AC,74.9,0,43,74,108.6,300,compressorCoolStage1On,Home,
2026-07-30T23:40:00.000Z,Front AC,74.7,0,42,74,108.6,300,compressorCoolStage1On,Home,
2026-07-30T23:45:00.000Z,Front AC,74.9,0,43,74,108.6,300,compressorCoolStage1On,Home,
2026-07-30T23:50:00.000Z,Front AC,75,0,44,74,108.6,300,compressorCoolStage1On,Home,
2026-07-30T23:55:00.000Z,Front AC,74.9,0,44,74,108.6,300,compressorCoolStage1On,Home,
2026-07-31T00:00:00.000Z,Front AC,74.7,0,42,74,108.7,300,compressorCoolStage1On,Home,
2026-07-31T00:05:00.000Z,Front AC,74.7,0,42,74,108.7,300,compressorCoolStage1On,Home,
2026-07-31T00:10:00.000Z,Front AC,74.6,0,42,74,108.7,300,compressorCoolStage1On,Home,
2026-07-31T00:15:00.000Z,Front AC,74.5,0,42,74,108.7,300,compressorCoolStage1On,Home,
2026-07-31T00:20:00.000Z,Front AC,74.3,0,42,74,108.7,300,compressorCoolStage1On,Home,
2026-07-31T00:25:00.000Z,Front AC,74.2,0,42,74,108.7,300,compressorCoolStage1On,Home,
2026-07-31T00:30:00.000Z,Front AC,74.1,0,42,74,108.1,300,compressorCoolStage1On,Home,
2026-07-31T00:35:00.000Z,Front AC,74.1,0,42,74,108.1,300,compressorCoolStage1On,Home,
2026-07-31T00:40:00.000Z,Front AC,74.1,0,42,74,108.1,300,compressorCoolStage1On,Home,
2026-07-31T00:45:00.000Z,Front AC,74.1,0,42,74,108.1,300,compressorCoolStage1On,Home,
2026-07-31T00:50:00.000Z,Front AC,74.2,0,42,74,108.1,300,compressorCoolStage1On,Home,
2026-07-31T00:55:00.000Z,Front AC,74.1,0,42,74,108.1,300,compressorCoolStage1On,Home,
2026-07-31T01:00:00.000Z,Front AC,74.1,0,42,74,107.3,300,compressorCoolStage1On,Home,
2026-07-31T01:05:00.000Z,Front AC,74.2,0,42,74,107.3,300,compressorCoolStage1On,Home,
2026-07-31T01:10:00.000Z,Front AC,74,0,42,74,107.3,165,compressorCoolStage1On,Home,
2026-07-31T01:15:00.000Z,Front AC,74.2,0,43,74,107.3,135,compressorCoolOff,Home,
2026-07-31T01:20:00.000Z,Front AC,74.7,0,42,74,107.3,300,compressorCoolStage1On,Home,
2026-07-31T01:25:00.000Z,Front AC,74.9,0,42,74,107.3,300,compressorCoolStage1On,Home,
2026-07-31T01:30:00.000Z,Front AC,74.7,0,42,74,107.2,300,compressorCoolStage1On,Home,
2026-07-31T01:35:00.000Z,Front AC,74.5,0,42,74,107.2,300,compressorCoolStage1On,Home,
2026-07-31T01:40:00.000Z,Front AC,74.1,0,42,74,107.2,300,compressorCoolStage1On,Home,
2026-07-31T01:45:00.000Z,Front AC,74.1,0,42,74,107.2,300,compressorCoolStage1On,Home,
2026-07-31T01:50:00.000Z,Front AC,73.9,0,42,74,107.2,0,compressorCoolOff,Home,
2026-07-31T01:55:00.000Z,Front AC,74.3,0,42,74,107.2,300,compressorCoolStage1On,Home,
2026-07-31T02:00:00.000Z,Front AC,74.5,0,42,74,106,300,compressorCoolStage1On,Home,
2026-07-31T02:05:00.000Z,Front AC,74.7,0,42,74,106,300,compressorCoolStage1On,Home,
2026-07-31T02:10:00.000Z,Front AC,74.6,0,42,74,106,300,compressorCoolStage1On,Home,
2026-07-31T02:15:00.000Z,Front AC,74.2,0,42,74,106,300,compressorCoolStage1On,Home,
2026-07-31T02:20:00.000Z,Front AC,74,0,42,74,106,165,compressorCoolStage1On,Home,
2026-07-31T02:25:00.000Z,Front AC,73.9,0,42,74,106,30,compressorCoolOff,Home,
2026-07-31T02:30:00.000Z,Front AC,74.2,0,42,74,106,300,compressorCoolStage1On,Home,
2026-07-31T02:35:00.000Z,Front AC,74.6,0,42,74,106,300,compressorCoolStage1On,Home,
2026-07-31T02:40:00.000Z,Front AC,74.4,0,42,74,106,300,compressorCoolStage1On,Home,
2026-07-31T02:45:00.000Z,Front AC,74.2,0,41,74,106,300,compressorCoolStage1On,Home,
2026-07-31T02:50:00.000Z,Front AC,73.8,0,41,74,106,75,compressorCoolStage1On,Home,
2026-07-31T02:55:00.000Z,Front AC,73.8,0,42,74,106,0,compressorCoolOff,Home,
2026-07-31T03:00:00.000Z,Front AC,74.4,0,42,74,104,300,compressorCoolStage1On,Home,
2026-07-31T03:05:00.000Z,Front AC,74.6,0,41,74,104,300,compressorCoolStage1On,Home,
2026-07-31T03:10:00.000Z,Front AC,74.4,0,40,74,104,300,compressorCoolStage1On,Home,
2026-07-31T03:15:00.000Z,Front AC,74,0,40,74,104,195,compressorCoolStage1On,Home,
2026-07-31T03:20:00.000Z,Front AC,73.7,0,41,74,104,0,compressorCoolOff,Home,
2026-07-31T03:25:00.000Z,Front AC,74.2,0,42,74,104,240,compressorCoolOff,Home,
2026-07-31T03:30:00.000Z,Front AC,74.6,0,42,74,104,300,compressorCoolStage1On,Home,
2026-07-31T03:35:00.000Z,Front AC,74.3,0,41,74,104,300,compressorCoolStage1On,Home,
2026-07-31T03:40:00.000Z,Front AC,73.8,0,40,74,104,300,compressorCoolStage1On,Home,
2026-07-31T03:45:00.000Z,Front AC,73.7,0,40,74,104,300,compressorCoolStage1On,Home,(SmartRecovery)
2026-07-31T03:50:00.000Z,Front AC,73.7,0,40,74,104,300,compressorCoolStage1On,Home,(SmartRecovery)
2026-07-31T03:55:00.000Z,Front AC,73.4,0,41,74,104,300,compressorCoolStage1On,Home,(SmartRecovery)
2026-07-31T04:00:00.000Z,Front AC,73,0,41,74,101.6,300,compressorCoolStage1On,Home,(SmartRecovery)
2026-07-31T04:05:00.000Z,Front AC,72.9,0,41,74,101.6,300,compressorCoolStage1On,Home,(SmartRecovery)
2026-07-31T04:10:00.000Z,Front AC,72.8,0,41,74,101.6,300,compressorCoolStage1On,Home,(SmartRecovery)
2026-07-31T04:15:00.000Z,Front AC,72.5,0,41,74,101.6,300,compressorCoolStage1On,Home,(SmartRecovery)
2026-07-31T04:20:00.000Z,Front AC,72.8,0,41,74,101.6,300,compressorCoolStage1On,Home,(SmartRecovery)
2026-07-31T04:25:00.000Z,Front AC,72.5,0,41,72.8,101.6,300,compressorCoolStage1On,Home,(SmartRecovery)
2026-07-31T04:30:00.000Z,Front AC,72.3,0,41,71,102.8,300,compressorCoolStage1On,Sleep,
2026-07-31T04:35:00.000Z,Front AC,71.8,0,40,71,102.8,300,compressorCoolStage1On,Sleep,
2026-07-31T04:40:00.000Z,Front AC,71,0,40,71,102.8,90,compressorCoolStage1On,Sleep,
2026-07-31T04:45:00.000Z,Front AC,71.6,0,41,71,102.8,210,compressorCoolOff,Sleep,
2026-07-31T04:50:00.000Z,Front AC,71.8,0,41,71,102.8,300,compressorCoolStage1On,Sleep,
2026-07-31T04:55:00.000Z,Front AC,71.7,0,41,71,102.8,300,compressorCoolStage1On,Sleep,
2026-07-31T05:00:00.000Z,Front AC,71.5,0,41,71,100.8,300,compressorCoolStage1On,Sleep,
2026-07-31T05:05:00.000Z,Front AC,71.3,0,41,71,100.8,300,compressorCoolStage1On,Sleep,
2026-07-31T05:10:00.000Z,Front AC,71.3,0,40,71,100.8,300,compressorCoolStage1On,Sleep,
2026-07-31T05:15:00.000Z,Front AC,71.2,0,40,71,100.8,0,compressorCoolOff,Sleep,
2026-07-31T05:20:00.000Z,Front AC,71.9,0,41,71,100.8,300,compressorCoolStage1On,Sleep,
2026-07-31T05:25:00.000Z,Front AC,71.9,0,41,71,100.8,300,compressorCoolStage1On,Sleep,
2026-07-31T05:30:00.000Z,Front AC,71.4,0,41,71,100.7,300,compressorCoolStage1On,Sleep,
2026-07-31T05:35:00.000Z,Front AC,71.1,0,41,71,100.7,180,compressorCoolStage1On,Sleep,
2026-07-31T05:40:00.000Z,Front AC,71.3,0,41,71,100.7,90,compressorCoolOff,Sleep,
2026-07-31T05:45:00.000Z,Front AC,71.9,0,41,71,100.7,300,compressorCoolStage1On,Sleep,
2026-07-31T05:50:00.000Z,Front AC,71.8,0,40,71,100.7,300,compressorCoolStage1On,Sleep,
2026-07-31T05:55:00.000Z,Front AC,71.9,0,41,71,100.7,300,compressorCoolStage1On,Sleep,
2026-07-31T06:00:00.000Z,Front AC,71.7,0,40,71,99.2,300,compressorCoolStage1On,Sleep,
2026-07-31T06:05:00.000Z,Front AC,71.2,0,39,71,99.2,270,compressorCoolStage1On,Sleep,
2026-07-31T06:10:00.000Z,Front AC,71.2,0,39,71,99.2,0,compressorCoolOff,Sleep,
2026-07-31T06:15:00.000Z,Front AC,71.6,0,40,71,99.2,285,compressorCoolOff,Sleep,
2026-07-31T06:20:00.000Z,Front AC,71.7,0,40,71,99.2,300,compressorCoolStage1On,Sleep,
2026-07-31T06:25:00.000Z,Front AC,71.3,0,41,71,99.2,300,compressorCoolStage1On,Sleep,
2026-07-31T06:30:00.000Z,Front AC,71,0,40,71,98.9,240,compressorCoolStage1On,Sleep,
2026-07-31T06:35:00.000Z,Front AC,70.9,0,40,71,98.9,0,compressorCoolOff,Sleep,
2026-07-31T06:40:00.000Z,Front AC,71.6,0,40,71,98.9,255,compressorCoolOff,Sleep,
2026-07-31T06:45:00.000Z,Front AC,71.7,0,40,71,98.9,300,compressorCoolStage1On,Sleep,
2026-07-31T06:50:00.000Z,Front AC,71.5,0,40,71,98.9,300,compressorCoolStage1On,Sleep,
2026-07-31T06:55:00.000Z,Front AC,71.1,0,40,71,98.9,240,compressorCoolStage1On,Sleep,
2026-07-31T07:00:00.000Z,Front AC,70.9,0,40,71,97.5,0,compressorCoolOff,Sleep,
2026-07-31T07:05:00.000Z,Front AC,71.7,0,41,71,97.5,210,compressorCoolOff,Sleep,
2026-07-31T07:10:00.000Z,Front AC,71.8,0,41,71,97.5,300,compressorCoolStage1On,Sleep,
2026-07-31T07:15:00.000Z,Front AC,71.4,0,40,71,97.5,300,compressorCoolStage1On,Sleep,
2026-07-31T07:20:00.000Z,Front AC,71.1,0,40,71,97.5,15,compressorCoolStage1On,Sleep,
2026-07-31T07:25:00.000Z,Front AC,71.5,0,40,71,97.5,210,compressorCoolOff,Sleep,
2026-07-31T07:30:00.000Z,Front AC,71.6,0,40,71,97.5,300,compressorCoolStage1On,Sleep,
2026-07-31T07:35:00.000Z,Front AC,71.3,0,41,71,97.5,300,compressorCoolStage1On,Sleep,
2026-07-31T07:40:00.000Z,Front AC,71,0,41,71,97.5,30,compressorCoolStage1On,Sleep,
2026-07-31T07:45:00.000Z,Front AC,71.5,0,40,71,97.5,180,compressorCoolOff,Sleep,
2026-07-31T07:50:00.000Z,Front AC,71.6,0,40,71,97.5,300,compressorCoolStage1On,Sleep,
2026-07-31T07:55:00.000Z,Front AC,71.3,0,39,71,97.5,285,compressorCoolStage1On,Sleep,
2026-07-31T08:00:00.000Z,Front AC,71.2,0,39,71,96.2,15,compressorCoolOff,Sleep,
2026-07-31T08:05:00.000Z,Front AC,71.7,0,40,71,96.2,300,compressorCoolStage1On,Sleep,
2026-07-31T08:10:00.000Z,Front AC,71.7,0,39,71,96.2,300,compressorCoolStage1On,Sleep,
2026-07-31T08:15:00.000Z,Front AC,71.3,0,39,71,96.2,300,compressorCoolStage1On,Sleep,
2026-07-31T08:20:00.000Z,Front AC,71,0,39,71,96.2,15,compressorCoolStage1On,Sleep,
2026-07-31T08:25:00.000Z,Front AC,71.4,0,40,71,96.2,165,compressorCoolOff,Sleep,
2026-07-31T08:30:00.000Z,Front AC,71.7,0,40,71,96.2,300,compressorCoolStage1On,Sleep,
2026-07-31T08:35:00.000Z,Front AC,71.3,0,39,71,96.2,300,compressorCoolStage1On,Sleep,
2026-07-31T08:40:00.000Z,Front AC,71.1,0,39,71,96.2,30,compressorCoolStage1On,Sleep,
2026-07-31T08:45:00.000Z,Front AC,71.5,0,40,71,96.2,180,compressorCoolOff,Sleep,
2026-07-31T08:50:00.000Z,Front AC,71.7,0,40,71,96.2,300,compressorCoolStage1On,Sleep,
2026-07-31T08:55:00.000Z,Front AC,71.2,0,39,71,96.2,255,compressorCoolStage1On,Sleep,
2026-07-31T09:00:00.000Z,Front AC,71.1,0,39,71,94.8,0,compressorCoolOff,Sleep,
2026-07-31T09:05:00.000Z,Front AC,71.6,0,40,71,94.8,270,compressorCoolOff,Sleep,
2026-07-31T09:10:00.000Z,Front AC,71.6,0,39,71,94.8,300,compressorCoolStage1On,Sleep,
2026-07-31T09:15:00.000Z,Front AC,71,0,39,71,94.8,135,compressorCoolStage1On,Sleep,
2026-07-31T09:20:00.000Z,Front AC,71.3,0,40,71,94.8,90,compressorCoolOff,Sleep,
2026-07-31T09:25:00.000Z,Front AC,71.7,0,40,71,94.8,300,compressorCoolStage1On,Sleep,
2026-07-31T09:30:00.000Z,Front AC,71.3,0,39,71,94.8,300,compressorCoolStage1On,Sleep,
2026-07-31T09:35:00.000Z,Front AC,71,0,39,71,94.8,75,compressorCoolStage1On,Sleep,
2026-07-31T09:40:00.000Z,Front AC,71.3,0,40,71,94.8,225,compressorCoolOff,Sleep,
2026-07-31T09:45:00.000Z,Front AC,71.4,0,39,71,94.8,300,compressorCoolStage1On,Sleep,
2026-07-31T09:50:00.000Z,Front AC,71,0,39,71,94.8,0,compressorCoolOff,Sleep,
2026-07-31T09:55:00.000Z,Front AC,71.3,0,40,71,94.8,300,compressorCoolStage1On,Sleep,
2026-07-31T10:00:00.000Z,Front AC,71,0,39,71,93.7,210,compressorCoolStage1On,Sleep,
2026-07-31T10:05:00.000Z,Front AC,70.9,0,40,71,93.7,90,compressorCoolOff,Sleep,
2026-07-31T10:10:00.000Z,Front AC,71.3,0,40,71,93.7,300,compressorCoolStage1On,Sleep,
2026-07-31T10:15:00.000Z,Front AC,71,0,39,71,93.7,165,compressorCoolStage1On,Sleep,
2026-07-31T10:20:00.000Z,Front AC,71,0,40,71,93.7,135,compressorCoolOff,Sleep,
2026-07-31T10:25:00.000Z,Front AC,71.3,0,40,71,93.7,300,compressorCoolStage1On,Sleep,
2026-07-31T10:30:00.000Z,Front AC,71.1,0,39,71,93.7,120,compressorCoolStage1On,Sleep,
2026-07-31T10:35:00.000Z,Front AC,71.2,0,40,71,93.7,180,compressorCoolOff,Sleep,
2026-07-31T10:40:00.000Z,Front AC,71.3,0,40,71,93.7,300,compressorCoolStage1On,Sleep,
2026-07-31T10:45:00.000Z,Front AC,71,0,39,71,93.7,60,compressorCoolStage1On,Sleep,
2026-07-31T10:50:00.000Z,Front AC,71.1,0,40,71,93.7,240,compressorCoolOff,Sleep,
2026-07-31T10:55:00.000Z,Front AC,71,0,40,71,93.7,180,compressorCoolStage1On,Sleep,
2026-07-31T11:00:00.000Z,Front AC,71.2,0,41,71,92.7,120,compressorCoolOff,Sleep,
2026-07-31T11:05:00.000Z,Front AC,71.3,0,41,71,92.7,300,compressorCoolStage1On,Sleep,
2026-07-31T11:10:00.000Z,Front AC,70.9,0,40,71,92.7,45,compressorCoolStage1On,Sleep,
2026-07-31T11:15:00.000Z,Front AC,71.3,0,41,71,92.7,255,compressorCoolOff,Sleep,
2026-07-31T11:20:00.000Z,Front AC,71.1,0,40,71,92.7,240,compressorCoolStage1On,Sleep,
2026-07-31T11:25:00.000Z,Front AC,71,0,41,71,92.7,60,compressorCoolOff,Sleep,
2026-07-31T11:30:00.000Z,Front AC,71.2,0,41,71,91.4,300,compressorCoolStage1On,Sleep,
2026-07-31T11:35:00.000Z,Front AC,70.9,0,40,71,91.4,105,compressorCoolStage1On,Sleep,
2026-07-31T11:40:00.000Z,Front AC,71.2,0,41,71,91.4,195,compressorCoolOff,Sleep,
2026-07-31T11:45:00.000Z,Front AC,71.2,0,40,71,91.4,240,compressorCoolStage1On,Sleep,
2026-07-31T11:50:00.000Z,Front AC,71,0,40,71,91.4,60,compressorCoolOff,Sleep,
2026-07-31T11:55:00.000Z,Front AC,71.3,0,41,71,91.4,300,compressorCoolStage1On,Sleep,
2026-07-31T12:00:00.000Z,Front AC,71.1,0,40,71,90.7,270,compressorCoolStage1On,Sleep,
2026-07-31T12:05:00.000Z,Front AC,70.8,0,40,71,90.7,0,compressorCoolOff,Sleep,
2026-07-31T12:10:00.000Z,Front AC,71.2,0,40,71,90.7,255,compressorCoolOff,Sleep,
2026-07-31T12:15:00.000Z,Front AC,71.3,0,39,71,90.7,285,compressorCoolStage1On,Sleep,
2026-07-31T12:20:00.000Z,Front AC,70.9,0,39,71,90.7,0,compressorCoolOff,Sleep,
2026-07-31T12:25:00.000Z,Front AC,71.1,0,40,71,90.7,285,compressorCoolOff,Sleep,
2026-07-31T12:30:00.000Z,Front AC,71,0,39,71,91.2,120,compressorCoolStage1On,Sleep,
2026-07-31T12:35:00.000Z,Front AC,70.9,0,40,71,91.2,120,compressorCoolOff,Sleep,
2026-07-31T12:40:00.000Z,Front AC,71.1,0,40,71,91.2,300,compressorCoolStage1On,Sleep,
2026-07-31T12:45:00.000Z,Front AC,70.8,0,40,71,91.2,15,compressorCoolStage1On,Sleep,
2026-07-31T12:50:00.000Z,Front AC,71.2,0,40,71,91.2,255,compressorCoolOff,Sleep,
2026-07-31T12:55:00.000Z,Front AC,71.2,0,39,71,91.2,195,compressorCoolStage1On,Sleep,
2026-07-31T13:00:00.000Z,Front AC,70.7,0,39,71,90.3,0,compressorCoolOff,Sleep,
2026-07-31T13:05:00.000Z,Front AC,71.1,0,40,71,90.3,210,compressorCoolOff,Sleep,
2026-07-31T13:10:00.000Z,Front AC,71.1,0,40,71,90.3,240,compressorCoolStage1On,Sleep,
2026-07-31T13:15:00.000Z,Front AC,70.9,0,40,71,90.3,0,compressorCoolOff,Sleep,
2026-07-31T13:20:00.000Z,Front AC,71.3,0,41,71,90.3,300,compressorCoolStage1On,Sleep,
2026-07-31T13:25:00.000Z,Front AC,71,0,40,71,90.3,180,compressorCoolStage1On,Sleep,
2026-07-31T13:30:00.000Z,Front AC,71.1,0,41,71,90.3,90,compressorCoolOff,Sleep,
2026-07-31T13:35:00.000Z,Front AC,71.3,0,41,71,90.3,300,compressorCoolStage1On,Sleep,
2026-07-31T13:40:00.000Z,Front AC,71.1,0,41,71,90.3,60,compressorCoolStage1On,Sleep,
2026-07-31T13:45:00.000Z,Front AC,71.3,0,41,71,90.3,240,compressorCoolOff,Sleep,
2026-07-31T13:50:00.000Z,Front AC,71.3,0,41,71,90.3,300,compressorCoolStage1On,Sleep,
2026-07-31T13:55:00.000Z,Front AC,71,0,42,71,90.3,0,compressorCoolOff,Sleep,
2026-07-31T14:00:00.000Z,Front AC,71.4,0,41,71,92.9,300,compressorCoolStage1On,Sleep,
2026-07-31T14:05:00.000Z,Front AC,71.1,0,41,71,92.9,165,compressorCoolStage1On,Sleep,
2026-07-31T14:10:00.000Z,Front AC,71,0,42,71,92.9,105,compressorCoolOff,Sleep,
2026-07-31T14:15:00.000Z,Front AC,71.3,0,42,71,92.9,300,compressorCoolStage1On,Sleep,
2026-07-31T14:20:00.000Z,Front AC,71,0,42,71,92.9,75,compressorCoolStage1On,Sleep,
2026-07-31T14:25:00.000Z,Front AC,71.4,0,42,73.4,92.9,0,compressorCoolOff,Sleep,
2026-07-31T14:30:00.000Z,Front AC,71.8,0,41,77,92.9,0,compressorCoolOff,WFH,
2026-07-31T14:35:00.000Z,Front AC,72.2,0,40,77,92.9,0,compressorCoolOff,WFH,
2026-07-31T14:40:00.000Z,Front AC,72.6,0,40,77,92.9,0,compressorCoolOff,WFH,
2026-07-31T14:45:00.000Z,Front AC,72.9,0,40,77,92.9,0,compressorCoolOff,WFH,
2026-07-31T14:50:00.000Z,Front AC,73.4,0,40,77,92.9,0,compressorCoolOff,WFH,
2026-07-31T14:55:00.000Z,Front AC,73.6,0,40,77,92.9,0,compressorCoolOff,WFH,
2026-07-31T15:00:00.000Z,Front AC,73.8,0,40,77,94.9,0,compressorCoolOff,WFH,
2026-07-31T15:05:00.000Z,Front AC,74.1,0,40,77,94.9,0,compressorCoolOff,WFH,
2026-07-31T15:10:00.000Z,Front AC,74.3,0,40,77,94.9,0,compressorCoolOff,WFH,
2026-07-31T15:15:00.000Z,Front AC,74.3,0,40,77,94.9,0,compressorCoolOff,WFH,
2026-07-31T15:20:00.000Z,Front AC,74.4,0,39,77,94.9,0,compressorCoolOff,WFH,
2026-07-31T15:25:00.000Z,Front AC,74.3,0,38,77,94.9,0,compressorCoolOff,WFH,
2026-07-31T15:30:00.000Z,Front AC,74.6,0,39,77,94.9,0,compressorCoolOff,WFH,
2026-07-31T15:35:00.000Z,Front AC,74.8,0,38,77,94.9,0,compressorCoolOff,WFH,
2026-07-31T15:40:00.000Z,Front AC,75.2,0,40,77,94.9,0,compressorCoolOff,WFH,
2026-07-31T15:45:00.000Z,Front AC,75.2,0,40,77,94.9,0,compressorCoolOff,WFH,
2026-07-31T15:50:00.000Z,Front AC,75.2,0,40,77,94.9,0,compressorCoolOff,WFH,
2026-07-31T15:55:00.000Z,Front AC,75.3,0,41,77,94.9,0,compressorCoolOff,WFH,
2026-07-31T16:00:00.000Z,Front AC,75.3,0,41,77,97.1,0,compressorCoolOff,WFH,
2026-07-31T16:05:00.000Z,Front AC,75.4,0,40,77,97.1,0,compressorCoolOff,WFH,
2026-07-31T16:10:00.000Z,Front AC,75.4,0,39,77,97.1,0,compressorCoolOff,WFH,
2026-07-31T16:15:00.000Z,Front AC,75.7,0,39,77,97.1,0,compressorCoolOff,WFH,
2026-07-31T16:20:00.000Z,Front AC,75.9,0,39,77,97.1,0,compressorCoolOff,WFH,
2026-07-31T16:25:00.000Z,Front AC,75.9,0,39,77,97.1,0,compressorCoolOff,WFH,
2026-07-31T16:30:00.000Z,Front AC,76,0,39,77,98.8,0,compressorCoolOff,WFH,
2026-07-31T16:35:00.000Z,Front AC,76.1,0,39,77,98.8,0,compressorCoolOff,WFH,
2026-07-31T16:40:00.000Z,Front AC,76.2,0,39,77,98.8,0,compressorCoolOff,WFH,
2026-07-31T16:45:00.000Z,Front AC,76.2,0,39,77,98.8,0,compressorCoolOff,WFH,
2026-07-31T16:50:00.000Z,Front AC,76.2,0,39,77,98.8,0,compressorCoolOff,WFH,
2026-07-31T16:55:00.000Z,Front AC,76.1,0,38,77,98.8,0,compressorCoolOff,WFH,
2026-07-31T17:00:00.000Z,Front AC,76.3,0,38,77,100.4,0,compressorCoolOff,WFH,
2026-07-31T17:05:00.000Z,Front AC,76.6,0,39,77,100.4,0,compressorCoolOff,WFH,
2026-07-31T17:10:00.000Z,Front AC,76.6,0,40,77,100.4,0,compressorCoolOff,WFH,
2026-07-31T17:15:00.000Z,Front AC,76.9,0,40,77,100.4,0,compressorCoolOff,WFH,
2026-07-31T17:20:00.000Z,Front AC,76.9,0,40,77,100.4,0,compressorCoolOff,WFH,
2026-07-31T17:25:00.000Z,Front AC,76.9,0,40,77,100.4,0,compressorCoolOff,WFH,
2026-07-31T17:30:00.000Z,Front AC,77.1,0,40,77,101.6,0,compressorCoolOff,WFH,
2026-07-31T17:35:00.000Z,Front AC,77.4,0,40,77,101.6,255,compressorCoolOff,WFH,
2026-07-31T17:40:00.000Z,Front AC,77.1,0,40,77,101.6,90,compressorCoolStage1On,WFH,
2026-07-31T17:45:00.000Z,Front AC,76.7,0,41,77,101.6,0,compressorCoolOff,WFH,
2026-07-31T17:50:00.000Z,Front AC,76.9,0,41,77,101.6,0,compressorCoolOff,WFH,
2026-07-31T17:55:00.000Z,Front AC,77,0,41,77,101.6,0,compressorCoolOff,WFH,
2026-07-31T18:00:00.000Z,Front AC,77.1,0,41,77,103.4,0,compressorCoolOff,WFH,
2026-07-31T18:05:00.000Z,Front AC,77.3,0,41,77,103.4,60,compressorCoolOff,WFH,
2026-07-31T18:10:00.000Z,Front AC,77.4,0,40,77,103.4,285,compressorCoolStage1On,WFH,
2026-07-31T18:15:00.000Z,Front AC,77,0,40,77,103.4,0,compressorCoolOff,WFH,
2026-07-31T18:20:00.000Z,Front AC,77,0,42,77,103.4,105,compressorCoolOff,WFH,
2026-07-31T18:25:00.000Z,Front AC,77,0,41,77,103.4,195,compressorCoolStage1On,WFH,
2026-07-31T18:30:00.000Z,Front AC,76.9,0,41,77,103.4,0,compressorCoolOff,WFH,
2026-07-31T18:35:00.000Z,Front AC,77.1,0,42,77,103.4,0,compressorCoolOff,WFH,
2026-07-31T18:40:00.000Z,Front AC,77.3,0,42,77,103.4,300,compressorCoolStage1On,WFH,
2026-07-31T18:45:00.000Z,Front AC,77,0,40,77,103.4,180,compressorCoolStage1On,WFH,
2026-07-31T18:50:00.000Z,Front AC,76.7,0,41,77,103.4,0,compressorCoolOff,WFH,
2026-07-31T18:55:00.000Z,Front AC,76.9,0,43,77,103.4,0,compressorCoolOff,WFH,
2026-07-31T19:00:00.000Z,Front AC,77.3,0,42,77,106.7,150,compressorCoolOff,WFH,
2026-07-31T19:05:00.000Z,Front AC,77.2,0,41,77,106.7,300,compressorCoolStage1On,WFH,
2026-07-31T19:10:00.000Z,Front AC,76.9,0,41,77,106.7,45,compressorCoolStage1On,WFH,
2026-07-31T19:15:00.000Z,Front AC,76.8,0,42,77,106.7,0,compressorCoolOff,WFH,
2026-07-31T19:20:00.000Z,Front AC,77.2,0,43,77,106.7,60,compressorCoolOff,WFH,
2026-07-31T19:25:00.000Z,Front AC,77.4,0,41,77,106.7,300,compressorCoolStage1On,WFH,
2026-07-31T19:30:00.000Z,Front AC,77,0,41,77,106.7,135,compressorCoolStage1On,WFH,
2026-07-31T19:35:00.000Z,Front AC,77,0,42,77,106.7,0,compressorCoolOff,WFH,
2026-07-31T19:40:00.000Z,Front AC,77.1,0,43,77,106.7,0,compressorCoolOff,WFH,
2026-07-31T19:45:00.000Z,Front AC,77.5,0,42,77,106.7,270,compressorCoolOff,WFH,
2026-07-31T19:50:00.000Z,Front AC,77.2,0,41,77,106.7,300,compressorCoolStage1On,WFH,
2026-07-31T19:55:00.000Z,Front AC,77,0,42,77,106.7,120,compressorCoolStage1On,WFH,
2026-07-31T20:00:00.000Z,Front AC,76.7,0,42,77,108.4,0,compressorCoolOff,WFH,
2026-07-31T20:05:00.000Z,Front AC,76.9,0,43,77,108.4,0,compressorCoolOff,WFH,
2026-07-31T20:10:00.000Z,Front AC,77.5,0,43,77,108.4,225,compressorCoolOff,WFH,
2026-07-31T20:15:00.000Z,Front AC,77.2,0,43,77,108.4,300,compressorCoolStage1On,WFH,
2026-07-31T20:20:00.000Z,Front AC,76.4,0,43,77,108.4,300,compressorCoolStage1On,WFH,(SmartRecovery)
2026-07-31T20:25:00.000Z,Front AC,75.9,0,43,77,108.4,300,compressorCoolStage1On,WFH,(SmartRecovery)
2026-07-31T20:30:00.000Z,Front AC,75.5,0,43,77,110.1,300,compressorCoolStage1On,WFH,(SmartRecovery)
2026-07-31T20:35:00.000Z,Front AC,75.1,0,43,77,110.1,300,compressorCoolStage1On,WFH,(SmartRecovery)
2026-07-31T20:40:00.000Z,Front AC,75,0,43,77,110.1,300,compressorCoolStage1On,WFH,(SmartRecovery)
2026-07-31T20:45:00.000Z,Front AC,74.7,0,43,77,110.1,300,compressorCoolStage1On,WFH,(SmartRecovery)
2026-07-31T20:50:00.000Z,Front AC,74.6,0,42,77,110.1,300,compressorCoolStage1On,WFH,(SmartRecovery)
2026-07-31T20:55:00.000Z,Front AC,74.5,0,43,77,110.1,300,compressorCoolStage1On,WFH,(SmartRecovery)
2026-07-31T21:00:00.000Z,Front AC,74.4,0,43,77,109.9,300,compressorCoolStage1On,WFH,(SmartRecovery)
2026-07-31T21:05:00.000Z,Front AC,74.4,0,44,77,109.9,300,compressorCoolStage1On,WFH,(SmartRecovery)
2026-07-31T21:10:00.000Z,Front AC,74.3,0,44,77,109.9,300,compressorCoolStage1On,WFH,(SmartRecovery)
2026-07-31T21:15:00.000Z,Front AC,74.3,0,44,77,109.9,300,compressorCoolStage1On,WFH,(SmartRecovery)
2026-07-31T21:20:00.000Z,Front AC,74.2,0,44,77,109.9,300,compressorCoolStage1On,WFH,(SmartRecovery)
2026-07-31T21:25:00.000Z,Front AC,74.3,0,44,75.8,109.9,300,compressorCoolStage1On,WFH,(SmartRecovery)
2026-07-31T21:30:00.000Z,Front AC,74.3,0,44,74,109.9,300,compressorCoolStage1On,Home,
2026-07-31T21:35:00.000Z,Front AC,74.6,0,43,74,109.9,300,compressorCoolStage1On,Home,
2026-07-31T21:40:00.000Z,Front AC,74.9,0,42,74,109.9,300,compressorCoolStage1On,Home,
2026-07-31T21:45:00.000Z,Front AC,74.9,0,42,74,109.9,300,compressorCoolStage1On,Home,
2026-07-31T21:50:00.000Z,Front AC,74.9,0,42,74,109.9,300,compressorCoolStage1On,Home,
2026-07-31T21:55:00.000Z,Front AC,74.6,0,42,74,109.9,300,compressorCoolStage1On,Home,
2026-07-31T22:00:00.000Z,Front AC,74.7,0,42,74,111.3,300,compressorCoolStage1On,Home,
2026-07-31T22:05:00.000Z,Front AC,74.7,0,42,74,111.3,300,compressorCoolStage1On,Home,
2026-07-31T22:10:00.000Z,Front AC,74.6,0,42,74,111.3,300,compressorCoolStage1On,Home,
2026-07-31T22:15:00.000Z,Front AC,74.6,0,42,74,111.3,300,compressorCoolStage1On,Home,
2026-07-31T22:20:00.000Z,Front AC,74.6,0,42,74,111.3,300,compressorCoolStage1On,Home,
2026-07-31T22:25:00.000Z,Front AC,74.6,0,42,74,111.3,300,compressorCoolStage1On,Home,
2026-07-31T22:30:00.000Z,Front AC,74.3,0,42,74,111.9,300,compressorCoolStage1On,Home,
2026-07-31T22:35:00.000Z,Front AC,74.1,0,42,74,111.9,300,compressorCoolStage1On,Home,
2026-07-31T22:40:00.000Z,Front AC,74.1,0,42,74,111.9,300,compressorCoolStage1On,Home,
2026-07-31T22:45:00.000Z,Front AC,74.1,0,42,74,111.9,300,compressorCoolStage1On,Home,
2026-07-31T22:50:00.000Z,Front AC,74.2,0,42,74,111.9,300,compressorCoolStage1On,Home,
2026-07-31T22:55:00.000Z,Front AC,74.2,0,42,74,111.9,300,compressorCoolStage1On,Home,
2026-07-31T23:00:00.000Z,Front AC,74.1,0,42,74,111.9,300,compressorCoolStage1On,Home,
2026-07-31T23:05:00.000Z,Front AC,74.1,0,42,74,111.9,300,compressorCoolStage1On,Home,
2026-07-31T23:10:00.000Z,Front AC,74.1,0,42,74,111.9,180,compressorCoolStage1On,Home,
2026-07-31T23:15:00.000Z,Front AC,74.4,0,43,74,111.9,120,compressorCoolOff,Home,
2026-07-31T23:20:00.000Z,Front AC,74.8,0,43,74,111.9,300,compressorCoolStage1On,Home,
2026-07-31T23:25:00.000Z,Front AC,75,0,42,74,111.9,300,compressorCoolStage1On,Home,
2026-07-31T23:30:00.000Z,Front AC,74.7,0,42,74,0,300,compressorCoolStage1On,Home,
2026-07-31T23:35:00.000Z,Front AC,74.6,0,42,74,0,300,compressorCoolStage1On,Home,
2026-07-31T23:40:00.000Z,Front AC,74.5,0,42,74,0,300,compressorCoolStage1On,Home,
2026-07-31T23:45:00.000Z,Front AC,74.2,0,42,74,0,300,compressorCoolStage1On,Home,
2026-07-31T23:50:00.000Z,Front AC,74.1,0,42,74,0,300,compressorCoolStage1On,Home,
2026-07-31T23:55:00.000Z,Front AC,74.1,0,42,74,0,255,compressorCoolStage1On,Home,
2026-08-01T00:00:00.000Z,Front AC,74.1,0,42,74,111.9,0,compressorCoolOff,Home,
2026-08-01T00:05:00.000Z,Front AC,74.6,0,43,74,111.9,225,compressorCoolOff,Home,
2026-08-01T00:10:00.000Z,Front AC,74.9,0,42,74,111.9,300,compressorCoolStage1On,Home,
2026-08-01T00:15:00.000Z,Front AC,74.9,0,42,74,111.9,300,compressorCoolStage1On,Home,
2026-08-01T00:20:00.000Z,Front AC,74.7,0,42,74,111.9,300,compressorCoolStage1On,Home,
2026-08-01T00:25:00.000Z,Front AC,74.6,0,42,74,111.9,300,compressorCoolStage1On,Home,
2026-08-01T00:30:00.000Z,Front AC,74.3,0,42,74,111.9,300,compressorCoolStage1On,Home,
2026-08-01T00:35:00.000Z,Front AC,74.1,0,42,74,111.9,300,compressorCoolStage1On,Home,
2026-08-01T00:40:00.000Z,Front AC,74,0,42,74,111.9,195,compressorCoolStage1On,Home,
2026-08-01T00:45:00.000Z,Front AC,74.1,0,42,74,111.9,0,compressorCoolOff,Home,
2026-08-01T00:50:00.000Z,Front AC,74.7,0,42,74,111.9,285,compressorCoolOff,Home,
2026-08-01T00:55:00.000Z,Front AC,74.9,0,42,74,111.9,300,compressorCoolStage1On,Home,
2026-08-01T01:00:00.000Z,Front AC,74.9,0,42,74,111.1,300,compressorCoolStage1On,Home,
2026-08-01T01:05:00.000Z,Front AC,74.6,0,42,74,111.1,300,compressorCoolStage1On,Home,
2026-08-01T01:10:00.000Z,Front AC,74.6,0,42,74,111.1,300,compressorCoolStage1On,Home,
2026-08-01T01:15:00.000Z,Front AC,74.3,0,42,74,111.1,300,compressorCoolStage1On,Home,
2026-08-01T01:20:00.000Z,Front AC,74.1,0,42,74,111.1,300,compressorCoolStage1On,Home,
2026-08-01T01:25:00.000Z,Front AC,73.9,0,42,74,111.1,30,compressorCoolStage1On,Home,
2026-08-01T01:30:00.000Z,Front AC,74.4,0,43,74,111.1,120,compressorCoolOff,Home,
2026-08-01T01:35:00.000Z,Front AC,74.9,0,42,74,111.1,300,compressorCoolStage1On,Home,
2026-08-01T01:40:00.000Z,Front AC,74.9,0,42,74,111.1,300,compressorCoolStage1On,Home,
2026-08-01T01:45:00.000Z,Front AC,74.8,0,42,74,111.1,300,compressorCoolStage1On,Home,
2026-08-01T01:50:00.000Z,Front AC,74.6,0,42,74,111.1,300,compressorCoolStage1On,Home,
2026-08-01T01:55:00.000Z,Front AC,74.3,0,42,74,111.1,300,compressorCoolStage1On,Home,
2026-08-01T02:00:00.000Z,Front AC,74,0,42,74,109.6,225,compressorCoolStage1On,Home,
2026-08-01T02:05:00.000Z,Front AC,73.8,0,42,74,109.6,0,compressorCoolOff,Home,
2026-08-01T02:10:00.000Z,Front AC,74.3,0,42,74,109.6,120,compressorCoolOff,Home,
2026-08-01T02:15:00.000Z,Front AC,74.8,0,42,74,109.6,300,compressorCoolStage1On,Home,
2026-08-01T02:20:00.000Z,Front AC,74.7,0,41,74,109.6,300,compressorCoolStage1On,Home,
2026-08-01T02:25:00.000Z,Front AC,74.3,0,40,74,109.6,300,compressorCoolStage1On,Home,
2026-08-01T02:30:00.000Z,Front AC,73.9,0,40,74,108.3,135,compressorCoolStage1On,Home,
2026-08-01T02:35:00.000Z,Front AC,73.8,0,41,74,108.3,0,compressorCoolOff,Home,
2026-08-01T02:40:00.000Z,Front AC,74.3,0,42,74,108.3,105,compressorCoolOff,Home,
2026-08-01T02:45:00.000Z,Front AC,74.8,0,41,74,108.3,300,compressorCoolStage1On,Home,
2026-08-01T02:50:00.000Z,Front AC,74.7,0,40,74,108.3,300,compressorCoolStage1On,Home,
2026-08-01T02:55:00.000Z,Front AC,74.3,0,40,74,108.3,300,compressorCoolStage1On,Home,
2026-08-01T03:00:00.000Z,Front AC,74.1,0,40,74,106,240,compressorCoolStage1On,Home,
2026-08-01T03:05:00.000Z,Front AC,73.7,0,40,74,106,0,compressorCoolOff,Home,
2026-08-01T03:10:00.000Z,Front AC,74.2,0,42,74,106,45,compressorCoolOff,Home,
2026-08-01T03:15:00.000Z,Front AC,74.8,0,41,74,106,300,compressorCoolStage1On,Home,
2026-08-01T03:20:00.000Z,Front AC,74.7,0,40,74,106,300,compressorCoolStage1On,Home,
2026-08-01T03:25:00.000Z,Front AC,74.3,0,40,74,106,300,compressorCoolStage1On,Home,
2026-08-01T03:30:00.000Z,Front AC,73.9,0,40,74,105.5,300,compressorCoolStage1On,Home,
2026-08-01T03:35:00.000Z,Front AC,73.6,0,40,74,105.5,300,compressorCoolStage1On,Home,(SmartRecovery)
2026-08-01T03:40:00.000Z,Front AC,73.4,0,40,74,105.5,300,compressorCoolStage1On,Home,(SmartRecovery)
2026-08-01T03:45:00.000Z,Front AC,73.4,0,40,74,105.5,300,compressorCoolStage1On,Home,(SmartRecovery)
2026-08-01T03:50:00.000Z,Front AC,73.1,0,41,74,105.5,300,compressorCoolStage1On,Home,(SmartRecovery)
2026-08-01T03:55:00.000Z,Front AC,72.9,0,41,74,105.5,300,compressorCoolStage1On,Home,(SmartRecovery)
2026-08-01T04:00:00.000Z,Front AC,73,0,41,74,103.4,300,compressorCoolStage1On,Home,(SmartRecovery)
2026-08-01T04:05:00.000Z,Front AC,72.8,0,41,74,103.4,300,compressorCoolStage1On,Home,(SmartRecovery)
2026-08-01T04:10:00.000Z,Front AC,72.5,0,41,74,103.4,300,compressorCoolStage1On,Home,(SmartRecovery)
2026-08-01T04:15:00.000Z,Front AC,72.2,0,41,74,103.4,300,compressorCoolStage1On,Home,(SmartRecovery)
2026-08-01T04:20:00.000Z,Front AC,72.3,0,41,74,103.4,300,compressorCoolStage1On,Home,(SmartRecovery)
2026-08-01T04:25:00.000Z,Front AC,72.1,0,41,72.9,103.4,300,compressorCoolStage1On,Home,(SmartRecovery)
2026-08-01T04:30:00.000Z,Front AC,71.9,0,41,71,103.4,300,compressorCoolStage1On,Sleep,
2026-08-01T04:35:00.000Z,Front AC,71.9,0,41,71,103.4,300,compressorCoolStage1On,Sleep,
2026-08-01T04:40:00.000Z,Front AC,72,0,41,71,103.4,300,compressorCoolStage1On,Sleep,
2026-08-01T04:45:00.000Z,Front AC,71.8,0,41,71,103.4,300,compressorCoolStage1On,Sleep,
2026-08-01T04:50:00.000Z,Front AC,71.2,0,41,71,103.4,195,compressorCoolStage1On,Sleep,
2026-08-01T04:55:00.000Z,Front AC,71,0,42,71,103.4,0,compressorCoolOff,Sleep,
2026-08-01T05:00:00.000Z,Front AC,71.8,0,42,71,102.4,270,compressorCoolOff,Sleep,
2026-08-01T05:05:00.000Z,Front AC,71.9,0,41,71,102.4,300,compressorCoolStage1On,Sleep,
2026-08-01T05:10:00.000Z,Front AC,71.7,0,41,71,102.4,300,compressorCoolStage1On,Sleep,
2026-08-01T05:15:00.000Z,Front AC,71.2,0,41,71,102.4,300,compressorCoolStage1On,Sleep,
2026-08-01T05:20:00.000Z,Front AC,71.1,0,41,71,102.4,300,compressorCoolStage1On,Sleep,
2026-08-01T05:25:00.000Z,Front AC,71.1,0,40,71,102.4,300,compressorCoolStage1On,Sleep,
2026-08-01T05:30:00.000Z,Front AC,71.1,0,40,71,102.4,0,compressorCoolOff,Sleep,
2026-08-01T05:35:00.000Z,Front AC,71.8,0,41,71,102.4,270,compressorCoolOff,Sleep,
2026-08-01T05:40:00.000Z,Front AC,71.8,0,41,71,102.4,300,compressorCoolStage1On,Sleep,
2026-08-01T05:45:00.000Z,Front AC,71.3,0,41,71,102.4,300,compressorCoolStage1On,Sleep,
2026-08-01T05:50:00.000Z,Front AC,71.2,0,41,71,102.4,300,compressorCoolStage1On,Sleep,
2026-08-01T05:55:00.000Z,Front AC,71,0,40,71,102.4,60,compressorCoolStage1On,Sleep,
2026-08-01T06:00:00.000Z,Front AC,71.4,0,40,71,100.2,165,compressorCoolOff,Sleep,
2026-08-01T06:05:00.000Z,Front AC,71.7,0,40,71,100.2,300,compressorCoolStage1On,Sleep,
2026-08-01T06:10:00.000Z,Front AC,71.3,0,40,71,100.2,300,compressorCoolStage1On,Sleep,
2026-08-01T06:15:00.000Z,Front AC,71,0,40,71,100.2,210,compressorCoolStage1On,Sleep,
2026-08-01T06:20:00.000Z,Front AC,71.1,0,40,71,100.2,15,compressorCoolOff,Sleep,
2026-08-01T06:25:00.000Z,Front AC,71.9,0,40,71,100.2,300,compressorCoolStage1On,Sleep,
2026-08-01T06:30:00.000Z,Front AC,71.7,0,40,71,100.2,300,compressorCoolStage1On,Sleep,
2026-08-01T06:35:00.000Z,Front AC,71.4,0,40,71,100.2,300,compressorCoolStage1On,Sleep,
2026-08-01T06:40:00.000Z,Front AC,71.3,0,39,71,100.2,285,compressorCoolStage1On,Sleep,
2026-08-01T06:45:00.000Z,Front AC,71.1,0,39,71,100.2,0,compressorCoolOff,Sleep,
2026-08-01T06:50:00.000Z,Front AC,71.6,0,40,71,100.2,270,compressorCoolOff,Sleep,
2026-08-01T06:55:00.000Z,Front AC,71.7,0,40,71,100.2,300,compressorCoolStage1On,Sleep,
2026-08-01T07:00:00.000Z,Front AC,71.7,0,39,71,98.8,300,compressorCoolStage1On,Sleep,
2026-08-01T07:05:00.000Z,Front AC,71.1,0,39,71,98.8,300,compressorCoolStage1On,Sleep,
2026-08-01T07:10:00.000Z,Front AC,71.1,0,39,71,98.8,300,compressorCoolStage1On,Sleep,
2026-08-01T07:15:00.000Z,Front AC,71,0,39,71,98.8,135,compressorCoolStage1On,Sleep,
2026-08-01T07:20:00.000Z,Front AC,71.2,0,40,71,98.8,75,compressorCoolOff,Sleep,
2026-08-01T07:25:00.000Z,Front AC,71.8,0,40,71,98.8,300,compressorCoolStage1On,Sleep,
2026-08-01T07:30:00.000Z,Front AC,71.6,0,39,71,98.8,300,compressorCoolStage1On,Sleep,
2026-08-01T07:35:00.000Z,Front AC,71.2,0,39,71,98.8,300,compressorCoolStage1On,Sleep,
2026-08-01T07:40:00.000Z,Front AC,71,0,39,71,98.8,120,compressorCoolStage1On,Sleep,
2026-08-01T07:45:00.000Z,Front AC,71.3,0,40,71,98.8,105,compressorCoolOff,Sleep,
2026-08-01T07:50:00.000Z,Front AC,71.8,0,40,71,98.8,300,compressorCoolStage1On,Sleep,
2026-08-01T07:55:00.000Z,Front AC,71.3,0,40,71,98.8,240,compressorCoolStage1On,Sleep,
2026-08-01T08:00:00.000Z,Front AC,71.1,0,40,71,97.2,0,compressorCoolOff,Sleep,
2026-08-01T08:05:00.000Z,Front AC,71.7,0,40,71,97.2,255,compressorCoolOff,Sleep,
2026-08-01T08:10:00.000Z,Front AC,71.6,0,40,71,97.2,300,compressorCoolStage1On,Sleep,
2026-08-01T08:15:00.000Z,Front AC,71.3,0,39,71,97.2,300,compressorCoolStage1On,Sleep,
2026-08-01T08:20:00.000Z,Front AC,71,0,39,71,97.2,90,compressorCoolStage1On,Sleep,
2026-08-01T08:25:00.000Z,Front AC,71.3,0,40,71,97.2,120,compressorCoolOff,Sleep,
2026-08-01T08:30:00.000Z,Front AC,71.7,0,40,71,97.2,300,compressorCoolStage1On,Sleep,
2026-08-01T08:35:00.000Z,Front AC,71.5,0,40,71,97.2,300,compressorCoolStage1On,Sleep,
2026-08-01T08:40:00.000Z,Front AC,71,0,39,71,97.2,90,compressorCoolStage1On,Sleep,
2026-08-01T08:45:00.000Z,Front AC,71.3,0,40,71,97.2,105,compressorCoolOff,Sleep,
2026-08-01T08:50:00.000Z,Front AC,71.7,0,40,71,97.2,300,compressorCoolStage1On,Sleep,
2026-08-01T08:55:00.000Z,Front AC,71.5,0,40,71,97.2,300,compressorCoolStage1On,Sleep,
2026-08-01T09:00:00.000Z,Front AC,71,0,39,71,95.3,45,compressorCoolStage1On,Sleep,
2026-08-01T09:05:00.000Z,Front AC,71.5,0,40,71,95.3,195,compressorCoolOff,Sleep,
2026-08-01T09:10:00.000Z,Front AC,71.7,0,40,71,95.3,300,compressorCoolStage1On,Sleep,
2026-08-01T09:15:00.000Z,Front AC,71.4,0,39,71,95.3,300,compressorCoolStage1On,Sleep,
2026-08-01T09:20:00.000Z,Front AC,71,0,39,71,95.3,75,compressorCoolStage1On,Sleep,
2026-08-01T09:25:00.000Z,Front AC,71.2,0,40,71,95.3,60,compressorCoolOff,Sleep,
2026-08-01T09:30:00.000Z,Front AC,71.7,0,40,71,93.9,300,compressorCoolStage1On,Sleep,
2026-08-01T09:35:00.000Z,Front AC,71.5,0,39,71,93.9,300,compressorCoolStage1On,Sleep,
2026-08-01T09:40:00.000Z,Front AC,70.9,0,39,71,93.9,120,compressorCoolStage1On,Sleep,
2026-08-01T09:45:00.000Z,Front AC,71.1,0,40,71,93.9,135,compressorCoolOff,Sleep,
2026-08-01T09:50:00.000Z,Front AC,71.5,0,40,71,93.9,300,compressorCoolStage1On,Sleep,
2026-08-01T09:55:00.000Z,Front AC,71.1,0,40,71,93.9,150,compressorCoolStage1On,Sleep,
2026-08-01T10:00:00.000Z,Front AC,71.2,0,40,71,93.3,150,compressorCoolOff,Sleep,
2026-08-01T10:05:00.000Z,Front AC,71.4,0,40,71,93.3,300,compressorCoolStage1On,Sleep,
2026-08-01T10:10:00.000Z,Front AC,71.1,0,39,71,93.3,90,compressorCoolStage1On,Sleep,
2026-08-01T10:15:00.000Z,Front AC,71.2,0,40,71,93.3,180,compressorCoolOff,Sleep,
2026-08-01T10:20:00.000Z,Front AC,71.4,0,40,71,93.3,300,compressorCoolStage1On,Sleep,
2026-08-01T10:25:00.000Z,Front AC,71.1,0,39,71,93.3,210,compressorCoolStage1On,Sleep,
2026-08-01T10:30:00.000Z,Front AC,70.8,0,39,71,93.3,75,compressorCoolOff,Sleep,
2026-08-01T10:35:00.000Z,Front AC,71,0,40,71,93.3,225,compressorCoolStage1On,Sleep,
2026-08-01T10:40:00.000Z,Front AC,71.3,0,41,71,93.3,75,compressorCoolOff,Sleep,
2026-08-01T10:45:00.000Z,Front AC,71.6,0,41,71,93.3,300,compressorCoolStage1On,Sleep,
2026-08-01T10:50:00.000Z,Front AC,71.3,0,40,71,93.3,210,compressorCoolStage1On,Sleep,
2026-08-01T10:55:00.000Z,Front AC,71.1,0,41,71,93.3,90,compressorCoolOff,Sleep,
2026-08-01T11:00:00.000Z,Front AC,71.3,0,41,71,91.5,285,compressorCoolStage1On,Sleep,
2026-08-01T11:05:00.000Z,Front AC,71.2,0,40,71,91.5,15,compressorCoolOff,Sleep,
2026-08-01T11:10:00.000Z,Front AC,71.5,0,41,71,91.5,300,compressorCoolStage1On,Sleep,
2026-08-01T11:15:00.000Z,Front AC,71.2,0,40,71,91.5,195,compressorCoolStage1On,Sleep,
2026-08-01T11:20:00.000Z,Front AC,71.3,0,41,71,91.5,105,compressorCoolOff,Sleep,
2026-08-01T11:25:00.000Z,Front AC,71.3,0,41,71,91.5,300,compressorCoolStage1On,Sleep,
2026-08-01T11:30:00.000Z,Front AC,70.8,0,40,71,91.5,30,compressorCoolStage1On,Sleep,
2026-08-01T11:35:00.000Z,Front AC,71.3,0,41,71,91.5,165,compressorCoolOff,Sleep,
2026-08-01T11:40:00.000Z,Front AC,71.5,0,40,71,91.5,300,compressorCoolStage1On,Sleep,
2026-08-01T11:45:00.000Z,Front AC,71,0,40,71,91.5,90,compressorCoolStage1On,Sleep,
2026-08-01T11:50:00.000Z,Front AC,71,0,40,71,91.5,0,compressorCoolOff,Sleep,
2026-08-01T11:55:00.000Z,Front AC,71.6,0,40,71,91.5,300,compressorCoolStage1On,Sleep,
2026-08-01T12:00:00.000Z,Front AC,71.4,0,39,71,90.2,300,compressorCoolStage1On,Sleep,
2026-08-01T12:05:00.000Z,Front AC,70.8,0,39,71,90.2,0,compressorCoolOff,Sleep,
2026-08-01T12:10:00.000Z,Front AC,71.2,0,40,71,90.2,75,compressorCoolOff,Sleep,
2026-08-01T12:15:00.000Z,Front AC,71.7,0,40,71,90.2,300,compressorCoolStage1On,Sleep,
2026-08-01T12:20:00.000Z,Front AC,71.4,0,39,71,90.2,300,compressorCoolStage1On,Sleep,
2026-08-01T12:25:00.000Z,Front AC,70.9,0,39,71,90.2,15,compressorCoolStage1On,Sleep,
2026-08-01T12:30:00.000Z,Front AC,70.9,0,40,71,90.2,150,compressorCoolOff,Sleep,
2026-08-01T12:35:00.000Z,Front AC,71.3,0,40,71,90.2,300,compressorCoolStage1On,Sleep,
2026-08-01T12:40:00.000Z,Front AC,70.9,0,39,71,90.2,45,compressorCoolStage1On,Sleep,
2026-08-01T12:45:00.000Z,Front AC,70.9,0,40,71,90.2,180,compressorCoolOff,Sleep,
2026-08-01T12:50:00.000Z,Front AC,70.9,0,40,71,90.2,120,compressorCoolStage1On,Sleep,
2026-08-01T12:55:00.000Z,Front AC,71.1,0,41,71,90.2,180,compressorCoolOff,Sleep,
2026-08-01T13:00:00.000Z,Front AC,71.3,0,41,71,88.6,300,compressorCoolStage1On,Sleep,
2026-08-01T13:05:00.000Z,Front AC,71.4,0,40,71,88.6,300,compressorCoolStage1On,Sleep,
2026-08-01T13:10:00.000Z,Front AC,70.8,0,39,71,88.6,15,compressorCoolStage1On,Sleep,
2026-08-01T13:15:00.000Z,Front AC,70.6,0,40,71,88.6,0,compressorCoolOff,Sleep,
2026-08-01T13:20:00.000Z,Front AC,71.1,0,40,71,88.6,255,compressorCoolOff,Sleep,
2026-08-01T13:25:00.000Z,Front AC,71.2,0,40,71,88.6,240,compressorCoolStage1On,Sleep,
2026-08-01T13:30:00.000Z,Front AC,71,0,40,71,89.9,60,compressorCoolOff,Sleep,
2026-08-01T13:35:00.000Z,Front AC,71.2,0,41,71,89.9,300,compressorCoolStage1On,Sleep,
2026-08-01T13:40:00.000Z,Front AC,70.9,0,40,71,89.9,90,compressorCoolStage1On,Sleep,
2026-08-01T13:45:00.000Z,Front AC,71,0,41,71,89.9,210,compressorCoolOff,Sleep,
2026-08-01T13:50:00.000Z,Front AC,71,0,40,71,89.9,195,compressorCoolStage1On,Sleep,
2026-08-01T13:55:00.000Z,Front AC,70.9,0,41,71,89.9,105,compressorCoolOff,Sleep,
2026-08-01T14:00:00.000Z,Front AC,71.1,0,41,71,92.1,300,compressorCoolStage1On,Sleep,
2026-08-01T14:05:00.000Z,Front AC,70.8,0,40,71,92.1,45,compressorCoolStage1On,Sleep,
2026-08-01T14:10:00.000Z,Front AC,71.1,0,42,71,92.1,255,compressorCoolOff,Sleep,
2026-08-01T14:15:00.000Z,Front AC,71.1,0,41,71,92.1,240,compressorCoolStage1On,Sleep,
2026-08-01T14:20:00.000Z,Front AC,70.6,0,41,71,92.1,0,compressorCoolOff,Sleep,
2026-08-01T14:25:00.000Z,Front AC,71.1,0,42,71,92.1,225,compressorCoolOff,Sleep,
2026-08-01T14:30:00.000Z,Front AC,71.3,0,41,71,93.7,300,compressorCoolStage1On,Sleep,
2026-08-01T14:35:00.000Z,Front AC,70.8,0,40,71,93.7,45,compressorCoolStage1On,Sleep,
2026-08-01T14:40:00.000Z,Front AC,71.2,0,42,71,93.7,255,compressorCoolOff,Sleep,
2026-08-01T14:45:00.000Z,Front AC,71.1,0,41,71,93.7,300,compressorCoolStage1On,Sleep,
2026-08-01T14:50:00.000Z,Front AC,70.7,0,41,71,93.7,0,compressorCoolOff,Sleep,
2026-08-01T14:55:00.000Z,Front AC,71.1,0,42,72,93.7,0,compressorCoolOff,Sleep,
2026-08-01T15:00:00.000Z,Front AC,71.8,0,42,74,96.1,0,compressorCoolOff,Home,
2026-08-01T15:05:00.000Z,Front AC,72.4,0,41,74,96.1,0,compressorCoolOff,Home,
2026-08-01T15:10:00.000Z,Front AC,72.8,0,41,74,96.1,0,compressorCoolOff,Home,
2026-08-01T15:15:00.000Z,Front AC,73.2,0,41,74,96.1,0,compressorCoolOff,Home,
2026-08-01T15:20:00.000Z,Front AC,73.4,0,41,74,96.1,0,compressorCoolOff,Home,
2026-08-01T15:25:00.000Z,Front AC,73.8,0,41,74,96.1,0,compressorCoolOff,Home,
2026-08-01T15:30:00.000Z,Front AC,74,0,41,74,96.1,0,compressorCoolOff,Home,
2026-08-01T15:35:00.000Z,Front AC,74,0,41,74,96.1,0,compressorCoolOff,Home,
2026-08-01T15:40:00.000Z,Front AC,74.4,0,41,74,96.1,150,compressorCoolOff,Home,
2026-08-01T15:45:00.000Z,Front AC,74.4,0,42,74,96.1,300,compressorCoolStage1On,Home,
2026-08-01T15:50:00.000Z,Front AC,73.8,0,43,74,96.1,75,compressorCoolStage1On,Home,
2026-08-01T15:55:00.000Z,Front AC,73.7,0,44,74,96.1,0,compressorCoolOff,Home,
2026-08-01T16:00:00.000Z,Front AC,74.1,0,44,74,98.9,0,compressorCoolOff,Home,
2026-08-01T16:05:00.000Z,Front AC,74.5,0,45,74,98.9,255,compressorCoolOff,Home,
2026-08-01T16:10:00.000Z,Front AC,74.1,0,45,74,98.9,195,compressorCoolStage1On,Home,
2026-08-01T16:15:00.000Z,Front AC,73.8,0,46,74,98.9,0,compressorCoolOff,Home,
2026-08-01T16:20:00.000Z,Front AC,74.3,0,46,74,98.9,75,compressorCoolOff,Home,
2026-08-01T16:25:00.000Z,Front AC,74.5,0,46,74,98.9,300,compressorCoolStage1On,Home,
2026-08-01T16:30:00.000Z,Front AC,73.9,0,45,74,98.9,120,compressorCoolStage1On,Home,
2026-08-01T16:35:00.000Z,Front AC,73.8,0,45,74,98.9,0,compressorCoolOff,Home,
2026-08-01T16:40:00.000Z,Front AC,74.4,0,45,74,98.9,165,compressorCoolOff,Home,
2026-08-01T16:45:00.000Z,Front AC,74.4,0,45,74,98.9,300,compressorCoolStage1On,Home,
2026-08-01T16:50:00.000Z,Front AC,73.8,0,45,74,98.9,75,compressorCoolStage1On,Home,
2026-08-01T16:55:00.000Z,Front AC,73.9,0,45,74,98.9,0,compressorCoolOff,Home,
2026-08-01T17:00:00.000Z,Front AC,74.5,0,45,74,101.3,240,compressorCoolOff,Home,
2026-08-01T17:05:00.000Z,Front AC,74.6,0,44,74,101.3,300,compressorCoolStage1On,Home,
2026-08-01T17:10:00.000Z,Front AC,74.4,0,42,74,101.3,300,compressorCoolStage1On,Home,
2026-08-01T17:15:00.000Z,Front AC,74.1,0,42,74,101.3,300,compressorCoolStage1On,Home,
2026-08-01T17:20:00.000Z,Front AC,73.9,0,42,74,101.3,90,compressorCoolStage1On,Home,
2026-08-01T17:25:00.000Z,Front AC,73.7,0,42,74,101.3,0,compressorCoolOff,Home,
2026-08-01T17:30:00.000Z,Front AC,74.1,0,43,74,102.5,15,compressorCoolOff,Home,
2026-08-01T17:35:00.000Z,Front AC,74.6,0,42,74,102.5,300,compressorCoolStage1On,Home,
2026-08-01T17:40:00.000Z,Front AC,74.4,0,42,74,102.5,300,compressorCoolStage1On,Home,
2026-08-01T17:45:00.000Z,Front AC,74.2,0,42,74,102.5,300,compressorCoolStage1On,Home,
2026-08-01T17:50:00.000Z,Front AC,74.1,0,42,74,102.5,225,compressorCoolStage1On,Home,
2026-08-01T17:55:00.000Z,Front AC,73.6,0,42,74,102.5,0,compressorCoolOff,Home,
2026-08-01T18:00:00.000Z,Front AC,73.8,0,43,74,104,0,compressorCoolOff,Home,
2026-08-01T18:05:00.000Z,Front AC,74.4,0,43,74,104,150,compressorCoolOff,Home,
2026-08-01T18:10:00.000Z,Front AC,74.5,0,42,74,104,300,compressorCoolStage1On,Home,
2026-08-01T18:15:00.000Z,Front AC,74.2,0,42,74,104,300,compressorCoolStage1On,Home,
2026-08-01T18:20:00.000Z,Front AC,74.1,0,42,74,104,300,compressorCoolStage1On,Home,
2026-08-01T18:25:00.000Z,Front AC,73.9,0,42,74,104,60,compressorCoolStage1On,Home,
2026-08-01T18:30:00.000Z,Front AC,73.9,0,43,74,103.2,0,compressorCoolOff,Home,
2026-08-01T18:35:00.000Z,Front AC,74.3,0,43,74,103.2,105,compressorCoolOff,Home,
2026-08-01T18:40:00.000Z,Front AC,74.6,0,42,74,103.2,300,compressorCoolStage1On,Home,
2026-08-01T18:45:00.000Z,Front AC,74.4,0,42,74,103.2,300,compressorCoolStage1On,Home,
2026-08-01T18:50:00.000Z,Front AC,74.2,0,42,74,103.2,300,compressorCoolStage1On,Home,
2026-08-01T18:55:00.000Z,Front AC,74.1,0,42,74,103.2,255,compressorCoolStage1On,Home,
2026-08-01T19:00:00.000Z,Front AC,73.8,0,42,74,104.4,0,compressorCoolOff,Home,
2026-08-01T19:05:00.000Z,Front AC,73.9,0,43,74,104.4,0,compressorCoolOff,Home,
2026-08-01T19:10:00.000Z,Front AC,74.5,0,43,74.5,104.4,60,compressorCoolOff,Home,
2026-08-01T19:15:00.000Z,Front AC,75,0,43,73.8,104.4,120,compressorCoolOff,Home,smartAway
2026-08-01T19:20:00.000Z,Front AC,75.3,0,42,72,104.4,300,compressorCoolStage1On,Home,auto
2026-08-01T19:25:00.000Z,Front AC,75.2,0,42,72,104.4,300,compressorCoolStage1On,Home,auto
2026-08-01T19:30:00.000Z,Front AC,74.8,0,42,72,105.8,300,compressorCoolStage1On,Home,auto
2026-08-01T19:35:00.000Z,Front AC,74.4,0,42,72,105.8,300,compressorCoolStage1On,Home,auto
2026-08-01T19:40:00.000Z,Front AC,73.6,0,43,72,105.8,300,compressorCoolStage1On,Home,auto
2026-08-01T19:45:00.000Z,Front AC,73.2,0,44,72,105.8,300,compressorCoolStage1On,Home,auto
2026-08-01T19:50:00.000Z,Front AC,73,0,44,72,105.8,300,compressorCoolStage1On,Home,auto
2026-08-01T19:55:00.000Z,Front AC,72.9,0,44,72,105.8,300,compressorCoolStage1On,Home,auto
2026-08-01T20:00:00.000Z,Front AC,72.8,0,44,72,106.7,300,compressorCoolStage1On,Home,auto
2026-08-01T20:05:00.000Z,Front AC,72.9,0,44,72,106.7,300,compressorCoolStage1On,Home,auto
2026-08-01T20:10:00.000Z,Front AC,72.9,0,44,72,106.7,300,compressorCoolStage1On,Home,auto
2026-08-01T20:15:00.000Z,Front AC,72.8,0,44,72,106.7,300,compressorCoolStage1On,Home,auto
2026-08-01T20:20:00.000Z,Front AC,72.7,0,44,72,106.7,300,compressorCoolStage1On,Home,auto
2026-08-01T20:25:00.000Z,Front AC,72.6,0,44,72,106.7,300,compressorCoolStage1On,Home,auto
2026-08-01T20:30:00.000Z,Front AC,72.8,0,44,72,106.7,300,compressorCoolStage1On,Home,auto
2026-08-01T20:35:00.000Z,Front AC,72.7,0,44,72,106.7,300,compressorCoolStage1On,Home,auto
2026-08-01T20:40:00.000Z,Front AC,72.7,0,44,72,106.7,300,compressorCoolStage1On,Home,auto
2026-08-01T20:45:00.000Z,Front AC,72.7,0,44,72,106.7,300,compressorCoolStage1On,Home,auto
2026-08-01T20:50:00.000Z,Front AC,72.8,0,44,72,106.7,300,compressorCoolStage1On,Home,auto
2026-08-01T20:55:00.000Z,Front AC,72.7,0,44,72,106.7,300,compressorCoolStage1On,Home,auto
2026-08-01T21:00:00.000Z,Front AC,72.7,0,44,72,108.6,300,compressorCoolStage1On,Home,auto
2026-08-01T21:05:00.000Z,Front AC,72.5,0,45,72,108.6,300,compressorCoolStage1On,Home,auto
2026-08-01T21:10:00.000Z,Front AC,72.6,0,45,72,108.6,300,compressorCoolStage1On,Home,auto
2026-08-01T21:15:00.000Z,Front AC,72.6,0,45,72,108.6,300,compressorCoolStage1On,Home,auto
2026-08-01T21:20:00.000Z,Front AC,72.7,0,44,72,108.6,300,compressorCoolStage1On,Home,auto
2026-08-01T21:25:00.000Z,Front AC,72.9,0,44,72,108.6,300,compressorCoolStage1On,Home,auto
2026-08-01T21:30:00.000Z,Front AC,72.9,0,44,72,108.6,300,compressorCoolStage1On,Home,auto
2026-08-01T21:35:00.000Z,Front AC,73,0,44,72,108.6,300,compressorCoolStage1On,Home,auto
2026-08-01T21:40:00.000Z,Front AC,73,0,44,72,108.6,300,compressorCoolStage1On,Home,auto
2026-08-01T21:45:00.000Z,Front AC,73.1,0,44,72,108.6,300,compressorCoolStage1On,Home,auto
2026-08-01T21:50:00.000Z,Front AC,73,0,44,72,108.6,300,compressorCoolStage1On,Home,auto
2026-08-01T21:55:00.000Z,Front AC,73.1,0,44,72,108.6,300,compressorCoolStage1On,Home,auto
2026-08-01T22:00:00.000Z,Front AC,73,0,44,72,109.8,300,compressorCoolStage1On,Home,auto
2026-08-01T22:05:00.000Z,Front AC,72.8,0,44,72,109.8,300,compressorCoolStage1On,Home,auto
2026-08-01T22:10:00.000Z,Front AC,72.6,0,45,72,109.8,300,compressorCoolStage1On,Home,auto
2026-08-01T22:15:00.000Z,Front AC,72.5,0,45,72,109.8,300,compressorCoolStage1On,Home,auto
2026-08-01T22:20:00.000Z,Front AC,72.4,0,45,72,109.8,300,compressorCoolStage1On,Home,auto
2026-08-01T22:25:00.000Z,Front AC,72.4,0,45,72,109.8,300,compressorCoolStage1On,Home,auto
2026-08-01T22:30:00.000Z,Front AC,72.4,0,45,72,110.1,300,compressorCoolStage1On,Home,auto
2026-08-01T22:35:00.000Z,Front AC,72.5,0,45,72,110.1,300,compressorCoolStage1On,Home,auto
2026-08-01T22:40:00.000Z,Front AC,72.4,0,45,72,110.1,300,compressorCoolStage1On,Home,auto
2026-08-01T22:45:00.000Z,Front AC,72.4,0,45,72,110.1,300,compressorCoolStage1On,Home,auto
2026-08-01T22:50:00.000Z,Front AC,72.3,0,45,72,110.1,300,compressorCoolStage1On,Home,auto
2026-08-01T22:55:00.000Z,Front AC,72.4,0,45,72,110.1,300,compressorCoolStage1On,Home,auto
2026-08-01T23:00:00.000Z,Front AC,72.4,0,45,72,110.1,300,compressorCoolStage1On,Home,auto
2026-08-01T23:05:00.000Z,Front AC,72.4,0,45,72,110.1,300,compressorCoolStage1On,Home,auto
2026-08-01T23:10:00.000Z,Front AC,72.4,0,45,72,110.1,300,compressorCoolStage1On,Home,auto
2026-08-01T23:15:00.000Z,Front AC,72.5,0,45,72,110.1,300,compressorCoolStage1On,Home,auto
2026-08-01T23:20:00.000Z,Front AC,72.5,0,45,72,110.1,300,compressorCoolStage1On,Home,auto
2026-08-01T23:25:00.000Z,Front AC,72.4,0,45,72,110.1,300,compressorCoolStage1On,Home,auto
2026-08-01T23:30:00.000Z,Front AC,72.4,0,45,72,110.1,300,compressorCoolStage1On,Home,auto
2026-08-01T23:35:00.000Z,Front AC,72.4,0,45,72,110.1,300,compressorCoolStage1On,Home,auto
2026-08-01T23:40:00.000Z,Front AC,72.5,0,45,72,110.1,300,compressorCoolStage1On,Home,auto
2026-08-01T23:45:00.000Z,Front AC,72.4,0,45,72,110.1,300,compressorCoolStage1On,Home,auto
2026-08-01T23:50:00.000Z,Front AC,72.3,0,45,72,110.1,300,compressorCoolStage1On,Home,auto
2026-08-01T23:55:00.000Z,Front AC,72.4,0,45,72,110.1,300,compressorCoolStage1On,Home,auto
2026-08-02T00:00:00.000Z,Front AC,72.5,0,45,72,109.8,300,compressorCoolStage1On,Home,auto
2026-08-02T00:05:00.000Z,Front AC,72.4,0,45,72,109.8,300,compressorCoolStage1On,Home,auto
2026-08-02T00:10:00.000Z,Front AC,72.3,0,45,72,109.8,300,compressorCoolStage1On,Home,auto
2026-08-02T00:15:00.000Z,Front AC,72.2,0,45,72,109.8,300,compressorCoolStage1On,Home,auto
2026-08-02T00:20:00.000Z,Front AC,72.2,0,44,72,109.8,300,compressorCoolStage1On,Home,auto
2026-08-02T00:25:00.000Z,Front AC,72.3,0,44,72,109.8,300,compressorCoolStage1On,Home,auto
2026-08-02T00:30:00.000Z,Front AC,72.4,0,44,72,109.8,300,compressorCoolStage1On,Home,auto
2026-08-02T00:35:00.000Z,Front AC,72.4,0,44,72,109.8,300,compressorCoolStage1On,Home,auto
2026-08-02T00:40:00.000Z,Front AC,72.5,0,44,72,109.8,300,compressorCoolStage1On,Home,auto
2026-08-02T00:45:00.000Z,Front AC,72.4,0,44,72,109.8,300,compressorCoolStage1On,Home,auto
2026-08-02T00:50:00.000Z,Front AC,72.3,0,44,72,109.8,300,compressorCoolStage1On,Home,auto
2026-08-02T00:55:00.000Z,Front AC,72.2,0,45,72,109.8,300,compressorCoolStage1On,Home,auto
2026-08-02T01:00:00.000Z,Front AC,72.3,0,45,72,109.4,300,compressorCoolStage1On,Home,auto
2026-08-02T01:05:00.000Z,Front AC,72.3,0,44,72,109.4,300,compressorCoolStage1On,Home,auto
2026-08-02T01:10:00.000Z,Front AC,72.2,0,44,72,109.4,300,compressorCoolStage1On,Home,auto
2026-08-02T01:15:00.000Z,Front AC,72.1,0,44,72,109.4,300,compressorCoolStage1On,Home,auto
2026-08-02T01:20:00.000Z,Front AC,72.1,0,45,72,109.4,300,compressorCoolStage1On,Home,auto
2026-08-02T01:25:00.000Z,Front AC,72.2,0,45,72,109.4,300,compressorCoolStage1On,Home,auto
2026-08-02T01:30:00.000Z,Front AC,72.2,0,45,72,109.4,300,compressorCoolStage1On,Home,auto
2026-08-02T01:35:00.000Z,Front AC,72.2,0,44,72,109.4,300,compressorCoolStage1On,Home,auto
2026-08-02T01:40:00.000Z,Front AC,72.1,0,44,72,109.4,300,compressorCoolStage1On,Home,auto
2026-08-02T01:45:00.000Z,Front AC,72.1,0,44,72,109.4,300,compressorCoolStage1On,Home,auto
2026-08-02T01:50:00.000Z,Front AC,72.1,0,44,72,109.4,300,compressorCoolStage1On,Home,auto
2026-08-02T01:55:00.000Z,Front AC,72.1,0,44,72,109.4,300,compressorCoolStage1On,Home,auto
2026-08-02T02:00:00.000Z,Front AC,72.1,0,44,72,107.8,300,compressorCoolStage1On,Home,auto
2026-08-02T02:05:00.000Z,Front AC,72.1,0,44,72,107.8,300,compressorCoolStage1On,Home,auto
2026-08-02T02:10:00.000Z,Front AC,72.5,0,44,72,107.8,300,compressorCoolStage1On,Home,auto
2026-08-02T02:15:00.000Z,Front AC,73.1,0,44,72,107.8,300,compressorCoolStage1On,Home,auto
2026-08-02T02:20:00.000Z,Front AC,73.3,0,44,72,107.8,300,compressorCoolStage1On,Home,auto
2026-08-02T02:25:00.000Z,Front AC,73.2,0,44,72,107.8,300,compressorCoolStage1On,Home,auto
2026-08-02T02:30:00.000Z,Front AC,73.2,0,42,72,107.6,300,compressorCoolStage1On,Home,auto
2026-08-02T02:35:00.000Z,Front AC,73.1,0,42,72,107.6,300,compressorCoolStage1On,Home,auto
2026-08-02T02:40:00.000Z,Front AC,73,0,42,72,107.6,300,compressorCoolStage1On,Home,auto
2026-08-02T02:45:00.000Z,Front AC,73,0,42,72,107.6,300,compressorCoolStage1On,Home,auto
2026-08-02T02:50:00.000Z,Front AC,72.9,0,42,72,107.6,300,compressorCoolStage1On,Home,auto
2026-08-02T02:55:00.000Z,Front AC,72.8,0,42,72,107.6,300,compressorCoolStage1On,Home,auto
2026-08-02T03:00:00.000Z,Front AC,72.6,0,42,72,105.2,300,compressorCoolStage1On,Home,auto
2026-08-02T03:05:00.000Z,Front AC,71.9,0,42,72,105.2,135,compressorCoolStage1On,Home,auto
2026-08-02T03:10:00.000Z,Front AC,71.8,0,44,72,105.2,0,compressorCoolOff,Home,auto
2026-08-02T03:15:00.000Z,Front AC,72.6,0,43,72,105.2,225,compressorCoolOff,Home,auto
2026-08-02T03:20:00.000Z,Front AC,72.6,0,44,72,105.2,300,compressorCoolStage1On,Home,auto
2026-08-02T03:25:00.000Z,Front AC,72.2,0,43,72,105.2,240,compressorCoolStage1On,Home,auto
2026-08-02T03:30:00.000Z,Front AC,72,0,43,72,105.3,0,compressorCoolOff,Home,auto
2026-08-02T03:35:00.000Z,Front AC,72.7,0,44,72,105.3,285,compressorCoolOff,Home,auto
2026-08-02T03:40:00.000Z,Front AC,72.6,0,44,72,105.3,300,compressorCoolStage1On,Home,auto
2026-08-02T03:45:00.000Z,Front AC,72.2,0,44,72,105.3,300,compressorCoolStage1On,Home,auto
2026-08-02T03:50:00.000Z,Front AC,72,0,43,72,105.3,90,compressorCoolStage1On,Home,auto
2026-08-02T03:55:00.000Z,Front AC,72.4,0,43,72,105.3,150,compressorCoolOff,Home,auto
2026-08-02T04:00:00.000Z,Front AC,72.6,0,43,72,103.6,300,compressorCoolStage1On,Home,auto
2026-08-02T04:05:00.000Z,Front AC,72.1,0,43,72,103.6,240,compressorCoolStage1On,Home,auto
2026-08-02T04:10:00.000Z,Front AC,71.9,0,44,72,103.6,0,compressorCoolOff,Home,auto
2026-08-02T04:15:00.000Z,Front AC,72.7,0,43,72,103.6,285,compressorCoolOff,Home,auto
2026-08-02T04:20:00.000Z,Front AC,72.7,0,43,72,103.6,300,compressorCoolStage1On,Home,auto
2026-08-02T04:25:00.000Z,Front AC,72.4,0,43,71.6,103.6,300,compressorCoolStage1On,Home,auto
2026-08-02T04:30:00.000Z,Front AC,72,0,42,71,104,300,compressorCoolStage1On,Sleep,
2026-08-02T04:35:00.000Z,Front AC,71.7,0,42,71,104,300,compressorCoolStage1On,Sleep,
2026-08-02T04:40:00.000Z,Front AC,71.5,0,42,71,104,300,compressorCoolStage1On,Sleep,
2026-08-02T04:45:00.000Z,Front AC,71.3,0,42,71,104,300,compressorCoolStage1On,Sleep,
2026-08-02T04:50:00.000Z,Front AC,71.2,0,42,71,104,300,compressorCoolStage1On,Sleep,
2026-08-02T04:55:00.000Z,Front AC,71,0,42,71,104,225,compressorCoolStage1On,Sleep,
2026-08-02T05:00:00.000Z,Front AC,71.1,0,42,71,102.2,30,compressorCoolOff,Sleep,
2026-08-02T05:05:00.000Z,Front AC,71.8,0,42,71,102.2,300,compressorCoolStage1On,Sleep,
2026-08-02T05:10:00.000Z,Front AC,71.7,0,42,71,102.2,300,compressorCoolStage1On,Sleep,
2026-08-02T05:15:00.000Z,Front AC,71.6,0,42,71,102.2,300,compressorCoolStage1On,Sleep,
2026-08-02T05:20:00.000Z,Front AC,71.7,0,41,71,102.2,300,compressorCoolStage1On,Sleep,
2026-08-02T05:25:00.000Z,Front AC,71.7,0,41,71,102.2,300,compressorCoolStage1On,Sleep,
2026-08-02T05:30:00.000Z,Front AC,71.7,0,41,71,102.2,300,compressorCoolStage1On,Sleep,
2026-08-02T05:35:00.000Z,Front AC,71.7,0,41,71,102.2,300,compressorCoolStage1On,Sleep,
2026-08-02T05:40:00.000Z,Front AC,71.6,0,41,71,102.2,300,compressorCoolStage1On,Sleep,
2026-08-02T05:45:00.000Z,Front AC,71.5,0,41,71,102.2,300,compressorCoolStage1On,Sleep,
2026-08-02T05:50:00.000Z,Front AC,71.5,0,41,71,102.2,300,compressorCoolStage1On,Sleep,
2026-08-02T05:55:00.000Z,Front AC,71.4,0,41,71,102.2,300,compressorCoolStage1On,Sleep,
2026-08-02T06:00:00.000Z,Front AC,71.4,0,41,71,100.3,300,compressorCoolStage1On,Sleep,
2026-08-02T06:05:00.000Z,Front AC,71.4,0,41,71,100.3,300,compressorCoolStage1On,Sleep,
2026-08-02T06:10:00.000Z,Front AC,71.4,0,41,71,100.3,300,compressorCoolStage1On,Sleep,
2026-08-02T06:15:00.000Z,Front AC,71.3,0,41,71,100.3,300,compressorCoolStage1On,Sleep,
2026-08-02T06:20:00.000Z,Front AC,71.1,0,40,71,100.3,300,compressorCoolStage1On,Sleep,
2026-08-02T06:25:00.000Z,Front AC,71,0,41,71,100.3,210,compressorCoolStage1On,Sleep,
2026-08-02T06:30:00.000Z,Front AC,71,0,41,71,100.3,0,compressorCoolOff,Sleep,
2026-08-02T06:35:00.000Z,Front AC,71.7,0,41,71,100.3,270,compressorCoolOff,Sleep,
2026-08-02T06:40:00.000Z,Front AC,71.9,0,40,71,100.3,300,compressorCoolStage1On,Sleep,
2026-08-02T06:45:00.000Z,Front AC,71.7,0,40,71,100.3,300,compressorCoolStage1On,Sleep,
2026-08-02T06:50:00.000Z,Front AC,71.4,0,41,71,100.3,300,compressorCoolStage1On,Sleep,
2026-08-02T06:55:00.000Z,Front AC,71.1,0,41,71,100.3,255,compressorCoolStage1On,Sleep,
2026-08-02T07:00:00.000Z,Front AC,71,0,41,71,99.7,0,compressorCoolOff,Sleep,
2026-08-02T07:05:00.000Z,Front AC,71.6,0,41,71,99.7,225,compressorCoolOff,Sleep,
2026-08-02T07:10:00.000Z,Front AC,71.8,0,40,71,99.7,300,compressorCoolStage1On,Sleep,
2026-08-02T07:15:00.000Z,Front AC,71.6,0,40,71,99.7,300,compressorCoolStage1On,Sleep,
2026-08-02T07:20:00.000Z,Front AC,71.4,0,41,71,99.7,300,compressorCoolStage1On,Sleep,
2026-08-02T07:25:00.000Z,Front AC,71.1,0,40,71,99.7,210,compressorCoolStage1On,Sleep,
2026-08-02T07:30:00.000Z,Front AC,71,0,41,71,99.7,0,compressorCoolOff,Sleep,
2026-08-02T07:35:00.000Z,Front AC,71.6,0,41,71,99.7,225,compressorCoolOff,Sleep,
2026-08-02T07:40:00.000Z,Front AC,71.8,0,40,71,99.7,300,compressorCoolStage1On,Sleep,
2026-08-02T07:45:00.000Z,Front AC,71.4,0,40,71,99.7,300,compressorCoolStage1On,Sleep,
2026-08-02T07:50:00.000Z,Front AC,71.3,0,40,71,99.7,300,compressorCoolStage1On,Sleep,
2026-08-02T07:55:00.000Z,Front AC,71.2,0,39,71,99.7,300,compressorCoolStage1On,Sleep,
2026-08-02T08:00:00.000Z,Front AC,70.9,0,39,71,98.5,90,compressorCoolStage1On,Sleep,
2026-08-02T08:05:00.000Z,Front AC,71,0,40,71,98.5,0,compressorCoolOff,Sleep,
2026-08-02T08:10:00.000Z,Front AC,71.7,0,40,71,98.5,300,compressorCoolStage1On,Sleep,
2026-08-02T08:15:00.000Z,Front AC,71.8,0,40,71,98.5,300,compressorCoolStage1On,Sleep,
2026-08-02T08:20:00.000Z,Front AC,71.5,0,39,71,98.5,300,compressorCoolStage1On,Sleep,
2026-08-02T08:25:00.000Z,Front AC,71.3,0,39,71,98.5,300,compressorCoolStage1On,Sleep,
2026-08-02T08:30:00.000Z,Front AC,71,0,39,71,98.5,195,compressorCoolStage1On,Sleep,
2026-08-02T08:35:00.000Z,Front AC,70.9,0,40,71,98.5,0,compressorCoolOff,Sleep,
2026-08-02T08:40:00.000Z,Front AC,71.4,0,40,71,98.5,150,compressorCoolOff,Sleep,
2026-08-02T08:45:00.000Z,Front AC,71.7,0,40,71,98.5,300,compressorCoolStage1On,Sleep,
2026-08-02T08:50:00.000Z,Front AC,71.4,0,40,71,98.5,300,compressorCoolStage1On,Sleep,
2026-08-02T08:55:00.000Z,Front AC,71,0,40,71,98.5,120,compressorCoolStage1On,Sleep,
2026-08-02T09:00:00.000Z,Front AC,71.1,0,40,71,97.3,15,compressorCoolOff,Sleep,
2026-08-02T09:05:00.000Z,Front AC,71.7,0,40,71,97.3,300,compressorCoolStage1On,Sleep,
2026-08-02T09:10:00.000Z,Front AC,71.7,0,40,71,97.3,300,compressorCoolStage1On,Sleep,
2026-08-02T09:15:00.000Z,Front AC,71.4,0,39,71,97.3,300,compressorCoolStage1On,Sleep,
2026-08-02T09:20:00.000Z,Front AC,71,0,39,71,97.3,165,compressorCoolStage1On,Sleep,
2026-08-02T09:25:00.000Z,Front AC,71,0,40,71,97.3,0,compressorCoolOff,Sleep,
2026-08-02T09:30:00.000Z,Front AC,71.5,0,40,71,97.3,225,compressorCoolOff,Sleep,
2026-08-02T09:35:00.000Z,Front AC,71.7,0,40,71,97.3,300,compressorCoolStage1On,Sleep,
2026-08-02T09:40:00.000Z,Front AC,71.4,0,39,71,97.3,300,compressorCoolStage1On,Sleep,
2026-08-02T09:45:00.000Z,Front AC,71.1,0,39,71,97.3,210,compressorCoolStage1On,Sleep,
2026-08-02T09:50:00.000Z,Front AC,71,0,39,71,97.3,0,compressorCoolOff,Sleep,
2026-08-02T09:55:00.000Z,Front AC,71.5,0,40,71,97.3,210,compressorCoolOff,Sleep,
2026-08-02T10:00:00.000Z,Front AC,71.8,0,40,71,95,300,compressorCoolStage1On,Sleep,
2026-08-02T10:05:00.000Z,Front AC,71.4,0,39,71,95,300,compressorCoolStage1On,Sleep,
2026-08-02T10:10:00.000Z,Front AC,70.9,0,39,71,95,75,compressorCoolStage1On,Sleep,
2026-08-02T10:15:00.000Z,Front AC,71,0,40,71,95,0,compressorCoolOff,Sleep,
2026-08-02T10:20:00.000Z,Front AC,71.6,0,40,71,95,285,compressorCoolOff,Sleep,
2026-08-02T10:25:00.000Z,Front AC,71.6,0,39,71,95,300,compressorCoolStage1On,Sleep,
2026-08-02T10:30:00.000Z,Front AC,71.3,0,39,71,94,300,compressorCoolStage1On,Sleep,
2026-08-02T10:35:00.000Z,Front AC,71,0,39,71,94,150,compressorCoolStage1On,Sleep,
2026-08-02T10:40:00.000Z,Front AC,70.9,0,40,71,94,0,compressorCoolOff,Sleep,
2026-08-02T10:45:00.000Z,Front AC,71.5,0,40,71,94,210,compressorCoolOff,Sleep,
2026-08-02T10:50:00.000Z,Front AC,71.7,0,40,71,94,300,compressorCoolStage1On,Sleep,
2026-08-02T10:55:00.000Z,Front AC,71.4,0,39,71,94,300,compressorCoolStage1On,Sleep,
2026-08-02T11:00:00.000Z,Front AC,71,0,39,71,93.3,165,compressorCoolStage1On,Sleep,
2026-08-02T11:05:00.000Z,Front AC,70.8,0,40,71,93.3,30,compressorCoolOff,Sleep,
2026-08-02T11:10:00.000Z,Front AC,71.3,0,40,71,93.3,300,compressorCoolStage1On,Sleep,
2026-08-02T11:15:00.000Z,Front AC,71.2,0,39,71,93.3,270,compressorCoolStage1On,Sleep,
2026-08-02T11:20:00.000Z,Front AC,70.8,0,39,71,93.3,0,compressorCoolOff,Sleep,
2026-08-02T11:25:00.000Z,Front AC,71.2,0,40,71,93.3,270,compressorCoolOff,Sleep,
2026-08-02T11:30:00.000Z,Front AC,71.1,0,40,71,93.3,270,compressorCoolStage1On,Sleep,
2026-08-02T11:35:00.000Z,Front AC,70.9,0,40,71,93.3,0,compressorCoolOff,Sleep,
2026-08-02T11:40:00.000Z,Front AC,71.2,0,40,71,93.3,300,compressorCoolStage1On,Sleep,
2026-08-02T11:45:00.000Z,Front AC,71.1,0,40,71,93.3,240,compressorCoolStage1On,Sleep,
2026-08-02T11:50:00.000Z,Front AC,70.8,0,40,71,93.3,0,compressorCoolOff,Sleep,
2026-08-02T11:55:00.000Z,Front AC,71.2,0,41,71,93.3,255,compressorCoolOff,Sleep,
2026-08-02T12:00:00.000Z,Front AC,71.4,0,40,71,91.5,300,compressorCoolStage1On,Sleep,
2026-08-02T12:05:00.000Z,Front AC,71.2,0,39,71,91.5,300,compressorCoolStage1On,Sleep,
2026-08-02T12:10:00.000Z,Front AC,70.9,0,39,71,91.5,45,compressorCoolStage1On,Sleep,
2026-08-02T12:15:00.000Z,Front AC,71,0,40,71,91.5,150,compressorCoolOff,Sleep,
2026-08-02T12:20:00.000Z,Front AC,71.3,0,40,71,91.5,300,compressorCoolStage1On,Sleep,
2026-08-02T12:25:00.000Z,Front AC,71.2,0,39,71,91.5,300,compressorCoolStage1On,Sleep,
2026-08-02T12:30:00.000Z,Front AC,71,0,39,71,91.5,120,compressorCoolStage1On,Sleep,
2026-08-02T12:35:00.000Z,Front AC,71,0,40,71,91.5,0,compressorCoolOff,Sleep,
2026-08-02T12:40:00.000Z,Front AC,71.5,0,40,71,91.5,210,compressorCoolOff,Sleep,
2026-08-02T12:45:00.000Z,Front AC,71.6,0,39,71,91.5,300,compressorCoolStage1On,Sleep,
2026-08-02T12:50:00.000Z,Front AC,71.2,0,39,71,91.5,285,compressorCoolStage1On,Sleep,
2026-08-02T12:55:00.000Z,Front AC,70.8,0,39,71,91.5,0,compressorCoolOff,Sleep,
2026-08-02T13:00:00.000Z,Front AC,71.1,0,40,71,89.8,0,compressorCoolOff,Sleep,
2026-08-02T13:05:00.000Z,Front AC,71.6,0,40,71,89.8,285,compressorCoolOff,Sleep,
2026-08-02T13:10:00.000Z,Front AC,71.6,0,40,71,89.8,300,compressorCoolStage1On,Sleep,
2026-08-02T13:15:00.000Z,Front AC,71.2,0,39,71,89.8,300,compressorCoolStage1On,Sleep,
2026-08-02T13:20:00.000Z,Front AC,70.9,0,39,71,89.8,30,compressorCoolStage1On,Sleep,
2026-08-02T13:25:00.000Z,Front AC,71,0,40,71,89.8,0,compressorCoolOff,Sleep,
2026-08-02T13:30:00.000Z,Front AC,71.5,0,40,71,92,240,compressorCoolOff,Sleep,
2026-08-02T13:35:00.000Z,Front AC,71.7,0,40,71,92,300,compressorCoolStage1On,Sleep,
2026-08-02T13:40:00.000Z,Front AC,71.2,0,39,71,92,255,compressorCoolStage1On,Sleep,
2026-08-02T13:45:00.000Z,Front AC,70.4,0,39,72.1,92,0,compressorCoolOff,Sleep,
2026-08-02T13:50:00.000Z,Front AC,70.5,0,40,73,92,0,compressorCoolOff,Sleep,auto
2026-08-02T13:55:00.000Z,Front AC,71.2,0,40,73,92,0,compressorCoolOff,Sleep,auto
2026-08-02T14:00:00.000Z,Front AC,71.8,0,40,73,93.2,0,compressorCoolOff,Sleep,auto
2026-08-02T14:05:00.000Z,Front AC,72.1,0,40,73,93.2,0,compressorCoolOff,Sleep,auto
2026-08-02T14:10:00.000Z,Front AC,72.2,0,40,73,93.2,0,compressorCoolOff,Sleep,auto
2026-08-02T14:15:00.000Z,Front AC,72.6,0,40,73,93.2,0,compressorCoolOff,Sleep,auto
2026-08-02T14:20:00.000Z,Front AC,72.8,0,40,73,93.2,0,compressorCoolOff,Sleep,auto
2026-08-02T14:25:00.000Z,Front AC,72.9,0,40,73,93.2,0,compressorCoolOff,Sleep,auto
2026-08-02T14:30:00.000Z,Front AC,73.3,0,40,73,93.2,75,compressorCoolOff,Sleep,auto
2026-08-02T14:35:00.000Z,Front AC,73.3,0,40,73,93.2,255,compressorCoolStage1On,Sleep,auto
2026-08-02T14:40:00.000Z,Front AC,72.9,0,40,73,93.2,0,compressorCoolOff,Sleep,auto
2026-08-02T14:45:00.000Z,Front AC,73.1,0,42,73,93.2,0,compressorCoolOff,Sleep,auto
2026-08-02T14:50:00.000Z,Front AC,73.1,0,40,73,93.2,0,compressorCoolOff,Sleep,auto
2026-08-02T14:55:00.000Z,Front AC,73.4,0,40,73.3,93.2,0,compressorCoolOff,Sleep,auto
2026-08-02T15:00:00.000Z,Front AC,73.6,0,40,74,95.2,0,compressorCoolOff,Home,
2026-08-02T15:05:00.000Z,Front AC,73.7,0,40,74,95.2,0,compressorCoolOff,Home,
2026-08-02T15:10:00.000Z,Front AC,73.9,0,40,74,95.2,0,compressorCoolOff,Home,
2026-08-02T15:15:00.000Z,Front AC,74.4,0,41,74,95.2,240,compressorCoolOff,Home,
2026-08-02T15:20:00.000Z,Front AC,74,0,41,74,95.2,60,compressorCoolStage1On,Home,
2026-08-02T15:25:00.000Z,Front AC,74.1,0,42,74,95.2,0,compressorCoolOff,Home,
2026-08-02T15:30:00.000Z,Front AC,74.1,0,41,74,95.2,0,compressorCoolOff,Home,
2026-08-02T15:35:00.000Z,Front AC,74.4,0,41,74,95.2,270,compressorCoolOff,Home,
2026-08-02T15:40:00.000Z,Front AC,74.2,0,43,74,95.2,210,compressorCoolStage1On,Home,
2026-08-02T15:45:00.000Z,Front AC,73.7,0,43,74,95.2,0,compressorCoolOff,Home,
2026-08-02T15:50:00.000Z,Front AC,74.1,0,43,74,95.2,15,compressorCoolOff,Home,
2026-08-02T15:55:00.000Z,Front AC,74.5,0,43,74,95.2,300,compressorCoolStage1On,Home,
2026-08-02T16:00:00.000Z,Front AC,74,0,43,74,97.3,180,compressorCoolStage1On,Home,
2026-08-02T16:05:00.000Z,Front AC,73.7,0,44,74,97.3,0,compressorCoolOff,Home,
2026-08-02T16:10:00.000Z,Front AC,74.3,0,43,74,97.3,90,compressorCoolOff,Home,
2026-08-02T16:15:00.000Z,Front AC,74.5,0,43,74,97.3,300,compressorCoolStage1On,Home,
2026-08-02T16:20:00.000Z,Front AC,74.1,0,43,74,97.3,180,compressorCoolStage1On,Home,
2026-08-02T16:25:00.000Z,Front AC,73.8,0,43,74,97.3,0,compressorCoolOff,Home,
2026-08-02T16:30:00.000Z,Front AC,74.3,0,43,74,99.1,90,compressorCoolOff,Home,
2026-08-02T16:35:00.000Z,Front AC,74.4,0,43,74,99.1,300,compressorCoolStage1On,Home,
2026-08-02T16:40:00.000Z,Front AC,73.8,0,43,74,99.1,60,compressorCoolStage1On,Home,
2026-08-02T16:45:00.000Z,Front AC,74,0,43,74,99.1,0,compressorCoolOff,Home,
2026-08-02T16:50:00.000Z,Front AC,74.5,0,43,74,99.1,240,compressorCoolOff,Home,
2026-08-02T16:55:00.000Z,Front AC,74.2,0,43,74,99.1,255,compressorCoolStage1On,Home,
2026-08-02T17:00:00.000Z,Front AC,73.8,0,44,74,100,0,compressorCoolOff,Home,
2026-08-02T17:05:00.000Z,Front AC,74.3,0,44,74,100,105,compressorCoolOff,Home,
2026-08-02T17:10:00.000Z,Front AC,74.4,0,43,74,100,300,compressorCoolStage1On,Home,
2026-08-02T17:15:00.000Z,Front AC,73.9,0,43,74,100,60,compressorCoolStage1On,Home,
2026-08-02T17:20:00.000Z,Front AC,74.1,0,45,74,100,30,compressorCoolOff,Home,
2026-08-02T17:25:00.000Z,Front AC,74.7,0,44,74,100,300,compressorCoolStage1On,Home,
2026-08-02T17:30:00.000Z,Front AC,74.3,0,43,74,101.1,285,compressorCoolStage1On,Home,
2026-08-02T17:35:00.000Z,Front AC,73.8,0,44,74,101.1,0,compressorCoolOff,Home,
2026-08-02T17:40:00.000Z,Front AC,74.2,0,45,74,101.1,90,compressorCoolOff,Home,
2026-08-02T17:45:00.000Z,Front AC,74.6,0,45,74,101.1,300,compressorCoolStage1On,Home,
2026-08-02T17:50:00.000Z,Front AC,74.2,0,44,74,101.1,270,compressorCoolStage1On,Home,
2026-08-02T17:55:00.000Z,Front AC,73.9,0,44,74,101.1,0,compressorCoolOff,Home,
2026-08-02T18:00:00.000Z,Front AC,74.4,0,45,74,102.4,150,compressorCoolOff,Home,
2026-08-02T18:05:00.000Z,Front AC,74.6,0,45,74,102.4,300,compressorCoolStage1On,Home,
2026-08-02T18:10:00.000Z,Front AC,74.1,0,45,74,102.4,300,compressorCoolStage1On,Home,
2026-08-02T18:15:00.000Z,Front AC,73.8,0,45,74,102.4,0,compressorCoolOff,Home,
2026-08-02T18:20:00.000Z,Front AC,74.3,0,45,74,102.4,120,compressorCoolOff,Home,
2026-08-02T18:25:00.000Z,Front AC,74.7,0,45,74,102.4,300,compressorCoolStage1On,Home,
2026-08-02T18:30:00.000Z,Front AC,74.3,0,44,74,103.4,300,compressorCoolStage1On,Home,
2026-08-02T18:35:00.000Z,Front AC,73.9,0,43,74,103.4,15,compressorCoolStage1On,Home,
2026-08-02T18:40:00.000Z,Front AC,74.3,0,45,74,103.4,120,compressorCoolOff,Home,
2026-08-02T18:45:00.000Z,Front AC,74.6,0,44,74,103.4,300,compressorCoolStage1On,Home,
2026-08-02T18:50:00.000Z,Front AC,74.3,0,43,74,103.4,300,compressorCoolStage1On,Home,
2026-08-02T18:55:00.000Z,Front AC,73.9,0,43,74,103.4,90,compressorCoolStage1On,Home,
2026-08-02T19:00:00.000Z,Front AC,74.1,0,44,74,104.7,0,compressorCoolOff,Home,
2026-08-02T19:05:00.000Z,Front AC,74.6,0,44,74,104.7,285,compressorCoolOff,Home,
2026-08-02T19:10:00.000Z,Front AC,74.7,0,43,74,104.7,300,compressorCoolStage1On,Home,
2026-08-02T19:15:00.000Z,Front AC,74.3,0,43,74,104.7,300,compressorCoolStage1On,Home,
2026-08-02T19:20:00.000Z,Front AC,74,0,43,74,104.7,120,compressorCoolStage1On,Home,
2026-08-02T19:25:00.000Z,Front AC,74.1,0,44,74,104.7,30,compressorCoolOff,Home,
2026-08-02T19:30:00.000Z,Front AC,74.7,0,45,74,104.7,300,compressorCoolStage1On,Home,
2026-08-02T19:35:00.000Z,Front AC,74.6,0,43,74,104.7,300,compressorCoolStage1On,Home,
2026-08-02T19:40:00.000Z,Front AC,74.4,0,43,74,104.7,300,compressorCoolStage1On,Home,
2026-08-02T19:45:00.000Z,Front AC,74.1,0,43,74,104.7,285,compressorCoolStage1On,Home,
2026-08-02T19:50:00.000Z,Front AC,74,0,44,74,104.7,0,compressorCoolOff,Home,
2026-08-02T19:55:00.000Z,Front AC,74.5,0,45,74,104.7,180,compressorCoolOff,Home,
2026-08-02T20:00:00.000Z,Front AC,74.6,0,44,74,106.4,300,compressorCoolStage1On,Home,
2026-08-02T20:05:00.000Z,Front AC,74.4,0,43,74,106.4,300,compressorCoolStage1On,Home,
2026-08-02T20:10:00.000Z,Front AC,74.1,0,43,74,106.4,300,compressorCoolStage1On,Home,
2026-08-02T20:15:00.000Z,Front AC,74,0,43,74,106.4,30,compressorCoolStage1On,Home,
2026-08-02T20:20:00.000Z,Front AC,74.5,0,45,74,106.4,180,compressorCoolOff,Home,
2026-08-02T20:25:00.000Z,Front AC,74.7,0,44,74,106.4,300,compressorCoolStage1On,Home,
2026-08-02T20:30:00.000Z,Front AC,74.6,0,44,74,106.4,300,compressorCoolStage1On,Home,
2026-08-02T20:35:00.000Z,Front AC,74.9,0,43,74,106.4,300,compressorCoolStage1On,Home,
2026-08-02T20:40:00.000Z,Front AC,74.9,0,43,74,106.4,300,compressorCoolStage1On,Home,
2026-08-02T20:45:00.000Z,Front AC,74.9,0,43,74,106.4,300,compressorCoolStage1On,Home,
2026-08-02T20:50:00.000Z,Front AC,74.7,0,43,74,106.4,300,compressorCoolStage1On,Home,
2026-08-02T20:55:00.000Z,Front AC,74.3,0,43,74,106.4,300,compressorCoolStage1On,Home,
2026-08-02T21:00:00.000Z,Front AC,74.1,0,44,74,108.5,255,compressorCoolStage1On,Home,
2026-08-02T21:05:00.000Z,Front AC,73.8,0,44,74,108.5,0,compressorCoolOff,Home,
2026-08-02T21:10:00.000Z,Front AC,74.2,0,44,74,108.5,45,compressorCoolOff,Home,
2026-08-02T21:15:00.000Z,Front AC,74.8,0,43,74,108.5,300,compressorCoolStage1On,Home,
2026-08-02T21:20:00.000Z,Front AC,75.1,0,43,74,108.5,300,compressorCoolStage1On,Home,
2026-08-02T21:25:00.000Z,Front AC,74.9,0,42,74,108.5,300,compressorCoolStage1On,Home,
2026-08-02T21:30:00.000Z,Front AC,74.6,0,42,74,108.9,300,compressorCoolStage1On,Home,
2026-08-02T21:35:00.000Z,Front AC,74.3,0,42,74,108.9,300,compressorCoolStage1On,Home,
2026-08-02T21:40:00.000Z,Front AC,74.4,0,42,74,108.9,300,compressorCoolStage1On,Home,
2026-08-02T21:45:00.000Z,Front AC,74.3,0,43,74,108.9,300,compressorCoolStage1On,Home,
2026-08-02T21:50:00.000Z,Front AC,74.1,0,43,74,108.9,300,compressorCoolStage1On,Home,
2026-08-02T21:55:00.000Z,Front AC,73.9,0,44,74,108.9,30,compressorCoolStage1On,Home,
2026-08-02T22:00:00.000Z,Front AC,74,0,44,74,109.5,0,compressorCoolOff,Home,
2026-08-02T22:05:00.000Z,Front AC,74.7,0,43,74,109.5,285,compressorCoolOff,Home,
2026-08-02T22:10:00.000Z,Front AC,75,0,42,74,109.5,300,compressorCoolStage1On,Home,
2026-08-02T22:15:00.000Z,Front AC,74.8,0,42,74,109.5,300,compressorCoolStage1On,Home,
2026-08-02T22:20:00.000Z,Front AC,74.6,0,42,74,109.5,300,compressorCoolStage1On,Home,
2026-08-02T22:25:00.000Z,Front AC,74.3,0,42,74,109.5,300,compressorCoolStage1On,Home,
2026-08-02T22:30:00.000Z,Front AC,74.2,0,42,74,109.5,300,compressorCoolStage1On,Home,
2026-08-02T22:35:00.000Z,Front AC,74.3,0,42,74,109.5,300,compressorCoolStage1On,Home,
2026-08-02T22:40:00.000Z,Front AC,74.3,0,43,74,109.5,300,compressorCoolStage1On,Home,
2026-08-02T22:45:00.000Z,Front AC,74.2,0,42,74,109.5,300,compressorCoolStage1On,Home,
2026-08-02T22:50:00.000Z,Front AC,74.1,0,42,74,109.5,300,compressorCoolStage1On,Home,
2026-08-02T22:55:00.000Z,Front AC,74.1,0,42,74,109.5,300,compressorCoolStage1On,Home,
2026-08-02T23:00:00.000Z,Front AC,74.1,0,42,74,109.5,300,compressorCoolStage1On,Home,
2026-08-02T23:05:00.000Z,Front AC,74.1,0,42,74,109.5,300,compressorCoolStage1On,Home,
2026-08-02T23:10:00.000Z,Front AC,74,0,42,74,109.5,135,compressorCoolStage1On,Home,
2026-08-02T23:15:00.000Z,Front AC,74.1,0,43,74,109.5,0,compressorCoolOff,Home,
2026-08-02T23:20:00.000Z,Front AC,74.6,0,43,74,109.5,240,compressorCoolOff,Home,
2026-08-02T23:25:00.000Z,Front AC,74.8,0,42,74,109.5,300,compressorCoolStage1On,Home,
2026-08-02T23:30:00.000Z,Front AC,74.7,0,42,74,109.5,300,compressorCoolStage1On,Home,
2026-08-02T23:35:00.000Z,Front AC,74.3,0,43,74,109.5,300,compressorCoolStage1On,Home,
2026-08-02T23:40:00.000Z,Front AC,74,0,43,74,109.5,105,compressorCoolStage1On,Home,
2026-08-02T23:45:00.000Z,Front AC,74.3,0,44,74,109.5,90,compressorCoolOff,Home,
2026-08-02T23:50:00.000Z,Front AC,74.7,0,44,74,109.5,300,compressorCoolStage1On,Home,
2026-08-02T23:55:00.000Z,Front AC,74.7,0,43,74,109.5,300,compressorCoolStage1On,Home,
2026-08-03T00:00:00.000Z,Front AC,74.4,0,43,74,109.5,300,compressorCoolStage1On,Home,
2026-08-03T00:05:00.000Z,Front AC,74.2,0,43,74,109.5,300,compressorCoolStage1On,Home,
2026-08-03T00:10:00.000Z,Front AC,74,0,42,74,109.5,120,compressorCoolStage1On,Home,
2026-08-03T00:15:00.000Z,Front AC,74.2,0,43,74,109.5,75,compressorCoolOff,Home,
2026-08-03T00:20:00.000Z,Front AC,74.7,0,43,74,109.5,300,compressorCoolStage1On,Home,
2026-08-03T00:25:00.000Z,Front AC,74.6,0,43,74,109.5,300,compressorCoolStage1On,Home,
2026-08-03T00:30:00.000Z,Front AC,74.4,0,43,74,109.5,300,compressorCoolStage1On,Home,
2026-08-03T00:35:00.000Z,Front AC,74.2,0,42,74,109.5,300,compressorCoolStage1On,Home,
2026-08-03T00:40:00.000Z,Front AC,74,0,42,74,109.5,135,compressorCoolStage1On,Home,
2026-08-03T00:45:00.000Z,Front AC,74.3,0,43,74,109.5,75,compressorCoolOff,Home,
2026-08-03T00:50:00.000Z,Front AC,74.7,0,43,74,109.5,300,compressorCoolStage1On,Home,
2026-08-03T00:55:00.000Z,Front AC,74.6,0,43,74,109.5,300,compressorCoolStage1On,Home,
2026-08-03T01:00:00.000Z,Front AC,74.3,0,42,74,108.8,300,compressorCoolStage1On,Home,
2026-08-03T01:05:00.000Z,Front AC,74.1,0,42,74,108.8,255,compressorCoolStage1On,Home,
2026-08-03T01:10:00.000Z,Front AC,74.1,0,42,74,108.8,0,compressorCoolOff,Home,
2026-08-03T01:15:00.000Z,Front AC,74.6,0,43,74,108.8,255,compressorCoolOff,Home,
2026-08-03T01:20:00.000Z,Front AC,74.7,0,42,74,108.8,300,compressorCoolStage1On,Home,
2026-08-03T01:25:00.000Z,Front AC,74.3,0,42,74,108.8,300,compressorCoolStage1On,Home,
2026-08-03T01:30:00.000Z,Front AC,74.1,0,42,74,108.7,300,compressorCoolStage1On,Home,
2026-08-03T01:35:00.000Z,Front AC,74.1,0,42,74,108.7,285,compressorCoolStage1On,Home,
2026-08-03T01:40:00.000Z,Front AC,74.1,0,42,74,108.7,0,compressorCoolOff,Home,
2026-08-03T01:45:00.000Z,Front AC,74.6,0,43,74,108.7,270,compressorCoolOff,Home,
2026-08-03T01:50:00.000Z,Front AC,74.5,0,42,74,108.7,300,compressorCoolStage1On,Home,
2026-08-03T01:55:00.000Z,Front AC,74.2,0,42,74,108.7,300,compressorCoolStage1On,Home,
2026-08-03T02:00:00.000Z,Front AC,73.9,0,42,74,107.3,90,compressorCoolStage1On,Home,
2026-08-03T02:05:00.000Z,Front AC,74.3,0,43,74,107.3,105,compressorCoolOff,Home,
2026-08-03T02:10:00.000Z,Front AC,74.6,0,42,74,107.3,300,compressorCoolStage1On,Home,
2026-08-03T02:15:00.000Z,Front AC,74.3,0,42,74,107.3,300,compressorCoolStage1On,Home,
2026-08-03T02:20:00.000Z,Front AC,74.1,0,42,74,107.3,300,compressorCoolStage1On,Home,
2026-08-03T02:25:00.000Z,Front AC,73.9,0,42,74,107.3,15,compressorCoolStage1On,Home,
2026-08-03T02:30:00.000Z,Front AC,74.5,0,43,74,107.3,180,compressorCoolOff,Home,
2026-08-03T02:35:00.000Z,Front AC,74.4,0,42,74,107.3,300,compressorCoolStage1On,Home,
2026-08-03T02:40:00.000Z,Front AC,74.1,0,42,74,107.3,240,compressorCoolStage1On,Home,
2026-08-03T02:45:00.000Z,Front AC,74,0,42,74,107.3,0,compressorCoolOff,Home,
2026-08-03T02:50:00.000Z,Front AC,74.5,0,42,74,107.3,255,compressorCoolOff,Home,
2026-08-03T02:55:00.000Z,Front AC,74.3,0,42,74,107.3,300,compressorCoolStage1On,Home,
2026-08-03T03:00:00.000Z,Front AC,74,0,42,74,104.1,210,compressorCoolStage1On,Home,
2026-08-03T03:05:00.000Z,Front AC,74,0,42,74,104.1,0,compressorCoolOff,Home,
2026-08-03T03:10:00.000Z,Front AC,74.5,0,42,74,104.1,255,compressorCoolOff,Home,
2026-08-03T03:15:00.000Z,Front AC,74.3,0,42,74,104.1,300,compressorCoolStage1On,Home,
2026-08-03T03:20:00.000Z,Front AC,73.9,0,42,74,104.1,165,compressorCoolStage1On,Home,
2026-08-03T03:25:00.000Z,Front AC,74,0,42,74,104.1,75,compressorCoolOff,Home,
2026-08-03T03:30:00.000Z,Front AC,74.3,0,42,74,104.1,300,compressorCoolStage1On,Home,
2026-08-03T03:35:00.000Z,Front AC,74.1,0,42,74,104.1,300,compressorCoolStage1On,Home,
2026-08-03T03:40:00.000Z,Front AC,73.8,0,42,74,104.1,300,compressorCoolStage1On,Home,
2026-08-03T03:45:00.000Z,Front AC,73.2,0,41,74,104.1,300,compressorCoolStage1On,Home,(SmartRecovery)
2026-08-03T03:50:00.000Z,Front AC,72.8,0,41,74,104.1,300,compressorCoolStage1On,Home,(SmartRecovery)
2026-08-03T03:55:00.000Z,Front AC,72.5,0,41,74,104.1,300,compressorCoolStage1On,Home,(SmartRecovery)
2026-08-03T04:00:00.000Z,Front AC,72.5,0,41,74,102.3,300,compressorCoolStage1On,Home,(SmartRecovery)
2026-08-03T04:05:00.000Z,Front AC,72.5,0,41,74,102.3,300,compressorCoolStage1On,Home,(SmartRecovery)
2026-08-03T04:10:00.000Z,Front AC,72.2,0,41,74,102.3,300,compressorCoolStage1On,Home,(SmartRecovery)
2026-08-03T04:15:00.000Z,Front AC,72.2,0,41,74,102.3,300,compressorCoolStage1On,Home,(SmartRecovery)
2026-08-03T04:20:00.000Z,Front AC,72.1,0,41,74,102.3,300,compressorCoolStage1On,Home,(SmartRecovery)
2026-08-03T04:25:00.000Z,Front AC,72,0,41,73.1,102.3,300,compressorCoolStage1On,Home,(SmartRecovery)
2026-08-03T04:30:00.000Z,Front AC,72,0,41,71,102.3,300,compressorCoolStage1On,Sleep,
2026-08-03T04:35:00.000Z,Front AC,71.9,0,41,71,102.3,300,compressorCoolStage1On,Sleep,
2026-08-03T04:40:00.000Z,Front AC,72,0,41,71,102.3,300,compressorCoolStage1On,Sleep,
2026-08-03T04:45:00.000Z,Front AC,72,0,41,71,102.3,300,compressorCoolStage1On,Sleep,
2026-08-03T04:50:00.000Z,Front AC,71.9,0,40,71,102.3,300,compressorCoolStage1On,Sleep,
2026-08-03T04:55:00.000Z,Front AC,71.7,0,40,71,102.3,300,compressorCoolStage1On,Sleep,
2026-08-03T05:00:00.000Z,Front AC,71.9,0,41,71,101,300,compressorCoolStage1On,Sleep,
2026-08-03T05:05:00.000Z,Front AC,71.7,0,41,71,101,300,compressorCoolStage1On,Sleep,
2026-08-03T05:10:00.000Z,Front AC,71.5,0,41,71,101,300,compressorCoolStage1On,Sleep,
2026-08-03T05:15:00.000Z,Front AC,71.3,0,41,71,101,300,compressorCoolStage1On,Sleep,
2026-08-03T05:20:00.000Z,Front AC,71.2,0,41,71,101,300,compressorCoolStage1On,Sleep,
2026-08-03T05:25:00.000Z,Front AC,71.2,0,41,71,101,300,compressorCoolStage1On,Sleep,
2026-08-03T05:30:00.000Z,Front AC,71.2,0,41,71,101.8,300,compressorCoolStage1On,Sleep,
2026-08-03T05:35:00.000Z,Front AC,71.2,0,41,71,101.8,300,compressorCoolStage1On,Sleep,
2026-08-03T05:40:00.000Z,Front AC,71.2,0,41,71,101.8,300,compressorCoolStage1On,Sleep,
2026-08-03T05:45:00.000Z,Front AC,71.2,0,41,71,101.8,300,compressorCoolStage1On,Sleep,
2026-08-03T05:50:00.000Z,Front AC,71.1,0,41,71,101.8,300,compressorCoolStage1On,Sleep,
2026-08-03T05:55:00.000Z,Front AC,70.9,0,41,71,101.8,45,compressorCoolStage1On,Sleep,
2026-08-03T06:00:00.000Z,Front AC,71.4,0,42,71,100.6,180,compressorCoolOff,Sleep,
2026-08-03T06:05:00.000Z,Front AC,71.5,0,41,71,100.6,300,compressorCoolStage1On,Sleep,
2026-08-03T06:10:00.000Z,Front AC,71.4,0,40,71,100.6,300,compressorCoolStage1On,Sleep,
2026-08-03T06:15:00.000Z,Front AC,71.2,0,40,71,100.6,120,compressorCoolStage1On,Sleep,
2026-08-03T06:20:00.000Z,Front AC,71.5,0,41,71,100.6,180,compressorCoolOff,Sleep,
2026-08-03T06:25:00.000Z,Front AC,71.8,0,41,71,100.6,300,compressorCoolStage1On,Sleep,
2026-08-03T06:30:00.000Z,Front AC,71.3,0,40,71,100,270,compressorCoolStage1On,Sleep,
2026-08-03T06:35:00.000Z,Front AC,71.2,0,40,71,100,30,compressorCoolOff,Sleep,
2026-08-03T06:40:00.000Z,Front AC,71.9,0,42,71,100,300,compressorCoolStage1On,Sleep,
2026-08-03T06:45:00.000Z,Front AC,71.8,0,41,71,100,300,compressorCoolStage1On,Sleep,
2026-08-03T06:50:00.000Z,Front AC,71.2,0,40,71,100,225,compressorCoolStage1On,Sleep,
2026-08-03T06:55:00.000Z,Front AC,71.2,0,41,71,100,75,compressorCoolOff,Sleep,
2026-08-03T07:00:00.000Z,Front AC,71.7,0,41,71,99,300,compressorCoolStage1On,Sleep,
2026-08-03T07:05:00.000Z,Front AC,71.4,0,40,71,99,300,compressorCoolStage1On,Sleep,
2026-08-03T07:10:00.000Z,Front AC,71.2,0,40,71,99,105,compressorCoolStage1On,Sleep,
2026-08-03T07:15:00.000Z,Front AC,71.4,0,41,71,99,195,compressorCoolOff,Sleep,
2026-08-03T07:20:00.000Z,Front AC,71.7,0,41,71,99,300,compressorCoolStage1On,Sleep,
2026-08-03T07:25:00.000Z,Front AC,71.2,0,40,71,99,225,compressorCoolStage1On,Sleep,
2026-08-03T07:30:00.000Z,Front AC,71.3,0,41,71,99,75,compressorCoolOff,Sleep,
2026-08-03T07:35:00.000Z,Front AC,71.7,0,42,71,99,300,compressorCoolStage1On,Sleep,
2026-08-03T07:40:00.000Z,Front AC,71.6,0,41,71,99,300,compressorCoolStage1On,Sleep,
2026-08-03T07:45:00.000Z,Front AC,71.1,0,40,71,99,180,compressorCoolStage1On,Sleep,
2026-08-03T07:50:00.000Z,Front AC,71.3,0,41,71,99,120,compressorCoolOff,Sleep,
2026-08-03T07:55:00.000Z,Front AC,71.6,0,42,71,99,300,compressorCoolStage1On,Sleep,
2026-08-03T08:00:00.000Z,Front AC,71.3,0,40,71,97.9,300,compressorCoolStage1On,Sleep,
2026-08-03T08:05:00.000Z,Front AC,71.1,0,40,71,97.9,30,compressorCoolStage1On,Sleep,
2026-08-03T08:10:00.000Z,Front AC,71.6,0,41,71,97.9,270,compressorCoolOff,Sleep,
2026-08-03T08:15:00.000Z,Front AC,71.6,0,41,71,97.9,300,compressorCoolStage1On,Sleep,
2026-08-03T08:20:00.000Z,Front AC,71.3,0,40,71,97.9,300,compressorCoolStage1On,Sleep,
2026-08-03T08:25:00.000Z,Front AC,71.1,0,40,71,97.9,0,compressorCoolOff,Sleep,
2026-08-03T08:30:00.000Z,Front AC,71.5,0,42,71,97.9,270,compressorCoolOff,Sleep,
2026-08-03T08:35:00.000Z,Front AC,71.5,0,41,71,97.9,300,compressorCoolStage1On,Sleep,
2026-08-03T08:40:00.000Z,Front AC,71.2,0,40,71,97.9,240,compressorCoolStage1On,Sleep,
2026-08-03T08:45:00.000Z,Front AC,71.2,0,41,71,97.9,30,compressorCoolOff,Sleep,
2026-08-03T08:50:00.000Z,Front AC,71.5,0,42,71,97.9,300,compressorCoolStage1On,Sleep,
2026-08-03T08:55:00.000Z,Front AC,71.4,0,40,71,97.9,300,compressorCoolStage1On,Sleep,
2026-08-03T09:00:00.000Z,Front AC,71.1,0,40,71,97.4,45,compressorCoolStage1On,Sleep,
2026-08-03T09:05:00.000Z,Front AC,71.4,0,41,71,97.4,210,compressorCoolOff,Sleep,
2026-08-03T09:10:00.000Z,Front AC,71.6,0,41,71,97.4,300,compressorCoolStage1On,Sleep,
2026-08-03T09:15:00.000Z,Front AC,71.2,0,40,71,97.4,300,compressorCoolStage1On,Sleep,
2026-08-03T09:20:00.000Z,Front AC,70.8,0,41,71,97.4,75,compressorCoolStage1On,Sleep,
2026-08-03T09:25:00.000Z,Front AC,71.1,0,42,71,97.4,60,compressorCoolOff,Sleep,
2026-08-03T09:30:00.000Z,Front AC,71.7,0,42,71,97.4,300,compressorCoolStage1On,Sleep,
2026-08-03T09:35:00.000Z,Front AC,71.3,0,40,71,97.4,225,compressorCoolStage1On,Sleep,
2026-08-03T09:40:00.000Z,Front AC,71.3,0,41,71,97.4,60,compressorCoolOff,Sleep,
2026-08-03T09:45:00.000Z,Front AC,71.5,0,42,71,97.4,300,compressorCoolStage1On,Sleep,
2026-08-03T09:50:00.000Z,Front AC,71.3,0,41,71,97.4,300,compressorCoolStage1On,Sleep,
2026-08-03T09:55:00.000Z,Front AC,70.9,0,40,71,97.4,135,compressorCoolStage1On,Sleep,
2026-08-03T10:00:00.000Z,Front AC,71.1,0,42,71,95.5,45,compressorCoolOff,Sleep,
2026-08-03T10:05:00.000Z,Front AC,71.6,0,42,71,95.5,300,compressorCoolStage1On,Sleep,
2026-08-03T10:10:00.000Z,Front AC,71.5,0,42,71,95.5,300,compressorCoolStage1On,Sleep,
2026-08-03T10:15:00.000Z,Front AC,71.2,0,41,71,95.5,300,compressorCoolStage1On,Sleep,
2026-08-03T10:20:00.000Z,Front AC,70.8,0,41,71,95.5,0,compressorCoolOff,Sleep,
2026-08-03T10:25:00.000Z,Front AC,71.3,0,42,71,95.5,150,compressorCoolOff,Sleep,
2026-08-03T10:30:00.000Z,Front AC,71.6,0,41,71,95.3,300,compressorCoolStage1On,Sleep,
2026-08-03T10:35:00.000Z,Front AC,71.3,0,41,71,95.3,300,compressorCoolStage1On,Sleep,
2026-08-03T10:40:00.000Z,Front AC,71.2,0,41,71,95.3,300,compressorCoolStage1On,Sleep,
2026-08-03T10:45:00.000Z,Front AC,70.8,0,41,71,95.3,90,compressorCoolStage1On,Sleep,
2026-08-03T10:50:00.000Z,Front AC,70.9,0,41,71,95.3,0,compressorCoolOff,Sleep,
2026-08-03T10:55:00.000Z,Front AC,71.6,0,42,71,95.3,270,compressorCoolOff,Sleep,
2026-08-03T11:00:00.000Z,Front AC,71.5,0,40,71,94.1,300,compressorCoolStage1On,Sleep,
2026-08-03T11:05:00.000Z,Front AC,71.1,0,40,71,94.1,90,compressorCoolStage1On,Sleep,
2026-08-03T11:10:00.000Z,Front AC,71.4,0,41,71,94.1,180,compressorCoolOff,Sleep,
2026-08-03T11:15:00.000Z,Front AC,71.4,0,41,71,94.1,300,compressorCoolStage1On,Sleep,
2026-08-03T11:20:00.000Z,Front AC,71.1,0,40,71,94.1,75,compressorCoolStage1On,Sleep,
2026-08-03T11:25:00.000Z,Front AC,71.3,0,41,71,94.1,135,compressorCoolOff,Sleep,
2026-08-03T11:30:00.000Z,Front AC,71.6,0,41,71,94.4,300,compressorCoolStage1On,Sleep,
2026-08-03T11:35:00.000Z,Front AC,71.2,0,40,71,94.4,165,compressorCoolStage1On,Sleep,
2026-08-03T11:40:00.000Z,Front AC,71.3,0,41,71,94.4,90,compressorCoolOff,Sleep,
2026-08-03T11:45:00.000Z,Front AC,71.5,0,42,71,94.4,300,compressorCoolStage1On,Sleep,
2026-08-03T11:50:00.000Z,Front AC,71.1,0,40,71,94.4,225,compressorCoolStage1On,Sleep,
2026-08-03T11:55:00.000Z,Front AC,70.9,0,41,71,94.4,0,compressorCoolOff,Sleep,
2026-08-03T12:00:00.000Z,Front AC,71.4,0,42,71,92.8,210,compressorCoolOff,Sleep,
2026-08-03T12:05:00.000Z,Front AC,71.5,0,41,71,92.8,300,compressorCoolStage1On,Sleep,
2026-08-03T12:10:00.000Z,Front AC,71.1,0,40,71,92.8,15,compressorCoolStage1On,Sleep,
2026-08-03T12:15:00.000Z,Front AC,71.4,0,42,71,92.8,255,compressorCoolOff,Sleep,
2026-08-03T12:20:00.000Z,Front AC,71.4,0,41,71,92.8,300,compressorCoolStage1On,Sleep,
2026-08-03T12:25:00.000Z,Front AC,71.1,0,40,71,92.8,0,compressorCoolOff,Sleep,
2026-08-03T12:30:00.000Z,Front AC,71.4,0,42,71,92.1,165,compressorCoolOff,Sleep,
2026-08-03T12:35:00.000Z,Front AC,71.5,0,41,71,92.1,300,compressorCoolStage1On,Sleep,
2026-08-03T12:40:00.000Z,Front AC,71.1,0,40,71.4,92.1,75,compressorCoolStage1On,Sleep,
2026-08-03T12:45:00.000Z,Front AC,71.3,0,41,72,92.1,0,compressorCoolOff,Sleep,auto
2026-08-03T12:50:00.000Z,Front AC,72,0,42,72,92.1,0,compressorCoolOff,Sleep,auto
2026-08-03T12:55:00.000Z,Front AC,72.5,0,42,72,92.1,240,compressorCoolOff,Sleep,auto
2026-08-03T13:00:00.000Z,Front AC,72.1,0,41,72,0,195,compressorCoolStage1On,Sleep,auto
2026-08-03T13:05:00.000Z,Front AC,71.5,0,41,72,0,0,compressorCoolOff,Sleep,auto
2026-08-03T13:10:00.000Z,Front AC,72.3,0,42,72,0,75,compressorCoolOff,Sleep,auto
2026-08-03T13:15:00.000Z,Front AC,72.4,0,42,72,0,300,compressorCoolStage1On,Sleep,auto
2026-08-03T13:20:00.000Z,Front AC,71.7,0,42,72,0,60,compressorCoolStage1On,Sleep,auto
2026-08-03T13:25:00.000Z,Front AC,72,0,43,72,0,150,compressorCoolOff,Sleep,auto
2026-08-03T13:30:00.000Z,Front AC,71.9,0,43,72,0,150,compressorCoolStage1On,Sleep,auto
2026-08-03T13:35:00.000Z,Front AC,71.9,0,44,72,0,90,compressorCoolOff,Sleep,auto
2026-08-03T13:40:00.000Z,Front AC,72.2,0,44,72,0,270,compressorCoolStage1On,Sleep,auto
2026-08-03T13:45:00.000Z,Front AC,71.8,0,44,72,0,0,compressorCoolOff,Sleep,auto
2026-08-03T13:50:00.000Z,Front AC,72.1,0,45,72,0,300,compressorCoolStage1On,Sleep,auto
2026-08-03T13:55:00.000Z,Front AC,71.8,0,45,72,0,0,compressorCoolOff,Sleep,auto
2026-08-03T14:00:00.000Z,Front AC,72.3,0,45,72,0,90,compressorCoolOff,Sleep,auto
2026-08-03T14:05:00.000Z,Front AC,72.5,0,44,72,0,300,compressorCoolStage1On,Sleep,auto
2026-08-03T14:10:00.000Z,Front AC,72,0,43,72,0,120,compressorCoolStage1On,Sleep,auto
2026-08-03T14:15:00.000Z,Front AC,72.1,0,44,72,0,0,compressorCoolOff,Sleep,auto
2026-08-03T14:20:00.000Z,Front AC,72.5,0,43,72,0,300,compressorCoolStage1On,Sleep,auto
2026-08-03T14:25:00.000Z,Front AC,72.1,0,43,72,0,195,compressorCoolStage1On,Sleep,auto
2026-08-03T14:30:00.000Z,Front AC,71.8,0,43,72,0,0,compressorCoolOff,Sleep,auto
2026-08-03T14:35:00.000Z,Front AC,72.5,0,43,72,0,195,compressorCoolOff,Sleep,auto
2026-08-03T14:40:00.000Z,Front AC,72.3,0,43,72,0,300,compressorCoolStage1On,Sleep,auto
2026-08-03T14:45:00.000Z,Front AC,71.8,0,43,72,0,0,compressorCoolOff,Sleep,auto
2026-08-03T14:50:00.000Z,Front AC,72.4,0,43,72,0,0,compressorCoolOff,Sleep,auto
2026-08-03T14:55:00.000Z,Front AC,73.1,0,43,73.5,0,0,compressorCoolOff,Sleep,auto
2026-08-03T15:00:00.000Z,Front AC,73.7,0,43,77,0,0,compressorCoolOff,WFH,
2026-08-03T15:05:00.000Z,Front AC,74.1,0,42,77,0,0,compressorCoolOff,WFH,
2026-08-03T15:10:00.000Z,Front AC,74,0,41,77,0,0,compressorCoolOff,WFH,
2026-08-03T15:15:00.000Z,Front AC,74.3,0,42,77,0,0,compressorCoolOff,WFH,
2026-08-03T15:20:00.000Z,Front AC,74.6,0,42,77,0,0,compressorCoolOff,WFH,
2026-08-03T15:25:00.000Z,Front AC,75.1,0,43,77,0,0,compressorCoolOff,WFH,
2026-08-03T15:30:00.000Z,Front AC,75.3,0,44,77,0,0,compressorCoolOff,WFH,
2026-08-03T15:35:00.000Z,Front AC,75.5,0,45,77,0,0,compressorCoolOff,WFH,
2026-08-03T15:40:00.000Z,Front AC,75.6,0,46,77,0,0,compressorCoolOff,WFH,
2026-08-03T15:45:00.000Z,Front AC,75.8,0,46,77,0,0,compressorCoolOff,WFH,
2026-08-03T15:50:00.000Z,Front AC,76,0,45,77,0,0,compressorCoolOff,WFH,
2026-08-03T15:55:00.000Z,Front AC,75.9,0,45,77,0,0,compressorCoolOff,WFH,
2026-08-03T16:00:00.000Z,Front AC,75.9,0,45,77,0,0,compressorCoolOff,WFH,
2026-08-03T16:05:00.000Z,Front AC,76.1,0,45,77,0,0,compressorCoolOff,WFH,
2026-08-03T16:10:00.000Z,Front AC,76.3,0,44,77,0,0,compressorCoolOff,WFH,
2026-08-03T16:15:00.000Z,Front AC,76.4,0,43,77,0,0,compressorCoolOff,WFH,
2026-08-03T16:20:00.000Z,Front AC,76.3,0,43,77,0,0,compressorCoolOff,WFH,
2026-08-03T16:25:00.000Z,Front AC,76.2,0,43,77,0,0,compressorCoolOff,WFH,
2026-08-03T16:30:00.000Z,Front AC,76.3,0,44,77,0,0,compressorCoolOff,WFH,
2026-08-03T16:35:00.000Z,Front AC,76.6,0,43,77,0,0,compressorCoolOff,WFH,
2026-08-03T16:40:00.000Z,Front AC,76.8,0,43,77,0,0,compressorCoolOff,WFH,
2026-08-03T16:45:00.000Z,Front AC,77,0,43,77,0,0,compressorCoolOff,WFH,
2026-08-03T16:50:00.000Z,Front AC,77,0,43,77,0,0,compressorCoolOff,WFH,
2026-08-03T16:55:00.000Z,Front AC,76.9,0,43,77,0,0,compressorCoolOff,WFH,
2026-08-03T17:05:00.000Z,Front AC,83.2,0,35,77,0,15,heatOff,WFH,
2026-08-03T17:10:00.000Z,Front AC,77.8,0,43,77,0,300,compressorCoolStage1On,WFH,
2026-08-03T17:15:00.000Z,Front AC,77.2,0,42,77,0,150,compressorCoolStage1On,WFH,
2026-08-03T17:20:00.000Z,Front AC,76.5,0,43,77,0,0,compressorCoolOff,WFH,
2026-08-03T17:25:00.000Z,Front AC,76.2,0,45,77,0,0,compressorCoolOff,WFH,
2026-08-03T17:30:00.000Z,Front AC,76.2,0,46,77,0,0,compressorCoolOff,WFH,
2026-08-03T17:35:00.000Z,Front AC,74.4,0,49,77,0,0,compressorCoolOff,WFH,
2026-08-03T17:40:00.000Z,Front AC,72.9,0,52,77,0,0,compressorCoolOff,WFH,
2026-08-03T17:45:00.000Z,Front AC,72.3,0,53,77,0,0,compressorCoolOff,WFH,
2026-08-03T17:50:00.000Z,Front AC,72.2,0,53,77,0,0,compressorCoolOff,WFH,
2026-08-03T17:55:00.000Z,Front AC,73.2,0,53,77,0,0,compressorCoolOff,WFH,
2026-08-03T18:00:00.000Z,Front AC,73.3,0,52,77,0,0,compressorCoolOff,WFH,
2026-08-03T18:25:00.000Z,Front AC,77,0,46,77,0,240,compressorCoolStage1On,WFH,
2026-08-03T18:30:00.000Z,Front AC,75.7,0,47,77,0,0,compressorCoolOff,WFH,
2026-08-03T18:35:00.000Z,Front AC,76.2,0,47,77,0,0,compressorCoolOff,WFH,
2026-08-03T18:40:00.000Z,Front AC,76.3,0,47,77,0,0,compressorCoolOff,WFH,
2026-08-03T18:45:00.000Z,Front AC,76.4,0,47,77,0,0,compressorCoolOff,WFH,
2026-08-03T18:50:00.000Z,Front AC,76.6,0,48,77,0,0,compressorCoolOff,WFH,
2026-08-03T18:55:00.000Z,Front AC,76.7,0,47,77,0,0,compressorCoolOff,WFH,
2026-08-03T19:00:00.000Z,Front AC,76.6,0,47,77,105.2,0,compressorCoolOff,WFH,
2026-08-03T19:05:00.000Z,Front AC,76.6,0,47,77,105.2,0,compressorCoolOff,WFH,
2026-08-03T19:10:00.000Z,Front AC,76.7,0,47,77,105.2,0,compressorCoolOff,WFH,
2026-08-03T19:15:00.000Z,Front AC,76.9,0,47,77,105.2,0,compressorCoolOff,WFH,
2026-08-03T19:20:00.000Z,Front AC,77.1,0,46,77,105.2,0,compressorCoolOff,WFH,
2026-08-03T19:25:00.000Z,Front AC,77.2,0,46,77,105.2,0,compressorCoolOff,WFH,
2026-08-03T19:30:00.000Z,Front AC,77.2,0,46,77,106,0,compressorCoolOff,WFH,
2026-08-03T19:35:00.000Z,Front AC,77.3,0,46,77,106,0,compressorCoolOff,WFH,
2026-08-03T19:40:00.000Z,Front AC,77.3,0,45,77,106,0,compressorCoolOff,WFH,
2026-08-03T19:45:00.000Z,Front AC,77.4,0,45,77,106,0,compressorCoolOff,WFH,
2026-08-03T19:50:00.000Z,Front AC,77.4,0,45,77,106,0,compressorCoolOff,WFH,
2026-08-03T19:55:00.000Z,Front AC,77.4,0,45,77,106,150,compressorCoolOff,WFH,
2026-08-03T20:00:00.000Z,Front AC,76.9,0,46,77,106,150,compressorCoolStage1On,WFH,
2026-08-03T20:05:00.000Z,Front AC,76.5,0,47,77,106,0,compressorCoolOff,WFH,
2026-08-03T20:10:00.000Z,Front AC,76.9,0,47,77,106,195,compressorCoolOff,WFH,
2026-08-03T20:15:00.000Z,Front AC,75.9,0,47,77,106,300,compressorCoolStage1On,WFH,(SmartRecovery)
2026-08-03T20:20:00.000Z,Front AC,74.9,0,48,77,106,90,compressorCoolStage1On,WFH,(SmartRecovery)
2026-08-03T20:25:00.000Z,Front AC,75.7,0,47,77,106,0,compressorCoolOff,WFH,
2026-08-03T20:30:00.000Z,Front AC,76.5,0,47,77,107,210,compressorCoolOff,WFH,
2026-08-03T20:35:00.000Z,Front AC,75.6,0,47,77,107,300,compressorCoolStage1On,WFH,(SmartRecovery)
2026-08-03T20:40:00.000Z,Front AC,74.8,0,48,77,107,30,compressorCoolStage1On,WFH,(SmartRecovery)
2026-08-03T20:45:00.000Z,Front AC,75.6,0,47,77,107,135,compressorCoolOff,WFH,
2026-08-03T20:50:00.000Z,Front AC,75.2,0,47,77,107,195,compressorCoolStage1On,WFH,(SmartRecovery)
2026-08-03T20:55:00.000Z,Front AC,74.9,0,48,77,107,105,compressorCoolOff,WFH,
2026-08-03T21:00:00.000Z,Front AC,75,0,48,75,107.6,195,compressorCoolStage1On,Cooldown,
2026-08-03T21:05:00.000Z,Front AC,74.9,0,48,75,107.6,105,compressorCoolOff,Cooldown,
2026-08-03T21:10:00.000Z,Front AC,75,0,48,75,107.6,195,compressorCoolStage1On,Cooldown,
2026-08-03T21:15:00.000Z,Front AC,74.8,0,48,75,107.6,105,compressorCoolOff,Cooldown,
2026-08-03T21:20:00.000Z,Front AC,74.6,0,48,75,107.6,195,compressorCoolStage1On,Cooldown,
2026-08-03T21:25:00.000Z,Front AC,74.8,0,48,75,107.6,105,compressorCoolOff,Cooldown,
2026-08-03T21:30:00.000Z,Front AC,75,0,48,75,107.6,195,compressorCoolStage1On,Cooldown,
2026-08-03T21:35:00.000Z,Front AC,75,0,48,75,107.6,105,compressorCoolOff,Cooldown,
2026-08-03T21:40:00.000Z,Front AC,74.9,0,48,75,107.6,195,compressorCoolStage1On,Cooldown,
2026-08-03T21:45:00.000Z,Front AC,74.8,0,48,75,107.6,105,compressorCoolOff,Cooldown,
2026-08-03T21:50:00.000Z,Front AC,74.9,0,48,75,107.6,195,compressorCoolStage1On,Cooldown,
2026-08-03T21:55:00.000Z,Front AC,74.9,0,48,75,107.6,105,compressorCoolOff,Cooldown,
2026-08-03T22:00:00.000Z,Front AC,74.9,0,48,75,107.9,195,compressorCoolStage1On,Cooldown,
2026-08-03T22:05:00.000Z,Front AC,74.8,0,48,75,107.9,90,compressorCoolOff,Cooldown,
2026-08-03T22:10:00.000Z,Front AC,75,0,48,75,107.9,210,compressorCoolStage1On,Cooldown,
2026-08-03T22:15:00.000Z,Front AC,74.8,0,48,75,107.9,90,compressorCoolOff,Cooldown,
2026-08-03T22:20:00.000Z,Front AC,74.9,0,48,75,107.9,210,compressorCoolStage1On,Cooldown,
2026-08-03T22:25:00.000Z,Front AC,74.8,0,48,75,107.9,90,compressorCoolOff,Cooldown,
2026-08-03T22:30:00.000Z,Front AC,74.8,0,48,75,107.9,300,compressorCoolStage1On,Cooldown,
2026-08-03T22:35:00.000Z,Front AC,74.3,0,48,75,107.9,300,compressorCoolStage1On,Cooldown,(SmartRecovery)
2026-08-03T22:40:00.000Z,Front AC,75.1,0,47,75,107.9,300,compressorCoolStage1On,Cooldown,(SmartRecovery)
2026-08-03T22:45:00.000Z,Front AC,76,0,46,75,107.9,300,compressorCoolStage1On,Cooldown,
2026-08-03T22:50:00.000Z,Front AC,76.3,0,45,75,107.9,300,compressorCoolStage1On,Cooldown,
2026-08-03T22:55:00.000Z,Front AC,76.3,0,45,75,107.9,300,compressorCoolStage1On,Cooldown,
2026-08-03T23:00:00.000Z,Front AC,76.1,0,45,74,107.9,300,compressorCoolStage1On,Home,
2026-08-03T23:05:00.000Z,Front AC,76,0,45,74,107.9,300,compressorCoolStage1On,Home,
2026-08-03T23:10:00.000Z,Front AC,76,0,44,74,107.9,300,compressorCoolStage1On,Home,
2026-08-03T23:15:00.000Z,Front AC,76,0,43,74,107.9,300,compressorCoolStage1On,Home,
2026-08-03T23:20:00.000Z,Front AC,76,0,43,74,107.9,300,compressorCoolStage1On,Home,
2026-08-03T23:25:00.000Z,Front AC,75.9,0,43,74,107.9,300,compressorCoolStage1On,Home,
2026-08-03T23:30:00.000Z,Front AC,75.8,0,43,74,107.9,300,compressorCoolStage1On,Home,
2026-08-03T23:35:00.000Z,Front AC,75.2,0,43,74,107.9,300,compressorCoolStage1On,Home,
2026-08-03T23:40:00.000Z,Front AC,74.9,0,43,74,107.9,300,compressorCoolStage1On,Home,
2026-08-03T23:45:00.000Z,Front AC,74.8,0,43,74,107.9,300,compressorCoolStage1On,Home,
2026-08-03T23:50:00.000Z,Front AC,74.9,0,43,74,107.9,300,compressorCoolStage1On,Home,
2026-08-03T23:55:00.000Z,Front AC,74.9,0,43,74,107.9,300,compressorCoolStage1On,Home,
2026-08-04T00:00:00.000Z,Front AC,75,0,43,74,109.8,300,compressorCoolStage1On,Home,
2026-08-04T00:05:00.000Z,Front AC,74.8,0,43,74,109.8,300,compressorCoolStage1On,Home,
2026-08-04T00:10:00.000Z,Front AC,74.7,0,43,74,109.8,300,compressorCoolStage1On,Home,
2026-08-04T00:15:00.000Z,Front AC,74.5,0,43,74,109.8,300,compressorCoolStage1On,Home,
2026-08-04T00:20:00.000Z,Front AC,74.5,0,43,74,109.8,300,compressorCoolStage1On,Home,
2026-08-04T00:25:00.000Z,Front AC,74.3,0,43,74,109.8,300,compressorCoolStage1On,Home,
2026-08-04T00:30:00.000Z,Front AC,74.5,0,43,74,109.8,300,compressorCoolStage1On,Home,
2026-08-04T00:35:00.000Z,Front AC,74.4,0,43,74,109.8,300,compressorCoolStage1On,Home,
2026-08-04T00:40:00.000Z,Front AC,74.4,0,43,74,109.8,300,compressorCoolStage1On,Home,
2026-08-04T00:45:00.000Z,Front AC,74.6,0,43,74,109.8,300,compressorCoolStage1On,Home,
2026-08-04T00:50:00.000Z,Front AC,74.7,0,43,74,109.8,300,compressorCoolStage1On,Home,
2026-08-04T00:55:00.000Z,Front AC,74.6,0,43,74,109.8,300,compressorCoolStage1On,Home,
2026-08-04T01:00:00.000Z,Front AC,74.4,0,43,74,109.2,300,compressorCoolStage1On,Home,
2026-08-04T01:05:00.000Z,Front AC,74.4,0,43,74,109.2,300,compressorCoolStage1On,Home,
2026-08-04T01:10:00.000Z,Front AC,74.4,0,42,74,109.2,300,compressorCoolStage1On,Home,
2026-08-04T01:15:00.000Z,Front AC,74.5,0,42,74,109.2,300,compressorCoolStage1On,Home,
2026-08-04T01:20:00.000Z,Front AC,74.5,0,43,74,109.2,300,compressorCoolStage1On,Home,
2026-08-04T01:25:00.000Z,Front AC,74.3,0,43,74,109.2,300,compressorCoolStage1On,Home,
2026-08-04T01:30:00.000Z,Front AC,74.1,0,42,74,109,300,compressorCoolStage1On,Home,
2026-08-04T01:35:00.000Z,Front AC,74,0,42,74,109,150,compressorCoolStage1On,Home,
2026-08-04T01:40:00.000Z,Front AC,74.4,0,43,74,109,150,compressorCoolOff,Home,
2026-08-04T01:45:00.000Z,Front AC,75,0,43,74,109,300,compressorCoolStage1On,Home,
2026-08-04T01:50:00.000Z,Front AC,74.9,0,43,74,109,300,compressorCoolStage1On,Home,
2026-08-04T01:55:00.000Z,Front AC,74.5,0,41,74,109,285,compressorCoolStage1On,Home,
2026-08-04T02:00:00.000Z,Front AC,74.4,0,42,74,107.2,15,compressorCoolOff,Home,
2026-08-04T02:05:00.000Z,Front AC,75,0,43,74,107.2,300,compressorCoolStage1On,Home,
2026-08-04T02:10:00.000Z,Front AC,75.1,0,43,74,107.2,300,compressorCoolStage1On,Home,
2026-08-04T02:15:00.000Z,Front AC,74.8,0,42,74,107.2,300,compressorCoolStage1On,Home,
2026-08-04T02:20:00.000Z,Front AC,74.4,0,41,74,107.2,300,compressorCoolStage1On,Home,
2026-08-04T02:25:00.000Z,Front AC,74.1,0,41,74,107.2,135,compressorCoolStage1On,Home,
2026-08-04T02:30:00.000Z,Front AC,74.6,0,42,74,107.2,165,compressorCoolOff,Home,
2026-08-04T02:35:00.000Z,Front AC,74.9,0,42,74,107.2,300,compressorCoolStage1On,Home,
2026-08-04T02:40:00.000Z,Front AC,74.2,0,41,74,107.2,165,compressorCoolStage1On,Home,
2026-08-04T02:45:00.000Z,Front AC,74.3,0,42,74,107.2,135,compressorCoolOff,Home,
2026-08-04T02:50:00.000Z,Front AC,74.9,0,43,74,107.2,300,compressorCoolStage1On,Home,
2026-08-04T02:55:00.000Z,Front AC,74.7,0,42,74,107.2,300,compressorCoolStage1On,Home,
2026-08-04T03:00:00.000Z,Front AC,74.1,0,41,74,105,105,compressorCoolStage1On,Home,
2026-08-04T03:05:00.000Z,Front AC,74.4,0,42,74,105,195,compressorCoolOff,Home,
2026-08-04T03:10:00.000Z,Front AC,74.4,0,42,74,105,300,compressorCoolStage1On,Home,
2026-08-04T03:15:00.000Z,Front AC,74.1,0,41,74,105,0,compressorCoolOff,Home,
2026-08-04T03:20:00.000Z,Front AC,74.8,0,43,74,105,300,compressorCoolStage1On,Home,
2026-08-04T03:25:00.000Z,Front AC,74.7,0,42,74,105,300,compressorCoolStage1On,Home,
2026-08-04T03:30:00.000Z,Front AC,74.3,0,41,74,105,300,compressorCoolStage1On,Home,
2026-08-04T03:35:00.000Z,Front AC,74,0,41,74,105,300,compressorCoolStage1On,Home,(SmartRecovery)
2026-08-04T03:40:00.000Z,Front AC,73.4,0,41,74,105,300,compressorCoolStage1On,Home,(SmartRecovery)
2026-08-04T03:45:00.000Z,Front AC,73.4,0,41,74,105,300,compressorCoolStage1On,Home,(SmartRecovery)
2026-08-04T03:50:00.000Z,Front AC,73.3,0,41,74,105,300,compressorCoolStage1On,Home,(SmartRecovery)
2026-08-04T03:55:00.000Z,Front AC,73.2,0,41,74,105,300,compressorCoolStage1On,Home,(SmartRecovery)
2026-08-04T04:00:00.000Z,Front AC,73.1,0,41,74,102.3,300,compressorCoolStage1On,Home,(SmartRecovery)
2026-08-04T04:05:00.000Z,Front AC,72.8,0,41,74,102.3,300,compressorCoolStage1On,Home,(SmartRecovery)
2026-08-04T04:10:00.000Z,Front AC,72.3,0,41,74,102.3,300,compressorCoolStage1On,Home,(SmartRecovery)
2026-08-04T04:15:00.000Z,Front AC,72.1,0,41,74,102.3,300,compressorCoolStage1On,Home,(SmartRecovery)
2026-08-04T04:20:00.000Z,Front AC,72.1,0,41,74,102.3,300,compressorCoolStage1On,Home,(SmartRecovery)
2026-08-04T04:25:00.000Z,Front AC,72.1,0,41,74,102.3,300,compressorCoolStage1On,Home,(SmartRecovery)
2026-08-04T04:30:00.000Z,Front AC,72.4,0,41,71,103.8,300,compressorCoolStage1On,Sleep,
2026-08-04T04:35:00.000Z,Front AC,72.6,0,42,71,103.8,300,compressorCoolStage1On,Sleep,
2026-08-04T04:40:00.000Z,Front AC,72.1,0,41,71,103.8,300,compressorCoolStage1On,Sleep,
2026-08-04T04:45:00.000Z,Front AC,72.1,0,41,71,103.8,300,compressorCoolStage1On,Sleep,
2026-08-04T04:50:00.000Z,Front AC,72.2,0,42,71,103.8,300,compressorCoolStage1On,Sleep,
2026-08-04T04:55:00.000Z,Front AC,72,0,42,71,103.8,300,compressorCoolStage1On,Sleep,
2026-08-04T05:00:00.000Z,Front AC,71.8,0,42,71,101.3,300,compressorCoolStage1On,Sleep,
2026-08-04T05:05:00.000Z,Front AC,72,0,41,71,101.3,300,compressorCoolStage1On,Sleep,
2026-08-04T05:10:00.000Z,Front AC,72,0,41,71,101.3,300,compressorCoolStage1On,Sleep,
2026-08-04T05:15:00.000Z,Front AC,71.6,0,41,71,101.3,300,compressorCoolStage1On,Sleep,
2026-08-04T05:20:00.000Z,Front AC,71.5,0,41,71,101.3,300,compressorCoolStage1On,Sleep,
2026-08-04T05:25:00.000Z,Front AC,71.5,0,41,71,101.3,300,compressorCoolStage1On,Sleep,
2026-08-04T05:30:00.000Z,Front AC,71.7,0,41,71,101.3,300,compressorCoolStage1On,Sleep,
2026-08-04T05:35:00.000Z,Front AC,71.5,0,41,71,101.3,300,compressorCoolStage1On,Sleep,
2026-08-04T05:40:00.000Z,Front AC,71.6,0,41,71,101.3,300,compressorCoolStage1On,Sleep,
2026-08-04T05:45:00.000Z,Front AC,71.6,0,41,71,101.3,300,compressorCoolStage1On,Sleep,
2026-08-04T05:50:00.000Z,Front AC,71.8,0,41,71,101.3,300,compressorCoolStage1On,Sleep,
2026-08-04T05:55:00.000Z,Front AC,71.6,0,41,71,101.3,300,compressorCoolStage1On,Sleep,
2026-08-04T06:00:00.000Z,Front AC,71.5,0,41,71,94.5,300,compressorCoolStage1On,Sleep,
2026-08-04T06:05:00.000Z,Front AC,71.5,0,41,71,94.5,300,compressorCoolStage1On,Sleep,
2026-08-04T06:10:00.000Z,Front AC,71.5,0,41,71,94.5,300,compressorCoolStage1On,Sleep,
2026-08-04T06:15:00.000Z,Front AC,71.2,0,41,71,94.5,300,compressorCoolStage1On,Sleep,
2026-08-04T06:20:00.000Z,Front AC,71.2,0,41,71,94.5,300,compressorCoolStage1On,Sleep,
2026-08-04T06:25:00.000Z,Front AC,71.2,0,41,71,94.5,300,compressorCoolStage1On,Sleep,
2026-08-04T06:30:00.000Z,Front AC,71.2,0,41,71,94.5,300,compressorCoolStage1On,Sleep,
2026-08-04T06:35:00.000Z,Front AC,71.2,0,41,71,94.5,300,compressorCoolStage1On,Sleep,
2026-08-04T06:40:00.000Z,Front AC,71.1,0,41,71,94.5,300,compressorCoolStage1On,Sleep,
2026-08-04T06:45:00.000Z,Front AC,71,0,41,71,94.5,240,compressorCoolStage1On,Sleep,
2026-08-04T06:50:00.000Z,Front AC,71.1,0,42,71,94.5,45,compressorCoolOff,Sleep,
2026-08-04T06:55:00.000Z,Front AC,72,0,43,71,94.5,300,compressorCoolStage1On,Sleep,
2026-08-04T07:00:00.000Z,Front AC,72,0,43,71,0,300,compressorCoolStage1On,Sleep,
2026-08-04T07:05:00.000Z,Front AC,71.9,0,42,71,0,300,compressorCoolStage1On,Sleep,
2026-08-04T07:10:00.000Z,Front AC,71.3,0,41,71,0,300,compressorCoolStage1On,Sleep,
2026-08-04T07:15:00.000Z,Front AC,71.1,0,41,71,0,105,compressorCoolStage1On,Sleep,
2026-08-04T07:20:00.000Z,Front AC,71.8,0,43,71,0,195,compressorCoolOff,Sleep,
2026-08-04T07:25:00.000Z,Front AC,72.3,0,42,71,0,300,compressorCoolStage1On,Sleep,
2026-08-04T07:30:00.000Z,Front AC,72,0,42,71,0,300,compressorCoolStage1On,Sleep,
2026-08-04T07:35:00.000Z,Front AC,71.5,0,41,71,0,300,compressorCoolStage1On,Sleep,
2026-08-04T07:40:00.000Z,Front AC,71.2,0,41,71,0,300,compressorCoolStage1On,Sleep,
2026-08-04T07:45:00.000Z,Front AC,71.1,0,41,71,0,285,compressorCoolStage1On,Sleep,
2026-08-04T07:50:00.000Z,Front AC,71.1,0,41,71,0,15,compressorCoolOff,Sleep,
2026-08-04T07:55:00.000Z,Front AC,72,0,43,71,0,300,compressorCoolStage1On,Sleep,
2026-08-04T08:00:00.000Z,Front AC,71.6,0,42,71,0,300,compressorCoolStage1On,Sleep,
2026-08-04T08:05:00.000Z,Front AC,71.3,0,41,71,0,300,compressorCoolStage1On,Sleep,
2026-08-04T08:10:00.000Z,Front AC,71.2,0,41,71,0,300,compressorCoolStage1On,Sleep,
2026-08-04T08:15:00.000Z,Front AC,71.2,0,41,71,0,0,compressorCoolOff,Sleep,
2026-08-04T08:20:00.000Z,Front AC,72,0,42,71,0,300,compressorCoolStage1On,Sleep,
2026-08-04T08:25:00.000Z,Front AC,72,0,41,71,0,300,compressorCoolStage1On,Sleep,
2026-08-04T08:30:00.000Z,Front AC,71.8,0,40,71,0,300,compressorCoolStage1On,Sleep,
2026-08-04T08:35:00.000Z,Front AC,71.5,0,40,71,0,300,compressorCoolStage1On,Sleep,
2026-08-04T08:40:00.000Z,Front AC,71.1,0,40,71,0,45,compressorCoolStage1On,Sleep,
2026-08-04T08:45:00.000Z,Front AC,71.3,0,41,71,0,255,compressorCoolOff,Sleep,
2026-08-04T08:50:00.000Z,Front AC,71.5,0,41,71,0,300,compressorCoolStage1On,Sleep,
2026-08-04T08:55:00.000Z,Front AC,71.4,0,40,71,0,300,compressorCoolStage1On,Sleep,
2026-08-04T09:00:00.000Z,Front AC,71.1,0,40,71,0,75,compressorCoolStage1On,Sleep,
2026-08-04T09:05:00.000Z,Front AC,71.3,0,41,71,0,225,compressorCoolOff,Sleep,
2026-08-04T09:10:00.000Z,Front AC,71.5,0,41,71,0,300,compressorCoolStage1On,Sleep,
2026-08-04T09:15:00.000Z,Front AC,71.2,0,40,71,0,240,compressorCoolStage1On,Sleep,
2026-08-04T09:20:00.000Z,Front AC,71.1,0,40,71,0,60,compressorCoolOff,Sleep,
2026-08-04T09:25:00.000Z,Front AC,71.3,0,41,71,0,300,compressorCoolStage1On,Sleep,
2026-08-04T09:30:00.000Z,Front AC,71.2,0,41,71,0,300,compressorCoolStage1On,Sleep,
2026-08-04T09:35:00.000Z,Front AC,70.9,0,41,71,0,45,compressorCoolStage1On,Sleep,
2026-08-04T09:40:00.000Z,Front AC,71.4,0,41,71,0,255,compressorCoolOff,Sleep,
2026-08-04T09:45:00.000Z,Front AC,71.2,0,41,71,0,300,compressorCoolStage1On,Sleep,
2026-08-04T09:50:00.000Z,Front AC,71.1,0,40,71,0,180,compressorCoolStage1On,Sleep,
2026-08-04T09:55:00.000Z,Front AC,71,0,41,71,0,120,compressorCoolOff,Sleep,
2026-08-04T10:00:00.000Z,Front AC,71.2,0,41,71,0,300,compressorCoolStage1On,Sleep,
2026-08-04T10:05:00.000Z,Front AC,70.9,0,41,71,0,120,compressorCoolStage1On,Sleep,
2026-08-04T10:10:00.000Z,Front AC,71.4,0,42,71,0,180,compressorCoolOff,Sleep,
2026-08-04T10:15:00.000Z,Front AC,71.5,0,41,71,0,300,compressorCoolStage1On,Sleep,
2026-08-04T10:20:00.000Z,Front AC,71.2,0,40,71,0,300,compressorCoolStage1On,Sleep,
2026-08-04T10:25:00.000Z,Front AC,70.8,0,40,71,0,15,compressorCoolStage1On,Sleep,
2026-08-04T10:30:00.000Z,Front AC,71.3,0,41,71,0,120,compressorCoolOff,Sleep,
2026-08-04T10:35:00.000Z,Front AC,71.5,0,41,71,0,300,compressorCoolStage1On,Sleep,
2026-08-04T10:40:00.000Z,Front AC,71.4,0,40,71,0,300,compressorCoolStage1On,Sleep,
2026-08-04T10:45:00.000Z,Front AC,71.1,0,40,71,0,75,compressorCoolStage1On,Sleep,
2026-08-04T10:50:00.000Z,Front AC,71.4,0,41,71,0,180,compressorCoolOff,Sleep,
2026-08-04T10:55:00.000Z,Front AC,71.6,0,41,71,0,300,compressorCoolStage1On,Sleep,
2026-08-04T11:00:00.000Z,Front AC,71.2,0,40,71,87.1,105,compressorCoolStage1On,Sleep,
2026-08-04T11:05:00.000Z,Front AC,71.4,0,41,71,87.1,150,compressorCoolOff,Sleep,
2026-08-04T11:10:00.000Z,Front AC,71.7,0,41,71,87.1,300,compressorCoolStage1On,Sleep,
2026-08-04T11:15:00.000Z,Front AC,71.2,0,40,71,87.1,165,compressorCoolStage1On,Sleep,
2026-08-04T11:20:00.000Z,Front AC,71.2,0,41,71,87.1,15,compressorCoolOff,Sleep,
2026-08-04T11:25:00.000Z,Front AC,71.7,0,41,71,87.1,300,compressorCoolStage1On,Sleep,
2026-08-04T11:30:00.000Z,Front AC,71.5,0,40,71,86.3,300,compressorCoolStage1On,Sleep,
2026-08-04T11:35:00.000Z,Front AC,71.1,0,40,71,86.3,105,compressorCoolStage1On,Sleep,
2026-08-04T11:40:00.000Z,Front AC,71.2,0,41,71,86.3,195,compressorCoolOff,Sleep,
2026-08-04T11:45:00.000Z,Front AC,71.2,0,41,71,86.3,300,compressorCoolStage1On,Sleep,
2026-08-04T11:50:00.000Z,Front AC,71,0,40,71,86.3,45,compressorCoolStage1On,Sleep,
2026-08-04T11:55:00.000Z,Front AC,71.3,0,41,71,86.3,255,compressorCoolOff,Sleep,
2026-08-04T12:00:00.000Z,Front AC,71.4,0,41,71,86.3,300,compressorCoolStage1On,Sleep,
2026-08-04T12:05:00.000Z,Front AC,71.1,0,40,71,86.3,30,compressorCoolStage1On,Sleep,
2026-08-04T12:10:00.000Z,Front AC,71.2,0,41,71,86.3,270,compressorCoolOff,Sleep,
2026-08-04T12:15:00.000Z,Front AC,71.2,0,40,71,86.3,225,compressorCoolStage1On,Sleep,
2026-08-04T12:20:00.000Z,Front AC,71.2,0,40,71,86.3,75,compressorCoolOff,Sleep,
2026-08-04T12:25:00.000Z,Front AC,71.2,0,41,71,86.3,300,compressorCoolStage1On,Sleep,
2026-08-04T12:30:00.000Z,Front AC,71.1,0,41,71,87.3,240,compressorCoolStage1On,Sleep,
2026-08-04T12:35:00.000Z,Front AC,70.8,0,41,71,87.3,45,compressorCoolOff,Sleep,
2026-08-04T12:40:00.000Z,Front AC,71.2,0,41,71,87.3,300,compressorCoolStage1On,Sleep,
2026-08-04T12:45:00.000Z,Front AC,71.2,0,40,71,87.3,165,compressorCoolStage1On,Sleep,
2026-08-04T12:50:00.000Z,Front AC,71.2,0,41,71,87.3,135,compressorCoolOff,Sleep,
2026-08-04T12:55:00.000Z,Front AC,71.3,0,41,71,87.3,300,compressorCoolStage1On,Sleep,
2026-08-04T13:00:00.000Z,Front AC,70.9,0,41,71,86.7,180,compressorCoolStage1On,Sleep,
2026-08-04T13:05:00.000Z,Front AC,70.8,0,42,71,86.7,0,compressorCoolOff,Sleep,
2026-08-04T13:10:00.000Z,Front AC,71.3,0,41,71,86.7,90,compressorCoolOff,Sleep,
2026-08-04T13:15:00.000Z,Front AC,71.5,0,41,71.6,86.7,240,compressorCoolStage1On,Sleep,
2026-08-04T13:20:00.000Z,Front AC,71.3,0,42,74,86.7,0,compressorCoolOff,Sleep,hold
2026-08-04T13:25:00.000Z,Front AC,72,0,44,74,86.7,0,compressorCoolOff,Sleep,hold
2026-08-04T13:30:00.000Z,Front AC,72.5,0,43,74,86.7,0,compressorCoolOff,Sleep,hold
2026-08-04T13:35:00.000Z,Front AC,72.9,0,42,74,86.7,0,compressorCoolOff,Sleep,hold
2026-08-04T13:40:00.000Z,Front AC,73.1,0,41,74,86.7,0,compressorCoolOff,Sleep,hold
2026-08-04T13:45:00.000Z,Front AC,73.2,0,41,74,86.7,0,compressorCoolOff,Sleep,hold
2026-08-04T13:50:00.000Z,Front AC,73.9,0,42,74,86.7,0,compressorCoolOff,Sleep,hold
2026-08-04T13:55:00.000Z,Front AC,74.1,0,43,74,86.7,0,compressorCoolOff,Sleep,hold
2026-08-04T14:00:00.000Z,Front AC,74.3,0,43,74,87.6,0,compressorCoolOff,Sleep,hold
2026-08-04T14:05:00.000Z,Front AC,74.3,0,44,74,87.6,240,compressorCoolOff,Sleep,hold
2026-08-04T14:10:00.000Z,Front AC,73.5,0,44,74,87.6,60,compressorCoolStage1On,Sleep,hold
2026-08-04T14:15:00.000Z,Front AC,73.2,0,46,74,87.6,0,compressorCoolOff,Sleep,hold
2026-08-04T14:20:00.000Z,Front AC,73.6,0,46,74,87.6,0,compressorCoolOff,Sleep,hold
2026-08-04T14:25:00.000Z,Front AC,73.9,0,45,74,87.6,225,compressorCoolOff,Sleep,hold
2026-08-04T14:30:00.000Z,Front AC,73,0,46,77,87.6,30,compressorCoolStage1On,WFH,
2026-08-04T14:35:00.000Z,Front AC,73.1,0,47,77,87.6,0,compressorCoolOff,WFH,
2026-08-04T14:40:00.000Z,Front AC,73.7,0,45,77,87.6,0,compressorCoolOff,WFH,
2026-08-04T14:45:00.000Z,Front AC,74.3,0,44,77,87.6,0,compressorCoolOff,WFH,
2026-08-04T14:50:00.000Z,Front AC,74.6,0,44,77,87.6,0,compressorCoolOff,WFH,
2026-08-04T14:55:00.000Z,Front AC,74.9,0,43,77,87.6,0,compressorCoolOff,WFH,
2026-08-04T15:00:00.000Z,Front AC,75.2,0,43,77,89.7,0,compressorCoolOff,WFH,
2026-08-04T15:05:00.000Z,Front AC,75.4,0,43,77,89.7,0,compressorCoolOff,WFH,
2026-08-04T15:10:00.000Z,Front AC,75.6,0,43,77,89.7,0,compressorCoolOff,WFH,
2026-08-04T15:15:00.000Z,Front AC,75.7,0,43,77,89.7,0,compressorCoolOff,WFH,
2026-08-04T15:20:00.000Z,Front AC,75.9,0,43,77,89.7,0,compressorCoolOff,WFH,
2026-08-04T15:25:00.000Z,Front AC,76,0,43,77,89.7,0,compressorCoolOff,WFH,
2026-08-04T15:30:00.000Z,Front AC,75.5,0,42,77,89.7,0,compressorCoolOff,WFH,
2026-08-04T15:35:00.000Z,Front AC,76,0,43,77,89.7,0,compressorCoolOff,WFH,
2026-08-04T15:40:00.000Z,Front AC,76,0,42,77,89.7,0,compressorCoolOff,WFH,
2026-08-04T15:45:00.000Z,Front AC,75.8,0,41,77,89.7,0,compressorCoolOff,WFH,
2026-08-04T15:50:00.000Z,Front AC,75.8,0,41,77,89.7,0,compressorCoolOff,WFH,
2026-08-04T15:55:00.000Z,Front AC,76,0,41,77,89.7,0,compressorCoolOff,WFH,
2026-08-04T16:00:00.000Z,Front AC,76.5,0,41,77,92.2,0,compressorCoolOff,WFH,
2026-08-04T16:05:00.000Z,Front AC,76.4,0,41,77,92.2,0,compressorCoolOff,WFH,
2026-08-04T16:10:00.000Z,Front AC,75.9,0,41,77,92.2,0,compressorCoolOff,WFH,
2026-08-04T16:15:00.000Z,Front AC,76,0,41,77,92.2,0,compressorCoolOff,WFH,
2026-08-04T16:20:00.000Z,Front AC,76.2,0,42,77,92.2,0,compressorCoolOff,WFH,
2026-08-04T16:25:00.000Z,Front AC,76.6,0,42,77,92.2,0,compressorCoolOff,WFH,
2026-08-04T16:30:00.000Z,Front AC,76.5,0,42,77,92.2,0,compressorCoolOff,WFH,
2026-08-04T16:35:00.000Z,Front AC,76.8,0,42,77,92.2,0,compressorCoolOff,WFH,
2026-08-04T16:40:00.000Z,Front AC,76.6,0,41,77,92.2,0,compressorCoolOff,WFH,
2026-08-04T16:45:00.000Z,Front AC,76.4,0,41,77,92.2,0,compressorCoolOff,WFH,
2026-08-04T16:50:00.000Z,Front AC,76.8,0,42,77,92.2,0,compressorCoolOff,WFH,
2026-08-04T16:55:00.000Z,Front AC,76.8,0,42,77,92.2,0,compressorCoolOff,WFH,
2026-08-04T17:00:00.000Z,Front AC,77.2,0,42,77,95,240,compressorCoolOff,WFH,
2026-08-04T17:05:00.000Z,Front AC,77,0,41,77,95,90,compressorCoolStage1On,WFH,
2026-08-04T17:10:00.000Z,Front AC,76.6,0,42,77,95,0,compressorCoolOff,WFH,
2026-08-04T17:15:00.000Z,Front AC,76.5,0,43,77,95,0,compressorCoolOff,WFH,
2026-08-04T17:20:00.000Z,Front AC,76.5,0,42,77,95,0,compressorCoolOff,WFH,
2026-08-04T17:25:00.000Z,Front AC,76.7,0,42,77,95,0,compressorCoolOff,WFH,
2026-08-04T17:30:00.000Z,Front AC,77,0,42,77,94.9,90,compressorCoolOff,WFH,
2026-08-04T17:35:00.000Z,Front AC,77.3,0,42,77,94.9,300,compressorCoolStage1On,WFH,
2026-08-04T17:40:00.000Z,Front AC,76.8,0,41,77,94.9,15,compressorCoolStage1On,WFH,
2026-08-04T17:45:00.000Z,Front AC,76.3,0,43,77,94.9,0,compressorCoolOff,WFH,
2026-08-04T17:50:00.000Z,Front AC,76.3,0,43,77,94.9,0,compressorCoolOff,WFH,
2026-08-04T17:55:00.000Z,Front AC,76.4,0,42,77,94.9,0,compressorCoolOff,WFH,
2026-08-04T18:00:00.000Z,Front AC,76.7,0,42,77,96.1,0,compressorCoolOff,WFH,
2026-08-04T18:05:00.000Z,Front AC,77.1,0,42,77,96.1,135,compressorCoolOff,WFH,
2026-08-04T18:10:00.000Z,Front AC,77.3,0,42,77,96.1,285,compressorCoolStage1On,WFH,
2026-08-04T18:15:00.000Z,Front AC,76.5,0,41,77,96.1,0,compressorCoolOff,WFH,
2026-08-04T18:20:00.000Z,Front AC,76.2,0,43,77,96.1,0,compressorCoolOff,WFH,
2026-08-04T18:25:00.000Z,Front AC,76.2,0,42,77,96.1,0,compressorCoolOff,WFH,
2026-08-04T18:30:00.000Z,Front AC,76.4,0,42,77,97.9,0,compressorCoolOff,WFH,
2026-08-04T18:35:00.000Z,Front AC,76.8,0,42,77,97.9,0,compressorCoolOff,WFH,
2026-08-04T18:40:00.000Z,Front AC,77.2,0,42,77,97.9,210,compressorCoolOff,WFH,
2026-08-04T18:45:00.000Z,Front AC,77.1,0,41,77,97.9,150,compressorCoolStage1On,WFH,
2026-08-04T18:50:00.000Z,Front AC,76.6,0,42,77,97.9,0,compressorCoolOff,WFH,
2026-08-04T18:55:00.000Z,Front AC,76.2,0,42,77,97.9,0,compressorCoolOff,WFH,
2026-08-04T19:00:00.000Z,Front AC,76.3,0,42,77,99.2,0,compressorCoolOff,WFH,
2026-08-04T19:05:00.000Z,Front AC,76.7,0,42,77,99.2,0,compressorCoolOff,WFH,
2026-08-04T19:10:00.000Z,Front AC,77.1,0,42,77,99.2,120,compressorCoolOff,WFH,
2026-08-04T19:15:00.000Z,Front AC,77.3,0,42,77,99.2,300,compressorCoolStage1On,WFH,
2026-08-04T19:20:00.000Z,Front AC,76.7,0,41,77,99.2,0,compressorCoolOff,WFH,
2026-08-04T19:25:00.000Z,Front AC,76.4,0,43,77,99.2,0,compressorCoolOff,WFH,
2026-08-04T19:30:00.000Z,Front AC,76.2,0,42,77,99.2,0,compressorCoolOff,WFH,
2026-08-04T19:35:00.000Z,Front AC,76.6,0,42,77,99.2,0,compressorCoolOff,WFH,
2026-08-04T19:40:00.000Z,Front AC,77,0,42,77,99.2,90,compressorCoolOff,WFH,
2026-08-04T19:45:00.000Z,Front AC,77.3,0,41,77,99.2,300,compressorCoolStage1On,WFH,
2026-08-04T19:50:00.000Z,Front AC,76.9,0,41,77,99.2,15,compressorCoolStage1On,WFH,
2026-08-04T19:55:00.000Z,Front AC,76.6,0,43,77,99.2,0,compressorCoolOff,WFH,
2026-08-04T20:00:00.000Z,Front AC,76.5,0,42,77,100.4,0,compressorCoolOff,WFH,
2026-08-04T20:05:00.000Z,Front AC,76.6,0,42,77,100.4,0,compressorCoolOff,WFH,
2026-08-04T20:10:00.000Z,Front AC,77,0,42,77,100.4,105,compressorCoolOff,WFH,
2026-08-04T20:15:00.000Z,Front AC,77.4,0,42,77,100.4,300,compressorCoolStage1On,WFH,
2026-08-04T20:20:00.000Z,Front AC,77.1,0,43,77,100.4,300,compressorCoolStage1On,WFH,
2026-08-04T20:25:00.000Z,Front AC,76.8,0,43,77,100.4,300,compressorCoolStage1On,WFH,(SmartRecovery)
2026-08-04T20:30:00.000Z,Front AC,76.3,0,43,77,100.4,300,compressorCoolStage1On,WFH,(SmartRecovery)
2026-08-04T20:35:00.000Z,Front AC,75.8,0,43,77,100.4,300,compressorCoolStage1On,WFH,(SmartRecovery)
2026-08-04T20:40:00.000Z,Front AC,75.3,0,43,77,100.4,300,compressorCoolStage1On,WFH,(SmartRecovery)
2026-08-04T20:45:00.000Z,Front AC,74.9,0,43,77,100.4,90,compressorCoolStage1On,WFH,(SmartRecovery)
2026-08-04T20:50:00.000Z,Front AC,74.6,0,44,77,100.4,0,compressorCoolOff,WFH,
2026-08-04T20:55:00.000Z,Front AC,75,0,43,77,100.4,120,compressorCoolOff,WFH,
2026-08-04T21:00:00.000Z,Front AC,75.5,0,43,75,101,300,compressorCoolStage1On,Cooldown,
2026-08-04T21:05:00.000Z,Front AC,75.6,0,43,75,101,300,compressorCoolStage1On,Cooldown,
2026-08-04T21:10:00.000Z,Front AC,75.3,0,43,75,101,300,compressorCoolStage1On,Cooldown,
2026-08-04T21:15:00.000Z,Front AC,75,0,43,75,101,120,compressorCoolStage1On,Cooldown,
2026-08-04T21:20:00.000Z,Front AC,74.5,0,44,75,101,0,compressorCoolOff,Cooldown,
2026-08-04T21:25:00.000Z,Front AC,74.7,0,44,75,101,15,compressorCoolOff,Cooldown,
2026-08-04T21:30:00.000Z,Front AC,75.4,0,44,75,101,300,compressorCoolStage1On,Cooldown,
2026-08-04T21:35:00.000Z,Front AC,75.6,0,43,75,101,300,compressorCoolStage1On,Cooldown,
2026-08-04T21:40:00.000Z,Front AC,75.3,0,43,75,101,300,compressorCoolStage1On,Cooldown,
2026-08-04T21:45:00.000Z,Front AC,75.1,0,43,75,101,210,compressorCoolStage1On,Cooldown,
2026-08-04T21:50:00.000Z,Front AC,74.6,0,43,75,101,0,compressorCoolOff,Cooldown,
2026-08-04T21:55:00.000Z,Front AC,74.6,0,44,75,101,0,compressorCoolOff,Cooldown,
2026-08-04T22:00:00.000Z,Front AC,75.2,0,44,75,103.7,210,compressorCoolOff,Cooldown,
2026-08-04T22:05:00.000Z,Front AC,75.8,0,43,75,103.7,300,compressorCoolStage1On,Cooldown,
2026-08-04T22:10:00.000Z,Front AC,75.8,0,43,75,103.7,300,compressorCoolStage1On,Cooldown,
2026-08-04T22:15:00.000Z,Front AC,75.3,0,43,75,103.7,300,compressorCoolStage1On,Cooldown,
2026-08-04T22:20:00.000Z,Front AC,74.8,0,43,75,103.7,15,compressorCoolStage1On,Cooldown,
2026-08-04T22:25:00.000Z,Front AC,74.5,0,44,75,103.7,0,compressorCoolOff,Cooldown,
2026-08-04T22:30:00.000Z,Front AC,74.9,0,44,75,102.7,90,compressorCoolOff,Cooldown,
2026-08-04T22:35:00.000Z,Front AC,75.3,0,43,75,102.7,300,compressorCoolStage1On,Cooldown,
2026-08-04T22:40:00.000Z,Front AC,75.6,0,43,75,102.7,300,compressorCoolStage1On,Cooldown,
2026-08-04T22:45:00.000Z,Front AC,75.3,0,43,75,102.7,300,compressorCoolStage1On,Cooldown,
2026-08-04T22:50:00.000Z,Front AC,74.9,0,43,75,102.7,300,compressorCoolStage1On,Cooldown,
2026-08-04T22:55:00.000Z,Front AC,74.6,0,43,75,102.7,300,compressorCoolStage1On,Cooldown,(SmartRecovery)
2026-08-04T23:00:00.000Z,Front AC,74.2,0,43,74,102.7,300,compressorCoolStage1On,Home,
2026-08-04T23:05:00.000Z,Front AC,74.1,0,43,74,102.7,210,compressorCoolStage1On,Home,
2026-08-04T23:10:00.000Z,Front AC,73.8,0,43,74,102.7,0,compressorCoolOff,Home,
2026-08-04T23:15:00.000Z,Front AC,74.3,0,44,74,102.7,240,compressorCoolOff,Home,
2026-08-04T23:20:00.000Z,Front AC,74.7,0,43,74,102.7,300,compressorCoolStage1On,Home,
2026-08-04T23:25:00.000Z,Front AC,74.6,0,43,74,102.7,300,compressorCoolStage1On,Home,
2026-08-04T23:30:00.000Z,Front AC,74.6,0,43,74,102.7,300,compressorCoolStage1On,Home,
2026-08-04T23:35:00.000Z,Front AC,74.4,0,43,74,102.7,300,compressorCoolStage1On,Home,
2026-08-04T23:40:00.000Z,Front AC,74.1,0,43,74,102.7,255,compressorCoolStage1On,Home,
2026-08-04T23:45:00.000Z,Front AC,73.7,0,43,74,102.7,0,compressorCoolOff,Home,
2026-08-04T23:50:00.000Z,Front AC,73.9,0,44,74,102.7,105,compressorCoolOff,Home,
2026-08-04T23:55:00.000Z,Front AC,74.6,0,43,74,102.7,300,compressorCoolStage1On,Home,
2026-08-05T00:00:00.000Z,Front AC,74.8,0,43,74,103.3,300,compressorCoolStage1On,Home,
2026-08-05T00:05:00.000Z,Front AC,74.6,0,43,74,103.3,300,compressorCoolStage1On,Home,
2026-08-05T00:10:00.000Z,Front AC,74.1,0,43,74,103.3,180,compressorCoolStage1On,Home,
2026-08-05T00:15:00.000Z,Front AC,73.5,0,43,74,103.3,0,compressorCoolOff,Home,
2026-08-05T00:20:00.000Z,Front AC,74.1,0,44,74,103.3,195,compressorCoolOff,Home,
2026-08-05T00:25:00.000Z,Front AC,74.7,0,43,74,103.3,300,compressorCoolStage1On,Home,
2026-08-05T00:30:00.000Z,Front AC,74.4,0,43,74,103.6,300,compressorCoolStage1On,Home,
2026-08-05T00:35:00.000Z,Front AC,74.1,0,43,74,103.6,270,compressorCoolStage1On,Home,
2026-08-05T00:40:00.000Z,Front AC,73.9,0,43,74,103.6,0,compressorCoolOff,Home,
2026-08-05T00:45:00.000Z,Front AC,74.3,0,44,74,103.6,285,compressorCoolOff,Home,
2026-08-05T00:50:00.000Z,Front AC,74.7,0,44,74,103.6,300,compressorCoolStage1On,Home,
2026-08-05T00:55:00.000Z,Front AC,74.2,0,44,74,103.6,300,compressorCoolStage1On,Home,
2026-08-05T01:00:00.000Z,Front AC,73.9,0,45,74,103.6,135,compressorCoolStage1On,Home,
2026-08-05T01:05:00.000Z,Front AC,73.9,0,45,74,103.6,105,compressorCoolOff,Home,
2026-08-05T01:10:00.000Z,Front AC,74.8,0,45,74,103.6,300,compressorCoolStage1On,Home,
2026-08-05T01:15:00.000Z,Front AC,74.5,0,44,74,103.6,300,compressorCoolStage1On,Home,
2026-08-05T01:20:00.000Z,Front AC,74.1,0,44,74,103.6,300,compressorCoolStage1On,Home,
2026-08-05T01:25:00.000Z,Front AC,74,0,43,74,103.6,105,compressorCoolStage1On,Home,
2026-08-05T01:30:00.000Z,Front AC,74.2,0,44,74,103.6,195,compressorCoolOff,Home,
2026-08-05T01:35:00.000Z,Front AC,74.6,0,44,74,103.6,300,compressorCoolStage1On,Home,
2026-08-05T01:40:00.000Z,Front AC,74.2,0,43,74,103.6,300,compressorCoolStage1On,Home,
2026-08-05T01:45:00.000Z,Front AC,74,0,43,74,103.6,195,compressorCoolStage1On,Home,
2026-08-05T01:50:00.000Z,Front AC,73.8,0,43,74,103.6,30,compressorCoolOff,Home,
2026-08-05T01:55:00.000Z,Front AC,74.4,0,44,74,103.6,300,compressorCoolStage1On,Home,
2026-08-05T02:00:00.000Z,Front AC,74.5,0,43,74,100.9,300,compressorCoolStage1On,Home,
2026-08-05T02:05:00.000Z,Front AC,74.1,0,43,74,100.9,225,compressorCoolStage1On,Home,
2026-08-05T02:25:00.000Z,Front AC,74.1,0,43,74,100.9,180,compressorCoolStage1On,Home,
2026-08-05T02:30:00.000Z,Front AC,73.9,0,44,74,100.9,60,compressorCoolOff,Home,
2026-08-05T02:35:00.000Z,Front AC,74.5,0,44,74,100.9,300,compressorCoolStage1On,Home,
2026-08-05T02:40:00.000Z,Front AC,74.3,0,43,74,100.9,300,compressorCoolStage1On,Home,
2026-08-05T02:45:00.000Z,Front AC,73.9,0,43,74,100.9,90,compressorCoolStage1On,Home,
2026-08-05T02:50:00.000Z,Front AC,73.9,0,44,74,100.9,90,compressorCoolOff,Home,
2026-08-05T02:55:00.000Z,Front AC,74.3,0,43,74,100.9,300,compressorCoolStage1On,Home,
2026-08-05T03:00:00.000Z,Front AC,74.1,0,43,74,97.8,210,compressorCoolStage1On,Home,
2026-08-05T03:05:00.000Z,Front AC,73.8,0,43,74,97.8,0,compressorCoolOff,Home,
2026-08-05T03:10:00.000Z,Front AC,74.2,0,44,74,97.8,300,compressorCoolStage1On,Home,
2026-08-05T03:15:00.000Z,Front AC,74.1,0,43,74,97.8,240,compressorCoolStage1On,Home,
2026-08-05T03:20:00.000Z,Front AC,73.9,0,43,74,97.8,0,compressorCoolOff,Home,
2026-08-05T03:40:00.000Z,Front AC,72.6,0,41,74,97.8,300,compressorCoolStage1On,Home,(SmartRecovery)
2026-08-05T03:45:00.000Z,Front AC,72.3,0,41,74,97.8,300,compressorCoolStage1On,Home,(SmartRecovery)
2026-08-05T03:50:00.000Z,Front AC,72.3,0,41,74,97.8,300,compressorCoolStage1On,Home,(SmartRecovery)
2026-08-05T03:55:00.000Z,Front AC,72.1,0,41,74,97.8,300,compressorCoolStage1On,Home,(SmartRecovery)
2026-08-05T04:00:00.000Z,Front AC,71.8,0,41,74,96.2,300,compressorCoolStage1On,Home,(SmartRecovery)
2026-08-05T04:05:00.000Z,Front AC,71.9,0,40,74,96.2,300,compressorCoolStage1On,Home,(SmartRecovery)
2026-08-05T04:10:00.000Z,Front AC,71.8,0,40,74,96.2,300,compressorCoolStage1On,Home,(SmartRecovery)
2026-08-05T04:15:00.000Z,Front AC,71.6,0,40,74,96.2,300,compressorCoolStage1On,Home,(SmartRecovery)
2026-08-05T04:20:00.000Z,Front AC,71.2,0,41,74,96.2,300,compressorCoolStage1On,Home,(SmartRecovery)
2026-08-05T04:25:00.000Z,Front AC,71.3,0,40,74.7,96.2,150,compressorCoolStage1On,Home,(SmartRecovery)
2026-08-05T04:30:00.000Z,Front AC,71.6,0,42,71,97.3,150,compressorCoolOff,Sleep,
2026-08-05T04:35:00.000Z,Front AC,72.3,0,42,71,97.3,300,compressorCoolStage1On,Sleep,
2026-08-05T04:40:00.000Z,Front AC,72,0,41,71,97.3,300,compressorCoolStage1On,Sleep,
2026-08-05T04:45:00.000Z,Front AC,71.7,0,42,71,97.3,300,compressorCoolStage1On,Sleep,
2026-08-05T04:50:00.000Z,Front AC,71.2,0,43,71,97.3,270,compressorCoolStage1On,Sleep,
2026-08-05T04:55:00.000Z,Front AC,71.1,0,43,71,97.3,30,compressorCoolOff,Sleep,
2026-08-05T05:00:00.000Z,Front AC,71.6,0,43,71,95.7,300,compressorCoolStage1On,Sleep,
2026-08-05T05:05:00.000Z,Front AC,71.2,0,43,71,95.7,300,compressorCoolStage1On,Sleep,
2026-08-05T05:10:00.000Z,Front AC,71.4,0,43,71,95.7,300,compressorCoolStage1On,Sleep,
2026-08-05T05:15:00.000Z,Front AC,71.6,0,43,71,95.7,300,compressorCoolStage1On,Sleep,
2026-08-05T05:20:00.000Z,Front AC,71.2,0,42,71,95.7,300,compressorCoolStage1On,Sleep,
2026-08-05T05:25:00.000Z,Front AC,71,0,42,71,95.7,15,compressorCoolStage1On,Sleep,
2026-08-05T05:30:00.000Z,Front AC,71.6,0,43,71,96,285,compressorCoolOff,Sleep,
2026-08-05T05:35:00.000Z,Front AC,71.4,0,43,71,96,300,compressorCoolStage1On,Sleep,
2026-08-05T05:40:00.000Z,Front AC,71,0,43,71,96,210,compressorCoolStage1On,Sleep,
2026-08-05T05:45:00.000Z,Front AC,71.1,0,44,71,96,90,compressorCoolOff,Sleep,
2026-08-05T05:50:00.000Z,Front AC,71.7,0,44,71,96,300,compressorCoolStage1On,Sleep,
2026-08-05T05:55:00.000Z,Front AC,71.5,0,43,71,96,300,compressorCoolStage1On,Sleep,
2026-08-05T06:00:00.000Z,Front AC,71.2,0,42,71,94.5,180,compressorCoolStage1On,Sleep,
2026-08-05T06:05:00.000Z,Front AC,71.3,0,43,71,94.5,120,compressorCoolOff,Sleep,
2026-08-05T06:10:00.000Z,Front AC,71.5,0,44,71,94.5,300,compressorCoolStage1On,Sleep,
2026-08-05T06:15:00.000Z,Front AC,71,0,43,71,94.5,120,compressorCoolStage1On,Sleep,
2026-08-05T06:20:00.000Z,Front AC,71.4,0,45,71,94.5,180,compressorCoolOff,Sleep,
2026-08-05T06:35:00.000Z,Front AC,71.7,0,45,71,94.9,300,compressorCoolStage1On,Sleep,
2026-08-05T06:40:00.000Z,Front AC,71.4,0,43,71,94.9,300,compressorCoolStage1On,Sleep,
2026-08-05T06:45:00.000Z,Front AC,71.1,0,43,71,94.9,225,compressorCoolStage1On,Sleep,
2026-08-05T06:50:00.000Z,Front AC,71.1,0,44,71,94.9,75,compressorCoolOff,Sleep,
2026-08-05T06:55:00.000Z,Front AC,71.8,0,44,71,94.9,300,compressorCoolStage1On,Sleep,
2026-08-05T07:00:00.000Z,Front AC,71.9,0,43,71,93,300,compressorCoolStage1On,Sleep,
2026-08-05T07:05:00.000Z,Front AC,71.6,0,41,71,93,300,compressorCoolStage1On,Sleep,
2026-08-05T07:10:00.000Z,Front AC,71.2,0,41,71,93,210,compressorCoolStage1On,Sleep,
2026-08-05T07:15:00.000Z,Front AC,71.3,0,42,71,93,90,compressorCoolOff,Sleep,
2026-08-05T07:20:00.000Z,Front AC,71.8,0,42,71,93,300,compressorCoolStage1On,Sleep,
2026-08-05T07:25:00.000Z,Front AC,71.5,0,41,71,93,300,compressorCoolStage1On,Sleep,
2026-08-05T07:30:00.000Z,Front AC,71.3,0,41,71,93,270,compressorCoolStage1On,Sleep,
2026-08-05T07:35:00.000Z,Front AC,71,0,41,71,93,30,compressorCoolOff,Sleep,
2026-08-05T07:40:00.000Z,Front AC,71.6,0,43,71,93,300,compressorCoolStage1On,Sleep,
2026-08-05T07:45:00.000Z,Front AC,71.2,0,42,71,93,240,compressorCoolStage1On,Sleep,
2026-08-05T07:50:00.000Z,Front AC,71.1,0,43,71,93,60,compressorCoolOff,Sleep,
2026-08-05T07:55:00.000Z,Front AC,71.6,0,43,71,93,300,compressorCoolStage1On,Sleep,
2026-08-05T08:00:00.000Z,Front AC,71.4,0,42,71,91.5,285,compressorCoolStage1On,Sleep,
2026-08-05T08:05:00.000Z,Front AC,71,0,42,71,91.5,15,compressorCoolOff,Sleep,
2026-08-05T08:10:00.000Z,Front AC,71.5,0,43,71,91.5,300,compressorCoolStage1On,Sleep,
2026-08-05T08:15:00.000Z,Front AC,71.3,0,43,71,91.5,285,compressorCoolStage1On,Sleep,
2026-08-05T08:20:00.000Z,Front AC,70.9,0,43,71,91.5,15,compressorCoolOff,Sleep,
2026-08-05T08:25:00.000Z,Front AC,71.4,0,43,71,91.5,300,compressorCoolStage1On,Sleep,
2026-08-05T08:30:00.000Z,Front AC,71.1,0,43,71,91.5,180,compressorCoolStage1On,Sleep,
2026-08-05T08:35:00.000Z,Front AC,71.2,0,44,71,91.5,120,compressorCoolOff,Sleep,
2026-08-05T08:40:00.000Z,Front AC,71.5,0,43,71,91.5,300,compressorCoolStage1On,Sleep,
2026-08-05T08:45:00.000Z,Front AC,71.2,0,43,71,91.5,300,compressorCoolStage1On,Sleep,
2026-08-05T08:50:00.000Z,Front AC,71,0,42,71,91.5,0,compressorCoolOff,Sleep,
2026-08-05T08:55:00.000Z,Front AC,71.2,0,43,71,91.5,300,compressorCoolStage1On,Sleep,
2026-08-05T09:00:00.000Z,Front AC,70.9,0,43,71,89.9,75,compressorCoolStage1On,Sleep,
2026-08-05T09:05:00.000Z,Front AC,71.2,0,44,71,89.9,225,compressorCoolOff,Sleep,
2026-08-05T09:10:00.000Z,Front AC,71.2,0,43,71,89.9,300,compressorCoolStage1On,Sleep,
2026-08-05T09:15:00.000Z,Front AC,70.9,0,43,71,89.9,15,compressorCoolStage1On,Sleep,
2026-08-05T09:20:00.000Z,Front AC,71.3,0,44,71,89.9,285,compressorCoolOff,Sleep,
2026-08-05T09:25:00.000Z,Front AC,70.9,0,43,71,89.9,90,compressorCoolStage1On,Sleep,
2026-08-05T09:30:00.000Z,Front AC,71.2,0,45,71,90.2,210,compressorCoolOff,Sleep,
2026-08-05T09:35:00.000Z,Front AC,71.2,0,44,71,90.2,300,compressorCoolStage1On,Sleep,
2026-08-05T09:40:00.000Z,Front AC,70.9,0,43,71,90.2,0,compressorCoolOff,Sleep,
2026-08-05T09:45:00.000Z,Front AC,71.2,0,44,71,90.2,300,compressorCoolStage1On,Sleep,
2026-08-05T09:50:00.000Z,Front AC,70.9,0,44,71,90.2,15,compressorCoolStage1On,Sleep,
2026-08-05T09:55:00.000Z,Front AC,71.3,0,44,71,90.2,285,compressorCoolOff,Sleep,
2026-08-05T10:00:00.000Z,Front AC,71.1,0,43,71,88.7,210,compressorCoolStage1On,Sleep,
2026-08-05T10:05:00.000Z,Front AC,70.9,0,44,71,88.7,90,compressorCoolOff,Sleep,
2026-08-05T10:10:00.000Z,Front AC,71.1,0,44,71,88.7,225,compressorCoolStage1On,Sleep,
2026-08-05T10:15:00.000Z,Front AC,71,0,44,71,88.7,75,compressorCoolOff,Sleep,
2026-08-05T10:20:00.000Z,Front AC,71.4,0,44,71,88.7,300,compressorCoolStage1On,Sleep,
2026-08-05T10:25:00.000Z,Front AC,70.9,0,43,71,88.7,75,compressorCoolStage1On,Sleep,
2026-08-05T10:30:00.000Z,Front AC,71.2,0,44,71,89.5,225,compressorCoolOff,Sleep,
2026-08-05T10:35:00.000Z,Front AC,71,0,44,71,89.5,135,compressorCoolStage1On,Sleep,
2026-08-05T10:40:00.000Z,Front AC,71.1,0,44,71,89.5,165,compressorCoolOff,Sleep,
2026-08-05T10:45:00.000Z,Front AC,71,0,44,71,89.5,195,compressorCoolStage1On,Sleep,
2026-08-05T10:50:00.000Z,Front AC,70.8,0,44,71,89.5,75,compressorCoolOff,Sleep,
2026-08-05T10:55:00.000Z,Front AC,71.4,0,44,71,89.5,300,compressorCoolStage1On,Sleep,
2026-08-05T11:00:00.000Z,Front AC,70.9,0,43,71,88.2,90,compressorCoolStage1On,Sleep,
2026-08-05T11:05:00.000Z,Front AC,71.1,0,44,71,88.2,210,compressorCoolOff,Sleep,
2026-08-05T11:10:00.000Z,Front AC,71,0,44,71,88.2,135,compressorCoolStage1On,Sleep,
2026-08-05T11:15:00.000Z,Front AC,71.1,0,44,71,88.2,165,compressorCoolOff,Sleep,
2026-08-05T11:20:00.000Z,Front AC,71,0,44,71,88.2,135,compressorCoolStage1On,Sleep,
2026-08-05T11:25:00.000Z,Front AC,71.1,0,45,71,88.2,165,compressorCoolOff,Sleep,
2026-08-05T11:30:00.000Z,Front AC,71.3,0,44,71,88.2,300,compressorCoolStage1On,Sleep,
2026-08-05T11:35:00.000Z,Front AC,71,0,42,71,88.2,195,compressorCoolStage1On,Sleep,
2026-08-05T11:40:00.000Z,Front AC,70.9,0,42,71,88.2,90,compressorCoolOff,Sleep,
2026-08-05T11:45:00.000Z,Front AC,71.3,0,42,71,88.2,285,compressorCoolStage1On,Sleep,
2026-08-05T11:50:00.000Z,Front AC,71,0,42,71,88.2,15,compressorCoolOff,Sleep,
2026-08-05T11:55:00.000Z,Front AC,71.3,0,43,71,88.2,300,compressorCoolStage1On,Sleep,
2026-08-05T12:00:00.000Z,Front AC,70.8,0,43,71,87.5,45,compressorCoolStage1On,Sleep,
2026-08-05T12:05:00.000Z,Front AC,71.1,0,44,71,87.5,225,compressorCoolOff,Sleep,
2026-08-05T12:10:00.000Z,Front AC,71,0,43,71,87.5,120,compressorCoolStage1On,Sleep,
2026-08-05T12:15:00.000Z,Front AC,71.1,0,44,71,87.5,180,compressorCoolOff,Sleep,
2026-08-05T12:20:00.000Z,Front AC,71.3,0,43,71,87.5,300,compressorCoolStage1On,Sleep,
2026-08-05T12:25:00.000Z,Front AC,70.7,0,43,71,87.5,30,compressorCoolStage1On,Sleep,
2026-08-05T12:30:00.000Z,Front AC,71.1,0,43,71,87.5,180,compressorCoolOff,Sleep,
2026-08-05T12:35:00.000Z,Front AC,71,0,43,71,87.5,135,compressorCoolStage1On,Sleep,
2026-08-05T12:40:00.000Z,Front AC,71,0,44,71,87.5,165,compressorCoolOff,Sleep,
2026-08-05T12:45:00.000Z,Front AC,71.1,0,43,71,87.5,285,compressorCoolStage1On,Sleep,
2026-08-05T12:50:00.000Z,Front AC,70.8,0,43,71,87.5,0,compressorCoolOff,Sleep,
2026-08-05T12:55:00.000Z,Front AC,71.3,0,44,71,87.5,285,compressorCoolOff,Sleep,
2026-08-05T13:00:00.000Z,Front AC,71.4,0,43,71,86.3,300,compressorCoolStage1On,Sleep,
2026-08-05T13:05:00.000Z,Front AC,71.1,0,42,74,86.3,75,compressorCoolStage1On,Sleep,
2026-08-05T13:10:00.000Z,Front AC,71.4,0,43,75,86.3,0,compressorCoolOff,Sleep,hold
2026-08-05T13:15:00.000Z,Front AC,72.1,0,42,75,86.3,0,compressorCoolOff,Sleep,hold
2026-08-05T13:20:00.000Z,Front AC,72.6,0,42,75,86.3,0,compressorCoolOff,Sleep,hold
2026-08-05T13:25:00.000Z,Front AC,73.1,0,43,75,86.3,0,compressorCoolOff,Sleep,hold
2026-08-05T13:30:00.000Z,Front AC,73.2,0,43,75,88.1,0,compressorCoolOff,Sleep,hold
2026-08-05T13:35:00.000Z,Front AC,73.2,0,42,75,88.1,0,compressorCoolOff,Sleep,hold
2026-08-05T13:40:00.000Z,Front AC,73.3,0,43,75,88.1,0,compressorCoolOff,Sleep,hold
2026-08-05T13:45:00.000Z,Front AC,73.6,0,44,75,88.1,0,compressorCoolOff,Sleep,hold
2026-08-05T13:50:00.000Z,Front AC,73.9,0,44,75,88.1,0,compressorCoolOff,Sleep,hold
2026-08-05T13:55:00.000Z,Front AC,74.2,0,44,75,88.1,0,compressorCoolOff,Sleep,hold
2026-08-05T14:00:00.000Z,Front AC,74.3,0,44,75,87.8,0,compressorCoolOff,Sleep,hold
2026-08-05T14:05:00.000Z,Front AC,74.2,0,43,75,87.8,0,compressorCoolOff,Sleep,hold
2026-08-05T14:10:00.000Z,Front AC,74.2,0,43,75,87.8,0,compressorCoolOff,Sleep,hold
2026-08-05T14:15:00.000Z,Front AC,74.2,0,43,75,87.8,0,compressorCoolOff,Sleep,hold
2026-08-05T14:20:00.000Z,Front AC,74.3,0,44,75,87.8,0,compressorCoolOff,Sleep,hold
2026-08-05T14:25:00.000Z,Front AC,74.4,0,44,76.9,87.8,0,compressorCoolOff,Sleep,hold
2026-08-05T14:30:00.000Z,Front AC,74.7,0,45,77,87.8,0,compressorCoolOff,WFH,
2026-08-05T14:35:00.000Z,Front AC,75,0,45,77,87.8,0,compressorCoolOff,WFH,
2026-08-05T14:40:00.000Z,Front AC,75.1,0,45,77,87.8,0,compressorCoolOff,WFH,
2026-08-05T14:45:00.000Z,Front AC,75.3,0,44,77,87.8,0,compressorCoolOff,WFH,
2026-08-05T14:50:00.000Z,Front AC,75.4,0,44,77,87.8,0,compressorCoolOff,WFH,
2026-08-05T14:55:00.000Z,Front AC,75.5,0,44,77,87.8,0,compressorCoolOff,WFH,
2026-08-05T15:00:00.000Z,Front AC,75.7,0,44,77,88.4,0,compressorCoolOff,WFH,
2026-08-05T15:05:00.000Z,Front AC,75.8,0,44,77,88.4,0,compressorCoolOff,WFH,
2026-08-05T15:10:00.000Z,Front AC,76,0,44,77,88.4,0,compressorCoolOff,WFH,
2026-08-05T15:15:00.000Z,Front AC,76.2,0,44,77,88.4,0,compressorCoolOff,WFH,
2026-08-05T15:20:00.000Z,Front AC,76.3,0,44,77,88.4,0,compressorCoolOff,WFH,
2026-08-05T15:25:00.000Z,Front AC,76.3,0,44,77,88.4,0,compressorCoolOff,WFH,
2026-08-05T15:30:00.000Z,Front AC,76.2,0,43,77,88.4,0,compressorCoolOff,WFH,
2026-08-05T15:35:00.000Z,Front AC,76.1,0,43,77,88.4,0,compressorCoolOff,WFH,
2026-08-05T15:40:00.000Z,Front AC,76.2,0,44,77,88.4,0,compressorCoolOff,WFH,
2026-08-05T15:45:00.000Z,Front AC,76.4,0,44,77,88.4,0,compressorCoolOff,WFH,
2026-08-05T15:50:00.000Z,Front AC,76.6,0,44,77,88.4,0,compressorCoolOff,WFH,
2026-08-05T15:55:00.000Z,Front AC,76.7,0,44,77,88.4,0,compressorCoolOff,WFH,
2026-08-05T16:00:00.000Z,Front AC,76.9,0,44,77,89.7,0,compressorCoolOff,WFH,
2026-08-05T16:05:00.000Z,Front AC,77,0,44,77,89.7,0,compressorCoolOff,WFH,
2026-08-05T16:10:00.000Z,Front AC,77,0,43,77,89.7,0,compressorCoolOff,WFH,
2026-08-05T16:15:00.000Z,Front AC,76.7,0,43,77,89.7,0,compressorCoolOff,WFH,
2026-08-05T16:20:00.000Z,Front AC,76.8,0,44,77,89.7,0,compressorCoolOff,WFH,
2026-08-05T16:25:00.000Z,Front AC,77,0,43,77,89.7,0,compressorCoolOff,WFH,
2026-08-05T16:30:00.000Z,Front AC,77.1,0,43,77,92.7,0,compressorCoolOff,WFH,
2026-08-05T16:35:00.000Z,Front AC,77.3,0,44,77,92.7,0,compressorCoolOff,WFH,
2026-08-05T16:40:00.000Z,Front AC,77.3,0,43,77,92.7,0,compressorCoolOff,WFH,
2026-08-05T16:45:00.000Z,Front AC,77.1,0,42,77,92.7,0,compressorCoolOff,WFH,
2026-08-05T16:50:00.000Z,Front AC,77.1,0,43,77,92.7,0,compressorCoolOff,WFH,
2026-08-05T16:55:00.000Z,Front AC,77.3,0,44,77,92.7,0,compressorCoolOff,WFH,
2026-08-05T17:00:00.000Z,Front AC,77.5,0,43,77,93.9,240,compressorCoolOff,WFH,
2026-08-05T17:05:00.000Z,Front AC,77.5,0,42,77,93.9,300,compressorCoolStage1On,WFH,
2026-08-05T17:10:00.000Z,Front AC,76.7,0,43,77,93.9,60,compressorCoolStage1On,WFH,
2026-08-05T17:15:00.000Z,Front AC,75.9,0,43,77,93.9,0,compressorCoolOff,WFH,
2026-08-05T17:20:00.000Z,Front AC,76,0,44,77,93.9,0,compressorCoolOff,WFH,
2026-08-05T17:25:00.000Z,Front AC,76.4,0,44,77,93.9,0,compressorCoolOff,WFH,
2026-08-05T17:30:00.000Z,Front AC,76.8,0,44,77,93.9,0,compressorCoolOff,WFH,
2026-08-05T17:35:00.000Z,Front AC,77,0,42,77,93.9,0,compressorCoolOff,WFH,
2026-08-05T17:40:00.000Z,Front AC,77.1,0,42,77,93.9,0,compressorCoolOff,WFH,
2026-08-05T17:45:00.000Z,Front AC,77.1,0,42,77,93.9,0,compressorCoolOff,WFH,
2026-08-05T17:50:00.000Z,Front AC,77,0,42,77,93.9,0,compressorCoolOff,WFH,
2026-08-05T17:55:00.000Z,Front AC,77.2,0,43,77,93.9,0,compressorCoolOff,WFH,
2026-08-05T18:00:00.000Z,Front AC,77.3,0,44,77,96.9,0,compressorCoolOff,WFH,
2026-08-05T18:05:00.000Z,Front AC,77.5,0,44,77,96.9,270,compressorCoolOff,WFH,
2026-08-05T18:10:00.000Z,Front AC,77.5,0,43,77,96.9,300,compressorCoolStage1On,WFH,
2026-08-05T18:15:00.000Z,Front AC,76.8,0,43,77,96.9,90,compressorCoolStage1On,WFH,
2026-08-05T18:20:00.000Z,Front AC,75.9,0,43,77,96.9,0,compressorCoolOff,WFH,
2026-08-05T18:25:00.000Z,Front AC,76.1,0,43,77,96.9,0,compressorCoolOff,WFH,
2026-08-05T18:30:00.000Z,Front AC,76.6,0,43,77,96.9,0,compressorCoolOff,WFH,
2026-08-05T18:35:00.000Z,Front AC,77,0,43,77,96.9,180,compressorCoolOff,WFH,
2026-08-05T18:40:00.000Z,Front AC,77.2,0,42,77,96.9,240,compressorCoolStage1On,WFH,
2026-08-05T18:45:00.000Z,Front AC,76.8,0,42,77,96.9,0,compressorCoolOff,WFH,
2026-08-05T18:50:00.000Z,Front AC,76.4,0,44,77,96.9,0,compressorCoolOff,WFH,
2026-08-05T18:55:00.000Z,Front AC,76.6,0,44,77,96.9,0,compressorCoolOff,WFH,
2026-08-05T19:00:00.000Z,Front AC,77,0,44,77,97.5,180,compressorCoolOff,WFH,
2026-08-05T19:05:00.000Z,Front AC,77.3,0,43,77,97.5,300,compressorCoolStage1On,WFH,
2026-08-05T19:10:00.000Z,Front AC,76.9,0,43,77,97.5,105,compressorCoolStage1On,WFH,
2026-08-05T19:15:00.000Z,Front AC,76.1,0,43,77,97.5,0,compressorCoolOff,WFH,
2026-08-05T19:20:00.000Z,Front AC,76.1,0,44,77,97.5,0,compressorCoolOff,WFH,
2026-08-05T19:25:00.000Z,Front AC,76.6,0,44,77,97.5,0,compressorCoolOff,WFH,
2026-08-05T19:30:00.000Z,Front AC,77,0,44,77,97.5,150,compressorCoolOff,WFH,
2026-08-05T19:35:00.000Z,Front AC,77.3,0,43,77,97.5,300,compressorCoolStage1On,WFH,
2026-08-05T19:40:00.000Z,Front AC,76.8,0,43,77,97.5,90,compressorCoolStage1On,WFH,
2026-08-05T19:45:00.000Z,Front AC,76.1,0,43,77,97.5,0,compressorCoolOff,WFH,
2026-08-05T19:50:00.000Z,Front AC,76.1,0,44,77,97.5,0,compressorCoolOff,WFH,
2026-08-05T19:55:00.000Z,Front AC,76.6,0,44,77,97.5,0,compressorCoolOff,WFH,
2026-08-05T20:00:00.000Z,Front AC,77.1,0,44,77,99.1,195,compressorCoolOff,WFH,
2026-08-05T20:05:00.000Z,Front AC,77.3,0,43,77,99.1,300,compressorCoolStage1On,WFH,
2026-08-05T20:10:00.000Z,Front AC,76.9,0,43,77,99.1,300,compressorCoolStage1On,WFH,
2026-08-05T20:15:00.000Z,Front AC,76.1,0,43,77,99.1,300,compressorCoolStage1On,WFH,(SmartRecovery)
2026-08-05T20:20:00.000Z,Front AC,75.6,0,43,77,99.1,300,compressorCoolStage1On,WFH,(SmartRecovery)
2026-08-05T20:25:00.000Z,Front AC,75.1,0,43,77,99.1,210,compressorCoolStage1On,WFH,(SmartRecovery)
2026-08-05T20:30:00.000Z,Front AC,74.5,0,43,77,99.1,0,compressorCoolOff,WFH,
2026-08-05T20:35:00.000Z,Front AC,74.6,0,43,77,99.1,0,compressorCoolOff,WFH,
2026-08-05T20:40:00.000Z,Front AC,75.2,0,43,77,99.1,0,compressorCoolOff,WFH,
2026-08-05T20:45:00.000Z,Front AC,75.9,0,43,77,99.1,285,compressorCoolOff,WFH,
2026-08-05T20:50:00.000Z,Front AC,76.1,0,43,77,99.1,300,compressorCoolStage1On,WFH,(SmartRecovery)
2026-08-05T20:55:00.000Z,Front AC,75.6,0,43,75.1,99.1,300,compressorCoolStage1On,WFH,(SmartRecovery)
2026-08-05T21:00:00.000Z,Front AC,75,0,43,75,100.9,150,compressorCoolStage1On,Cooldown,
2026-08-05T21:05:00.000Z,Front AC,74.4,0,43,75,100.9,0,compressorCoolOff,Cooldown,
2026-08-05T21:10:00.000Z,Front AC,74.5,0,44,75,100.9,0,compressorCoolOff,Cooldown,
2026-08-05T21:15:00.000Z,Front AC,75.2,0,43,75,100.9,225,compressorCoolOff,Cooldown,
2026-08-05T21:20:00.000Z,Front AC,75.6,0,43,75,100.9,300,compressorCoolStage1On,Cooldown,
2026-08-05T21:25:00.000Z,Front AC,75.4,0,43,75,100.9,300,compressorCoolStage1On,Cooldown,
2026-08-05T21:30:00.000Z,Front AC,74.9,0,43,75,100.5,105,compressorCoolStage1On,Cooldown,
2026-08-05T21:35:00.000Z,Front AC,74.5,0,43,75,100.5,0,compressorCoolOff,Cooldown,
2026-08-05T21:40:00.000Z,Front AC,74.6,0,44,75,100.5,0,compressorCoolOff,Cooldown,
2026-08-05T21:45:00.000Z,Front AC,75.2,0,43,75,100.5,225,compressorCoolOff,Cooldown,
2026-08-05T21:50:00.000Z,Front AC,75.5,0,43,75,100.5,300,compressorCoolStage1On,Cooldown,
2026-08-05T21:55:00.000Z,Front AC,75.4,0,43,75,100.5,300,compressorCoolStage1On,Cooldown,
2026-08-05T22:00:00.000Z,Front AC,74.9,0,43,75,101.4,105,compressorCoolStage1On,Cooldown,
2026-08-05T22:05:00.000Z,Front AC,74.3,0,44,75,101.4,0,compressorCoolOff,Cooldown,
2026-08-05T22:10:00.000Z,Front AC,74.5,0,44,75,101.4,0,compressorCoolOff,Cooldown,
2026-08-05T22:15:00.000Z,Front AC,75.1,0,44,75,101.4,180,compressorCoolOff,Cooldown,
2026-08-05T22:20:00.000Z,Front AC,75.6,0,43,75,101.4,300,compressorCoolStage1On,Cooldown,
2026-08-05T22:25:00.000Z,Front AC,75.5,0,43,75,101.4,300,compressorCoolStage1On,Cooldown,
2026-08-05T22:30:00.000Z,Front AC,75.1,0,43,75,101.4,300,compressorCoolStage1On,Cooldown,
2026-08-05T22:35:00.000Z,Front AC,74.7,0,43,75,101.4,300,compressorCoolStage1On,Cooldown,(SmartRecovery)
2026-08-05T22:40:00.000Z,Front AC,74.4,0,43,75,101.4,300,compressorCoolStage1On,Cooldown,(SmartRecovery)
2026-08-05T22:45:00.000Z,Front AC,74,0,43,75,101.4,180,compressorCoolStage1On,Cooldown,(SmartRecovery)
2026-08-05T22:50:00.000Z,Front AC,73.5,0,44,75,101.4,0,compressorCoolOff,Cooldown,
2026-08-05T22:55:00.000Z,Front AC,74,0,44,74,101.4,135,compressorCoolOff,Cooldown,
2026-08-05T23:00:00.000Z,Front AC,74.6,0,43,74,101.4,300,compressorCoolStage1On,Home,
2026-08-05T23:05:00.000Z,Front AC,74.6,0,43,74,101.4,300,compressorCoolStage1On,Home,
2026-08-05T23:10:00.000Z,Front AC,74.3,0,43,74,101.4,300,compressorCoolStage1On,Home,
2026-08-05T23:15:00.000Z,Front AC,74.1,0,43,74,101.4,300,compressorCoolStage1On,Home,
2026-08-05T23:20:00.000Z,Front AC,74.2,0,43,74,101.4,300,compressorCoolStage1On,Home,
2026-08-05T23:25:00.000Z,Front AC,74.1,0,43,74,101.4,270,compressorCoolStage1On,Home,
2026-08-05T23:30:00.000Z,Front AC,73.8,0,43,74,101.4,0,compressorCoolOff,Home,
2026-08-05T23:35:00.000Z,Front AC,73.8,0,45,74,101.4,45,compressorCoolOff,Home,
2026-08-05T23:40:00.000Z,Front AC,74.4,0,44,74,101.4,300,compressorCoolStage1On,Home,
2026-08-05T23:45:00.000Z,Front AC,74.5,0,43,74,101.4,300,compressorCoolStage1On,Home,
2026-08-05T23:50:00.000Z,Front AC,74.4,0,43,74,101.4,300,compressorCoolStage1On,Home,
2026-08-05T23:55:00.000Z,Front AC,74.4,0,43,74,101.4,300,compressorCoolStage1On,Home,
2026-08-06T00:00:00.000Z,Front AC,74.2,0,43,74,101.9,300,compressorCoolStage1On,Home,
2026-08-06T00:05:00.000Z,Front AC,73.9,0,43,74,101.9,105,compressorCoolStage1On,Home,
2026-08-06T00:10:00.000Z,Front AC,73.7,0,45,74,101.9,0,compressorCoolOff,Home,
2026-08-06T00:15:00.000Z,Front AC,74.3,0,45,74,101.9,240,compressorCoolOff,Home,
2026-08-06T00:20:00.000Z,Front AC,74.7,0,44,74,101.9,300,compressorCoolStage1On,Home,
2026-08-06T00:25:00.000Z,Front AC,74.6,0,43,74,101.9,300,compressorCoolStage1On,Home,
2026-08-06T00:30:00.000Z,Front AC,74.5,0,43,74,101.9,300,compressorCoolStage1On,Home,
2026-08-06T00:35:00.000Z,Front AC,74.3,0,43,74,101.9,300,compressorCoolStage1On,Home,
2026-08-06T00:40:00.000Z,Front AC,73.9,0,43,74,101.9,75,compressorCoolStage1On,Home,
2026-08-06T00:45:00.000Z,Front AC,73.6,0,45,74,101.9,0,compressorCoolOff,Home,
2026-08-06T00:50:00.000Z,Front AC,74.3,0,45,74,101.9,255,compressorCoolOff,Home,
2026-08-06T00:55:00.000Z,Front AC,74.8,0,43,74,101.9,300,compressorCoolStage1On,Home,
2026-08-06T01:00:00.000Z,Front AC,74.8,0,43,74,101.1,300,compressorCoolStage1On,Home,
2026-08-06T01:05:00.000Z,Front AC,74.6,0,43,74,101.1,300,compressorCoolStage1On,Home,
2026-08-06T01:10:00.000Z,Front AC,74.2,0,43,74,101.1,300,compressorCoolStage1On,Home,
2026-08-06T01:15:00.000Z,Front AC,73.8,0,43,74,101.1,15,compressorCoolStage1On,Home,
2026-08-06T01:20:00.000Z,Front AC,73.8,0,45,74,101.1,60,compressorCoolOff,Home,
2026-08-06T01:25:00.000Z,Front AC,74.5,0,44,74,101.1,300,compressorCoolStage1On,Home,
2026-08-06T01:30:00.000Z,Front AC,74.6,0,43,74,99.3,300,compressorCoolStage1On,Home,
2026-08-06T01:35:00.000Z,Front AC,74.5,0,43,74,99.3,300,compressorCoolStage1On,Home,
2026-08-06T01:40:00.000Z,Front AC,74.3,0,43,74,99.3,300,compressorCoolStage1On,Home,
2026-08-06T01:45:00.000Z,Front AC,73.6,0,43,74,99.3,45,compressorCoolStage1On,Home,
2026-08-06T01:50:00.000Z,Front AC,73.5,0,44,74,99.3,0,compressorCoolOff,Home,
2026-08-06T01:55:00.000Z,Front AC,74.3,0,45,74,99.3,240,compressorCoolOff,Home,
2026-08-06T02:00:00.000Z,Front AC,74.7,0,44,74,98.2,300,compressorCoolStage1On,Home,
2026-08-06T02:05:00.000Z,Front AC,74.4,0,43,74,98.2,300,compressorCoolStage1On,Home,
2026-08-06T02:10:00.000Z,Front AC,74.2,0,43,74,98.2,300,compressorCoolStage1On,Home,
2026-08-06T02:15:00.000Z,Front AC,73.9,0,43,74,98.2,90,compressorCoolStage1On,Home,
2026-08-06T02:20:00.000Z,Front AC,73.8,0,44,74,98.2,15,compressorCoolOff,Home,
2026-08-06T02:25:00.000Z,Front AC,74.3,0,44,74,98.2,300,compressorCoolStage1On,Home,
2026-08-06T02:30:00.000Z,Front AC,74.5,0,43,74,97.1,300,compressorCoolStage1On,Home,
2026-08-06T02:35:00.000Z,Front AC,74.3,0,42,74,97.1,300,compressorCoolStage1On,Home,
2026-08-06T02:40:00.000Z,Front AC,73.9,0,42,74,97.1,120,compressorCoolStage1On,Home,
2026-08-06T02:45:00.000Z,Front AC,73.6,0,44,74,97.1,0,compressorCoolOff,Home,
2026-08-06T02:50:00.000Z,Front AC,74.2,0,43,74,97.1,225,compressorCoolOff,Home,
2026-08-06T02:55:00.000Z,Front AC,74.5,0,43,74,97.1,300,compressorCoolStage1On,Home,
2026-08-06T03:00:00.000Z,Front AC,74.3,0,42,74,96.1,300,compressorCoolStage1On,Home,
2026-08-06T03:05:00.000Z,Front AC,74,0,42,74,96.1,195,compressorCoolStage1On,Home,
2026-08-06T03:10:00.000Z,Front AC,73.6,0,43,74,96.1,0,compressorCoolOff,Home,
2026-08-06T03:15:00.000Z,Front AC,74,0,43,74,96.1,165,compressorCoolOff,Home,
2026-08-06T03:20:00.000Z,Front AC,74.5,0,43,74,96.1,300,compressorCoolStage1On,Home,
2026-08-06T03:25:00.000Z,Front AC,74.2,0,41,74,96.1,300,compressorCoolStage1On,Home,
2026-08-06T03:30:00.000Z,Front AC,73.8,0,41,74,96.1,300,compressorCoolStage1On,Home,
2026-08-06T03:35:00.000Z,Front AC,73,0,42,74,96.1,300,compressorCoolStage1On,Home,(SmartRecovery)
2026-08-06T03:40:00.000Z,Front AC,72.6,0,43,74,96.1,300,compressorCoolStage1On,Home,(SmartRecovery)
2026-08-06T03:45:00.000Z,Front AC,72.7,0,42,74,96.1,300,compressorCoolStage1On,Home,(SmartRecovery)
2026-08-06T03:50:00.000Z,Front AC,72.6,0,41,74,96.1,300,compressorCoolStage1On,Home,(SmartRecovery)
2026-08-06T03:55:00.000Z,Front AC,72.4,0,42,74,96.1,300,compressorCoolStage1On,Home,(SmartRecovery)
2026-08-06T04:00:00.000Z,Front AC,72.2,0,43,74,95,300,compressorCoolStage1On,Home,(SmartRecovery)
2026-08-06T04:05:00.000Z,Front AC,72.2,0,42,74,95,300,compressorCoolStage1On,Home,(SmartRecovery)
2026-08-06T04:10:00.000Z,Front AC,72.2,0,41,74,95,300,compressorCoolStage1On,Home,(SmartRecovery)
2026-08-06T04:15:00.000Z,Front AC,71.9,0,41,74,95,300,compressorCoolStage1On,Home,(SmartRecovery)
2026-08-06T04:20:00.000Z,Front AC,71.4,0,41,74,95,300,compressorCoolStage1On,Home,(SmartRecovery)
2026-08-06T04:25:00.000Z,Front AC,71.4,0,41,71.1,95,300,compressorCoolStage1On,Home,(SmartRecovery)
2026-08-06T04:30:00.000Z,Front AC,71.4,0,41,71,95,300,compressorCoolStage1On,Sleep,
2026-08-06T04:35:00.000Z,Front AC,71.1,0,41,71,95,105,compressorCoolStage1On,Sleep,
2026-08-06T04:40:00.000Z,Front AC,71.3,0,42,71,95,195,compressorCoolOff,Sleep,
2026-08-06T04:45:00.000Z,Front AC,71.9,0,41,71,95,300,compressorCoolStage1On,Sleep,
2026-08-06T04:50:00.000Z,Front AC,71.8,0,41,71,95,300,compressorCoolStage1On,Sleep,
2026-08-06T04:55:00.000Z,Front AC,71.4,0,41,71,95,270,compressorCoolStage1On,Sleep,
2026-08-06T05:00:00.000Z,Front AC,71,0,41,71,93.6,0,compressorCoolOff,Sleep,
2026-08-06T05:05:00.000Z,Front AC,71.7,0,42,71,93.6,240,compressorCoolOff,Sleep,
2026-08-06T05:10:00.000Z,Front AC,72.2,0,41,71,93.6,300,compressorCoolStage1On,Sleep,
2026-08-06T05:15:00.000Z,Front AC,72.2,0,41,71,93.6,300,compressorCoolStage1On,Sleep,
2026-08-06T05:20:00.000Z,Front AC,71.9,0,41,71,93.6,300,compressorCoolStage1On,Sleep,
2026-08-06T05:25:00.000Z,Front AC,71.5,0,41,71,93.6,300,compressorCoolStage1On,Sleep,
2026-08-06T05:30:00.000Z,Front AC,71,0,41,71,94.1,60,compressorCoolStage1On,Sleep,
2026-08-06T05:35:00.000Z,Front AC,71.2,0,42,71,94.1,45,compressorCoolOff,Sleep,
2026-08-06T05:40:00.000Z,Front AC,71.5,0,43,71,94.1,300,compressorCoolStage1On,Sleep,
2026-08-06T05:45:00.000Z,Front AC,71,0,43,71,94.1,150,compressorCoolStage1On,Sleep,
2026-08-06T05:50:00.000Z,Front AC,71.1,0,43,71,94.1,45,compressorCoolOff,Sleep,
2026-08-06T05:55:00.000Z,Front AC,71.8,0,43,71,94.1,300,compressorCoolStage1On,Sleep,
2026-08-06T06:00:00.000Z,Front AC,71.4,0,43,71,92.7,300,compressorCoolStage1On,Sleep,
2026-08-06T06:05:00.000Z,Front AC,70.9,0,42,71,92.7,45,compressorCoolStage1On,Sleep,
2026-08-06T06:10:00.000Z,Front AC,71.3,0,43,71,92.7,255,compressorCoolOff,Sleep,
2026-08-06T06:15:00.000Z,Front AC,71.2,0,43,71,92.7,300,compressorCoolStage1On,Sleep,
2026-08-06T06:20:00.000Z,Front AC,70.9,0,43,71,92.7,0,compressorCoolOff,Sleep,
2026-08-06T06:25:00.000Z,Front AC,71.4,0,43,71,92.7,300,compressorCoolStage1On,Sleep,
2026-08-06T06:30:00.000Z,Front AC,71.2,0,43,71,93.7,285,compressorCoolStage1On,Sleep,
2026-08-06T06:35:00.000Z,Front AC,70.9,0,43,71,93.7,15,compressorCoolOff,Sleep,
2026-08-06T06:40:00.000Z,Front AC,71.4,0,43,71,93.7,300,compressorCoolStage1On,Sleep,
2026-08-06T06:45:00.000Z,Front AC,71.2,0,43,71,93.7,285,compressorCoolStage1On,Sleep,
2026-08-06T06:50:00.000Z,Front AC,71,0,43,71,93.7,15,compressorCoolOff,Sleep,
2026-08-06T06:55:00.000Z,Front AC,71.4,0,44,71,93.7,300,compressorCoolStage1On,Sleep,
2026-08-06T07:00:00.000Z,Front AC,71,0,43,71,92.6,135,compressorCoolStage1On,Sleep,
2026-08-06T07:05:00.000Z,Front AC,71.3,0,44,71,92.6,165,compressorCoolOff,Sleep,
2026-08-06T07:10:00.000Z,Front AC,71.6,0,44,71,92.6,300,compressorCoolStage1On,Sleep,
2026-08-06T07:15:00.000Z,Front AC,71.3,0,43,71,92.6,300,compressorCoolStage1On,Sleep,
2026-08-06T07:20:00.000Z,Front AC,70.8,0,43,71,92.6,15,compressorCoolStage1On,Sleep,
2026-08-06T07:25:00.000Z,Front AC,71.3,0,44,71,92.6,285,compressorCoolOff,Sleep,
2026-08-06T07:30:00.000Z,Front AC,71.2,0,43,71,92.6,240,compressorCoolStage1On,Sleep,
2026-08-06T07:35:00.000Z,Front AC,70.9,0,44,71,92.6,60,compressorCoolOff,Sleep,
2026-08-06T07:40:00.000Z,Front AC,71.5,0,44,71,92.6,300,compressorCoolStage1On,Sleep,
2026-08-06T07:45:00.000Z,Front AC,71.3,0,43,71,92.6,300,compressorCoolStage1On,Sleep,
2026-08-06T07:50:00.000Z,Front AC,70.9,0,43,71,92.6,45,compressorCoolStage1On,Sleep,
2026-08-06T07:55:00.000Z,Front AC,71.1,0,44,71,92.6,255,compressorCoolOff,Sleep,
2026-08-06T08:00:00.000Z,Front AC,71,0,44,71,91.2,135,compressorCoolStage1On,Sleep,
2026-08-06T08:05:00.000Z,Front AC,71.2,0,44,71,91.2,165,compressorCoolOff,Sleep,
2026-08-06T08:10:00.000Z,Front AC,71.4,0,44,71,91.2,300,compressorCoolStage1On,Sleep,
2026-08-06T08:15:00.000Z,Front AC,70.9,0,43,71,91.2,60,compressorCoolStage1On,Sleep,
2026-08-06T08:20:00.000Z,Front AC,71.3,0,45,71,91.2,240,compressorCoolOff,Sleep,
2026-08-06T08:25:00.000Z,Front AC,71.5,0,44,71,91.2,300,compressorCoolStage1On,Sleep,
2026-08-06T08:30:00.000Z,Front AC,71.2,0,43,71,91.2,255,compressorCoolStage1On,Sleep,
2026-08-06T08:35:00.000Z,Front AC,71,0,43,71,91.2,45,compressorCoolOff,Sleep,
2026-08-06T08:40:00.000Z,Front AC,71.3,0,44,71,91.2,300,compressorCoolStage1On,Sleep,
2026-08-06T08:45:00.000Z,Front AC,71.2,0,43,71,91.2,285,compressorCoolStage1On,Sleep,
2026-08-06T08:50:00.000Z,Front AC,70.9,0,43,71,91.2,15,compressorCoolOff,Sleep,
2026-08-06T08:55:00.000Z,Front AC,71.4,0,44,71,91.2,300,compressorCoolStage1On,Sleep,
2026-08-06T09:00:00.000Z,Front AC,71.2,0,43,71,89.7,270,compressorCoolStage1On,Sleep,
2026-08-06T09:05:00.000Z,Front AC,70.9,0,44,71,89.7,30,compressorCoolOff,Sleep,
2026-08-06T09:10:00.000Z,Front AC,71.3,0,44,71,89.7,300,compressorCoolStage1On,Sleep,
2026-08-06T09:15:00.000Z,Front AC,71.1,0,43,71,89.7,195,compressorCoolStage1On,Sleep,
2026-08-06T09:20:00.000Z,Front AC,71.2,0,44,71,89.7,105,compressorCoolOff,Sleep,
2026-08-06T09:25:00.000Z,Front AC,71.4,0,44,71,89.7,300,compressorCoolStage1On,Sleep,
2026-08-06T09:30:00.000Z,Front AC,70.9,0,43,71,89.6,90,compressorCoolStage1On,Sleep,
2026-08-06T09:35:00.000Z,Front AC,71.1,0,44,71,89.6,195,compressorCoolOff,Sleep,
2026-08-06T09:40:00.000Z,Front AC,71.2,0,43,71,89.6,300,compressorCoolStage1On,Sleep,
2026-08-06T09:45:00.000Z,Front AC,70.9,0,43,71,89.6,15,compressorCoolStage1On,Sleep,
2026-08-06T09:50:00.000Z,Front AC,71.3,0,44,71,89.6,285,compressorCoolOff,Sleep,
2026-08-06T09:55:00.000Z,Front AC,71.4,0,43,71,89.6,300,compressorCoolStage1On,Sleep,
2026-08-06T10:00:00.000Z,Front AC,71,0,42,71,88.5,105,compressorCoolStage1On,Sleep,
2026-08-06T10:05:00.000Z,Front AC,71.3,0,43,71,88.5,90,compressorCoolOff,Sleep,
2026-08-06T10:10:00.000Z,Front AC,71.8,0,43,71,88.5,300,compressorCoolStage1On,Sleep,
2026-08-06T10:15:00.000Z,Front AC,71.3,0,42,71,88.5,270,compressorCoolStage1On,Sleep,
2026-08-06T10:20:00.000Z,Front AC,70.9,0,42,71,88.5,0,compressorCoolOff,Sleep,
2026-08-06T10:25:00.000Z,Front AC,71.5,0,43,71,88.5,195,compressorCoolOff,Sleep,
2026-08-06T10:30:00.000Z,Front AC,71.4,0,42,71,86,300,compressorCoolStage1On,Sleep,
2026-08-06T10:35:00.000Z,Front AC,70.9,0,42,71,86,15,compressorCoolStage1On,Sleep,
2026-08-06T10:40:00.000Z,Front AC,71.5,0,43,71,86,195,compressorCoolOff,Sleep,
2026-08-06T10:45:00.000Z,Front AC,71.4,0,42,71,86,255,compressorCoolStage1On,Sleep,
2026-08-06T10:50:00.000Z,Front AC,71,0,42,71,86,0,compressorCoolOff,Sleep,
2026-08-06T10:55:00.000Z,Front AC,71.6,0,43,71,86,255,compressorCoolOff,Sleep,
2026-08-06T11:00:00.000Z,Front AC,71.4,0,42,71,85.2,300,compressorCoolStage1On,Sleep,
2026-08-06T11:05:00.000Z,Front AC,70.9,0,41,71,85.2,0,compressorCoolOff,Sleep,
2026-08-06T11:10:00.000Z,Front AC,71.5,0,43,71,85.2,210,compressorCoolOff,Sleep,
2026-08-06T11:15:00.000Z,Front AC,71.4,0,42,71,85.2,300,compressorCoolStage1On,Sleep,
2026-08-06T11:20:00.000Z,Front AC,70.9,0,41,71,85.2,0,compressorCoolOff,Sleep,
2026-08-06T11:25:00.000Z,Front AC,71.1,0,43,71,85.2,300,compressorCoolStage1On,Sleep,
2026-08-06T11:30:00.000Z,Front AC,70.8,0,43,71,86.5,0,compressorCoolOff,Sleep,
2026-08-06T11:35:00.000Z,Front AC,71.3,0,43,71,86.5,285,compressorCoolOff,Sleep,
2026-08-06T11:40:00.000Z,Front AC,71.1,0,42,71,86.5,165,compressorCoolStage1On,Sleep,
2026-08-06T11:45:00.000Z,Front AC,71.1,0,42,71,86.5,30,compressorCoolOff,Sleep,
2026-08-06T11:50:00.000Z,Front AC,71.7,0,42,71,86.5,300,compressorCoolStage1On,Sleep,
2026-08-06T11:55:00.000Z,Front AC,71.1,0,41,71,86.5,120,compressorCoolStage1On,Sleep,
2026-08-06T12:00:00.000Z,Front AC,71.2,0,42,71,85.7,75,compressorCoolOff,Sleep,
2026-08-06T12:05:00.000Z,Front AC,71.6,0,43,73.1,85.7,90,compressorCoolStage1On,Sleep,
2026-08-06T12:10:00.000Z,Front AC,71.7,0,44,74,85.7,0,compressorCoolOff,Sleep,auto
2026-08-06T12:15:00.000Z,Front AC,72.4,0,44,74,85.7,0,compressorCoolOff,Sleep,auto
2026-08-06T12:20:00.000Z,Front AC,73,0,43,74,85.7,0,compressorCoolOff,Sleep,auto
2026-08-06T12:25:00.000Z,Front AC,73.3,0,43,74,85.7,0,compressorCoolOff,Sleep,auto
2026-08-06T12:30:00.000Z,Front AC,73.6,0,43,74,85.7,0,compressorCoolOff,Sleep,auto
2026-08-06T12:35:00.000Z,Front AC,73.9,0,44,74,85.7,0,compressorCoolOff,Sleep,auto
2026-08-06T12:40:00.000Z,Front AC,73.9,0,44,74,85.7,240,compressorCoolOff,Sleep,auto
2026-08-06T12:45:00.000Z,Front AC,72.8,0,44,74,85.7,60,compressorCoolStage1On,Sleep,auto
2026-08-06T12:50:00.000Z,Front AC,72.8,0,45,74,85.7,0,compressorCoolOff,Sleep,auto
2026-08-06T12:55:00.000Z,Front AC,73.3,0,44,72.6,85.7,210,compressorCoolOff,Sleep,auto
2026-08-06T13:00:00.000Z,Front AC,72.5,0,45,72,85.8,270,compressorCoolStage1On,Sleep,hold
2026-08-06T13:05:00.000Z,Front AC,71.6,0,45,72,85.8,0,compressorCoolOff,Sleep,hold
2026-08-06T13:10:00.000Z,Front AC,72.2,0,46,72,85.8,285,compressorCoolOff,Sleep,hold
2026-08-06T13:15:00.000Z,Front AC,71.8,0,45,72,85.8,60,compressorCoolStage1On,Sleep,hold
2026-08-06T13:20:00.000Z,Front AC,72.1,0,46,72,85.8,225,compressorCoolOff,Sleep,hold
2026-08-06T13:25:00.000Z,Front AC,71.7,0,46,72,85.8,75,compressorCoolStage1On,Sleep,hold
2026-08-06T13:30:00.000Z,Front AC,72,0,46,72,85.8,150,compressorCoolOff,Sleep,hold
2026-08-06T13:35:00.000Z,Front AC,72.1,0,46,72,85.8,225,compressorCoolStage1On,Sleep,hold
2026-08-06T13:40:00.000Z,Front AC,71.8,0,46,72,85.8,45,compressorCoolOff,Sleep,hold
2026-08-06T13:45:00.000Z,Front AC,72.5,0,45,72,85.8,300,compressorCoolStage1On,Sleep,hold
2026-08-06T13:50:00.000Z,Front AC,72.7,0,44,72,85.8,300,compressorCoolStage1On,Sleep,hold
2026-08-06T13:55:00.000Z,Front AC,72.2,0,43,71.6,85.8,300,compressorCoolStage1On,Sleep,hold
2026-08-06T14:00:00.000Z,Front AC,71.9,0,42,71,87,300,compressorCoolStage1On,Sleep,
2026-08-06T14:05:00.000Z,Front AC,71.7,0,42,71,87,300,compressorCoolStage1On,Sleep,
2026-08-06T14:10:00.000Z,Front AC,71.3,0,42,71,87,300,compressorCoolStage1On,Sleep,
2026-08-06T14:15:00.000Z,Front AC,71.1,0,41,71,87,120,compressorCoolStage1On,Sleep,
2026-08-06T14:20:00.000Z,Front AC,71.4,0,42,71,87,0,compressorCoolOff,Sleep,
2026-08-06T14:25:00.000Z,Front AC,72.2,0,43,76.4,87,0,compressorCoolOff,Sleep,
2026-08-06T14:30:00.000Z,Front AC,72.8,0,43,77,87.9,0,compressorCoolOff,WFH,
2026-08-06T14:35:00.000Z,Front AC,73,0,43,77,87.9,0,compressorCoolOff,WFH,
2026-08-06T14:40:00.000Z,Front AC,73.4,0,43,77,87.9,0,compressorCoolOff,WFH,
2026-08-06T14:45:00.000Z,Front AC,73.8,0,42,77,87.9,0,compressorCoolOff,WFH,
2026-08-06T14:50:00.000Z,Front AC,74.1,0,42,77,87.9,0,compressorCoolOff,WFH,
2026-08-06T14:55:00.000Z,Front AC,74.4,0,42,77,87.9,0,compressorCoolOff,WFH,
2026-08-06T15:00:00.000Z,Front AC,74.6,0,43,77,88.6,0,compressorCoolOff,WFH,
2026-08-06T15:05:00.000Z,Front AC,74.8,0,43,77,88.6,0,compressorCoolOff,WFH,
2026-08-06T15:10:00.000Z,Front AC,75,0,43,77,88.6,0,compressorCoolOff,WFH,
2026-08-06T15:15:00.000Z,Front AC,75.1,0,43,77,88.6,0,compressorCoolOff,WFH,
2026-08-06T15:20:00.000Z,Front AC,75.2,0,43,77,88.6,0,compressorCoolOff,WFH,
2026-08-06T15:25:00.000Z,Front AC,75.2,0,43,77,88.6,0,compressorCoolOff,WFH,
2026-08-06T15:30:00.000Z,Front AC,75.3,0,43,77,88.6,0,compressorCoolOff,WFH,
2026-08-06T15:35:00.000Z,Front AC,75.5,0,43,77,88.6,0,compressorCoolOff,WFH,
2026-08-06T15:40:00.000Z,Front AC,75.7,0,42,77,88.6,0,compressorCoolOff,WFH,
2026-08-06T15:45:00.000Z,Front AC,75.6,0,42,77,88.6,0,compressorCoolOff,WFH,
2026-08-06T15:50:00.000Z,Front AC,75.6,0,42,77,88.6,0,compressorCoolOff,WFH,
2026-08-06T15:55:00.000Z,Front AC,75.5,0,42,77,88.6,0,compressorCoolOff,WFH,
2026-08-06T16:00:00.000Z,Front AC,75.6,0,42,77,91.4,0,compressorCoolOff,WFH,
2026-08-06T16:05:00.000Z,Front AC,75.7,0,42,77,91.4,0,compressorCoolOff,WFH,
2026-08-06T16:10:00.000Z,Front AC,75.7,0,42,77,91.4,0,compressorCoolOff,WFH,
2026-08-06T16:15:00.000Z,Front AC,75.7,0,42,77,91.4,0,compressorCoolOff,WFH,
2026-08-06T16:20:00.000Z,Front AC,76,0,42,77,91.4,0,compressorCoolOff,WFH,
2026-08-06T16:25:00.000Z,Front AC,76.2,0,42,77,91.4,0,compressorCoolOff,WFH,
2026-08-06T16:30:00.000Z,Front AC,76,0,43,74.9,91.4,210,compressorCoolOff,WFH,
2026-08-06T16:35:00.000Z,Front AC,75.4,0,44,74,91.4,300,compressorCoolStage1On,WFH,hold
2026-08-06T16:40:00.000Z,Front AC,74.4,0,44,74,91.4,270,compressorCoolStage1On,WFH,hold
2026-08-06T16:45:00.000Z,Front AC,73.6,0,45,74,91.4,0,compressorCoolOff,WFH,hold
2026-08-06T16:50:00.000Z,Front AC,74.1,0,47,74,91.4,180,compressorCoolOff,WFH,hold
2026-08-06T16:55:00.000Z,Front AC,74.1,0,46,74,91.4,225,compressorCoolStage1On,WFH,hold
2026-08-06T17:00:00.000Z,Front AC,73.6,0,47,74,92.8,0,compressorCoolOff,WFH,hold
2026-08-06T17:05:00.000Z,Front AC,74,0,49,74,92.8,135,compressorCoolOff,WFH,hold
2026-08-06T17:10:00.000Z,Front AC,74.3,0,48,74,92.8,300,compressorCoolStage1On,WFH,hold
2026-08-06T17:15:00.000Z,Front AC,73.7,0,47,74,92.8,60,compressorCoolStage1On,WFH,hold
2026-08-06T17:20:00.000Z,Front AC,73.7,0,48,74,92.8,60,compressorCoolOff,WFH,hold
2026-08-06T17:25:00.000Z,Front AC,74.4,0,48,74,92.8,300,compressorCoolStage1On,WFH,hold
2026-08-06T17:30:00.000Z,Front AC,74,0,47,74,92.8,150,compressorCoolStage1On,WFH,hold
2026-08-06T17:35:00.000Z,Front AC,73.5,0,48,74,92.8,0,compressorCoolOff,WFH,hold
2026-08-06T17:40:00.000Z,Front AC,74.1,0,48,74,92.8,195,compressorCoolOff,WFH,hold
2026-08-06T17:45:00.000Z,Front AC,74.2,0,47,74,92.8,300,compressorCoolStage1On,WFH,hold
2026-08-06T17:50:00.000Z,Front AC,74.1,0,46,74,92.8,240,compressorCoolStage1On,WFH,hold
2026-08-06T17:55:00.000Z,Front AC,73.8,0,47,74,92.8,0,compressorCoolOff,WFH,hold
2026-08-06T18:00:00.000Z,Front AC,74.2,0,49,74,95.5,255,compressorCoolOff,WFH,hold
2026-08-06T18:05:00.000Z,Front AC,74.2,0,50,74,95.5,240,compressorCoolStage1On,WFH,hold
2026-08-06T18:10:00.000Z,Front AC,73.7,0,50,74,95.5,0,compressorCoolOff,WFH,hold
2026-08-06T18:15:00.000Z,Front AC,74.3,0,51,76.7,95.5,0,compressorCoolOff,WFH,hold
2026-08-06T18:20:00.000Z,Front AC,75,0,49,77,95.5,0,compressorCoolOff,WFH,
2026-08-06T18:25:00.000Z,Front AC,75.5,0,47,77,95.5,0,compressorCoolOff,WFH,
2026-08-06T18:30:00.000Z,Front AC,75.8,0,46,77,95.5,0,compressorCoolOff,WFH,
2026-08-06T18:35:00.000Z,Front AC,75.9,0,45,77,95.5,0,compressorCoolOff,WFH,
2026-08-06T18:40:00.000Z,Front AC,75.6,0,45,77,95.5,0,compressorCoolOff,WFH,
2026-08-06T18:45:00.000Z,Front AC,75.2,0,46,77,95.5,0,compressorCoolOff,WFH,
2026-08-06T18:50:00.000Z,Front AC,75.1,0,46,77,95.5,0,compressorCoolOff,WFH,
2026-08-06T18:55:00.000Z,Front AC,75.2,0,45,77,95.5,0,compressorCoolOff,WFH,
2026-08-06T19:00:00.000Z,Front AC,75.2,0,45,77,97.9,0,compressorCoolOff,WFH,
2026-08-06T19:05:00.000Z,Front AC,75.2,0,45,77,97.9,0,compressorCoolOff,WFH,
2026-08-06T19:10:00.000Z,Front AC,75.3,0,45,77,97.9,0,compressorCoolOff,WFH,
2026-08-06T19:15:00.000Z,Front AC,76,0,44,77,97.9,0,compressorCoolOff,WFH,
2026-08-06T19:20:00.000Z,Front AC,76.7,0,44,77,97.9,0,compressorCoolOff,WFH,
2026-08-06T19:25:00.000Z,Front AC,77.2,0,44,77,97.9,255,compressorCoolOff,WFH,
2026-08-06T19:30:00.000Z,Front AC,77.4,0,44,77,99.7,300,compressorCoolStage1On,WFH,
2026-08-06T19:35:00.000Z,Front AC,77,0,43,77,99.7,165,compressorCoolStage1On,WFH,
2026-08-06T19:40:00.000Z,Front AC,76.1,0,43,77,99.7,0,compressorCoolOff,WFH,
2026-08-06T19:45:00.000Z,Front AC,75.9,0,44,77,99.7,0,compressorCoolOff,WFH,
2026-08-06T19:50:00.000Z,Front AC,76.3,0,44,77,99.7,0,compressorCoolOff,WFH,
2026-08-06T19:55:00.000Z,Front AC,76.7,0,44,77,99.7,0,compressorCoolOff,WFH,
2026-08-06T20:00:00.000Z,Front AC,77.1,0,44,77,101.3,210,compressorCoolOff,WFH,
2026-08-06T20:05:00.000Z,Front AC,77.3,0,43,77,101.3,300,compressorCoolStage1On,WFH,
2026-08-06T20:10:00.000Z,Front AC,76.9,0,43,77,101.3,300,compressorCoolStage1On,WFH,
2026-08-06T20:15:00.000Z,Front AC,76.4,0,43,77,101.3,300,compressorCoolStage1On,WFH,(SmartRecovery)
2026-08-06T20:20:00.000Z,Front AC,75.8,0,43,77,101.3,300,compressorCoolStage1On,WFH,(SmartRecovery)
2026-08-06T20:25:00.000Z,Front AC,75,0,43,77,101.3,165,compressorCoolStage1On,WFH,(SmartRecovery)
2026-08-06T20:30:00.000Z,Front AC,74.4,0,45,77,101.3,0,compressorCoolOff,WFH,
2026-08-06T20:35:00.000Z,Front AC,74.9,0,45,77,101.3,0,compressorCoolOff,WFH,
2026-08-06T20:40:00.000Z,Front AC,75.7,0,45,77,101.3,135,compressorCoolOff,WFH,
2026-08-06T20:45:00.000Z,Front AC,76.2,0,44,77,101.3,300,compressorCoolStage1On,WFH,(SmartRecovery)
2026-08-06T20:50:00.000Z,Front AC,76.1,0,43,77,101.3,300,compressorCoolStage1On,WFH,(SmartRecovery)
2026-08-06T20:55:00.000Z,Front AC,75.6,0,43,75.2,101.3,300,compressorCoolStage1On,WFH,(SmartRecovery)
2026-08-06T21:00:00.000Z,Front AC,75.2,0,43,75,102.5,300,compressorCoolStage1On,Cooldown,
2026-08-06T21:05:00.000Z,Front AC,74.7,0,43,75,102.5,15,compressorCoolStage1On,Cooldown,
2026-08-06T21:10:00.000Z,Front AC,74.4,0,45,75,102.5,0,compressorCoolOff,Cooldown,
2026-08-06T21:15:00.000Z,Front AC,74.9,0,46,75,102.5,90,compressorCoolOff,Cooldown,
2026-08-06T21:20:00.000Z,Front AC,75.5,0,44,75,102.5,300,compressorCoolStage1On,Cooldown,
2026-08-06T21:25:00.000Z,Front AC,75.6,0,43,75,102.5,300,compressorCoolStage1On,Cooldown,
2026-08-06T21:30:00.000Z,Front AC,75.3,0,43,75,102.5,300,compressorCoolStage1On,Cooldown,
2026-08-06T21:35:00.000Z,Front AC,75,0,43,75,102.5,135,compressorCoolStage1On,Cooldown,
2026-08-06T21:40:00.000Z,Front AC,74.5,0,44,75,102.5,0,compressorCoolOff,Cooldown,
2026-08-06T21:45:00.000Z,Front AC,74.7,0,46,75,102.5,0,compressorCoolOff,Cooldown,
2026-08-06T21:50:00.000Z,Front AC,75.4,0,45,75,102.5,300,compressorCoolStage1On,Cooldown,
2026-08-06T21:55:00.000Z,Front AC,75.7,0,43,75,102.5,300,compressorCoolStage1On,Cooldown,
2026-08-06T22:00:00.000Z,Front AC,75.5,0,43,75,103,300,compressorCoolStage1On,Cooldown,
2026-08-06T22:05:00.000Z,Front AC,75.1,0,43,75,103,240,compressorCoolStage1On,Cooldown,
2026-08-06T22:10:00.000Z,Front AC,74.6,0,44,75,103,0,compressorCoolOff,Cooldown,
2026-08-06T22:15:00.000Z,Front AC,74.6,0,45,75,103,0,compressorCoolOff,Cooldown,
2026-08-06T22:20:00.000Z,Front AC,75.1,0,45,75,103,195,compressorCoolOff,Cooldown,
2026-08-06T22:25:00.000Z,Front AC,75.6,0,44,75,103,300,compressorCoolStage1On,Cooldown,
2026-08-06T22:30:00.000Z,Front AC,75.5,0,43,75,102.9,300,compressorCoolStage1On,Cooldown,
2026-08-06T22:35:00.000Z,Front AC,75.1,0,43,75,102.9,300,compressorCoolStage1On,Cooldown,
2026-08-06T22:40:00.000Z,Front AC,74.8,0,43,75,102.9,300,compressorCoolStage1On,Cooldown,(SmartRecovery)
2026-08-06T22:45:00.000Z,Front AC,74.5,0,43,75,102.9,300,compressorCoolStage1On,Cooldown,(SmartRecovery)
2026-08-06T22:50:00.000Z,Front AC,74.2,0,43,75,102.9,300,compressorCoolStage1On,Cooldown,(SmartRecovery)
2026-08-06T22:55:00.000Z,Front AC,73.8,0,43,74.1,102.9,15,compressorCoolStage1On,Cooldown,(SmartRecovery)
2026-08-06T23:00:00.000Z,Front AC,73.9,0,44,74,102.9,90,compressorCoolOff,Home,
2026-08-06T23:05:00.000Z,Front AC,74.6,0,44,74,102.9,300,compressorCoolStage1On,Home,
2026-08-06T23:10:00.000Z,Front AC,74.6,0,44,74,102.9,300,compressorCoolStage1On,Home,
2026-08-06T23:15:00.000Z,Front AC,74.5,0,44,74,102.9,300,compressorCoolStage1On,Home,
2026-08-06T23:20:00.000Z,Front AC,74.5,0,43,74,102.9,300,compressorCoolStage1On,Home,
2026-08-06T23:25:00.000Z,Front AC,74.3,0,43,74,102.9,300,compressorCoolStage1On,Home,
2026-08-06T23:30:00.000Z,Front AC,74.1,0,43,74,102.9,300,compressorCoolStage1On,Home,
2026-08-06T23:35:00.000Z,Front AC,73.9,0,43,74,102.9,75,compressorCoolStage1On,Home,
2026-08-06T23:40:00.000Z,Front AC,73.8,0,44,74,102.9,15,compressorCoolOff,Home,
2026-08-06T23:45:00.000Z,Front AC,74.4,0,44,74,102.9,300,compressorCoolStage1On,Home,
2026-08-06T23:50:00.000Z,Front AC,74.7,0,43,74,102.9,300,compressorCoolStage1On,Home,
2026-08-06T23:55:00.000Z,Front AC,74.6,0,43,74,102.9,300,compressorCoolStage1On,Home,
2026-08-07T00:00:00.000Z,Front AC,74.4,0,43,74,101.1,300,compressorCoolStage1On,Home,
2026-08-07T00:05:00.000Z,Front AC,73.8,0,43,74,101.1,0,compressorCoolOff,Home,
2026-08-07T00:10:00.000Z,Front AC,74,0,44,74,101.1,120,compressorCoolOff,Home,
2026-08-07T00:15:00.000Z,Front AC,74.6,0,44,74,101.1,300,compressorCoolStage1On,Home,
2026-08-07T00:20:00.000Z,Front AC,74.6,0,43,74,101.1,300,compressorCoolStage1On,Home,
2026-08-07T00:25:00.000Z,Front AC,74.4,0,43,74,101.1,300,compressorCoolStage1On,Home,
2026-08-07T00:30:00.000Z,Front AC,74.3,0,43,74,101.1,300,compressorCoolStage1On,Home,
2026-08-07T00:35:00.000Z,Front AC,74.1,0,43,74,101.1,210,compressorCoolStage1On,Home,
2026-08-07T00:40:00.000Z,Front AC,73.8,0,43,74,101.1,0,compressorCoolOff,Home,
2026-08-07T00:45:00.000Z,Front AC,74.1,0,44,74,101.1,195,compressorCoolOff,Home,
2026-08-07T00:50:00.000Z,Front AC,74.7,0,43,74,101.1,300,compressorCoolStage1On,Home,
2026-08-07T00:55:00.000Z,Front AC,74.7,0,43,74,101.1,300,compressorCoolStage1On,Home,
2026-08-07T01:00:00.000Z,Front AC,74.3,0,43,74,99.3,300,compressorCoolStage1On,Home,
2026-08-07T01:05:00.000Z,Front AC,74.1,0,42,74,99.3,300,compressorCoolStage1On,Home,
2026-08-07T01:10:00.000Z,Front AC,73.8,0,42,74,99.3,30,compressorCoolStage1On,Home,
2026-08-07T01:15:00.000Z,Front AC,73.8,0,43,74,99.3,30,compressorCoolOff,Home,
2026-08-07T01:20:00.000Z,Front AC,74.5,0,43,74,99.3,300,compressorCoolStage1On,Home,
2026-08-07T01:25:00.000Z,Front AC,74.9,0,43,74,99.3,300,compressorCoolStage1On,Home,
2026-08-07T01:30:00.000Z,Front AC,74.9,0,43,74,98.7,300,compressorCoolStage1On,Home,
2026-08-07T01:35:00.000Z,Front AC,74.8,0,43,74,98.7,300,compressorCoolStage1On,Home,
2026-08-07T01:40:00.000Z,Front AC,74.6,0,43,74,98.7,300,compressorCoolStage1On,Home,
2026-08-07T01:45:00.000Z,Front AC,74.3,0,43,74,98.7,300,compressorCoolStage1On,Home,
2026-08-07T01:50:00.000Z,Front AC,74.1,0,43,74,98.7,300,compressorCoolStage1On,Home,
2026-08-07T01:55:00.000Z,Front AC,74,0,43,74,98.7,225,compressorCoolStage1On,Home,
2026-08-07T02:00:00.000Z,Front AC,73.8,0,43,74,97,0,compressorCoolOff,Home,
2026-08-07T02:05:00.000Z,Front AC,74.2,0,44,74,97,210,compressorCoolOff,Home,
2026-08-07T02:10:00.000Z,Front AC,74.7,0,43,74,97,300,compressorCoolStage1On,Home,
2026-08-07T02:15:00.000Z,Front AC,74.7,0,43,74,97,300,compressorCoolStage1On,Home,
2026-08-07T02:20:00.000Z,Front AC,74.4,0,43,74,97,300,compressorCoolStage1On,Home,
2026-08-07T02:25:00.000Z,Front AC,74,0,43,74,97,150,compressorCoolStage1On,Home,
2026-08-07T02:30:00.000Z,Front AC,73.5,0,44,74,97,0,compressorCoolOff,Home,
2026-08-07T02:35:00.000Z,Front AC,73.9,0,45,74,97,120,compressorCoolOff,Home,
2026-08-07T02:40:00.000Z,Front AC,74.6,0,44,74,97,300,compressorCoolStage1On,Home,
2026-08-07T02:45:00.000Z,Front AC,74.6,0,43,74,97,300,compressorCoolStage1On,Home,
2026-08-07T02:50:00.000Z,Front AC,74.3,0,43,74,97,300,compressorCoolStage1On,Home,
2026-08-07T02:55:00.000Z,Front AC,73.8,0,43,74,97,60,compressorCoolStage1On,Home,
2026-08-07T03:00:00.000Z,Front AC,73.5,0,44,74,93.3,0,compressorCoolOff,Home,
2026-08-07T03:05:00.000Z,Front AC,74,0,45,74,93.3,135,compressorCoolOff,Home,
2026-08-07T03:10:00.000Z,Front AC,74.4,0,45,74,93.3,300,compressorCoolStage1On,Home,
2026-08-07T03:15:00.000Z,Front AC,74.1,0,44,74,93.3,255,compressorCoolStage1On,Home,
2026-08-07T03:20:00.000Z,Front AC,73.7,0,45,74,93.3,0,compressorCoolOff,Home,
2026-08-07T03:25:00.000Z,Front AC,73.7,0,46,74,93.3,0,compressorCoolOff,Home,
2026-08-07T03:30:00.000Z,Front AC,74.3,0,46,74,93.3,270,compressorCoolOff,Home,
2026-08-07T03:35:00.000Z,Front AC,74.1,0,45,74,93.3,300,compressorCoolStage1On,Home,
2026-08-07T03:40:00.000Z,Front AC,73.8,0,44,74,93.3,300,compressorCoolStage1On,Home,(SmartRecovery)
2026-08-07T03:45:00.000Z,Front AC,73.6,0,44,74,93.3,300,compressorCoolStage1On,Home,(SmartRecovery)
2026-08-07T03:50:00.000Z,Front AC,73.1,0,44,74,93.3,300,compressorCoolStage1On,Home,(SmartRecovery)
2026-08-07T03:55:00.000Z,Front AC,72.5,0,43,74,93.3,300,compressorCoolStage1On,Home,(SmartRecovery)
2026-08-07T04:00:00.000Z,Front AC,72,0,44,74,92.5,300,compressorCoolStage1On,Home,(SmartRecovery)
2026-08-07T04:05:00.000Z,Front AC,71.9,0,43,74,92.5,300,compressorCoolStage1On,Home,(SmartRecovery)
2026-08-07T04:10:00.000Z,Front AC,71.8,0,43,74,92.5,300,compressorCoolStage1On,Home,(SmartRecovery)
2026-08-07T04:15:00.000Z,Front AC,71.7,0,43,74,92.5,300,compressorCoolStage1On,Home,(SmartRecovery)
2026-08-07T04:20:00.000Z,Front AC,71.7,0,43,74,92.5,300,compressorCoolStage1On,Home,(SmartRecovery)
2026-08-07T04:25:00.000Z,Front AC,71.8,0,42,71.3,92.5,300,compressorCoolStage1On,Home,(SmartRecovery)
2026-08-07T04:30:00.000Z,Front AC,71.7,0,42,71,92.7,300,compressorCoolStage1On,Sleep,
2026-08-07T04:35:00.000Z,Front AC,71.2,0,41,71,92.7,180,compressorCoolStage1On,Sleep,
2026-08-07T04:40:00.000Z,Front AC,70.7,0,42,71,92.7,0,compressorCoolOff,Sleep,
2026-08-07T04:45:00.000Z,Front AC,71.5,0,42,71,92.7,210,compressorCoolOff,Sleep,
2026-08-07T04:50:00.000Z,Front AC,72,0,39,71,92.7,300,compressorCoolStage1On,Sleep,
2026-08-07T04:55:00.000Z,Front AC,72,0,39,71,92.7,300,compressorCoolStage1On,Sleep,
2026-08-07T05:00:00.000Z,Front AC,71.7,0,38,71,91.8,300,compressorCoolStage1On,Sleep,
2026-08-07T05:05:00.000Z,Front AC,71.4,0,37,71,91.8,300,compressorCoolStage1On,Sleep,
2026-08-07T05:10:00.000Z,Front AC,71.3,0,36,71,91.8,300,compressorCoolStage1On,Sleep,
2026-08-07T05:15:00.000Z,Front AC,71.3,0,36,71,91.8,300,compressorCoolStage1On,Sleep,
2026-08-07T05:20:00.000Z,Front AC,71.3,0,36,71,91.8,300,compressorCoolStage1On,Sleep,
2026-08-07T05:25:00.000Z,Front AC,71.2,0,36,71,91.8,300,compressorCoolStage1On,Sleep,
2026-08-07T05:30:00.000Z,Front AC,70.9,0,37,71,92,75,compressorCoolStage1On,Sleep,
2026-08-07T05:35:00.000Z,Front AC,70.8,0,38,71,92,0,compressorCoolOff,Sleep,
2026-08-07T05:40:00.000Z,Front AC,71.5,0,38,71,92,195,compressorCoolOff,Sleep,
2026-08-07T05:45:00.000Z,Front AC,72.2,0,38,71,92,300,compressorCoolStage1On,Sleep,
2026-08-07T05:50:00.000Z,Front AC,71.9,0,37,71,92,300,compressorCoolStage1On,Sleep,
2026-08-07T05:55:00.000Z,Front AC,71.4,0,37,71,92,300,compressorCoolStage1On,Sleep,
2026-08-07T06:00:00.000Z,Front AC,71,0,36,71,90.8,120,compressorCoolStage1On,Sleep,
2026-08-07T06:05:00.000Z,Front AC,71,0,38,71,90.8,15,compressorCoolOff,Sleep,
2026-08-07T06:10:00.000Z,Front AC,71.8,0,39,71,90.8,300,compressorCoolStage1On,Sleep,
2026-08-07T06:15:00.000Z,Front AC,71.6,0,38,71,90.8,300,compressorCoolStage1On,Sleep,
2026-08-07T06:20:00.000Z,Front AC,71.1,0,39,71,90.8,150,compressorCoolStage1On,Sleep,
2026-08-07T06:25:00.000Z,Front AC,71.1,0,40,71,90.8,105,compressorCoolOff,Sleep,
2026-08-07T06:30:00.000Z,Front AC,71.6,0,40,71,90.8,300,compressorCoolStage1On,Sleep,
2026-08-07T06:35:00.000Z,Front AC,71.3,0,40,71,90.8,300,compressorCoolStage1On,Sleep,
2026-08-07T06:40:00.000Z,Front AC,71,0,40,71,90.8,30,compressorCoolStage1On,Sleep,
2026-08-07T06:45:00.000Z,Front AC,71.2,0,40,71,90.8,60,compressorCoolOff,Sleep,
2026-08-07T06:50:00.000Z,Front AC,71.7,0,40,71,90.8,300,compressorCoolStage1On,Sleep,
2026-08-07T06:55:00.000Z,Front AC,71.3,0,40,71,90.8,225,compressorCoolStage1On,Sleep,
2026-08-07T07:00:00.000Z,Front AC,71.1,0,40,71,89.8,0,compressorCoolOff,Sleep,
2026-08-07T07:05:00.000Z,Front AC,71.5,0,41,71,89.8,210,compressorCoolOff,Sleep,
2026-08-07T07:10:00.000Z,Front AC,71.7,0,40,71,89.8,300,compressorCoolStage1On,Sleep,
2026-08-07T07:15:00.000Z,Front AC,71.3,0,40,71,89.8,225,compressorCoolStage1On,Sleep,
2026-08-07T07:20:00.000Z,Front AC,71,0,40,71,89.8,0,compressorCoolOff,Sleep,
2026-08-07T07:25:00.000Z,Front AC,71.3,0,41,71,89.8,105,compressorCoolOff,Sleep,
2026-08-07T07:30:00.000Z,Front AC,71.7,0,40,71,89.8,300,compressorCoolStage1On,Sleep,
2026-08-07T07:35:00.000Z,Front AC,71.3,0,40,71,89.8,255,compressorCoolStage1On,Sleep,
2026-08-07T07:40:00.000Z,Front AC,71,0,40,71,89.8,45,compressorCoolOff,Sleep,
2026-08-07T07:45:00.000Z,Front AC,71.2,0,40,71,89.8,300,compressorCoolStage1On,Sleep,
2026-08-07T07:50:00.000Z,Front AC,71.1,0,40,71,89.8,120,compressorCoolStage1On,Sleep,
2026-08-07T07:55:00.000Z,Front AC,71.1,0,41,71,89.8,180,compressorCoolOff,Sleep,
2026-08-07T08:00:00.000Z,Front AC,71.2,0,40,71,90.2,225,compressorCoolStage1On,Sleep,
2026-08-07T08:05:00.000Z,Front AC,71.1,0,40,71,90.2,75,compressorCoolOff,Sleep,
2026-08-07T08:10:00.000Z,Front AC,71.2,0,41,71,90.2,300,compressorCoolStage1On,Sleep,
2026-08-07T08:15:00.000Z,Front AC,70.8,0,40,71,90.2,45,compressorCoolStage1On,Sleep,
2026-08-07T08:20:00.000Z,Front AC,71.1,0,41,71,90.2,225,compressorCoolOff,Sleep,
2026-08-07T08:25:00.000Z,Front AC,71.2,0,40,71,90.2,285,compressorCoolStage1On,Sleep,
2026-08-07T08:30:00.000Z,Front AC,70.8,0,40,71,90.2,0,compressorCoolOff,Sleep,
2026-08-07T08:35:00.000Z,Front AC,71.1,0,41,71,90.2,285,compressorCoolOff,Sleep,
2026-08-07T08:40:00.000Z,Front AC,71.1,0,40,71,90.2,180,compressorCoolStage1On,Sleep,
2026-08-07T08:45:00.000Z,Front AC,70.9,0,41,71,90.2,90,compressorCoolOff,Sleep,
2026-08-07T08:50:00.000Z,Front AC,71.2,0,41,71,90.2,300,compressorCoolStage1On,Sleep,
2026-08-07T08:55:00.000Z,Front AC,71.1,0,40,71,90.2,15,compressorCoolStage1On,Sleep,
2026-08-07T09:00:00.000Z,Front AC,71.1,0,41,71,88.8,285,compressorCoolOff,Sleep,
2026-08-07T09:20:00.000Z,Front AC,71.1,0,40,71,88.8,120,compressorCoolStage1On,Sleep,
2026-08-07T09:25:00.000Z,Front AC,71.1,0,41,71,88.8,180,compressorCoolOff,Sleep,
2026-08-07T09:30:00.000Z,Front AC,71.1,0,40,71,87.9,240,compressorCoolStage1On,Sleep,
2026-08-07T09:35:00.000Z,Front AC,70.8,0,40,71,87.9,0,compressorCoolOff,Sleep,
2026-08-07T09:40:00.000Z,Front AC,71.1,0,41,71,87.9,255,compressorCoolOff,Sleep,
2026-08-07T09:45:00.000Z,Front AC,71.1,0,40,71,87.9,255,compressorCoolStage1On,Sleep,
2026-08-07T09:50:00.000Z,Front AC,70.7,0,40,71,87.9,0,compressorCoolOff,Sleep,
2026-08-07T09:55:00.000Z,Front AC,70.9,0,41,71,87.9,150,compressorCoolOff,Sleep,
2026-08-07T10:00:00.000Z,Front AC,71.2,0,40,71,87.2,255,compressorCoolStage1On,Sleep,
2026-08-07T10:05:00.000Z,Front AC,70.7,0,40,71,87.2,0,compressorCoolOff,Sleep,
2026-08-07T10:10:00.000Z,Front AC,70.9,0,41,71,87.2,165,compressorCoolOff,Sleep,
2026-08-07T10:15:00.000Z,Front AC,71.2,0,41,71,87.2,300,compressorCoolStage1On,Sleep,
2026-08-07T10:20:00.000Z,Front AC,70.7,0,40,71,87.2,0,compressorCoolOff,Sleep,
2026-08-07T10:25:00.000Z,Front AC,71,0,41,71,87.2,210,compressorCoolOff,Sleep,
2026-08-07T10:30:00.000Z,Front AC,71,0,40,71,87.2,195,compressorCoolStage1On,Sleep,
2026-08-07T10:35:00.000Z,Front AC,70.8,0,40,71,87.2,15,compressorCoolOff,Sleep,
2026-08-07T10:40:00.000Z,Front AC,71.1,0,41,71,87.2,300,compressorCoolStage1On,Sleep,
2026-08-07T10:45:00.000Z,Front AC,70.7,0,41,71,87.2,75,compressorCoolStage1On,Sleep,
2026-08-07T10:50:00.000Z,Front AC,70.6,0,41,71,87.2,0,compressorCoolOff,Sleep,
2026-08-07T10:55:00.000Z,Front AC,71.2,0,41,71,87.2,300,compressorCoolStage1On,Sleep,
2026-08-07T11:00:00.000Z,Front AC,71,0,40,71,86.2,120,compressorCoolStage1On,Sleep,
2026-08-07T11:05:00.000Z,Front AC,70.8,0,41,71,86.2,60,compressorCoolOff,Sleep,
2026-08-07T11:10:00.000Z,Front AC,71.2,0,41,71,86.2,300,compressorCoolStage1On,Sleep,
2026-08-07T11:15:00.000Z,Front AC,70.9,0,40,71,86.2,135,compressorCoolStage1On,Sleep,
2026-08-07T11:20:00.000Z,Front AC,70.5,0,41,71,86.2,0,compressorCoolOff,Sleep,
2026-08-07T11:25:00.000Z,Front AC,71.1,0,41,71,86.2,285,compressorCoolOff,Sleep,
2026-08-07T11:30:00.000Z,Front AC,71,0,40,71,86.2,165,compressorCoolStage1On,Sleep,
2026-08-07T11:35:00.000Z,Front AC,70.6,0,41,71,86.2,0,compressorCoolOff,Sleep,
2026-08-07T11:40:00.000Z,Front AC,71.1,0,41,71,86.2,255,compressorCoolOff,Sleep,
2026-08-07T11:45:00.000Z,Front AC,71.1,0,40,71,86.2,195,compressorCoolStage1On,Sleep,
2026-08-07T11:50:00.000Z,Front AC,70.6,0,40,71,86.2,0,compressorCoolOff,Sleep,
2026-08-07T11:55:00.000Z,Front AC,71.1,0,41,71,86.2,225,compressorCoolOff,Sleep,
2026-08-07T12:00:00.000Z,Front AC,71.1,0,40,71,85.4,210,compressorCoolStage1On,Sleep,
2026-08-07T12:05:00.000Z,Front AC,70.6,0,40,71,85.4,0,compressorCoolOff,Sleep,
2026-08-07T12:10:00.000Z,Front AC,71.1,0,41,71,85.4,240,compressorCoolOff,Sleep,
2026-08-07T12:15:00.000Z,Front AC,71,0,40,71,85.4,165,compressorCoolStage1On,Sleep,
2026-08-07T12:20:00.000Z,Front AC,70.6,0,41,71,85.4,0,compressorCoolOff,Sleep,
2026-08-07T12:25:00.000Z,Front AC,71.1,0,41,71,85.4,255,compressorCoolOff,Sleep,
2026-08-07T12:30:00.000Z,Front AC,71,0,40,71,85.4,165,compressorCoolStage1On,Sleep,
2026-08-07T12:35:00.000Z,Front AC,70.6,0,41,71,85.4,0,compressorCoolOff,Sleep,
2026-08-07T12:40:00.000Z,Front AC,71.1,0,41,71,85.4,255,compressorCoolOff,Sleep,
2026-08-07T12:45:00.000Z,Front AC,71,0,40,71,85.4,165,compressorCoolStage1On,Sleep,
2026-08-07T12:50:00.000Z,Front AC,70.6,0,41,71,85.4,0,compressorCoolOff,Sleep,
2026-08-07T12:55:00.000Z,Front AC,71,0,41,71,85.4,180,compressorCoolOff,Sleep,
2026-08-07T13:00:00.000Z,Front AC,71.1,0,41,71,84.3,225,compressorCoolStage1On,Sleep,
2026-08-07T13:05:00.000Z,Front AC,70.5,0,41,71,84.3,0,compressorCoolOff,Sleep,
2026-08-07T13:10:00.000Z,Front AC,71,0,41,72,84.3,75,compressorCoolOff,Sleep,
2026-08-07T13:15:00.000Z,Front AC,71.5,0,43,74,84.3,0,compressorCoolOff,Sleep,auto
2026-08-07T13:20:00.000Z,Front AC,72,0,42,74,84.3,0,compressorCoolOff,Sleep,auto
2026-08-07T13:25:00.000Z,Front AC,72.6,0,42,74,84.3,0,compressorCoolOff,Sleep,auto
2026-08-07T13:30:00.000Z,Front AC,72.9,0,43,74,86.4,0,compressorCoolOff,Sleep,auto
2026-08-07T13:35:00.000Z,Front AC,73.1,0,43,74,86.4,0,compressorCoolOff,Sleep,auto
2026-08-07T13:40:00.000Z,Front AC,73.3,0,43,74,86.4,0,compressorCoolOff,Sleep,auto
2026-08-07T13:45:00.000Z,Front AC,73.5,0,44,73.2,86.4,240,compressorCoolOff,Sleep,auto
2026-08-07T13:50:00.000Z,Front AC,72.9,0,43,73,86.4,120,compressorCoolStage1On,Sleep,auto
2026-08-07T13:55:00.000Z,Front AC,72.5,0,44,73,86.4,0,compressorCoolOff,Sleep,auto
2026-08-07T14:00:00.000Z,Front AC,72.9,0,43,73,88,0,compressorCoolOff,Sleep,auto
2026-08-07T14:05:00.000Z,Front AC,73.2,0,43,73,88,15,compressorCoolOff,Sleep,auto
2026-08-07T14:10:00.000Z,Front AC,73.3,0,43,73,88,300,compressorCoolStage1On,Sleep,auto
2026-08-07T14:15:00.000Z,Front AC,72.6,0,43,73,88,0,compressorCoolOff,Sleep,auto
2026-08-07T14:20:00.000Z,Front AC,72.8,0,43,73,88,0,compressorCoolOff,Sleep,auto
2026-08-07T14:25:00.000Z,Front AC,73.3,0,43,76.6,88,0,compressorCoolOff,Sleep,auto
2026-08-07T14:30:00.000Z,Front AC,73.6,0,43,77,88,0,compressorCoolOff,WFH,
2026-08-07T14:35:00.000Z,Front AC,73.9,0,43,77,88,0,compressorCoolOff,WFH,
2026-08-07T14:40:00.000Z,Front AC,74.2,0,43,77,88,0,compressorCoolOff,WFH,
2026-08-07T14:45:00.000Z,Front AC,74.5,0,43,77,88,0,compressorCoolOff,WFH,
2026-08-07T14:50:00.000Z,Front AC,74.7,0,43,77,88,0,compressorCoolOff,WFH,
2026-08-07T14:55:00.000Z,Front AC,74.8,0,43,77,88,0,compressorCoolOff,WFH,
2026-08-07T15:00:00.000Z,Front AC,74.9,0,43,77,92.4,0,compressorCoolOff,WFH,
2026-08-07T15:05:00.000Z,Front AC,74.9,0,42,77,92.4,0,compressorCoolOff,WFH,
2026-08-07T15:10:00.000Z,Front AC,74.8,0,42,77,92.4,0,compressorCoolOff,WFH,
2026-08-07T15:15:00.000Z,Front AC,75,0,42,77,92.4,0,compressorCoolOff,WFH,
2026-08-07T15:20:00.000Z,Front AC,75,0,42,77,92.4,0,compressorCoolOff,WFH,
2026-08-07T15:25:00.000Z,Front AC,75,0,42,77,92.4,0,compressorCoolOff,WFH,
2026-08-07T15:30:00.000Z,Front AC,75.1,0,42,77,92.4,0,compressorCoolOff,WFH,
2026-08-07T15:35:00.000Z,Front AC,75.3,0,42,77,92.4,0,compressorCoolOff,WFH,
2026-08-07T15:40:00.000Z,Front AC,75.5,0,42,77,92.4,0,compressorCoolOff,WFH,
2026-08-07T15:45:00.000Z,Front AC,76,0,43,77,92.4,0,compressorCoolOff,WFH,
2026-08-07T15:50:00.000Z,Front AC,76.1,0,43,77,92.4,0,compressorCoolOff,WFH,
2026-08-07T15:55:00.000Z,Front AC,76.2,0,43,77,92.4,0,compressorCoolOff,WFH,
2026-08-07T16:00:00.000Z,Front AC,76.3,0,43,77,95,0,compressorCoolOff,WFH,
2026-08-07T16:05:00.000Z,Front AC,76.3,0,43,77,95,0,compressorCoolOff,WFH,
2026-08-07T16:10:00.000Z,Front AC,76.5,0,43,77,95,0,compressorCoolOff,WFH,
2026-08-07T16:15:00.000Z,Front AC,76.6,0,43,77,95,0,compressorCoolOff,WFH,
2026-08-07T16:20:00.000Z,Front AC,76.7,0,44,77,95,0,compressorCoolOff,WFH,
2026-08-07T16:25:00.000Z,Front AC,76.9,0,44,77,95,0,compressorCoolOff,WFH,
2026-08-07T16:30:00.000Z,Front AC,76.9,0,44,77,95.8,0,compressorCoolOff,WFH,
2026-08-07T16:35:00.000Z,Front AC,77,0,44,77,95.8,0,compressorCoolOff,WFH,
2026-08-07T16:40:00.000Z,Front AC,77,0,44,77,95.8,255,compressorCoolOff,WFH,
2026-08-07T16:45:00.000Z,Front AC,76.3,0,44,77,95.8,45,compressorCoolStage1On,WFH,
2026-08-07T16:50:00.000Z,Front AC,76.1,0,46,77,95.8,0,compressorCoolOff,WFH,
2026-08-07T16:55:00.000Z,Front AC,76.5,0,45,77,95.8,0,compressorCoolOff,WFH,
2026-08-07T17:00:00.000Z,Front AC,76.9,0,44,77,97.4,75,compressorCoolOff,WFH,
2026-08-07T17:05:00.000Z,Front AC,76.9,0,44,75.5,97.4,300,compressorCoolStage1On,WFH,
2026-08-07T17:10:00.000Z,Front AC,76.1,0,44,74,97.4,300,compressorCoolStage1On,WFH,auto
2026-08-07T17:15:00.000Z,Front AC,75.2,0,43,74,97.4,300,compressorCoolStage1On,WFH,auto
2026-08-07T17:20:00.000Z,Front AC,74.7,0,43,74,97.4,300,compressorCoolStage1On,WFH,auto
2026-08-07T17:25:00.000Z,Front AC,74.3,0,43,74,97.4,300,compressorCoolStage1On,WFH,auto
2026-08-07T17:30:00.000Z,Front AC,73.8,0,44,74,98.1,0,compressorCoolOff,WFH,auto
2026-08-07T17:35:00.000Z,Front AC,74.2,0,44,74,98.1,270,compressorCoolOff,WFH,auto
2026-08-07T17:40:00.000Z,Front AC,74.1,0,44,74,98.1,195,compressorCoolStage1On,WFH,auto
2026-08-07T17:45:00.000Z,Front AC,74.1,0,45,74,98.1,105,compressorCoolOff,WFH,auto
2026-08-07T17:50:00.000Z,Front AC,74.5,0,45,74,98.1,300,compressorCoolStage1On,WFH,auto
2026-08-07T17:55:00.000Z,Front AC,74.3,0,45,74,98.1,300,compressorCoolStage1On,WFH,auto
2026-08-07T18:00:00.000Z,Front AC,74,0,45,74,99.8,195,compressorCoolStage1On,WFH,auto
2026-08-07T18:05:00.000Z,Front AC,73.9,0,45,74,99.8,60,compressorCoolOff,WFH,auto
2026-08-07T18:10:00.000Z,Front AC,74.3,0,45,74,99.8,300,compressorCoolStage1On,WFH,auto
2026-08-07T18:15:00.000Z,Front AC,74,0,45,74,99.8,165,compressorCoolStage1On,WFH,auto
2026-08-07T18:20:00.000Z,Front AC,74.1,0,46,74,99.8,135,compressorCoolOff,WFH,auto
2026-08-07T18:25:00.000Z,Front AC,74.3,0,46,74,99.8,300,compressorCoolStage1On,WFH,auto
2026-08-07T18:30:00.000Z,Front AC,74.1,0,46,74,99.8,300,compressorCoolStage1On,WFH,auto
2026-08-07T18:35:00.000Z,Front AC,74.1,0,46,74,99.8,30,compressorCoolStage1On,WFH,auto
2026-08-07T18:40:00.000Z,Front AC,74.6,0,47,74,99.8,270,compressorCoolOff,WFH,auto
2026-08-07T18:45:00.000Z,Front AC,75.1,0,46,74,99.8,300,compressorCoolStage1On,WFH,auto
2026-08-07T18:50:00.000Z,Front AC,74.8,0,46,74,99.8,300,compressorCoolStage1On,WFH,auto
2026-08-07T18:55:00.000Z,Front AC,74.3,0,46,74,99.8,300,compressorCoolStage1On,WFH,auto
2026-08-07T19:00:00.000Z,Front AC,73.7,0,46,74,102.1,0,compressorCoolOff,WFH,auto
2026-08-07T19:05:00.000Z,Front AC,74,0,47,74,102.1,120,compressorCoolOff,WFH,auto
2026-08-07T19:10:00.000Z,Front AC,74.6,0,46,74,102.1,300,compressorCoolStage1On,WFH,auto
2026-08-07T19:15:00.000Z,Front AC,74.7,0,45,74,102.1,300,compressorCoolStage1On,WFH,auto
2026-08-07T19:20:00.000Z,Front AC,74.6,0,44,74,102.1,300,compressorCoolStage1On,WFH,auto
2026-08-07T19:25:00.000Z,Front AC,74.4,0,45,74,102.1,300,compressorCoolStage1On,WFH,auto
2026-08-07T19:30:00.000Z,Front AC,74,0,45,74,102.1,165,compressorCoolStage1On,WFH,auto
2026-08-07T19:45:00.000Z,Front AC,75,0,45,74,102.1,300,compressorCoolStage1On,WFH,auto
2026-08-07T19:50:00.000Z,Front AC,75.2,0,45,74,102.1,300,compressorCoolStage1On,WFH,auto
2026-08-07T19:55:00.000Z,Front AC,75,0,45,74,102.1,300,compressorCoolStage1On,WFH,auto
2026-08-07T20:00:00.000Z,Front AC,74.6,0,45,74,104.2,300,compressorCoolStage1On,WFH,auto
2026-08-07T20:05:00.000Z,Front AC,74.2,0,45,74,104.2,300,compressorCoolStage1On,WFH,auto
2026-08-07T20:10:00.000Z,Front AC,73.8,0,45,74,104.2,30,compressorCoolStage1On,WFH,auto
2026-08-07T20:15:00.000Z,Front AC,73.7,0,46,74,104.2,0,compressorCoolOff,WFH,auto
2026-08-07T20:20:00.000Z,Front AC,74.3,0,45,74,104.2,285,compressorCoolOff,WFH,auto
2026-08-07T20:25:00.000Z,Front AC,74.7,0,44,74,104.2,300,compressorCoolStage1On,WFH,auto
2026-08-07T20:30:00.000Z,Front AC,74.8,0,44,74,104.2,300,compressorCoolStage1On,WFH,auto
2026-08-07T20:35:00.000Z,Front AC,74.5,0,45,74,104.2,300,compressorCoolStage1On,WFH,auto
2026-08-07T20:40:00.000Z,Front AC,74.2,0,45,74,104.2,300,compressorCoolStage1On,WFH,auto
2026-08-07T20:45:00.000Z,Front AC,73.8,0,45,74,104.2,15,compressorCoolStage1On,WFH,auto
2026-08-07T20:50:00.000Z,Front AC,73.7,0,46,74,104.2,0,compressorCoolOff,WFH,auto
2026-08-07T20:55:00.000Z,Front AC,74.3,0,46,74.4,104.2,150,compressorCoolOff,WFH,auto
2026-08-07T21:00:00.000Z,Front AC,74.6,0,46,75,105.6,0,compressorCoolOff,Cooldown,
2026-08-07T21:05:00.000Z,Front AC,75.1,0,46,75,105.6,195,compressorCoolOff,Cooldown,
2026-08-07T21:10:00.000Z,Front AC,75.7,0,44,75,105.6,300,compressorCoolStage1On,Cooldown,
2026-08-07T21:15:00.000Z,Front AC,75.6,0,44,75,105.6,300,compressorCoolStage1On,Cooldown,
2026-08-07T21:20:00.000Z,Front AC,75.2,0,44,75,105.6,300,compressorCoolStage1On,Cooldown,
2026-08-07T21:25:00.000Z,Front AC,74.9,0,44,75,105.6,75,compressorCoolStage1On,Cooldown,
2026-08-07T21:30:00.000Z,Front AC,74.5,0,45,75,105.6,0,compressorCoolOff,Cooldown,
2026-08-07T21:35:00.000Z,Front AC,74.8,0,46,75,105.6,45,compressorCoolOff,Cooldown,
2026-08-07T21:40:00.000Z,Front AC,75.4,0,45,75,105.6,300,compressorCoolStage1On,Cooldown,
2026-08-07T21:45:00.000Z,Front AC,75.7,0,44,75,105.6,300,compressorCoolStage1On,Cooldown,
2026-08-07T21:50:00.000Z,Front AC,75.4,0,44,75,105.6,300,compressorCoolStage1On,Cooldown,
2026-08-07T21:55:00.000Z,Front AC,75.1,0,44,75,105.6,285,compressorCoolStage1On,Cooldown,
2026-08-07T22:00:00.000Z,Front AC,74.7,0,44,75,106.1,0,compressorCoolOff,Cooldown,
2026-08-07T22:05:00.000Z,Front AC,74.5,0,45,75,106.1,0,compressorCoolOff,Cooldown,
2026-08-07T22:10:00.000Z,Front AC,75,0,46,75,106.1,135,compressorCoolOff,Cooldown,
2026-08-07T22:15:00.000Z,Front AC,75.5,0,44,75,106.1,300,compressorCoolStage1On,Cooldown,
2026-08-07T22:20:00.000Z,Front AC,75.7,0,44,75,106.1,300,compressorCoolStage1On,Cooldown,
2026-08-07T22:25:00.000Z,Front AC,75.5,0,44,75,106.1,300,compressorCoolStage1On,Cooldown,
2026-08-07T22:30:00.000Z,Front AC,75.1,0,44,75,106.1,300,compressorCoolStage1On,Cooldown,
2026-08-07T22:35:00.000Z,Front AC,74.8,0,44,74.3,106.1,300,compressorCoolStage1On,Cooldown,(SmartRecovery)
2026-08-07T22:40:00.000Z,Front AC,74.5,0,45,74,106.1,300,compressorCoolStage1On,Cooldown,auto
2026-08-07T22:45:00.000Z,Front AC,74.3,0,45,74,106.1,300,compressorCoolStage1On,Cooldown,auto
2026-08-07T22:50:00.000Z,Front AC,73.9,0,45,74,106.1,105,compressorCoolStage1On,Cooldown,auto
2026-08-07T22:55:00.000Z,Front AC,73.8,0,46,74,106.1,45,compressorCoolOff,Cooldown,auto
2026-08-07T23:00:00.000Z,Front AC,74.5,0,44,74,106.1,300,compressorCoolStage1On,Home,
2026-08-07T23:05:00.000Z,Front AC,74.7,0,44,74,106.1,300,compressorCoolStage1On,Home,
2026-08-07T23:10:00.000Z,Front AC,74.8,0,44,74,106.1,300,compressorCoolStage1On,Home,
2026-08-07T23:15:00.000Z,Front AC,74.8,0,43,74,106.1,300,compressorCoolStage1On,Home,
2026-08-07T23:20:00.000Z,Front AC,74.6,0,44,74,106.1,300,compressorCoolStage1On,Home,
2026-08-07T23:25:00.000Z,Front AC,74.3,0,45,74,106.1,300,compressorCoolStage1On,Home,
2026-08-07T23:30:00.000Z,Front AC,74.2,0,46,74,106.1,300,compressorCoolStage1On,Home,
2026-08-07T23:35:00.000Z,Front AC,74,0,46,74,106.1,180,compressorCoolStage1On,Home,
2026-08-07T23:40:00.000Z,Front AC,73.9,0,47,74,106.1,0,compressorCoolOff,Home,
2026-08-07T23:45:00.000Z,Front AC,74.3,0,48,74,106.1,285,compressorCoolOff,Home,
2026-08-07T23:50:00.000Z,Front AC,74.9,0,46,74,106.1,300,compressorCoolStage1On,Home,
2026-08-07T23:55:00.000Z,Front AC,74.9,0,46,74,106.1,300,compressorCoolStage1On,Home,
2026-08-08T00:00:00.000Z,Front AC,74.6,0,45,74,106.3,300,compressorCoolStage1On,Home,
2026-08-08T00:05:00.000Z,Front AC,74.3,0,45,74,106.3,300,compressorCoolStage1On,Home,
2026-08-08T00:10:00.000Z,Front AC,74,0,45,74,106.3,180,compressorCoolStage1On,Home,
2026-08-08T00:15:00.000Z,Front AC,73.7,0,46,74,106.3,0,compressorCoolOff,Home,
2026-08-08T00:20:00.000Z,Front AC,73.9,0,47,74,106.3,120,compressorCoolOff,Home,
2026-08-08T00:25:00.000Z,Front AC,74.7,0,46,74,106.3,300,compressorCoolStage1On,Home,
2026-08-08T00:30:00.000Z,Front AC,75,0,45,74,107,300,compressorCoolStage1On,Home,
2026-08-08T00:35:00.000Z,Front AC,75,0,45,74,107,300,compressorCoolStage1On,Home,
2026-08-08T00:40:00.000Z,Front AC,74.7,0,45,74,107,300,compressorCoolStage1On,Home,
2026-08-08T00:45:00.000Z,Front AC,74.4,0,44,74,107,300,compressorCoolStage1On,Home,
2026-08-08T00:50:00.000Z,Front AC,74.2,0,43,74,107,300,compressorCoolStage1On,Home,
2026-08-08T00:55:00.000Z,Front AC,74,0,43,74,107,135,compressorCoolStage1On,Home,
2026-08-08T01:00:00.000Z,Front AC,73.5,0,45,74,105.9,0,compressorCoolOff,Home,
2026-08-08T01:05:00.000Z,Front AC,74.1,0,45,74,105.9,165,compressorCoolOff,Home,
2026-08-08T01:10:00.000Z,Front AC,74.9,0,44,74,105.9,300,compressorCoolStage1On,Home,
2026-08-08T01:15:00.000Z,Front AC,75.1,0,43,74,105.9,300,compressorCoolStage1On,Home,
2026-08-08T01:20:00.000Z,Front AC,74.9,0,43,74,105.9,300,compressorCoolStage1On,Home,
2026-08-08T01:25:00.000Z,Front AC,74.7,0,43,74,105.9,300,compressorCoolStage1On,Home,
2026-08-08T01:30:00.000Z,Front AC,74.4,0,43,74,105.8,300,compressorCoolStage1On,Home,
2026-08-08T01:35:00.000Z,Front AC,73.9,0,43,74,105.8,120,compressorCoolStage1On,Home,
2026-08-08T01:40:00.000Z,Front AC,73.5,0,44,74,105.8,0,compressorCoolOff,Home,
2026-08-08T01:45:00.000Z,Front AC,74,0,45,74,105.8,135,compressorCoolOff,Home,
2026-08-08T01:50:00.000Z,Front AC,74.8,0,44,74,105.8,300,compressorCoolStage1On,Home,
2026-08-08T01:55:00.000Z,Front AC,74.9,0,43,74,105.8,300,compressorCoolStage1On,Home,
2026-08-08T02:00:00.000Z,Front AC,74.8,0,43,74,104.4,300,compressorCoolStage1On,Home,
2026-08-08T02:05:00.000Z,Front AC,74.5,0,43,74,104.4,300,compressorCoolStage1On,Home,
2026-08-08T02:10:00.000Z,Front AC,74.2,0,43,74,104.4,300,compressorCoolStage1On,Home,
2026-08-08T02:15:00.000Z,Front AC,73.7,0,43,74,104.4,30,compressorCoolStage1On,Home,
2026-08-08T02:20:00.000Z,Front AC,73.6,0,44,74,104.4,0,compressorCoolOff,Home,
2026-08-08T02:25:00.000Z,Front AC,74.5,0,44,74,104.4,300,compressorCoolStage1On,Home,
2026-08-08T02:30:00.000Z,Front AC,74.8,0,42,74,104.4,300,compressorCoolStage1On,Home,
2026-08-08T02:35:00.000Z,Front AC,74.6,0,41,74,104.4,300,compressorCoolStage1On,Home,
2026-08-08T02:40:00.000Z,Front AC,74.3,0,40,74,104.4,300,compressorCoolStage1On,Home,
2026-08-08T02:45:00.000Z,Front AC,74.1,0,40,74,104.4,60,compressorCoolStage1On,Home,
2026-08-08T02:50:00.000Z,Front AC,74,0,41,74,104.4,240,compressorCoolOff,Home,
2026-08-08T02:55:00.000Z,Front AC,74.1,0,41,74,104.4,60,compressorCoolStage1On,Home,
2026-08-08T03:00:00.000Z,Front AC,74.4,0,41,74,101.9,240,compressorCoolOff,Home,
2026-08-08T03:05:00.000Z,Front AC,74.6,0,40,74,101.9,300,compressorCoolStage1On,Home,
2026-08-08T03:10:00.000Z,Front AC,74.4,0,40,74,101.9,300,compressorCoolStage1On,Home,
2026-08-08T03:15:00.000Z,Front AC,74,0,40,74,101.9,120,compressorCoolStage1On,Home,
2026-08-08T03:20:00.000Z,Front AC,73.9,0,41,74,101.9,0,compressorCoolOff,Home,
2026-08-08T03:25:00.000Z,Front AC,74.2,0,41,74,101.9,285,compressorCoolOff,Home,
2026-08-08T03:30:00.000Z,Front AC,74.4,0,41,74,101.9,300,compressorCoolStage1On,Home,
2026-08-08T03:35:00.000Z,Front AC,74.4,0,41,74,101.9,300,compressorCoolStage1On,Home,
2026-08-08T03:40:00.000Z,Front AC,74.1,0,40,74,101.9,300,compressorCoolStage1On,Home,
2026-08-08T03:45:00.000Z,Front AC,73.7,0,40,74,101.9,300,compressorCoolStage1On,Home,(SmartRecovery)
2026-08-08T03:50:00.000Z,Front AC,73.5,0,40,74,101.9,300,compressorCoolStage1On,Home,(SmartRecovery)
2026-08-08T03:55:00.000Z,Front AC,73.1,0,40,74,101.9,300,compressorCoolStage1On,Home,(SmartRecovery)
2026-08-08T04:00:00.000Z,Front AC,72.9,0,40,74,99.5,300,compressorCoolStage1On,Home,(SmartRecovery)
2026-08-08T04:05:00.000Z,Front AC,72.7,0,40,74,99.5,300,compressorCoolStage1On,Home,(SmartRecovery)
2026-08-08T04:10:00.000Z,Front AC,72.4,0,41,74,99.5,300,compressorCoolStage1On,Home,(SmartRecovery)
2026-08-08T04:15:00.000Z,Front AC,72.5,0,40,74,99.5,300,compressorCoolStage1On,Home,(SmartRecovery)
2026-08-08T04:20:00.000Z,Front AC,72.4,0,40,74.1,99.5,255,compressorCoolStage1On,Home,(SmartRecovery)
2026-08-08T04:25:00.000Z,Front AC,72.2,0,40,73.2,99.5,45,compressorCoolOff,Home,auto
2026-08-08T04:30:00.000Z,Front AC,72.1,0,41,71,99.5,300,compressorCoolStage1On,Sleep,
2026-08-08T04:35:00.000Z,Front AC,71.8,0,42,71,99.5,300,compressorCoolStage1On,Sleep,
2026-08-08T04:40:00.000Z,Front AC,71.4,0,42,71,99.5,300,compressorCoolStage1On,Sleep,
2026-08-08T04:45:00.000Z,Front AC,71.2,0,42,71,99.5,300,compressorCoolStage1On,Sleep,
2026-08-08T04:50:00.000Z,Front AC,71.3,0,42,71,99.5,300,compressorCoolStage1On,Sleep,
2026-08-08T04:55:00.000Z,Front AC,71.2,0,42,71,99.5,300,compressorCoolStage1On,Sleep,
2026-08-08T05:00:00.000Z,Front AC,71,0,41,71,98.1,30,compressorCoolStage1On,Sleep,
2026-08-08T05:05:00.000Z,Front AC,71.4,0,42,71,98.1,270,compressorCoolOff,Sleep,
2026-08-08T05:10:00.000Z,Front AC,71.4,0,42,71,98.1,300,compressorCoolStage1On,Sleep,
2026-08-08T05:15:00.000Z,Front AC,71.4,0,42,71,98.1,300,compressorCoolStage1On,Sleep,
2026-08-08T05:20:00.000Z,Front AC,71.4,0,42,71,98.1,300,compressorCoolStage1On,Sleep,
2026-08-08T05:25:00.000Z,Front AC,71.3,0,41,71,98.1,300,compressorCoolStage1On,Sleep,
2026-08-08T05:30:00.000Z,Front AC,71,0,40,71,99.5,240,compressorCoolStage1On,Sleep,
2026-08-08T05:35:00.000Z,Front AC,71.1,0,41,71,99.5,60,compressorCoolOff,Sleep,
2026-08-08T05:40:00.000Z,Front AC,71.5,0,41,71,99.5,300,compressorCoolStage1On,Sleep,
2026-08-08T05:45:00.000Z,Front AC,71.4,0,41,71,99.5,300,compressorCoolStage1On,Sleep,
2026-08-08T05:50:00.000Z,Front AC,71.3,0,41,71,99.5,300,compressorCoolStage1On,Sleep,
2026-08-08T05:55:00.000Z,Front AC,71.2,0,40,71,99.5,240,compressorCoolStage1On,Sleep,
2026-08-08T06:00:00.000Z,Front AC,71.2,0,40,71,98.2,60,compressorCoolOff,Sleep,
2026-08-08T06:05:00.000Z,Front AC,71.4,0,41,71,98.2,300,compressorCoolStage1On,Sleep,
2026-08-08T06:10:00.000Z,Front AC,71.3,0,41,71,98.2,300,compressorCoolStage1On,Sleep,
2026-08-08T06:15:00.000Z,Front AC,71.1,0,41,71,98.2,285,compressorCoolStage1On,Sleep,
2026-08-08T06:20:00.000Z,Front AC,71,0,41,71,98.2,15,compressorCoolOff,Sleep,
2026-08-08T06:25:00.000Z,Front AC,71.9,0,42,71,98.2,300,compressorCoolStage1On,Sleep,
2026-08-08T06:30:00.000Z,Front AC,71.6,0,41,71,98.2,300,compressorCoolStage1On,Sleep,
2026-08-08T06:35:00.000Z,Front AC,71.3,0,41,71,98.2,300,compressorCoolStage1On,Sleep,
2026-08-08T06:40:00.000Z,Front AC,70.9,0,41,71,98.2,135,compressorCoolStage1On,Sleep,
2026-08-08T06:45:00.000Z,Front AC,71.3,0,42,71,98.2,165,compressorCoolOff,Sleep,
2026-08-08T06:50:00.000Z,Front AC,71.6,0,42,71,98.2,300,compressorCoolStage1On,Sleep,
2026-08-08T06:55:00.000Z,Front AC,71.2,0,41,71,98.2,300,compressorCoolStage1On,Sleep,
2026-08-08T07:00:00.000Z,Front AC,70.9,0,41,71,96.1,75,compressorCoolStage1On,Sleep,
2026-08-08T07:05:00.000Z,Front AC,71.6,0,43,71,96.1,225,compressorCoolOff,Sleep,
2026-08-08T07:10:00.000Z,Front AC,71.7,0,42,71,96.1,300,compressorCoolStage1On,Sleep,
2026-08-08T07:15:00.000Z,Front AC,71.3,0,41,71,96.1,300,compressorCoolStage1On,Sleep,
2026-08-08T07:20:00.000Z,Front AC,71.1,0,41,71,96.1,285,compressorCoolStage1On,Sleep,
2026-08-08T07:25:00.000Z,Front AC,70.9,0,41,71,96.1,15,compressorCoolOff,Sleep,
2026-08-08T07:30:00.000Z,Front AC,71.7,0,42,71,97.5,300,compressorCoolStage1On,Sleep,
2026-08-08T07:35:00.000Z,Front AC,71.6,0,41,71,97.5,300,compressorCoolStage1On,Sleep,
2026-08-08T07:40:00.000Z,Front AC,71.3,0,41,71,97.5,300,compressorCoolStage1On,Sleep,
2026-08-08T07:45:00.000Z,Front AC,71.2,0,41,71,97.5,300,compressorCoolStage1On,Sleep,
2026-08-08T07:50:00.000Z,Front AC,71.1,0,41,71,97.5,300,compressorCoolStage1On,Sleep,
2026-08-08T07:55:00.000Z,Front AC,70.9,0,40,71,97.5,45,compressorCoolStage1On,Sleep,
2026-08-08T08:00:00.000Z,Front AC,71.3,0,41,71,96.4,255,compressorCoolOff,Sleep,
2026-08-08T08:05:00.000Z,Front AC,71.4,0,41,71,96.4,300,compressorCoolStage1On,Sleep,
2026-08-08T08:10:00.000Z,Front AC,71.1,0,41,71,96.4,240,compressorCoolStage1On,Sleep,
2026-08-08T08:15:00.000Z,Front AC,71.1,0,41,71,96.4,60,compressorCoolOff,Sleep,
2026-08-08T08:20:00.000Z,Front AC,71.4,0,43,71,96.4,300,compressorCoolStage1On,Sleep,
2026-08-08T08:25:00.000Z,Front AC,70.9,0,41,71,96.4,165,compressorCoolStage1On,Sleep,
2026-08-08T08:30:00.000Z,Front AC,71.2,0,42,71,96.4,135,compressorCoolOff,Sleep,
2026-08-08T08:35:00.000Z,Front AC,71.7,0,42,71,96.4,300,compressorCoolStage1On,Sleep,
2026-08-08T08:40:00.000Z,Front AC,71.3,0,41,71,96.4,300,compressorCoolStage1On,Sleep,
2026-08-08T08:45:00.000Z,Front AC,71.2,0,41,71,96.4,300,compressorCoolStage1On,Sleep,
2026-08-08T08:50:00.000Z,Front AC,70.9,0,41,71,96.4,90,compressorCoolStage1On,Sleep,
2026-08-08T08:55:00.000Z,Front AC,71.3,0,42,71,96.4,210,compressorCoolOff,Sleep,
2026-08-08T09:00:00.000Z,Front AC,71.3,0,42,71,95.6,300,compressorCoolStage1On,Sleep,
2026-08-08T09:05:00.000Z,Front AC,70.9,0,41,71,95.6,90,compressorCoolStage1On,Sleep,
2026-08-08T09:10:00.000Z,Front AC,71.4,0,42,71,95.6,210,compressorCoolOff,Sleep,
2026-08-08T09:15:00.000Z,Front AC,71.3,0,42,71,95.6,300,compressorCoolStage1On,Sleep,
2026-08-08T09:20:00.000Z,Front AC,70.8,0,41,71,95.6,60,compressorCoolStage1On,Sleep,
2026-08-08T09:25:00.000Z,Front AC,71.4,0,43,71,95.6,240,compressorCoolOff,Sleep,
2026-08-08T09:30:00.000Z,Front AC,71.5,0,42,71,95.6,300,compressorCoolStage1On,Sleep,
2026-08-08T09:35:00.000Z,Front AC,70.9,0,41,71,95.6,180,compressorCoolStage1On,Sleep,
2026-08-08T09:40:00.000Z,Front AC,71.1,0,42,71,95.6,120,compressorCoolOff,Sleep,
2026-08-08T09:45:00.000Z,Front AC,71.3,0,43,71,95.6,300,compressorCoolStage1On,Sleep,
2026-08-08T09:50:00.000Z,Front AC,70.9,0,42,71,95.6,60,compressorCoolStage1On,Sleep,
2026-08-08T09:55:00.000Z,Front AC,71.3,0,43,71,95.6,240,compressorCoolOff,Sleep,
2026-08-08T10:00:00.000Z,Front AC,71.2,0,42,71,94.4,300,compressorCoolStage1On,Sleep,
2026-08-08T10:05:00.000Z,Front AC,70.9,0,42,71,94.4,60,compressorCoolStage1On,Sleep,
2026-08-08T10:10:00.000Z,Front AC,71.4,0,43,71,94.4,240,compressorCoolOff,Sleep,
2026-08-08T10:15:00.000Z,Front AC,71.4,0,42,71,94.4,300,compressorCoolStage1On,Sleep,
2026-08-08T10:20:00.000Z,Front AC,70.9,0,42,71,94.4,90,compressorCoolStage1On,Sleep,
2026-08-08T10:25:00.000Z,Front AC,71.3,0,43,71,94.4,210,compressorCoolOff,Sleep,
2026-08-08T10:30:00.000Z,Front AC,71.2,0,42,71,94.4,300,compressorCoolStage1On,Sleep,
2026-08-08T10:35:00.000Z,Front AC,70.9,0,42,71,94.4,90,compressorCoolStage1On,Sleep,
2026-08-08T10:40:00.000Z,Front AC,71.3,0,43,71,94.4,210,compressorCoolOff,Sleep,
2026-08-08T10:45:00.000Z,Front AC,71.5,0,43,71,94.4,300,compressorCoolStage1On,Sleep,
2026-08-08T10:50:00.000Z,Front AC,71,0,41,71,94.4,195,compressorCoolStage1On,Sleep,
2026-08-08T10:55:00.000Z,Front AC,71.3,0,42,71,94.4,105,compressorCoolOff,Sleep,
2026-08-08T11:00:00.000Z,Front AC,71.7,0,42,71,93.8,300,compressorCoolStage1On,Sleep,
2026-08-08T11:05:00.000Z,Front AC,71.1,0,41,71,93.8,300,compressorCoolStage1On,Sleep,
2026-08-08T11:10:00.000Z,Front AC,70.9,0,41,71,93.8,75,compressorCoolStage1On,Sleep,
2026-08-08T11:15:00.000Z,Front AC,71.3,0,42,71,93.8,225,compressorCoolOff,Sleep,
2026-08-08T11:20:00.000Z,Front AC,71,0,42,71,93.8,195,compressorCoolStage1On,Sleep,
2026-08-08T11:25:00.000Z,Front AC,71,0,43,71,93.8,105,compressorCoolOff,Sleep,
2026-08-08T11:30:00.000Z,Front AC,71.4,0,42,71,93.8,300,compressorCoolStage1On,Sleep,
2026-08-08T11:35:00.000Z,Front AC,70.9,0,41,71,93.8,150,compressorCoolStage1On,Sleep,
2026-08-08T11:40:00.000Z,Front AC,71.1,0,42,71,93.8,150,compressorCoolOff,Sleep,
2026-08-08T11:45:00.000Z,Front AC,71.4,0,42,71,93.8,300,compressorCoolStage1On,Sleep,
2026-08-08T11:50:00.000Z,Front AC,71,0,42,71,93.8,30,compressorCoolStage1On,Sleep,
2026-08-08T11:55:00.000Z,Front AC,71.6,0,43,71,93.8,270,compressorCoolOff,Sleep,
2026-08-08T12:00:00.000Z,Front AC,71.3,0,41,71,92.1,300,compressorCoolStage1On,Sleep,
2026-08-08T12:05:00.000Z,Front AC,70.8,0,41,71,92.1,15,compressorCoolStage1On,Sleep,
2026-08-08T12:10:00.000Z,Front AC,71.3,0,42,71,92.1,285,compressorCoolOff,Sleep,
2026-08-08T12:15:00.000Z,Front AC,70.9,0,42,71,92.1,60,compressorCoolStage1On,Sleep,
2026-08-08T12:20:00.000Z,Front AC,71.1,0,43,71,92.1,225,compressorCoolOff,Sleep,
2026-08-08T12:25:00.000Z,Front AC,70.9,0,43,71,92.1,90,compressorCoolStage1On,Sleep,
2026-08-08T12:30:00.000Z,Front AC,71.1,0,43,71,93.1,180,compressorCoolOff,Sleep,
2026-08-08T12:35:00.000Z,Front AC,71.9,0,42,71,93.1,300,compressorCoolStage1On,Sleep,
2026-08-08T12:40:00.000Z,Front AC,71.8,0,41,71.6,93.1,240,compressorCoolStage1On,Sleep,
2026-08-08T12:45:00.000Z,Front AC,71.3,0,41,74,93.1,0,compressorCoolOff,Sleep,auto
2026-08-08T12:50:00.000Z,Front AC,71.3,0,42,74,93.1,0,compressorCoolOff,Sleep,auto
2026-08-08T12:55:00.000Z,Front AC,71.6,0,41,74,93.1,0,compressorCoolOff,Sleep,auto
2026-08-08T13:00:00.000Z,Front AC,72.1,0,41,74,91.4,0,compressorCoolOff,Sleep,auto
2026-08-08T13:05:00.000Z,Front AC,72.7,0,41,74,91.4,0,compressorCoolOff,Sleep,auto
2026-08-08T13:10:00.000Z,Front AC,73.4,0,42,74,91.4,0,compressorCoolOff,Sleep,auto
2026-08-08T13:15:00.000Z,Front AC,73.7,0,42,74,91.4,0,compressorCoolOff,Sleep,auto
2026-08-08T13:20:00.000Z,Front AC,73.5,0,41,74,91.4,0,compressorCoolOff,Sleep,auto
2026-08-08T13:25:00.000Z,Front AC,73.5,0,41,74,91.4,0,compressorCoolOff,Sleep,auto
2026-08-08T13:30:00.000Z,Front AC,73.7,0,41,74,92.4,0,compressorCoolOff,Sleep,auto
2026-08-08T13:35:00.000Z,Front AC,73.9,0,41,74,92.4,180,compressorCoolOff,Sleep,auto
2026-08-08T13:40:00.000Z,Front AC,74,0,41,74,92.4,120,compressorCoolStage1On,Sleep,auto
2026-08-08T13:45:00.000Z,Front AC,73.8,0,42,74,92.4,0,compressorCoolOff,Sleep,auto
2026-08-08T13:50:00.000Z,Front AC,73.9,0,43,74,92.4,0,compressorCoolOff,Sleep,auto
2026-08-08T13:55:00.000Z,Front AC,74.2,0,43,74,92.4,270,compressorCoolOff,Sleep,auto
2026-08-08T14:00:00.000Z,Front AC,74.1,0,42,74,92.1,180,compressorCoolStage1On,Sleep,auto
2026-08-08T14:05:00.000Z,Front AC,73.7,0,42,74,92.1,0,compressorCoolOff,Sleep,auto
2026-08-08T14:10:00.000Z,Front AC,73.5,0,43,74,92.1,0,compressorCoolOff,Sleep,auto
2026-08-08T14:15:00.000Z,Front AC,73.8,0,44,74,92.1,30,compressorCoolOff,Sleep,auto
2026-08-08T14:20:00.000Z,Front AC,74,0,44,74,92.1,270,compressorCoolStage1On,Sleep,auto
2026-08-08T14:25:00.000Z,Front AC,73.5,0,44,74,92.1,0,compressorCoolOff,Sleep,auto
2026-08-08T14:30:00.000Z,Front AC,73.8,0,44,74,92.1,60,compressorCoolOff,Sleep,auto
2026-08-08T14:35:00.000Z,Front AC,74,0,44,74,92.1,240,compressorCoolStage1On,Sleep,auto
2026-08-08T14:40:00.000Z,Front AC,73.5,0,44,74,92.1,0,compressorCoolOff,Sleep,auto
2026-08-08T14:45:00.000Z,Front AC,73.9,0,44,74,92.1,75,compressorCoolOff,Sleep,auto
2026-08-08T14:50:00.000Z,Front AC,74,0,44,74,92.1,225,compressorCoolStage1On,Sleep,auto
2026-08-08T14:55:00.000Z,Front AC,73.4,0,45,74,92.1,0,compressorCoolOff,Sleep,auto
2026-08-08T15:00:00.000Z,Front AC,74,0,46,74,93.1,135,compressorCoolOff,Home,
2026-08-08T15:05:00.000Z,Front AC,74.1,0,45,74,93.1,180,compressorCoolStage1On,Home,
2026-08-08T15:10:00.000Z,Front AC,73.8,0,45,74,93.1,15,compressorCoolOff,Home,
2026-08-08T15:15:00.000Z,Front AC,74.2,0,45,74,93.1,300,compressorCoolStage1On,Home,
2026-08-08T15:20:00.000Z,Front AC,74,0,44,74,93.1,135,compressorCoolStage1On,Home,
2026-08-08T15:25:00.000Z,Front AC,73.8,0,45,74,93.1,15,compressorCoolOff,Home,
2026-08-08T15:30:00.000Z,Front AC,74.1,0,46,74,93.1,285,compressorCoolStage1On,Home,
2026-08-08T15:35:00.000Z,Front AC,73.4,0,46,74,93.1,0,compressorCoolOff,Home,
2026-08-08T15:40:00.000Z,Front AC,74,0,46,74,93.1,150,compressorCoolOff,Home,
2026-08-08T15:45:00.000Z,Front AC,74.1,0,46,74,93.1,255,compressorCoolStage1On,Home,
2026-08-08T15:50:00.000Z,Front AC,73.8,0,46,74,93.1,0,compressorCoolOff,Home,
2026-08-08T15:55:00.000Z,Front AC,74.2,0,46,74,93.1,270,compressorCoolOff,Home,
2026-08-08T16:00:00.000Z,Front AC,73.8,0,46,74,96.7,60,compressorCoolStage1On,Home,
2026-08-08T16:05:00.000Z,Front AC,73.9,0,46,74,96.7,120,compressorCoolOff,Home,
2026-08-08T16:10:00.000Z,Front AC,73.9,0,46,74,96.7,180,compressorCoolStage1On,Home,
2026-08-08T16:15:00.000Z,Front AC,73.8,0,46,74,96.7,45,compressorCoolOff,Home,
2026-08-08T16:20:00.000Z,Front AC,74.3,0,45,74,96.7,300,compressorCoolStage1On,Home,
2026-08-08T16:25:00.000Z,Front AC,73.9,0,45,74,96.7,105,compressorCoolStage1On,Home,
2026-08-08T16:30:00.000Z,Front AC,73.9,0,46,74,96.7,105,compressorCoolOff,Home,
2026-08-08T16:35:00.000Z,Front AC,74.1,0,45,74,96.7,210,compressorCoolStage1On,Home,
2026-08-08T16:40:00.000Z,Front AC,73.8,0,45,74,96.7,0,compressorCoolOff,Home,
2026-08-08T16:45:00.000Z,Front AC,74.1,0,45,74,96.7,300,compressorCoolStage1On,Home,
2026-08-08T16:50:00.000Z,Front AC,73.7,0,45,74,96.7,0,compressorCoolOff,Home,
2026-08-08T16:55:00.000Z,Front AC,74.2,0,46,74,96.7,225,compressorCoolOff,Home,
2026-08-08T17:00:00.000Z,Front AC,74.2,0,45,74,98.9,225,compressorCoolStage1On,Home,
2026-08-08T17:05:00.000Z,Front AC,73.7,0,45,74,98.9,0,compressorCoolOff,Home,
2026-08-08T17:10:00.000Z,Front AC,74.1,0,46,74,98.9,255,compressorCoolOff,Home,
2026-08-08T17:15:00.000Z,Front AC,73.9,0,45,74,98.9,60,compressorCoolStage1On,Home,
2026-08-08T17:20:00.000Z,Front AC,74.1,0,46,74,98.9,210,compressorCoolOff,Home,
2026-08-08T17:25:00.000Z,Front AC,74.1,0,45,74,98.9,240,compressorCoolStage1On,Home,
2026-08-08T17:30:00.000Z,Front AC,73.8,0,45,74,98.9,15,compressorCoolOff,Home,
2026-08-08T17:35:00.000Z,Front AC,74.1,0,46,74,98.9,300,compressorCoolStage1On,Home,
2026-08-08T17:40:00.000Z,Front AC,73.9,0,46,74,98.9,0,compressorCoolOff,Home,
2026-08-08T17:45:00.000Z,Front AC,74.1,0,46,74,98.9,300,compressorCoolStage1On,Home,
2026-08-08T17:50:00.000Z,Front AC,73.9,0,46,74,98.9,105,compressorCoolStage1On,Home,
2026-08-08T17:55:00.000Z,Front AC,74.1,0,46,74,98.9,195,compressorCoolOff,Home,
2026-08-08T18:00:00.000Z,Front AC,74,0,46,74,101.3,135,compressorCoolStage1On,Home,
2026-08-08T18:05:00.000Z,Front AC,74,0,47,74,101.3,150,compressorCoolOff,Home,
2026-08-08T18:10:00.000Z,Front AC,74.1,0,46,74,101.3,225,compressorCoolStage1On,Home,
2026-08-08T18:15:00.000Z,Front AC,73.9,0,47,74,101.3,75,compressorCoolOff,Home,
2026-08-08T18:20:00.000Z,Front AC,74.4,0,47,74,101.3,300,compressorCoolStage1On,Home,
2026-08-08T18:25:00.000Z,Front AC,74.1,0,46,74,101.3,180,compressorCoolStage1On,Home,
2026-08-08T18:30:00.000Z,Front AC,73.9,0,46,74,102.8,90,compressorCoolOff,Home,
2026-08-08T18:35:00.000Z,Front AC,74.3,0,46,74,102.8,300,compressorCoolStage1On,Home,
2026-08-08T18:40:00.000Z,Front AC,74.1,0,46,74,102.8,195,compressorCoolStage1On,Home,
2026-08-08T18:45:00.000Z,Front AC,73.9,0,47,74,102.8,90,compressorCoolOff,Home,
2026-08-08T18:50:00.000Z,Front AC,74.4,0,46,74,102.8,300,compressorCoolStage1On,Home,
2026-08-08T18:55:00.000Z,Front AC,74.1,0,46,74,102.8,195,compressorCoolStage1On,Home,
2026-08-08T19:00:00.000Z,Front AC,74,0,46,74,103.8,105,compressorCoolOff,Home,
2026-08-08T19:05:00.000Z,Front AC,74.2,0,47,74,103.8,300,compressorCoolStage1On,Home,
2026-08-08T19:10:00.000Z,Front AC,74,0,46,74,103.8,105,compressorCoolStage1On,Home,
2026-08-08T19:15:00.000Z,Front AC,74.3,0,47,74,103.8,195,compressorCoolOff,Home,
2026-08-08T19:20:00.000Z,Front AC,74.5,0,46,74,103.8,300,compressorCoolStage1On,Home,
2026-08-08T19:25:00.000Z,Front AC,74,0,46,74,103.8,105,compressorCoolStage1On,Home,
2026-08-08T19:30:00.000Z,Front AC,74.2,0,47,74,103.8,195,compressorCoolOff,Home,
2026-08-08T19:35:00.000Z,Front AC,74.3,0,46,74,103.8,300,compressorCoolStage1On,Home,
2026-08-08T19:40:00.000Z,Front AC,74.1,0,46,74,103.8,255,compressorCoolStage1On,Home,
2026-08-08T19:45:00.000Z,Front AC,73.9,0,46,74,103.8,45,compressorCoolOff,Home,
2026-08-08T19:50:00.000Z,Front AC,74.3,0,46,74,103.8,300,compressorCoolStage1On,Home,
2026-08-08T19:55:00.000Z,Front AC,74.1,0,46,74,103.8,225,compressorCoolStage1On,Home,
2026-08-08T20:00:00.000Z,Front AC,74,0,46,74,105.2,75,compressorCoolOff,Home,
2026-08-08T20:05:00.000Z,Front AC,74.5,0,46,74,105.2,300,compressorCoolStage1On,Home,
2026-08-08T20:10:00.000Z,Front AC,74.2,0,46,74,105.2,300,compressorCoolStage1On,Home,
2026-08-08T20:15:00.000Z,Front AC,74,0,46,74,105.2,15,compressorCoolStage1On,Home,
2026-08-08T20:20:00.000Z,Front AC,74.4,0,46,74,105.2,285,compressorCoolOff,Home,
2026-08-08T20:25:00.000Z,Front AC,74.3,0,46,74,105.2,300,compressorCoolStage1On,Home,
2026-08-08T20:30:00.000Z,Front AC,74,0,45,74,105.2,60,compressorCoolStage1On,Home,
2026-08-08T20:35:00.000Z,Front AC,74.4,0,46,74,105.2,240,compressorCoolOff,Home,
2026-08-08T20:40:00.000Z,Front AC,74.5,0,45,74,105.2,300,compressorCoolStage1On,Home,
2026-08-08T20:45:00.000Z,Front AC,74.1,0,45,74,105.2,195,compressorCoolStage1On,Home,
2026-08-08T20:50:00.000Z,Front AC,74.1,0,45,74,105.2,105,compressorCoolOff,Home,
2026-08-08T20:55:00.000Z,Front AC,74.6,0,46,74,105.2,300,compressorCoolStage1On,Home,
2026-08-08T21:00:00.000Z,Front AC,74.3,0,45,74,105.8,300,compressorCoolStage1On,Home,
2026-08-08T21:05:00.000Z,Front AC,74,0,45,74,105.8,180,compressorCoolStage1On,Home,
2026-08-08T21:10:00.000Z,Front AC,74.1,0,45,74,105.8,120,compressorCoolOff,Home,
2026-08-08T21:15:00.000Z,Front AC,74.8,0,46,74,105.8,300,compressorCoolStage1On,Home,
2026-08-08T21:20:00.000Z,Front AC,75.4,0,46,74,105.8,300,compressorCoolStage1On,Home,
2026-08-08T21:25:00.000Z,Front AC,75.4,0,46,74,105.8,300,compressorCoolStage1On,Home,
2026-08-08T21:30:00.000Z,Front AC,75.3,0,46,74,105.8,300,compressorCoolStage1On,Home,
2026-08-08T21:35:00.000Z,Front AC,75,0,45,74,105.8,300,compressorCoolStage1On,Home,
2026-08-08T21:40:00.000Z,Front AC,74.8,0,45,74,105.8,300,compressorCoolStage1On,Home,
2026-08-08T21:45:00.000Z,Front AC,74.7,0,45,74,105.8,300,compressorCoolStage1On,Home,
2026-08-08T21:50:00.000Z,Front AC,74.6,0,45,74,105.8,300,compressorCoolStage1On,Home,
2026-08-08T21:55:00.000Z,Front AC,74.4,0,45,74,105.8,300,compressorCoolStage1On,Home,
2026-08-08T22:00:00.000Z,Front AC,74.2,0,45,74,107.2,300,compressorCoolStage1On,Home,
2026-08-08T22:05:00.000Z,Front AC,73.8,0,44,74,107.2,105,compressorCoolStage1On,Home,
2026-08-08T22:10:00.000Z,Front AC,73.4,0,45,74,107.2,0,compressorCoolOff,Home,
2026-08-08T22:15:00.000Z,Front AC,74.1,0,45,74,107.2,195,compressorCoolOff,Home,
2026-08-08T22:20:00.000Z,Front AC,74.3,0,45,74,107.2,300,compressorCoolStage1On,Home,
2026-08-08T22:25:00.000Z,Front AC,73.9,0,45,74,107.2,75,compressorCoolStage1On,Home,
2026-08-08T22:30:00.000Z,Front AC,74.2,0,46,74,107.6,225,compressorCoolOff,Home,
2026-08-08T22:35:00.000Z,Front AC,74.2,0,46,74,107.6,300,compressorCoolStage1On,Home,
2026-08-08T22:40:00.000Z,Front AC,74,0,45,74,107.6,120,compressorCoolStage1On,Home,
2026-08-08T22:45:00.000Z,Front AC,74.2,0,46,74,107.6,180,compressorCoolOff,Home,
2026-08-08T22:50:00.000Z,Front AC,74.4,0,46,74,107.6,300,compressorCoolStage1On,Home,
2026-08-08T22:55:00.000Z,Front AC,74,0,45,74,107.6,135,compressorCoolStage1On,Home,
2026-08-08T23:00:00.000Z,Front AC,74.2,0,46,74,107.6,165,compressorCoolOff,Home,
2026-08-08T23:05:00.000Z,Front AC,74.5,0,46,74,107.6,300,compressorCoolStage1On,Home,
2026-08-08T23:10:00.000Z,Front AC,74.3,0,46,74,107.6,300,compressorCoolStage1On,Home,
2026-08-08T23:15:00.000Z,Front AC,74,0,46,74,107.6,15,compressorCoolStage1On,Home,
2026-08-08T23:20:00.000Z,Front AC,74.5,0,48,74,107.6,285,compressorCoolOff,Home,
2026-08-08T23:25:00.000Z,Front AC,74.6,0,46,74,107.6,300,compressorCoolStage1On,Home,
2026-08-08T23:30:00.000Z,Front AC,74.3,0,46,74,107.6,300,compressorCoolStage1On,Home,
2026-08-08T23:35:00.000Z,Front AC,74.5,0,45,74,107.6,300,compressorCoolStage1On,Home,
2026-08-08T23:40:00.000Z,Front AC,74.6,0,45,74,107.6,300,compressorCoolStage1On,Home,
2026-08-08T23:45:00.000Z,Front AC,75,0,46,74,107.6,300,compressorCoolStage1On,Home,
2026-08-08T23:50:00.000Z,Front AC,75.1,0,45,74,107.6,300,compressorCoolStage1On,Home,
2026-08-08T23:55:00.000Z,Front AC,75,0,45,74,107.6,300,compressorCoolStage1On,Home,
2026-08-09T00:00:00.000Z,Front AC,74.9,0,45,74,107,300,compressorCoolStage1On,Home,
2026-08-09T00:05:00.000Z,Front AC,74.7,0,45,74,107,300,compressorCoolStage1On,Home,
2026-08-09T00:10:00.000Z,Front AC,74.4,0,45,74,107,300,compressorCoolStage1On,Home,
2026-08-09T00:15:00.000Z,Front AC,74.2,0,45,74,107,300,compressorCoolStage1On,Home,
2026-08-09T00:20:00.000Z,Front AC,74.2,0,45,74,107,300,compressorCoolStage1On,Home,
2026-08-09T00:25:00.000Z,Front AC,74.3,0,43,74,107,300,compressorCoolStage1On,Home,
2026-08-09T00:30:00.000Z,Front AC,74.2,0,43,74,107,300,compressorCoolStage1On,Home,
2026-08-09T00:35:00.000Z,Front AC,74.1,0,43,74,107,300,compressorCoolStage1On,Home,
2026-08-09T00:40:00.000Z,Front AC,74,0,43,74,107,180,compressorCoolStage1On,Home,
2026-08-09T00:45:00.000Z,Front AC,73.7,0,44,74,107,0,compressorCoolOff,Home,
2026-08-09T00:50:00.000Z,Front AC,73.9,0,44,74,107,90,compressorCoolOff,Home,
2026-08-09T00:55:00.000Z,Front AC,74.6,0,44,74,107,300,compressorCoolStage1On,Home,
2026-08-09T01:00:00.000Z,Front AC,74.9,0,43,74,106.4,300,compressorCoolStage1On,Home,
2026-08-09T01:05:00.000Z,Front AC,74.9,0,43,74,106.4,300,compressorCoolStage1On,Home,
2026-08-09T01:10:00.000Z,Front AC,74.7,0,43,74,106.4,300,compressorCoolStage1On,Home,
2026-08-09T01:15:00.000Z,Front AC,74.5,0,43,74,106.4,300,compressorCoolStage1On,Home,
2026-08-09T01:20:00.000Z,Front AC,74.3,0,43,74,106.4,300,compressorCoolStage1On,Home,
2026-08-09T01:25:00.000Z,Front AC,74.1,0,43,74,106.4,300,compressorCoolStage1On,Home,
2026-08-09T01:30:00.000Z,Front AC,73.9,0,43,74,105.5,60,compressorCoolStage1On,Home,
2026-08-09T01:35:00.000Z,Front AC,73.6,0,43,74,105.5,0,compressorCoolOff,Home,
2026-08-09T01:40:00.000Z,Front AC,74.1,0,43,74,105.5,195,compressorCoolOff,Home,
2026-08-09T01:45:00.000Z,Front AC,74.8,0,43,74,105.5,300,compressorCoolStage1On,Home,
2026-08-09T01:50:00.000Z,Front AC,74.9,0,43,74,105.5,300,compressorCoolStage1On,Home,
2026-08-09T01:55:00.000Z,Front AC,74.5,0,42,74,105.5,300,compressorCoolStage1On,Home,
2026-08-09T02:00:00.000Z,Front AC,73.6,0,42,74,104.1,60,compressorCoolStage1On,Home,
2026-08-09T02:05:00.000Z,Front AC,73.4,0,44,74,104.1,0,compressorCoolOff,Home,
2026-08-09T02:10:00.000Z,Front AC,74,0,44,74,104.1,180,compressorCoolOff,Home,
2026-08-09T02:15:00.000Z,Front AC,73.8,0,43,74,104.1,120,compressorCoolStage1On,Home,
2026-08-09T02:20:00.000Z,Front AC,73.8,0,44,74,104.1,60,compressorCoolOff,Home,
2026-08-09T02:25:00.000Z,Front AC,74.2,0,44,74,104.1,300,compressorCoolStage1On,Home,
2026-08-09T02:30:00.000Z,Front AC,73.8,0,43,74,104.1,0,compressorCoolOff,Home,
2026-08-09T02:35:00.000Z,Front AC,74.2,0,43,74,104.1,270,compressorCoolOff,Home,
2026-08-09T02:40:00.000Z,Front AC,74,0,43,74,104.1,135,compressorCoolStage1On,Home,
2026-08-09T02:45:00.000Z,Front AC,73.9,0,43,74,104.1,105,compressorCoolOff,Home,
2026-08-09T02:50:00.000Z,Front AC,74.3,0,42,74,104.1,300,compressorCoolStage1On,Home,
2026-08-09T02:55:00.000Z,Front AC,73.9,0,42,74,104.1,60,compressorCoolStage1On,Home,
2026-08-09T03:00:00.000Z,Front AC,74.1,0,43,74,102.4,225,compressorCoolOff,Home,
2026-08-09T03:05:00.000Z,Front AC,74,0,42,74,102.4,120,compressorCoolStage1On,Home,
2026-08-09T03:10:00.000Z,Front AC,74,0,43,74,102.4,150,compressorCoolOff,Home,
2026-08-09T03:15:00.000Z,Front AC,74,0,42,74,102.4,165,compressorCoolStage1On,Home,
2026-08-09T03:20:00.000Z,Front AC,74.1,0,42,74,102.4,135,compressorCoolOff,Home,
2026-08-09T03:25:00.000Z,Front AC,74.1,0,42,74,102.4,300,compressorCoolStage1On,Home,
2026-08-09T03:30:00.000Z,Front AC,73.2,0,41,74,102.4,300,compressorCoolStage1On,Home,(SmartRecovery)
2026-08-09T03:35:00.000Z,Front AC,72.5,0,41,74,102.4,300,compressorCoolStage1On,Home,(SmartRecovery)
2026-08-09T03:40:00.000Z,Front AC,72.2,0,41,74,102.4,300,compressorCoolStage1On,Home,(SmartRecovery)
2026-08-09T03:45:00.000Z,Front AC,72,0,40,74,102.4,300,compressorCoolStage1On,Home,(SmartRecovery)
2026-08-09T03:50:00.000Z,Front AC,71.8,0,40,74,102.4,300,compressorCoolStage1On,Home,(SmartRecovery)
2026-08-09T03:55:00.000Z,Front AC,71.5,0,40,74,102.4,300,compressorCoolStage1On,Home,(SmartRecovery)
2026-08-09T04:00:00.000Z,Front AC,71.4,0,40,74,100.6,300,compressorCoolStage1On,Home,(SmartRecovery)
2026-08-09T04:05:00.000Z,Front AC,71.1,0,40,74,100.6,165,compressorCoolStage1On,Home,(SmartRecovery)
2026-08-09T04:10:00.000Z,Front AC,71.5,0,40,74,100.6,90,compressorCoolOff,Home,
2026-08-09T04:15:00.000Z,Front AC,72.1,0,41,74,100.6,300,compressorCoolStage1On,Home,(SmartRecovery)
2026-08-09T04:20:00.000Z,Front AC,71.7,0,40,74,100.6,300,compressorCoolStage1On,Home,(SmartRecovery)
2026-08-09T04:25:00.000Z,Front AC,71.1,0,40,72.6,100.6,120,compressorCoolStage1On,Home,(SmartRecovery)
2026-08-09T04:30:00.000Z,Front AC,71.6,0,41,71,99.4,180,compressorCoolOff,Sleep,
2026-08-09T04:35:00.000Z,Front AC,71.9,0,41,71,99.4,300,compressorCoolStage1On,Sleep,
2026-08-09T04:40:00.000Z,Front AC,71.3,0,40,71,99.4,240,compressorCoolStage1On,Sleep,
2026-08-09T04:45:00.000Z,Front AC,71.3,0,40,71,99.4,60,compressorCoolOff,Sleep,
2026-08-09T04:50:00.000Z,Front AC,71.9,0,41,71,99.4,300,compressorCoolStage1On,Sleep,
2026-08-09T04:55:00.000Z,Front AC,71.6,0,40,71,99.4,300,compressorCoolStage1On,Sleep,
2026-08-09T05:00:00.000Z,Front AC,71.1,0,40,71,98.6,105,compressorCoolStage1On,Sleep,
2026-08-09T05:05:00.000Z,Front AC,71.4,0,41,71,98.6,195,compressorCoolOff,Sleep,
2026-08-09T05:10:00.000Z,Front AC,71.4,0,41,71,98.6,300,compressorCoolStage1On,Sleep,
2026-08-09T05:15:00.000Z,Front AC,71.1,0,40,71,98.6,285,compressorCoolStage1On,Sleep,
2026-08-09T05:20:00.000Z,Front AC,71,0,41,71,98.6,15,compressorCoolOff,Sleep,
2026-08-09T05:25:00.000Z,Front AC,71.4,0,41,71,98.6,300,compressorCoolStage1On,Sleep,
2026-08-09T05:30:00.000Z,Front AC,71.3,0,41,71,98,300,compressorCoolStage1On,Sleep,
2026-08-09T05:35:00.000Z,Front AC,70.9,0,40,71,98,90,compressorCoolStage1On,Sleep,
2026-08-09T05:40:00.000Z,Front AC,71.3,0,41,71,98,210,compressorCoolOff,Sleep,
2026-08-09T05:45:00.000Z,Front AC,71.3,0,41,71,98,300,compressorCoolStage1On,Sleep,
2026-08-09T05:50:00.000Z,Front AC,71,0,41,71,98,195,compressorCoolStage1On,Sleep,
2026-08-09T05:55:00.000Z,Front AC,71,0,41,71,98,105,compressorCoolOff,Sleep,
2026-08-09T06:00:00.000Z,Front AC,71.4,0,41,71,97.7,300,compressorCoolStage1On,Sleep,
2026-08-09T06:05:00.000Z,Front AC,71.1,0,40,71,97.7,285,compressorCoolStage1On,Sleep,
2026-08-09T06:10:00.000Z,Front AC,70.7,0,40,71,97.7,15,compressorCoolOff,Sleep,
2026-08-09T06:15:00.000Z,Front AC,71.3,0,41,71,97.7,300,compressorCoolStage1On,Sleep,
2026-08-09T06:20:00.000Z,Front AC,71,0,41,71,97.7,225,compressorCoolStage1On,Sleep,
2026-08-09T06:25:00.000Z,Front AC,70.9,0,42,71,97.7,75,compressorCoolOff,Sleep,
2026-08-09T06:30:00.000Z,Front AC,71.5,0,42,71,96.3,300,compressorCoolStage1On,Sleep,
2026-08-09T06:35:00.000Z,Front AC,71,0,41,71,96.3,180,compressorCoolStage1On,Sleep,
2026-08-09T06:40:00.000Z,Front AC,71.1,0,42,71,96.3,120,compressorCoolOff,Sleep,
2026-08-09T06:45:00.000Z,Front AC,71.4,0,42,71,96.3,300,compressorCoolStage1On,Sleep,
2026-08-09T06:50:00.000Z,Front AC,71,0,41,71,96.3,195,compressorCoolStage1On,Sleep,
2026-08-09T06:55:00.000Z,Front AC,71,0,42,71,96.3,105,compressorCoolOff,Sleep,
2026-08-09T07:00:00.000Z,Front AC,71.5,0,42,71,96,300,compressorCoolStage1On,Sleep,
2026-08-09T07:05:00.000Z,Front AC,71.3,0,41,71,96,300,compressorCoolStage1On,Sleep,
2026-08-09T07:10:00.000Z,Front AC,70.9,0,41,71,96,60,compressorCoolStage1On,Sleep,
2026-08-09T07:15:00.000Z,Front AC,71.3,0,41,71,96,240,compressorCoolOff,Sleep,
2026-08-09T07:20:00.000Z,Front AC,71.2,0,41,71,96,300,compressorCoolStage1On,Sleep,
2026-08-09T07:25:00.000Z,Front AC,71,0,41,71,96,225,compressorCoolStage1On,Sleep,
2026-08-09T07:30:00.000Z,Front AC,70.9,0,41,71,96,75,compressorCoolOff,Sleep,
2026-08-09T07:35:00.000Z,Front AC,71.3,0,41,71,96,300,compressorCoolStage1On,Sleep,
2026-08-09T07:40:00.000Z,Front AC,70.9,0,41,71,96,150,compressorCoolStage1On,Sleep,
2026-08-09T07:45:00.000Z,Front AC,71.2,0,42,71,96,150,compressorCoolOff,Sleep,
2026-08-09T07:50:00.000Z,Front AC,71.5,0,42,71,96,300,compressorCoolStage1On,Sleep,
2026-08-09T07:55:00.000Z,Front AC,71,0,41,71,96,180,compressorCoolStage1On,Sleep,
2026-08-09T08:00:00.000Z,Front AC,70.9,0,41,71,93.8,120,compressorCoolOff,Sleep,
2026-08-09T08:05:00.000Z,Front AC,71.3,0,41,71,93.8,300,compressorCoolStage1On,Sleep,
2026-08-09T08:10:00.000Z,Front AC,71,0,41,71,93.8,180,compressorCoolStage1On,Sleep,
2026-08-09T08:15:00.000Z,Front AC,71,0,41,71,93.8,120,compressorCoolOff,Sleep,
2026-08-09T08:20:00.000Z,Front AC,71.4,0,41,71,93.8,300,compressorCoolStage1On,Sleep,
2026-08-09T08:25:00.000Z,Front AC,70.9,0,41,71,93.8,120,compressorCoolStage1On,Sleep,
2026-08-09T08:30:00.000Z,Front AC,71.3,0,42,71,93.8,180,compressorCoolOff,Sleep,
2026-08-09T08:35:00.000Z,Front AC,71.4,0,41,71,93.8,300,compressorCoolStage1On,Sleep,
2026-08-09T08:40:00.000Z,Front AC,70.8,0,41,71,93.8,105,compressorCoolStage1On,Sleep,
2026-08-09T08:45:00.000Z,Front AC,71,0,41,71,93.8,195,compressorCoolOff,Sleep,
2026-08-09T08:50:00.000Z,Front AC,71,0,41,71,93.8,180,compressorCoolStage1On,Sleep,
2026-08-09T08:55:00.000Z,Front AC,71.1,0,42,71,93.8,120,compressorCoolOff,Sleep,
2026-08-09T09:00:00.000Z,Front AC,71.5,0,42,71,91.7,300,compressorCoolStage1On,Sleep,
2026-08-09T09:05:00.000Z,Front AC,70.8,0,41,71,91.7,90,compressorCoolStage1On,Sleep,
2026-08-09T09:10:00.000Z,Front AC,71.3,0,42,71,91.7,210,compressorCoolOff,Sleep,
2026-08-09T09:15:00.000Z,Front AC,71.4,0,41,71,91.7,300,compressorCoolStage1On,Sleep,
2026-08-09T09:20:00.000Z,Front AC,70.8,0,41,71,91.7,90,compressorCoolStage1On,Sleep,
2026-08-09T09:25:00.000Z,Front AC,71.1,0,42,71,91.7,210,compressorCoolOff,Sleep,
2026-08-09T09:30:00.000Z,Front AC,70.9,0,41,71,91.7,150,compressorCoolStage1On,Sleep,
2026-08-09T09:35:00.000Z,Front AC,71.1,0,42,71,91.7,150,compressorCoolOff,Sleep,
2026-08-09T09:40:00.000Z,Front AC,71.2,0,42,71,91.7,300,compressorCoolStage1On,Sleep,
2026-08-09T09:45:00.000Z,Front AC,70.8,0,41,71,91.7,0,compressorCoolOff,Sleep,
2026-08-09T09:50:00.000Z,Front AC,71.3,0,43,71,91.7,300,compressorCoolStage1On,Sleep,
2026-08-09T09:55:00.000Z,Front AC,70.9,0,41,71,91.7,165,compressorCoolStage1On,Sleep,
2026-08-09T10:00:00.000Z,Front AC,71.1,0,42,71,91.6,135,compressorCoolOff,Sleep,
2026-08-09T10:05:00.000Z,Front AC,71.1,0,42,71,91.6,240,compressorCoolStage1On,Sleep,
2026-08-09T10:10:00.000Z,Front AC,71,0,42,71,91.6,60,compressorCoolOff,Sleep,
2026-08-09T10:15:00.000Z,Front AC,71.4,0,43,71,91.6,300,compressorCoolStage1On,Sleep,
2026-08-09T10:20:00.000Z,Front AC,70.9,0,42,71,91.6,45,compressorCoolStage1On,Sleep,
2026-08-09T10:25:00.000Z,Front AC,71.2,0,43,71,91.6,255,compressorCoolOff,Sleep,
2026-08-09T10:30:00.000Z,Front AC,71.1,0,42,71,90.6,300,compressorCoolStage1On,Sleep,
2026-08-09T10:35:00.000Z,Front AC,70.8,0,41,71,90.6,0,compressorCoolOff,Sleep,
2026-08-09T10:40:00.000Z,Front AC,71.4,0,43,71,90.6,300,compressorCoolStage1On,Sleep,
2026-08-09T10:45:00.000Z,Front AC,70.9,0,42,71,90.6,105,compressorCoolStage1On,Sleep,
2026-08-09T10:50:00.000Z,Front AC,71.1,0,42,71,90.6,195,compressorCoolOff,Sleep,
2026-08-09T10:55:00.000Z,Front AC,71.2,0,42,71,90.6,180,compressorCoolStage1On,Sleep,
2026-08-09T11:00:00.000Z,Front AC,71.1,0,42,71,90.1,120,compressorCoolOff,Sleep,
2026-08-09T11:05:00.000Z,Front AC,71.3,0,42,71,90.1,300,compressorCoolStage1On,Sleep,
2026-08-09T11:10:00.000Z,Front AC,70.8,0,41,71,90.1,75,compressorCoolStage1On,Sleep,
2026-08-09T11:15:00.000Z,Front AC,71.3,0,42,71,90.1,225,compressorCoolOff,Sleep,
2026-08-09T11:20:00.000Z,Front AC,71,0,42,71,90.1,90,compressorCoolStage1On,Sleep,
2026-08-09T11:25:00.000Z,Front AC,71.3,0,43,71,90.1,210,compressorCoolOff,Sleep,
2026-08-09T11:30:00.000Z,Front AC,71.2,0,42,71,89.1,195,compressorCoolStage1On,Sleep,
2026-08-09T11:35:00.000Z,Front AC,71,0,42,71,89.1,105,compressorCoolOff,Sleep,
2026-08-09T11:40:00.000Z,Front AC,71.4,0,42,71,89.1,300,compressorCoolStage1On,Sleep,
2026-08-09T11:45:00.000Z,Front AC,70.9,0,42,71,89.1,0,compressorCoolOff,Sleep,
2026-08-09T11:50:00.000Z,Front AC,71.3,0,43,71,89.1,300,compressorCoolStage1On,Sleep,
2026-08-09T11:55:00.000Z,Front AC,70.9,0,42,71,89.1,60,compressorCoolStage1On,Sleep,
2026-08-09T12:00:00.000Z,Front AC,71.2,0,43,71,88.3,240,compressorCoolOff,Sleep,
2026-08-09T12:05:00.000Z,Front AC,71.1,0,42,71,88.3,105,compressorCoolStage1On,Sleep,
2026-08-09T12:10:00.000Z,Front AC,71.2,0,43,71,88.3,195,compressorCoolOff,Sleep,
2026-08-09T12:15:00.000Z,Front AC,71.3,0,42,71,88.3,255,compressorCoolStage1On,Sleep,
2026-08-09T12:20:00.000Z,Front AC,70.9,0,42,71,88.3,45,compressorCoolOff,Sleep,
2026-08-09T12:25:00.000Z,Front AC,71.4,0,42,71,88.3,300,compressorCoolStage1On,Sleep,
2026-08-09T12:30:00.000Z,Front AC,71.1,0,41,71,88.3,270,compressorCoolStage1On,Sleep,
2026-08-09T12:35:00.000Z,Front AC,70.8,0,41,71,88.3,30,compressorCoolOff,Sleep,
2026-08-09T12:40:00.000Z,Front AC,71.3,0,42,71,88.3,300,compressorCoolStage1On,Sleep,
2026-08-09T12:45:00.000Z,Front AC,70.8,0,41,71,88.3,45,compressorCoolStage1On,Sleep,
2026-08-09T12:50:00.000Z,Front AC,71.2,0,42,71,88.3,255,compressorCoolOff,Sleep,
2026-08-09T12:55:00.000Z,Front AC,70.9,0,42,71,88.3,90,compressorCoolStage1On,Sleep,
2026-08-09T13:00:00.000Z,Front AC,71.2,0,42,71,88.3,210,compressorCoolOff,Sleep,
2026-08-09T13:05:00.000Z,Front AC,71.3,0,42,71.3,88.3,210,compressorCoolStage1On,Sleep,
2026-08-09T13:10:00.000Z,Front AC,71.1,0,42,72,88.3,0,compressorCoolOff,Sleep,auto
2026-08-09T13:15:00.000Z,Front AC,71.7,0,43,72,88.3,45,compressorCoolOff,Sleep,auto
2026-08-09T13:20:00.000Z,Front AC,71.9,0,42,72,88.3,255,compressorCoolStage1On,Sleep,auto
2026-08-09T13:25:00.000Z,Front AC,71.4,0,43,72,88.3,0,compressorCoolOff,Sleep,auto
2026-08-09T13:30:00.000Z,Front AC,71.9,0,43,72,88.3,90,compressorCoolOff,Sleep,auto
2026-08-09T13:35:00.000Z,Front AC,72,0,42,72,88.3,225,compressorCoolStage1On,Sleep,auto
2026-08-09T13:40:00.000Z,Front AC,71.8,0,43,72,88.3,0,compressorCoolOff,Sleep,auto
2026-08-09T13:45:00.000Z,Front AC,72.1,0,43,72,88.3,270,compressorCoolOff,Sleep,auto
2026-08-09T13:50:00.000Z,Front AC,71.8,0,43,72,88.3,30,compressorCoolStage1On,Sleep,auto
2026-08-09T13:55:00.000Z,Front AC,72,0,43,72,88.3,150,compressorCoolOff,Sleep,auto
2026-08-09T14:00:00.000Z,Front AC,72,0,43,72,90.3,165,compressorCoolStage1On,Sleep,auto
2026-08-09T14:05:00.000Z,Front AC,71.8,0,44,72,90.3,0,compressorCoolOff,Sleep,auto
2026-08-09T14:10:00.000Z,Front AC,72.4,0,43,72,90.3,285,compressorCoolOff,Sleep,auto
2026-08-09T14:15:00.000Z,Front AC,72.5,0,41,72,90.3,300,compressorCoolStage1On,Sleep,auto
2026-08-09T14:20:00.000Z,Front AC,72.1,0,41,72,90.3,285,compressorCoolStage1On,Sleep,auto
2026-08-09T14:25:00.000Z,Front AC,71.6,0,41,72,90.3,0,compressorCoolOff,Sleep,auto
2026-08-09T14:30:00.000Z,Front AC,71.7,0,42,72,91.6,0,compressorCoolOff,Sleep,auto
2026-08-09T14:35:00.000Z,Front AC,72.1,0,42,72,91.6,255,compressorCoolOff,Sleep,auto
2026-08-09T14:40:00.000Z,Front AC,72.2,0,41,72,91.6,300,compressorCoolStage1On,Sleep,auto
2026-08-09T14:45:00.000Z,Front AC,71.9,0,41,72,91.6,75,compressorCoolStage1On,Sleep,auto
2026-08-09T14:50:00.000Z,Front AC,71.7,0,42,72,91.6,45,compressorCoolOff,Sleep,auto
2026-08-09T14:55:00.000Z,Front AC,72.2,0,42,72.9,91.6,195,compressorCoolStage1On,Sleep,auto
2026-08-09T15:00:00.000Z,Front AC,72.2,0,42,74,92.5,0,compressorCoolOff,Home,
2026-08-09T15:05:00.000Z,Front AC,72.5,0,43,74,92.5,0,compressorCoolOff,Home,
2026-08-09T15:10:00.000Z,Front AC,72.9,0,43,74,92.5,0,compressorCoolOff,Home,
2026-08-09T15:15:00.000Z,Front AC,73.2,0,43,74,92.5,0,compressorCoolOff,Home,
2026-08-09T15:20:00.000Z,Front AC,73.6,0,43,74,92.5,0,compressorCoolOff,Home,
2026-08-09T15:25:00.000Z,Front AC,73.8,0,43,74,92.5,0,compressorCoolOff,Home,
2026-08-09T15:30:00.000Z,Front AC,74,0,43,74,92.5,240,compressorCoolOff,Home,
2026-08-09T15:35:00.000Z,Front AC,73.4,0,43,74,92.5,60,compressorCoolStage1On,Home,
2026-08-09T15:40:00.000Z,Front AC,73.3,0,44,74,92.5,0,compressorCoolOff,Home,
2026-08-09T15:45:00.000Z,Front AC,73.9,0,43,74,92.5,105,compressorCoolOff,Home,
2026-08-09T15:50:00.000Z,Front AC,73.7,0,44,74,92.5,195,compressorCoolStage1On,Home,
2026-08-09T15:55:00.000Z,Front AC,73.1,0,44,74,92.5,0,compressorCoolOff,Home,
2026-08-09T16:00:00.000Z,Front AC,73.7,0,44,74,93.5,45,compressorCoolOff,Home,
2026-08-09T16:05:00.000Z,Front AC,74,0,44,74,93.5,255,compressorCoolStage1On,Home,
2026-08-09T16:10:00.000Z,Front AC,73.2,0,44,74,93.5,0,compressorCoolOff,Home,
2026-08-09T16:15:00.000Z,Front AC,73.7,0,44,74,93.5,45,compressorCoolOff,Home,
2026-08-09T16:20:00.000Z,Front AC,74,0,44,74,93.5,255,compressorCoolStage1On,Home,
2026-08-09T16:25:00.000Z,Front AC,73.5,0,45,74,93.5,0,compressorCoolOff,Home,
2026-08-09T16:30:00.000Z,Front AC,73.9,0,45,74,93.5,135,compressorCoolOff,Home,
2026-08-09T16:35:00.000Z,Front AC,73.8,0,44,74,93.5,165,compressorCoolStage1On,Home,
2026-08-09T16:40:00.000Z,Front AC,73.5,0,45,74,93.5,0,compressorCoolOff,Home,
2026-08-09T16:45:00.000Z,Front AC,74.1,0,45,74,93.5,210,compressorCoolOff,Home,
2026-08-09T16:50:00.000Z,Front AC,74.3,0,44,74,93.5,300,compressorCoolStage1On,Home,
2026-08-09T16:55:00.000Z,Front AC,74.4,0,42,74,93.5,270,compressorCoolStage1On,Home,
2026-08-09T17:00:00.000Z,Front AC,73.9,0,41,74,96,0,compressorCoolOff,Home,
2026-08-09T17:05:00.000Z,Front AC,73.7,0,44,74,96,0,compressorCoolOff,Home,
2026-08-09T17:10:00.000Z,Front AC,74,0,45,74,96,180,compressorCoolOff,Home,
2026-08-09T17:15:00.000Z,Front AC,73.8,0,45,74,96,120,compressorCoolStage1On,Home,
2026-08-09T17:20:00.000Z,Front AC,73.6,0,47,74,96,0,compressorCoolOff,Home,
2026-08-09T17:25:00.000Z,Front AC,74,0,47,74,96,180,compressorCoolOff,Home,
2026-08-09T17:30:00.000Z,Front AC,73.7,0,47,74,96,120,compressorCoolStage1On,Home,
2026-08-09T17:35:00.000Z,Front AC,73.5,0,48,74,96,0,compressorCoolOff,Home,
2026-08-09T17:40:00.000Z,Front AC,74.1,0,48,74,96,225,compressorCoolOff,Home,
2026-08-09T17:45:00.000Z,Front AC,73.7,0,47,74,96,75,compressorCoolStage1On,Home,
2026-08-09T17:50:00.000Z,Front AC,73.6,0,48,74,96,0,compressorCoolOff,Home,
2026-08-09T17:55:00.000Z,Front AC,74.1,0,46,74,96,300,compressorCoolStage1On,Home,
2026-08-09T18:00:00.000Z,Front AC,73.7,0,46,74,98.8,0,compressorCoolOff,Home,
2026-08-09T18:05:00.000Z,Front AC,74.1,0,48,74,98.8,210,compressorCoolOff,Home,
2026-08-09T18:10:00.000Z,Front AC,73.9,0,47,74,98.8,120,compressorCoolStage1On,Home,
2026-08-09T18:15:00.000Z,Front AC,73.8,0,48,74,98.8,75,compressorCoolOff,Home,
2026-08-09T18:20:00.000Z,Front AC,74.3,0,47,74,98.8,300,compressorCoolStage1On,Home,
2026-08-09T18:25:00.000Z,Front AC,73.9,0,46,74,98.8,45,compressorCoolStage1On,Home,
2026-08-09T18:30:00.000Z,Front AC,74.3,0,46,74,98.8,255,compressorCoolOff,Home,
2026-08-09T18:35:00.000Z,Front AC,74.4,0,45,74,98.8,300,compressorCoolStage1On,Home,
2026-08-09T18:40:00.000Z,Front AC,73.9,0,45,74,98.8,75,compressorCoolStage1On,Home,
2026-08-09T18:45:00.000Z,Front AC,74.2,0,45,74,98.8,225,compressorCoolOff,Home,
2026-08-09T18:50:00.000Z,Front AC,74.3,0,44,74,98.8,300,compressorCoolStage1On,Home,
2026-08-09T18:55:00.000Z,Front AC,74,0,44,74,98.8,90,compressorCoolStage1On,Home,
2026-08-09T19:00:00.000Z,Front AC,74.3,0,45,74,101.8,210,compressorCoolOff,Home,
2026-08-09T19:05:00.000Z,Front AC,74.3,0,45,74,101.8,300,compressorCoolStage1On,Home,
2026-08-09T19:10:00.000Z,Front AC,73.9,0,45,74,101.8,45,compressorCoolStage1On,Home,
2026-08-09T19:15:00.000Z,Front AC,74.2,0,45,74,101.8,255,compressorCoolOff,Home,
2026-08-09T19:20:00.000Z,Front AC,74.2,0,45,74,101.8,300,compressorCoolStage1On,Home,
2026-08-09T19:25:00.000Z,Front AC,74,0,45,74,101.8,45,compressorCoolStage1On,Home,
2026-08-09T19:30:00.000Z,Front AC,74.4,0,46,74,102.3,255,compressorCoolOff,Home,
2026-08-09T19:35:00.000Z,Front AC,74.4,0,45,74,102.3,300,compressorCoolStage1On,Home,
2026-08-09T19:40:00.000Z,Front AC,74,0,45,74,102.3,165,compressorCoolStage1On,Home,
2026-08-09T19:45:00.000Z,Front AC,74.1,0,45,74,102.3,135,compressorCoolOff,Home,
2026-08-09T19:50:00.000Z,Front AC,74.4,0,45,74,102.3,300,compressorCoolStage1On,Home,
2026-08-09T19:55:00.000Z,Front AC,74.2,0,45,74,102.3,300,compressorCoolStage1On,Home,
2026-08-09T20:00:00.000Z,Front AC,73.9,0,45,74,103.8,15,compressorCoolStage1On,Home,
2026-08-09T20:05:00.000Z,Front AC,74.4,0,46,74,103.8,285,compressorCoolOff,Home,
2026-08-09T20:10:00.000Z,Front AC,74.4,0,45,74,103.8,300,compressorCoolStage1On,Home,
2026-08-09T20:15:00.000Z,Front AC,74.1,0,45,74,103.8,180,compressorCoolStage1On,Home,
2026-08-09T20:20:00.000Z,Front AC,74,0,46,74,103.8,120,compressorCoolOff,Home,
2026-08-09T20:25:00.000Z,Front AC,74.5,0,46,74,103.8,300,compressorCoolStage1On,Home,
2026-08-09T20:30:00.000Z,Front AC,74.4,0,46,74,104.7,300,compressorCoolStage1On,Home,
2026-08-09T20:35:00.000Z,Front AC,74,0,45,74,104.7,135,compressorCoolStage1On,Home,
2026-08-09T20:40:00.000Z,Front AC,74.2,0,46,74,104.7,165,compressorCoolOff,Home,
2026-08-09T20:45:00.000Z,Front AC,74.6,0,46,74,104.7,300,compressorCoolStage1On,Home,
2026-08-09T20:50:00.000Z,Front AC,74.3,0,46,74,104.7,300,compressorCoolStage1On,Home,
2026-08-09T20:55:00.000Z,Front AC,74,0,45,74,104.7,120,compressorCoolStage1On,Home,
2026-08-09T21:00:00.000Z,Front AC,74.2,0,46,74,105.9,180,compressorCoolOff,Home,
2026-08-09T21:05:00.000Z,Front AC,74.6,0,46,74,105.9,300,compressorCoolStage1On,Home,
2026-08-09T21:10:00.000Z,Front AC,74.3,0,46,74,105.9,300,compressorCoolStage1On,Home,
2026-08-09T21:15:00.000Z,Front AC,73.9,0,45,74,105.9,75,compressorCoolStage1On,Home,
2026-08-09T21:20:00.000Z,Front AC,74.4,0,46,74,105.9,150,compressorCoolOff,Home,
2026-08-09T21:25:00.000Z,Front AC,74.8,0,46,74,105.9,300,compressorCoolStage1On,Home,
2026-08-09T21:30:00.000Z,Front AC,74.5,0,45,74,106.2,300,compressorCoolStage1On,Home,
2026-08-09T21:35:00.000Z,Front AC,74.2,0,45,74,106.2,300,compressorCoolStage1On,Home,
2026-08-09T21:40:00.000Z,Front AC,73.9,0,45,74,106.2,45,compressorCoolStage1On,Home,
2026-08-09T21:45:00.000Z,Front AC,74.5,0,46,74,106.2,195,compressorCoolOff,Home,
2026-08-09T21:50:00.000Z,Front AC,74.8,0,46,74,106.2,300,compressorCoolStage1On,Home,
2026-08-09T21:55:00.000Z,Front AC,74.5,0,45,74,106.2,300,compressorCoolStage1On,Home,
2026-08-09T22:00:00.000Z,Front AC,74.1,0,45,74,107,300,compressorCoolStage1On,Home,
2026-08-09T22:05:00.000Z,Front AC,74,0,45,74,107,0,compressorCoolOff,Home,
2026-08-09T22:10:00.000Z,Front AC,74.7,0,46,74,107,255,compressorCoolOff,Home,
2026-08-09T22:15:00.000Z,Front AC,74.9,0,46,74,107,300,compressorCoolStage1On,Home,
2026-08-09T22:20:00.000Z,Front AC,74.7,0,45,74,107,300,compressorCoolStage1On,Home,
2026-08-09T22:25:00.000Z,Front AC,74.4,0,45,74,107,300,compressorCoolStage1On,Home,
2026-08-09T22:30:00.000Z,Front AC,74.2,0,45,74,107,300,compressorCoolStage1On,Home,
2026-08-09T22:35:00.000Z,Front AC,74.1,0,45,74,107,300,compressorCoolStage1On,Home,
2026-08-09T22:40:00.000Z,Front AC,74,0,45,74,107,135,compressorCoolStage1On,Home,
2026-08-09T22:45:00.000Z,Front AC,74.3,0,46,74,107,105,compressorCoolOff,Home,
2026-08-09T22:50:00.000Z,Front AC,74.7,0,46,74,107,300,compressorCoolStage1On,Home,
2026-08-09T22:55:00.000Z,Front AC,74.5,0,45,74,107,300,compressorCoolStage1On,Home,
2026-08-09T23:00:00.000Z,Front AC,74.1,0,45,74,107,300,compressorCoolStage1On,Home,
2026-08-09T23:05:00.000Z,Front AC,74,0,45,74,107,0,compressorCoolOff,Home,
2026-08-09T23:10:00.000Z,Front AC,74.7,0,46,74,107,255,compressorCoolOff,Home,
2026-08-09T23:15:00.000Z,Front AC,74.7,0,45,74,107,300,compressorCoolStage1On,Home,
2026-08-09T23:20:00.000Z,Front AC,74.2,0,45,74,107,300,compressorCoolStage1On,Home,
2026-08-09T23:25:00.000Z,Front AC,74,0,45,74,107,30,compressorCoolStage1On,Home,
2026-08-09T23:30:00.000Z,Front AC,74.6,0,46,74,107,225,compressorCoolOff,Home,
2026-08-09T23:35:00.000Z,Front AC,74.8,0,45,74,107,300,compressorCoolStage1On,Home,
2026-08-09T23:40:00.000Z,Front AC,74.5,0,45,74,107,300,compressorCoolStage1On,Home,
2026-08-09T23:45:00.000Z,Front AC,74.1,0,45,74,107,180,compressorCoolStage1On,Home,
2026-08-09T23:50:00.000Z,Front AC,74.2,0,45,74,107,75,compressorCoolOff,Home,
2026-08-09T23:55:00.000Z,Front AC,74.8,0,45,74,107,300,compressorCoolStage1On,Home,
2026-08-10T00:00:00.000Z,Front AC,74.6,0,45,74,107.1,300,compressorCoolStage1On,Home,
2026-08-10T00:05:00.000Z,Front AC,74.3,0,45,74,107.1,300,compressorCoolStage1On,Home,
2026-08-10T00:10:00.000Z,Front AC,74,0,45,74,107.1,150,compressorCoolStage1On,Home,
2026-08-10T00:15:00.000Z,Front AC,74.2,0,45,74,107.1,75,compressorCoolOff,Home,
2026-08-10T00:20:00.000Z,Front AC,74.7,0,45,74,107.1,300,compressorCoolStage1On,Home,
2026-08-10T00:25:00.000Z,Front AC,74.5,0,45,74,107.1,300,compressorCoolStage1On,Home,
2026-08-10T00:30:00.000Z,Front AC,74.2,0,45,74,107.1,300,compressorCoolStage1On,Home,
2026-08-10T00:35:00.000Z,Front AC,74.1,0,45,74,107.1,300,compressorCoolStage1On,Home,
2026-08-10T00:40:00.000Z,Front AC,73.9,0,45,74,107.1,15,compressorCoolStage1On,Home,
2026-08-10T00:45:00.000Z,Front AC,74.5,0,46,74,107.1,195,compressorCoolOff,Home,
2026-08-10T00:50:00.000Z,Front AC,74.6,0,45,74,107.1,300,compressorCoolStage1On,Home,
2026-08-10T00:55:00.000Z,Front AC,74.4,0,45,74,107.1,300,compressorCoolStage1On,Home,
2026-08-10T01:00:00.000Z,Front AC,74.2,0,45,74,106.3,300,compressorCoolStage1On,Home,
2026-08-10T01:05:00.000Z,Front AC,73.9,0,45,74,106.3,90,compressorCoolStage1On,Home,
2026-08-10T01:10:00.000Z,Front AC,74.4,0,45,74,106.3,135,compressorCoolOff,Home,
2026-08-10T01:15:00.000Z,Front AC,74.8,0,45,74,106.3,300,compressorCoolStage1On,Home,
2026-08-10T01:20:00.000Z,Front AC,74.4,0,45,74,106.3,300,compressorCoolStage1On,Home,
2026-08-10T01:25:00.000Z,Front AC,74,0,44,74,106.3,90,compressorCoolStage1On,Home,
2026-08-10T01:30:00.000Z,Front AC,74.4,0,45,74,105.8,135,compressorCoolOff,Home,
2026-08-10T01:35:00.000Z,Front AC,74.8,0,44,74,105.8,300,compressorCoolStage1On,Home,
2026-08-10T01:40:00.000Z,Front AC,74.4,0,44,74,105.8,300,compressorCoolStage1On,Home,
2026-08-10T01:45:00.000Z,Front AC,74.2,0,45,74,105.8,285,compressorCoolStage1On,Home,
2026-08-10T01:50:00.000Z,Front AC,73.9,0,45,74,105.8,0,compressorCoolOff,Home,
2026-08-10T01:55:00.000Z,Front AC,74.6,0,45,74,105.8,225,compressorCoolOff,Home,
2026-08-10T02:00:00.000Z,Front AC,75,0,45,74,104.2,300,compressorCoolStage1On,Home,
2026-08-10T02:05:00.000Z,Front AC,74.4,0,43,74,104.2,255,compressorCoolStage1On,Home,
2026-08-10T02:10:00.000Z,Front AC,73.7,0,44,74,104.2,0,compressorCoolOff,Home,
2026-08-10T02:15:00.000Z,Front AC,74.5,0,44,74,104.2,180,compressorCoolOff,Home,
2026-08-10T02:20:00.000Z,Front AC,74.5,0,44,74,104.2,300,compressorCoolStage1On,Home,
2026-08-10T02:25:00.000Z,Front AC,74.1,0,43,74,104.2,210,compressorCoolStage1On,Home,
2026-08-10T02:30:00.000Z,Front AC,74,0,44,74,104.2,0,compressorCoolOff,Home,
2026-08-10T02:35:00.000Z,Front AC,74.7,0,44,74,104.2,300,compressorCoolStage1On,Home,
2026-08-10T02:40:00.000Z,Front AC,74.6,0,43,74,104.2,300,compressorCoolStage1On,Home,
2026-08-10T02:45:00.000Z,Front AC,74,0,43,74,104.2,165,compressorCoolStage1On,Home,
2026-08-10T02:50:00.000Z,Front AC,74,0,44,74,104.2,15,compressorCoolOff,Home,
2026-08-10T02:55:00.000Z,Front AC,74.6,0,43,74,104.2,300,compressorCoolStage1On,Home,
2026-08-10T03:00:00.000Z,Front AC,74.3,0,43,74,100.2,300,compressorCoolStage1On,Home,
2026-08-10T03:05:00.000Z,Front AC,73.9,0,43,74,100.2,15,compressorCoolStage1On,Home,
2026-08-10T03:10:00.000Z,Front AC,74.4,0,44,74,100.2,165,compressorCoolOff,Home,
2026-08-10T03:15:00.000Z,Front AC,74.6,0,43,74,100.2,300,compressorCoolStage1On,Home,
2026-08-10T03:20:00.000Z,Front AC,74.2,0,43,74,100.2,270,compressorCoolStage1On,Home,
2026-08-10T03:25:00.000Z,Front AC,73.8,0,43,74,100.2,30,compressorCoolOff,Home,
2026-08-10T03:30:00.000Z,Front AC,74.1,0,43,74,100.2,300,compressorCoolStage1On,Home,(SmartRecovery)
2026-08-10T03:35:00.000Z,Front AC,73.6,0,42,74,100.2,300,compressorCoolStage1On,Home,(SmartRecovery)
2026-08-10T03:40:00.000Z,Front AC,72.8,0,41,74,100.2,300,compressorCoolStage1On,Home,(SmartRecovery)
2026-08-10T03:45:00.000Z,Front AC,72.3,0,41,74,100.2,300,compressorCoolStage1On,Home,(SmartRecovery)
2026-08-10T03:50:00.000Z,Front AC,72.1,0,41,74,100.2,300,compressorCoolStage1On,Home,(SmartRecovery)
2026-08-10T03:55:00.000Z,Front AC,72.1,0,41,74,100.2,300,compressorCoolStage1On,Home,(SmartRecovery)
2026-08-10T04:00:00.000Z,Front AC,71.7,0,41,74,98,300,compressorCoolStage1On,Home,(SmartRecovery)
2026-08-10T04:05:00.000Z,Front AC,71.5,0,41,74,98,300,compressorCoolStage1On,Home,(SmartRecovery)
2026-08-10T04:10:00.000Z,Front AC,71.4,0,41,74,98,300,compressorCoolStage1On,Home,(SmartRecovery)
2026-08-10T04:15:00.000Z,Front AC,71.2,0,40,74,98,120,compressorCoolStage1On,Home,(SmartRecovery)
2026-08-10T04:20:00.000Z,Front AC,71.7,0,42,74,98,180,compressorCoolOff,Home,
2026-08-10T04:25:00.000Z,Front AC,71.7,0,41,72.8,98,300,compressorCoolStage1On,Home,(SmartRecovery)
2026-08-10T04:30:00.000Z,Front AC,71.2,0,41,71,98,300,compressorCoolStage1On,Sleep,
2026-08-10T04:35:00.000Z,Front AC,71.1,0,41,71,98,300,compressorCoolStage1On,Sleep,
2026-08-10T04:40:00.000Z,Front AC,70.9,0,41,71,98,165,compressorCoolStage1On,Sleep,
2026-08-10T04:45:00.000Z,Front AC,71.5,0,42,71,98,135,compressorCoolOff,Sleep,
2026-08-10T04:50:00.000Z,Front AC,72,0,43,71,98,300,compressorCoolStage1On,Sleep,
2026-08-10T04:55:00.000Z,Front AC,71.2,0,42,71,98,255,compressorCoolStage1On,Sleep,
2026-08-10T05:00:00.000Z,Front AC,71.1,0,42,71,97.5,45,compressorCoolOff,Sleep,
2026-08-10T05:05:00.000Z,Front AC,71.7,0,42,71,97.5,300,compressorCoolStage1On,Sleep,
2026-08-10T05:10:00.000Z,Front AC,71.1,0,41,71,97.5,210,compressorCoolStage1On,Sleep,
2026-08-10T05:15:00.000Z,Front AC,71.2,0,42,71,97.5,90,compressorCoolOff,Sleep,
2026-08-10T05:20:00.000Z,Front AC,71.8,0,42,71,97.5,300,compressorCoolStage1On,Sleep,
2026-08-10T05:25:00.000Z,Front AC,71.4,0,41,71,97.5,300,compressorCoolStage1On,Sleep,
2026-08-10T05:30:00.000Z,Front AC,70.8,0,41,71,97.5,60,compressorCoolStage1On,Sleep,
2026-08-10T05:35:00.000Z,Front AC,71.4,0,42,71,97.5,240,compressorCoolOff,Sleep,
2026-08-10T05:40:00.000Z,Front AC,70.9,0,41,71,97.5,150,compressorCoolStage1On,Sleep,
2026-08-10T05:45:00.000Z,Front AC,71.3,0,42,71,97.5,150,compressorCoolOff,Sleep,
2026-08-10T05:50:00.000Z,Front AC,71.4,0,42,71,97.5,300,compressorCoolStage1On,Sleep,
2026-08-10T05:55:00.000Z,Front AC,70.9,0,42,71,97.5,0,compressorCoolOff,Sleep,
2026-08-10T06:00:00.000Z,Front AC,71.6,0,43,71,89.6,300,compressorCoolStage1On,Sleep,
2026-08-10T06:05:00.000Z,Front AC,71.1,0,42,71,89.6,180,compressorCoolStage1On,Sleep,
2026-08-10T06:10:00.000Z,Front AC,71.2,0,42,71,89.6,120,compressorCoolOff,Sleep,
2026-08-10T06:15:00.000Z,Front AC,71.2,0,42,71,89.6,270,compressorCoolStage1On,Sleep,
2026-08-10T06:20:00.000Z,Front AC,71,0,42,71,89.6,30,compressorCoolOff,Sleep,
2026-08-10T06:25:00.000Z,Front AC,71.7,0,42,71,89.6,300,compressorCoolStage1On,Sleep,
2026-08-10T06:30:00.000Z,Front AC,71.2,0,41,71,89.6,255,compressorCoolStage1On,Sleep,
2026-08-10T06:35:00.000Z,Front AC,71,0,41,71,89.6,45,compressorCoolOff,Sleep,
2026-08-10T06:40:00.000Z,Front AC,71.7,0,42,71,89.6,300,compressorCoolStage1On,Sleep,
2026-08-10T06:45:00.000Z,Front AC,71,0,41,71,89.6,165,compressorCoolStage1On,Sleep,
2026-08-10T06:50:00.000Z,Front AC,71.1,0,42,71,89.6,135,compressorCoolOff,Sleep,
2026-08-10T06:55:00.000Z,Front AC,71,0,42,71,89.6,165,compressorCoolStage1On,Sleep,
2026-08-10T07:00:00.000Z,Front AC,71.1,0,43,71,88.9,135,compressorCoolOff,Sleep,
2026-08-10T07:05:00.000Z,Front AC,71.2,0,42,71,88.9,255,compressorCoolStage1On,Sleep,
2026-08-10T07:10:00.000Z,Front AC,71,0,42,71,88.9,45,compressorCoolOff,Sleep,
2026-08-10T07:15:00.000Z,Front AC,71.4,0,43,71,88.9,300,compressorCoolStage1On,Sleep,
2026-08-10T07:20:00.000Z,Front AC,71,0,42,71,88.9,75,compressorCoolStage1On,Sleep,
2026-08-10T07:25:00.000Z,Front AC,71.3,0,43,71,88.9,225,compressorCoolOff,Sleep,
2026-08-10T07:30:00.000Z,Front AC,71.1,0,42,71,87.2,180,compressorCoolStage1On,Sleep,
2026-08-10T07:35:00.000Z,Front AC,70.9,0,42,71,87.2,120,compressorCoolOff,Sleep,
2026-08-10T07:40:00.000Z,Front AC,71,0,43,71,87.2,195,compressorCoolStage1On,Sleep,
2026-08-10T07:45:00.000Z,Front AC,70.9,0,43,71,87.2,105,compressorCoolOff,Sleep,
2026-08-10T07:50:00.000Z,Front AC,71.1,0,43,71,87.2,225,compressorCoolStage1On,Sleep,
2026-08-10T07:55:00.000Z,Front AC,70.9,0,43,71,87.2,75,compressorCoolOff,Sleep,
2026-08-10T08:00:00.000Z,Front AC,71.3,0,43,71,87.9,300,compressorCoolStage1On,Sleep,
2026-08-10T08:05:00.000Z,Front AC,70.8,0,43,71,87.9,15,compressorCoolStage1On,Sleep,
2026-08-10T08:10:00.000Z,Front AC,71.3,0,44,71,87.9,285,compressorCoolOff,Sleep,
2026-08-10T08:15:00.000Z,Front AC,71.1,0,43,71,87.9,180,compressorCoolStage1On,Sleep,
2026-08-10T08:20:00.000Z,Front AC,71,0,44,71,87.9,120,compressorCoolOff,Sleep,
2026-08-10T08:25:00.000Z,Front AC,71.1,0,43,71,87.9,240,compressorCoolStage1On,Sleep,
2026-08-10T08:30:00.000Z,Front AC,70.8,0,44,71,86.3,45,compressorCoolOff,Sleep,
2026-08-10T08:35:00.000Z,Front AC,71.2,0,44,71,86.3,285,compressorCoolStage1On,Sleep,
2026-08-10T08:40:00.000Z,Front AC,70.8,0,44,71,86.3,15,compressorCoolOff,Sleep,
2026-08-10T08:45:00.000Z,Front AC,71.2,0,44,71,86.3,300,compressorCoolStage1On,Sleep,
2026-08-10T08:50:00.000Z,Front AC,70.9,0,43,71,86.3,90,compressorCoolStage1On,Sleep,
2026-08-10T08:55:00.000Z,Front AC,71.1,0,45,71,86.3,195,compressorCoolOff,Sleep,
2026-08-10T09:00:00.000Z,Front AC,71.1,0,44,71,86.8,195,compressorCoolStage1On,Sleep,
2026-08-10T09:05:00.000Z,Front AC,70.8,0,44,71,86.8,75,compressorCoolOff,Sleep,
2026-08-10T09:10:00.000Z,Front AC,71,0,44,71,86.8,225,compressorCoolStage1On,Sleep,
2026-08-10T09:15:00.000Z,Front AC,70.7,0,44,71,86.8,30,compressorCoolOff,Sleep,
2026-08-10T09:20:00.000Z,Front AC,71.2,0,44,71,86.8,300,compressorCoolStage1On,Sleep,
2026-08-10T09:25:00.000Z,Front AC,70.8,0,44,71,86.8,15,compressorCoolStage1On,Sleep,
2026-08-10T09:30:00.000Z,Front AC,71.2,0,45,71,86.8,255,compressorCoolOff,Sleep,
2026-08-10T09:35:00.000Z,Front AC,71,0,44,71,86.8,135,compressorCoolStage1On,Sleep,
2026-08-10T09:40:00.000Z,Front AC,71.1,0,44,71,86.8,165,compressorCoolOff,Sleep,
2026-08-10T09:45:00.000Z,Front AC,71,0,44,71,86.8,165,compressorCoolStage1On,Sleep,
2026-08-10T09:50:00.000Z,Front AC,71.1,0,45,71,86.8,135,compressorCoolOff,Sleep,
2026-08-10T09:55:00.000Z,Front AC,71.2,0,44,71,86.8,270,compressorCoolStage1On,Sleep,
2026-08-10T10:00:00.000Z,Front AC,70.7,0,44,71,86.9,0,compressorCoolOff,Sleep,
2026-08-10T10:05:00.000Z,Front AC,71.2,0,44,71,86.9,270,compressorCoolOff,Sleep,
2026-08-10T10:10:00.000Z,Front AC,70.9,0,43,71,86.9,135,compressorCoolStage1On,Sleep,
2026-08-10T10:15:00.000Z,Front AC,71,0,44,71,86.9,135,compressorCoolOff,Sleep,
2026-08-10T10:20:00.000Z,Front AC,71,0,44,71,86.9,165,compressorCoolStage1On,Sleep,
2026-08-10T10:25:00.000Z,Front AC,70.9,0,44,71,86.9,90,compressorCoolOff,Sleep,
2026-08-10T10:30:00.000Z,Front AC,71.1,0,44,71,86.9,225,compressorCoolStage1On,Sleep,
2026-08-10T10:35:00.000Z,Front AC,70.6,0,44,71,86.9,15,compressorCoolOff,Sleep,
2026-08-10T10:40:00.000Z,Front AC,71.3,0,44,71,86.9,300,compressorCoolStage1On,Sleep,
2026-08-10T10:45:00.000Z,Front AC,71.1,0,43,71,86.9,165,compressorCoolStage1On,Sleep,
2026-08-10T10:50:00.000Z,Front AC,70.9,0,44,71,86.9,60,compressorCoolOff,Sleep,
2026-08-10T10:55:00.000Z,Front AC,71.1,0,44,71,86.9,240,compressorCoolStage1On,Sleep,
2026-08-10T11:00:00.000Z,Front AC,70.9,0,44,71,87,60,compressorCoolOff,Sleep,
2026-08-10T11:05:00.000Z,Front AC,71.1,0,44,71,87,255,compressorCoolStage1On,Sleep,
2026-08-10T11:10:00.000Z,Front AC,70.9,0,44,71,87,45,compressorCoolOff,Sleep,
2026-08-10T11:15:00.000Z,Front AC,71.3,0,44,71,87,300,compressorCoolStage1On,Sleep,
2026-08-10T11:20:00.000Z,Front AC,70.9,0,43,71,87,120,compressorCoolStage1On,Sleep,
2026-08-10T11:25:00.000Z,Front AC,71,0,44,71,87,135,compressorCoolOff,Sleep,
2026-08-10T11:30:00.000Z,Front AC,71.1,0,43,71,87,255,compressorCoolStage1On,Sleep,
2026-08-10T11:35:00.000Z,Front AC,70.9,0,44,71,87,45,compressorCoolOff,Sleep,
2026-08-10T11:40:00.000Z,Front AC,71.1,0,44,71,87,285,compressorCoolStage1On,Sleep,
2026-08-10T11:45:00.000Z,Front AC,70.8,0,44,71,87,0,compressorCoolOff,Sleep,
2026-08-10T11:50:00.000Z,Front AC,71.1,0,45,71,87,225,compressorCoolOff,Sleep,
2026-08-10T11:55:00.000Z,Front AC,70.8,0,44,71,87,75,compressorCoolStage1On,Sleep,
2026-08-10T12:00:00.000Z,Front AC,71,0,45,71,85.6,180,compressorCoolOff,Sleep,
2026-08-10T12:05:00.000Z,Front AC,71.1,0,43,71,85.6,195,compressorCoolStage1On,Sleep,
2026-08-10T12:10:00.000Z,Front AC,70.8,0,44,71,85.6,30,compressorCoolOff,Sleep,
2026-08-10T12:15:00.000Z,Front AC,71.2,0,44,71,85.6,300,compressorCoolStage1On,Sleep,
2026-08-10T12:20:00.000Z,Front AC,70.7,0,44,71,85.6,0,compressorCoolOff,Sleep,
2026-08-10T12:25:00.000Z,Front AC,71.1,0,45,71,85.6,210,compressorCoolOff,Sleep,
2026-08-10T12:30:00.000Z,Front AC,71,0,44,71,85.6,165,compressorCoolStage1On,Sleep,
2026-08-10T12:35:00.000Z,Front AC,70.9,0,44,71,85.6,120,compressorCoolOff,Sleep,
2026-08-10T12:40:00.000Z,Front AC,71.1,0,44,71,85.6,210,compressorCoolStage1On,Sleep,
2026-08-10T12:45:00.000Z,Front AC,70.9,0,44,71,85.6,60,compressorCoolOff,Sleep,
2026-08-10T12:50:00.000Z,Front AC,71.1,0,44,71,85.6,270,compressorCoolStage1On,Sleep,
2026-08-10T12:55:00.000Z,Front AC,70.8,0,44,71,85.6,0,compressorCoolOff,Sleep,
2026-08-10T13:00:00.000Z,Front AC,71.2,0,44,71,84,285,compressorCoolOff,Sleep,
2026-08-10T13:05:00.000Z,Front AC,70.9,0,44,71,84,45,compressorCoolStage1On,Sleep,
2026-08-10T13:10:00.000Z,Front AC,71.1,0,45,71,84,255,compressorCoolOff,Sleep,
2026-08-10T13:15:00.000Z,Front AC,70.7,0,45,71,84,45,compressorCoolStage1On,Sleep,
2026-08-10T13:20:00.000Z,Front AC,71,0,46,71,84,150,compressorCoolOff,Sleep,
2026-08-10T13:25:00.000Z,Front AC,71.2,0,45,71,84,300,compressorCoolStage1On,Sleep,
2026-08-10T13:30:00.000Z,Front AC,70.9,0,44,71,87,60,compressorCoolStage1On,Sleep,
2026-08-10T13:35:00.000Z,Front AC,71,0,45,71,87,195,compressorCoolOff,Sleep,
2026-08-10T13:40:00.000Z,Front AC,70.7,0,45,71,87,105,compressorCoolStage1On,Sleep,
2026-08-10T13:45:00.000Z,Front AC,70.9,0,45,71,87,120,compressorCoolOff,Sleep,
2026-08-10T13:50:00.000Z,Front AC,70.9,0,45,71,87,180,compressorCoolStage1On,Sleep,
2026-08-10T13:55:00.000Z,Front AC,70.8,0,46,71,87,45,compressorCoolOff,Sleep,
2026-08-10T14:00:00.000Z,Front AC,71.3,0,45,71,88.2,300,compressorCoolStage1On,Sleep,
2026-08-10T14:05:00.000Z,Front AC,71.2,0,45,71,88.2,300,compressorCoolStage1On,Sleep,
2026-08-10T14:10:00.000Z,Front AC,71.4,0,44,71,88.2,300,compressorCoolStage1On,Sleep,
2026-08-10T14:15:00.000Z,Front AC,71.5,0,44,71,88.2,300,compressorCoolStage1On,Sleep,
2026-08-10T14:20:00.000Z,Front AC,71.2,0,44,71,88.2,300,compressorCoolStage1On,Sleep,
2026-08-10T14:25:00.000Z,Front AC,70.6,0,43,73.4,88.2,0,compressorCoolOff,Sleep,
2026-08-10T14:30:00.000Z,Front AC,70.4,0,43,77,88.2,0,compressorCoolOff,WFH,
2026-08-10T14:35:00.000Z,Front AC,71.1,0,42,77,88.2,0,compressorCoolOff,WFH,
2026-08-10T14:40:00.000Z,Front AC,71.5,0,41,77,88.2,0,compressorCoolOff,WFH,
2026-08-10T14:45:00.000Z,Front AC,72.2,0,42,77,88.2,0,compressorCoolOff,WFH,
2026-08-10T14:50:00.000Z,Front AC,72.5,0,41,77,88.2,0,compressorCoolOff,WFH,
2026-08-10T14:55:00.000Z,Front AC,72.9,0,41,77,88.2,0,compressorCoolOff,WFH,
2026-08-10T15:00:00.000Z,Front AC,73.4,0,42,77,90.5,0,compressorCoolOff,WFH,
2026-08-10T15:05:00.000Z,Front AC,73.8,0,43,77,90.5,0,compressorCoolOff,WFH,
2026-08-10T15:10:00.000Z,Front AC,74,0,43,77,90.5,0,compressorCoolOff,WFH,
2026-08-10T15:15:00.000Z,Front AC,74.2,0,43,77,90.5,0,compressorCoolOff,WFH,
2026-08-10T15:20:00.000Z,Front AC,74.4,0,43,77,90.5,0,compressorCoolOff,WFH,
2026-08-10T15:25:00.000Z,Front AC,74.5,0,43,77,90.5,0,compressorCoolOff,WFH,
2026-08-10T15:30:00.000Z,Front AC,74.6,0,43,77,90.5,0,compressorCoolOff,WFH,
2026-08-10T15:35:00.000Z,Front AC,74.8,0,43,77,90.5,0,compressorCoolOff,WFH,
2026-08-10T15:40:00.000Z,Front AC,74.9,0,44,77,90.5,0,compressorCoolOff,WFH,
2026-08-10T15:45:00.000Z,Front AC,75,0,44,77,90.5,0,compressorCoolOff,WFH,
2026-08-10T15:50:00.000Z,Front AC,75.2,0,44,77,90.5,0,compressorCoolOff,WFH,
2026-08-10T15:55:00.000Z,Front AC,75.3,0,44,77,90.5,0,compressorCoolOff,WFH,
2026-08-10T16:00:00.000Z,Front AC,75.4,0,44,77,92.1,0,compressorCoolOff,WFH,
2026-08-10T16:05:00.000Z,Front AC,75.5,0,44,77,92.1,0,compressorCoolOff,WFH,
2026-08-10T16:10:00.000Z,Front AC,75.7,0,44,77,92.1,0,compressorCoolOff,WFH,
2026-08-10T16:15:00.000Z,Front AC,75.9,0,44,77,92.1,0,compressorCoolOff,WFH,
2026-08-10T16:20:00.000Z,Front AC,76,0,44,77,92.1,0,compressorCoolOff,WFH,
2026-08-10T16:25:00.000Z,Front AC,76,0,44,77,92.1,0,compressorCoolOff,WFH,
2026-08-10T16:30:00.000Z,Front AC,76,0,44,77,93.2,0,compressorCoolOff,WFH,
2026-08-10T16:35:00.000Z,Front AC,76.1,0,44,77,93.2,0,compressorCoolOff,WFH,
2026-08-10T16:40:00.000Z,Front AC,76.3,0,44,77,93.2,0,compressorCoolOff,WFH,
2026-08-10T16:45:00.000Z,Front AC,76.5,0,44,77,93.2,0,compressorCoolOff,WFH,
2026-08-10T16:50:00.000Z,Front AC,76.7,0,44,77,93.2,0,compressorCoolOff,WFH,
2026-08-10T16:55:00.000Z,Front AC,76.8,0,45,77,93.2,0,compressorCoolOff,WFH,
2026-08-10T17:00:00.000Z,Front AC,76.9,0,46,77,94.4,0,compressorCoolOff,WFH,
2026-08-10T17:05:00.000Z,Front AC,76.9,0,46,77,94.4,0,compressorCoolOff,WFH,
2026-08-10T17:10:00.000Z,Front AC,77,0,46,77,94.4,0,compressorCoolOff,WFH,
2026-08-10T17:15:00.000Z,Front AC,76.9,0,46,77,94.4,300,compressorCoolStage1On,WFH,
2026-08-10T17:20:00.000Z,Front AC,76.2,0,46,77,94.4,0,compressorCoolOff,WFH,
2026-08-10T17:25:00.000Z,Front AC,76.4,0,47,77,94.4,0,compressorCoolOff,WFH,
2026-08-10T17:30:00.000Z,Front AC,76.8,0,46,77,94.4,0,compressorCoolOff,WFH,
2026-08-10T17:35:00.000Z,Front AC,77,0,46,77,94.4,300,compressorCoolStage1On,WFH,
2026-08-10T17:40:00.000Z,Front AC,76.4,0,46,77,94.4,0,compressorCoolOff,WFH,
2026-08-10T17:45:00.000Z,Front AC,76.5,0,47,77,94.4,0,compressorCoolOff,WFH,
2026-08-10T17:50:00.000Z,Front AC,76.8,0,47,77,94.4,0,compressorCoolOff,WFH,
2026-08-10T17:55:00.000Z,Front AC,77,0,46,77,94.4,240,compressorCoolOff,WFH,
2026-08-10T18:00:00.000Z,Front AC,76.6,0,46,77,96.4,60,compressorCoolStage1On,WFH,
2026-08-10T18:05:00.000Z,Front AC,76.6,0,47,77,96.4,0,compressorCoolOff,WFH,
2026-08-10T18:10:00.000Z,Front AC,77,0,47,77,96.4,180,compressorCoolOff,WFH,
2026-08-10T18:15:00.000Z,Front AC,77,0,46,77,96.4,135,compressorCoolStage1On,WFH,
2026-08-10T18:20:00.000Z,Front AC,76.7,0,47,77,96.4,0,compressorCoolOff,WFH,
2026-08-10T18:25:00.000Z,Front AC,76.9,0,46,77,96.4,15,compressorCoolOff,WFH,
2026-08-10T18:30:00.000Z,Front AC,76.9,-5002,46,77,96.4,285,compressorCoolStage1On,WFH,
2026-08-10T18:35:00.000Z,Front AC,76.3,-5002,46,77,96.4,0,compressorCoolOff,WFH,
2026-08-10T18:40:00.000Z,Front AC,76.7,-5002,47,77,96.4,0,compressorCoolOff,WFH,
2026-08-10T18:45:00.000Z,Front AC,77.1,-5002,46,77,96.4,285,compressorCoolOff,WFH,
2026-08-10T18:50:00.000Z,Front AC,76.6,-5002,46,77,96.4,15,compressorCoolStage1On,WFH,
2026-08-10T18:55:00.000Z,Front AC,76.8,-5002,47,77,96.4,15,compressorCoolOff,WFH,
2026-08-10T19:00:00.000Z,Front AC,76.9,-5002,46,77,99.1,285,compressorCoolStage1On,WFH,
2026-08-10T19:05:00.000Z,Front AC,76.4,-5002,46,77,99.1,0,compressorCoolOff,WFH,
2026-08-10T19:10:00.000Z,Front AC,76.7,-5002,47,77,99.1,0,compressorCoolOff,WFH,
2026-08-10T19:15:00.000Z,Front AC,77.1,-5002,46,77,99.1,285,compressorCoolOff,WFH,
2026-08-10T19:20:00.000Z,Front AC,76.7,-5002,46,77,99.1,15,compressorCoolStage1On,WFH,
2026-08-10T19:25:00.000Z,Front AC,76.7,-5002,47,74,99.1,285,compressorCoolOff,WFH,auto
2026-08-10T19:30:00.000Z,Front AC,76.4,-5002,46,74,99,300,compressorCoolStage1On,WFH,auto
2026-08-10T19:35:00.000Z,Front AC,76,-5002,45,74,99,300,compressorCoolStage1On,WFH,auto
2026-08-10T19:40:00.000Z,Front AC,75.6,-5002,45,74,99,300,compressorCoolStage1On,WFH,auto
2026-08-10T19:45:00.000Z,Front AC,75.2,-5002,45,74,99,300,compressorCoolStage1On,WFH,auto
2026-08-10T19:50:00.000Z,Front AC,75.1,-5002,44,74,99,300,compressorCoolStage1On,WFH,auto
2026-08-10T19:55:00.000Z,Front AC,75,-5002,43,74,99,300,compressorCoolStage1On,WFH,auto
2026-08-10T20:00:00.000Z,Front AC,74.9,-5002,43,74,100.7,300,compressorCoolStage1On,WFH,auto
2026-08-10T20:05:00.000Z,Front AC,74.7,-5002,43,74,100.7,300,compressorCoolStage1On,WFH,auto
2026-08-10T20:10:00.000Z,Front AC,74.7,-5002,43,74,100.7,300,compressorCoolStage1On,WFH,auto
2026-08-10T20:15:00.000Z,Front AC,74.6,-5002,43,74,100.7,300,compressorCoolStage1On,WFH,auto
2026-08-10T20:20:00.000Z,Front AC,74.5,-5002,44,74,100.7,300,compressorCoolStage1On,WFH,auto
2026-08-10T20:25:00.000Z,Front AC,74.4,-5002,43,73.4,100.7,300,compressorCoolStage1On,WFH,auto
2026-08-10T20:30:00.000Z,Front AC,74.3,-5002,43,73,100.7,300,compressorCoolStage1On,WFH,auto
2026-08-10T20:35:00.000Z,Front AC,74.2,-5002,43,73,100.7,300,compressorCoolStage1On,WFH,auto
2026-08-10T20:40:00.000Z,Front AC,74.1,-5002,43,73,100.7,300,compressorCoolStage1On,WFH,auto
2026-08-10T20:45:00.000Z,Front AC,74,-5002,43,73,100.7,300,compressorCoolStage1On,WFH,auto
2026-08-10T20:50:00.000Z,Front AC,73.9,-5002,43,73,100.7,300,compressorCoolStage1On,WFH,auto
2026-08-10T20:55:00.000Z,Front AC,73.8,-5002,43,73.8,100.7,180,compressorCoolStage1On,WFH,auto
2026-08-10T21:00:00.000Z,Front AC,73.9,-5002,44,75,102.2,0,compressorCoolOff,Cooldown,
2026-08-10T21:05:00.000Z,Front AC,74.6,-5002,44,75,102.2,15,compressorCoolOff,Cooldown,
2026-08-10T21:10:00.000Z,Front AC,75.3,-5002,44,75,102.2,300,compressorCoolStage1On,Cooldown,
2026-08-10T21:15:00.000Z,Front AC,75.3,-5002,44,75,102.2,300,compressorCoolStage1On,Cooldown,
2026-08-10T21:20:00.000Z,Front AC,75,-5002,45,75,102.2,105,compressorCoolStage1On,Cooldown,
2026-08-10T21:25:00.000Z,Front AC,74.9,-5002,45,74.6,102.2,60,compressorCoolOff,Cooldown,
2026-08-10T21:30:00.000Z,Front AC,75.1,-5002,46,73,102.2,300,compressorCoolStage1On,Cooldown,hold
2026-08-10T21:35:00.000Z,Front AC,75.1,-5002,44,73,102.2,300,compressorCoolStage1On,Cooldown,hold
2026-08-10T21:40:00.000Z,Front AC,74.8,-5002,44,73,102.2,300,compressorCoolStage1On,Cooldown,hold
2026-08-10T21:45:00.000Z,Front AC,74.3,-5002,44,73,102.2,300,compressorCoolStage1On,Cooldown,hold
2026-08-10T21:50:00.000Z,Front AC,74,-5002,44,73,102.2,300,compressorCoolStage1On,Cooldown,hold
2026-08-10T21:55:00.000Z,Front AC,73.9,-5002,44,73,102.2,300,compressorCoolStage1On,Cooldown,hold
2026-08-10T22:00:00.000Z,Front AC,73.7,-5002,43,73,103.3,300,compressorCoolStage1On,Cooldown,hold
2026-08-10T22:05:00.000Z,Front AC,73.8,-5002,43,73,103.3,300,compressorCoolStage1On,Cooldown,hold
2026-08-10T22:10:00.000Z,Front AC,73.8,-5002,43,73,103.3,300,compressorCoolStage1On,Cooldown,hold
2026-08-10T22:15:00.000Z,Front AC,73.7,-5002,43,73,103.3,300,compressorCoolStage1On,Cooldown,hold
2026-08-10T22:20:00.000Z,Front AC,73.5,-5002,43,73,103.3,300,compressorCoolStage1On,Cooldown,hold
2026-08-10T22:25:00.000Z,Front AC,73.3,-5002,43,73,103.3,300,compressorCoolStage1On,Cooldown,hold
2026-08-10T22:30:00.000Z,Front AC,73.1,-5002,43,73,103.8,300,compressorCoolStage1On,Cooldown,hold
2026-08-10T22:35:00.000Z,Front AC,73.1,-5002,43,73,103.8,300,compressorCoolStage1On,Cooldown,hold
2026-08-10T22:40:00.000Z,Front AC,73.1,-5002,43,73,103.8,300,compressorCoolStage1On,Cooldown,hold
2026-08-10T22:45:00.000Z,Front AC,73.1,-5002,43,73,103.8,300,compressorCoolStage1On,Cooldown,hold
2026-08-10T22:50:00.000Z,Front AC,73.1,-5002,43,73,103.8,300,compressorCoolStage1On,Cooldown,hold
2026-08-10T22:55:00.000Z,Front AC,73.1,-5002,43,73.6,103.8,180,compressorCoolStage1On,Cooldown,hold
2026-08-10T23:00:00.000Z,Front AC,73.3,-5002,45,74.2,103.8,0,compressorCoolOff,Home,hold
2026-08-10T23:05:00.000Z,Front AC,74.1,-5002,46,74,103.8,180,compressorCoolOff,Home,
2026-08-10T23:10:00.000Z,Front AC,74.3,-5002,46,74,103.8,300,compressorCoolStage1On,Home,
2026-08-10T23:15:00.000Z,Front AC,73.9,-5002,45,74,103.8,60,compressorCoolStage1On,Home,
2026-08-10T23:20:00.000Z,Front AC,74.4,-5002,47,74,103.8,240,compressorCoolOff,Home,
2026-08-10T23:25:00.000Z,Front AC,74.5,-5002,46,74,103.8,300,compressorCoolStage1On,Home,
2026-08-10T23:30:00.000Z,Front AC,74.1,-5002,45,74,103.8,225,compressorCoolStage1On,Home,
2026-08-10T23:35:00.000Z,Front AC,74.1,-5002,45,74,103.8,75,compressorCoolOff,Home,
2026-08-10T23:40:00.000Z,Front AC,74.6,-5002,46,74,103.8,300,compressorCoolStage1On,Home,
2026-08-10T23:45:00.000Z,Front AC,74.4,-5002,46,74,103.8,300,compressorCoolStage1On,Home,
2026-08-10T23:50:00.000Z,Front AC,74.1,-5002,45,74,103.8,300,compressorCoolStage1On,Home,
2026-08-10T23:55:00.000Z,Front AC,74,-5002,45,74,103.8,15,compressorCoolStage1On,Home,
2026-08-11T00:00:00.000Z,Front AC,74.4,-5002,46,74,103.4,285,compressorCoolOff,Home,
2026-08-11T00:05:00.000Z,Front AC,74.6,-5002,46,74,103.4,300,compressorCoolStage1On,Home,
2026-08-11T00:10:00.000Z,Front AC,74.9,-5002,48,74,103.4,300,compressorCoolStage1On,Home,
2026-08-11T00:15:00.000Z,Front AC,74.9,-5002,48,74,103.4,300,compressorCoolStage1On,Home,
2026-08-11T00:20:00.000Z,Front AC,74.5,-5002,48,74,103.4,300,compressorCoolStage1On,Home,
2026-08-11T00:25:00.000Z,Front AC,74.3,-5002,47,74,103.4,300,compressorCoolStage1On,Home,
2026-08-11T00:30:00.000Z,Front AC,74,-5002,46,75.7,103.7,45,compressorCoolStage1On,Home,
2026-08-11T00:35:00.000Z,Front AC,74.1,-5002,46,76,103.7,0,compressorCoolOff,Home,auto
2026-08-11T00:40:00.000Z,Front AC,74.8,-5002,46,76,103.7,0,compressorCoolOff,Home,auto
2026-08-11T00:45:00.000Z,Front AC,75.5,-5002,46,76,103.7,0,compressorCoolOff,Home,auto
2026-08-11T00:50:00.000Z,Front AC,76.1,-5002,46,76,103.7,180,compressorCoolOff,Home,auto
2026-08-11T00:55:00.000Z,Front AC,76.4,-5002,46,76,103.7,300,compressorCoolStage1On,Home,auto
2026-08-11T01:00:00.000Z,Front AC,76.1,-5002,46,76,102.4,195,compressorCoolStage1On,Home,auto
2026-08-11T01:05:00.000Z,Front AC,75.5,-5002,46,76,102.4,0,compressorCoolOff,Home,auto
2026-08-11T01:10:00.000Z,Front AC,75.7,-5002,46,76,102.4,0,compressorCoolOff,Home,auto
2026-08-11T01:15:00.000Z,Front AC,76.2,-5002,46,76,102.4,285,compressorCoolOff,Home,auto
2026-08-11T01:20:00.000Z,Front AC,76.4,-5002,46,76,102.4,300,compressorCoolStage1On,Home,auto
2026-08-11T01:25:00.000Z,Front AC,76.1,-5002,45,76,102.4,255,compressorCoolStage1On,Home,auto
2026-08-11T01:30:00.000Z,Front AC,75.6,-5002,45,75.8,102.4,30,compressorCoolOff,Home,auto
2026-08-11T01:35:00.000Z,Front AC,75.4,-5002,46,74,102.4,300,compressorCoolStage1On,Home,
2026-08-11T01:40:00.000Z,Front AC,75.2,-5002,45,74,102.4,300,compressorCoolStage1On,Home,
2026-08-11T01:45:00.000Z,Front AC,74.6,-5002,44,74,102.4,300,compressorCoolStage1On,Home,
2026-08-11T01:50:00.000Z,Front AC,74.4,-5002,43,74,102.4,300,compressorCoolStage1On,Home,
2026-08-11T01:55:00.000Z,Front AC,74.2,-5002,42,74,102.4,300,compressorCoolStage1On,Home,
2026-08-11T02:00:00.000Z,Front AC,74,-5002,42,74,100.4,90,compressorCoolStage1On,Home,
2026-08-11T02:05:00.000Z,Front AC,74.2,-5002,44,74,100.4,210,compressorCoolOff,Home,
2026-08-11T02:10:00.000Z,Front AC,74.1,-5002,45,74,100.4,195,compressorCoolStage1On,Home,
2026-08-11T02:15:00.000Z,Front AC,74,-5002,45,74,100.4,105,compressorCoolOff,Home,
2026-08-11T02:20:00.000Z,Front AC,74.1,-5002,45,74,100.4,210,compressorCoolStage1On,Home,
2026-08-11T02:25:00.000Z,Front AC,73.9,-5002,46,74,100.4,90,compressorCoolOff,Home,
2026-08-11T02:30:00.000Z,Front AC,74.2,-5002,46,74,100.4,300,compressorCoolStage1On,Home,
2026-08-11T02:35:00.000Z,Front AC,74,-5002,46,74,100.4,135,compressorCoolStage1On,Home,
2026-08-11T02:40:00.000Z,Front AC,74,-5002,46,74,100.4,150,compressorCoolOff,Home,
2026-08-11T02:45:00.000Z,Front AC,74.2,-5002,45,74,100.4,285,compressorCoolStage1On,Home,
2026-08-11T02:50:00.000Z,Front AC,73.8,-5002,45,74,100.4,0,compressorCoolOff,Home,
2026-08-11T02:55:00.000Z,Front AC,74.2,-5002,45,74,100.4,270,compressorCoolOff,Home,
2026-08-11T03:00:00.000Z,Front AC,74,-5002,45,74,97.1,195,compressorCoolStage1On,Home,
2026-08-11T03:05:00.000Z,Front AC,73.9,-5002,45,74,97.1,90,compressorCoolOff,Home,
2026-08-11T03:10:00.000Z,Front AC,74.2,-5002,45,74,97.1,300,compressorCoolStage1On,Home,
2026-08-11T03:15:00.000Z,Front AC,73.7,-5002,44,74,97.1,30,compressorCoolStage1On,Home,
2026-08-11T03:20:00.000Z,Front AC,74,-5002,45,74,97.1,195,compressorCoolOff,Home,
2026-08-11T03:25:00.000Z,Front AC,73.9,-5002,45,74,97.1,105,compressorCoolStage1On,Home,
2026-08-11T03:30:00.000Z,Front AC,74.1,-5002,46,74,97.1,195,compressorCoolOff,Home,
2026-08-11T03:35:00.000Z,Front AC,74.2,-5002,45,74,97.1,300,compressorCoolStage1On,Home,
2026-08-11T03:40:00.000Z,Front AC,73.8,-5002,44,74,97.1,300,compressorCoolStage1On,Home,
2026-08-11T03:45:00.000Z,Front AC,73.2,-5002,43,74,97.1,300,compressorCoolStage1On,Home,(SmartRecovery)
2026-08-11T03:50:00.000Z,Front AC,72.9,-5002,43,74,97.1,300,compressorCoolStage1On,Home,(SmartRecovery)
2026-08-11T03:55:00.000Z,Front AC,72.5,-5002,42,74,97.1,300,compressorCoolStage1On,Home,(SmartRecovery)
2026-08-11T04:00:00.000Z,Front AC,72.2,-5002,42,74,94.7,300,compressorCoolStage1On,Home,(SmartRecovery)
2026-08-11T04:05:00.000Z,Front AC,72.2,-5002,42,74,94.7,300,compressorCoolStage1On,Home,(SmartRecovery)
2026-08-11T04:10:00.000Z,Front AC,72.1,-5002,42,74,94.7,300,compressorCoolStage1On,Home,(SmartRecovery)
2026-08-11T04:15:00.000Z,Front AC,72,-5002,42,74,94.7,300,compressorCoolStage1On,Home,(SmartRecovery)
2026-08-11T04:20:00.000Z,Front AC,72,-5002,42,74,94.7,300,compressorCoolStage1On,Home,(SmartRecovery)
2026-08-11T04:25:00.000Z,Front AC,71.5,-5002,42,72.8,94.7,300,compressorCoolStage1On,Home,(SmartRecovery)
2026-08-11T04:30:00.000Z,Front AC,71.7,-5002,43,71,93.4,300,compressorCoolStage1On,Sleep,
2026-08-11T04:35:00.000Z,Front AC,71.5,-5002,43,71,93.4,300,compressorCoolStage1On,Sleep,
2026-08-11T04:40:00.000Z,Front AC,71.1,-5002,43,71,93.4,225,compressorCoolStage1On,Sleep,
2026-08-11T04:45:00.000Z,Front AC,71.1,-5002,43,71,93.4,75,compressorCoolOff,Sleep,
2026-08-11T04:50:00.000Z,Front AC,71.9,-5002,44,71,93.4,300,compressorCoolStage1On,Sleep,
2026-08-11T04:55:00.000Z,Front AC,71.7,-5002,44,71,93.4,300,compressorCoolStage1On,Sleep,
2026-08-11T05:00:00.000Z,Front AC,71.8,-5002,44,71,88.5,300,compressorCoolStage1On,Sleep,
2026-08-11T05:05:00.000Z,Front AC,71.8,-5002,43,71,88.5,300,compressorCoolStage1On,Sleep,
2026-08-11T05:10:00.000Z,Front AC,71.3,-5002,42,71,88.5,300,compressorCoolStage1On,Sleep,
2026-08-11T05:15:00.000Z,Front AC,71.1,-5002,42,71,88.5,300,compressorCoolStage1On,Sleep,
2026-08-11T05:20:00.000Z,Front AC,71.1,-5002,41,71,88.5,135,compressorCoolStage1On,Sleep,
2026-08-11T05:25:00.000Z,Front AC,71.6,-5002,43,71,88.5,165,compressorCoolOff,Sleep,
2026-08-11T05:30:00.000Z,Front AC,71.8,-5002,42,71,88.5,300,compressorCoolStage1On,Sleep,
2026-08-11T05:35:00.000Z,Front AC,71.5,-5002,42,71,88.5,300,compressorCoolStage1On,Sleep,
2026-08-11T05:40:00.000Z,Front AC,71.4,-5002,42,71,88.5,300,compressorCoolStage1On,Sleep,
2026-08-11T05:45:00.000Z,Front AC,71.2,-5002,42,71,88.5,300,compressorCoolStage1On,Sleep,
2026-08-11T05:50:00.000Z,Front AC,70.8,-5002,41,71,88.5,105,compressorCoolStage1On,Sleep,
2026-08-11T05:55:00.000Z,Front AC,71.3,-5002,42,71,88.5,195,compressorCoolOff,Sleep,
2026-08-11T06:00:00.000Z,Front AC,71.2,-5002,42,71,86.4,300,compressorCoolStage1On,Sleep,
2026-08-11T06:05:00.000Z,Front AC,71,-5002,42,71,86.4,75,compressorCoolStage1On,Sleep,
2026-08-11T06:10:00.000Z,Front AC,71.6,-5002,43,71,86.4,225,compressorCoolOff,Sleep,
2026-08-11T06:15:00.000Z,Front AC,71.4,-5002,42,71,86.4,300,compressorCoolStage1On,Sleep,
2026-08-11T06:20:00.000Z,Front AC,71.1,-5002,42,71,86.4,300,compressorCoolStage1On,Sleep,
2026-08-11T06:25:00.000Z,Front AC,71,-5002,42,71,86.4,0,compressorCoolOff,Sleep,
2026-08-11T06:30:00.000Z,Front AC,71.6,-5002,43,71,86.4,300,compressorCoolStage1On,Sleep,
2026-08-11T06:35:00.000Z,Front AC,71.2,-5002,42,71,86.4,300,compressorCoolStage1On,Sleep,
2026-08-11T06:40:00.000Z,Front AC,70.9,-5002,41,71,86.4,165,compressorCoolStage1On,Sleep,
2026-08-11T06:45:00.000Z,Front AC,71.1,-5002,42,71,86.4,135,compressorCoolOff,Sleep,
2026-08-11T06:50:00.000Z,Front AC,71.4,-5002,42,71,86.4,300,compressorCoolStage1On,Sleep,
2026-08-11T06:55:00.000Z,Front AC,71.1,-5002,42,71,86.4,300,compressorCoolStage1On,Sleep,
2026-08-11T07:00:00.000Z,Front AC,70.9,-5002,42,71,89.1,15,compressorCoolStage1On,Sleep,
2026-08-11T07:05:00.000Z,Front AC,71.5,-5002,42,71,89.1,285,compressorCoolOff,Sleep,
2026-08-11T07:10:00.000Z,Front AC,71,-5002,42,71,89.1,225,compressorCoolStage1On,Sleep,
2026-08-11T07:15:00.000Z,Front AC,71.1,-5002,42,71,89.1,75,compressorCoolOff,Sleep,
2026-08-11T07:20:00.000Z,Front AC,71.5,-5002,42,71,89.1,300,compressorCoolStage1On,Sleep,
2026-08-11T07:25:00.000Z,Front AC,71,-5002,42,71,89.1,225,compressorCoolStage1On,Sleep,
2026-08-11T07:30:00.000Z,Front AC,71.1,-5002,42,71,89.1,75,compressorCoolOff,Sleep,
2026-08-11T07:35:00.000Z,Front AC,71.7,-5002,43,71,89.1,300,compressorCoolStage1On,Sleep,
2026-08-11T07:40:00.000Z,Front AC,71.1,-5002,42,71,89.1,195,compressorCoolStage1On,Sleep,
2026-08-11T07:45:00.000Z,Front AC,71.2,-5002,43,71,89.1,105,compressorCoolOff,Sleep,
2026-08-11T07:50:00.000Z,Front AC,71.3,-5002,42,71,89.1,300,compressorCoolStage1On,Sleep,
2026-08-11T07:55:00.000Z,Front AC,70.9,-5002,42,71,89.1,135,compressorCoolStage1On,Sleep,
2026-08-11T08:00:00.000Z,Front AC,71.3,-5002,42,71,86.7,165,compressorCoolOff,Sleep,
2026-08-11T08:05:00.000Z,Front AC,71.4,-5002,42,71,86.7,300,compressorCoolStage1On,Sleep,
2026-08-11T08:10:00.000Z,Front AC,71,-5002,42,71,86.7,135,compressorCoolStage1On,Sleep,
2026-08-11T08:15:00.000Z,Front AC,71.3,-5002,42,71,86.7,165,compressorCoolOff,Sleep,
2026-08-11T08:20:00.000Z,Front AC,71.4,-5002,42,71,86.7,300,compressorCoolStage1On,Sleep,
2026-08-11T08:25:00.000Z,Front AC,71,-5002,42,71,86.7,195,compressorCoolStage1On,Sleep,
2026-08-11T08:30:00.000Z,Front AC,71.1,-5002,42,71,89.1,105,compressorCoolOff,Sleep,
2026-08-11T08:35:00.000Z,Front AC,71.3,-5002,42,71,89.1,285,compressorCoolStage1On,Sleep,
2026-08-11T08:40:00.000Z,Front AC,71,-5002,42,71,89.1,15,compressorCoolOff,Sleep,
2026-08-11T08:45:00.000Z,Front AC,71.4,-5002,43,71,89.1,300,compressorCoolStage1On,Sleep,
2026-08-11T08:50:00.000Z,Front AC,71.1,-5002,42,71,89.1,240,compressorCoolStage1On,Sleep,
2026-08-11T08:55:00.000Z,Front AC,71,-5002,42,71,89.1,60,compressorCoolOff,Sleep,
2026-08-11T09:00:00.000Z,Front AC,71.3,-5002,42,71,88.3,300,compressorCoolStage1On,Sleep,
2026-08-11T09:05:00.000Z,Front AC,71,-5002,41,71,88.3,210,compressorCoolStage1On,Sleep,
2026-08-11T09:10:00.000Z,Front AC,70.9,-5002,41,71,88.3,75,compressorCoolOff,Sleep,
2026-08-11T09:15:00.000Z,Front AC,71.3,-5002,42,71,88.3,300,compressorCoolStage1On,Sleep,
2026-08-11T09:20:00.000Z,Front AC,71,-5002,40,71,88.3,210,compressorCoolStage1On,Sleep,
2026-08-11T09:25:00.000Z,Front AC,70.8,-5002,41,71,88.3,60,compressorCoolOff,Sleep,
2026-08-11T09:30:00.000Z,Front AC,71.1,-5002,42,71,87.2,300,compressorCoolStage1On,Sleep,
2026-08-11T09:35:00.000Z,Front AC,70.8,-5002,41,71,87.2,135,compressorCoolStage1On,Sleep,
2026-08-11T09:40:00.000Z,Front AC,70.9,-5002,42,71,87.2,105,compressorCoolOff,Sleep,
2026-08-11T09:45:00.000Z,Front AC,71.1,-5002,42,71,87.2,300,compressorCoolStage1On,Sleep,
2026-08-11T09:50:00.000Z,Front AC,70.9,-5002,42,71,87.2,0,compressorCoolOff,Sleep,
2026-08-11T09:55:00.000Z,Front AC,71.3,-5002,43,71,87.2,300,compressorCoolStage1On,Sleep,
2026-08-11T10:00:00.000Z,Front AC,70.9,-5002,42,71,87.3,75,compressorCoolStage1On,Sleep,
2026-08-11T10:05:00.000Z,Front AC,71.3,-5002,43,71,87.3,225,compressorCoolOff,Sleep,
2026-08-11T10:10:00.000Z,Front AC,71.1,-5002,42,71,87.3,135,compressorCoolStage1On,Sleep,
2026-08-11T10:15:00.000Z,Front AC,71.3,-5002,43,71,87.3,165,compressorCoolOff,Sleep,
2026-08-11T10:20:00.000Z,Front AC,71.2,-5002,42,71,87.3,270,compressorCoolStage1On,Sleep,
2026-08-11T10:25:00.000Z,Front AC,70.9,-5002,42,71,87.3,30,compressorCoolOff,Sleep,
2026-08-11T10:30:00.000Z,Front AC,71.1,-5002,43,71,87.3,300,compressorCoolStage1On,Sleep,
2026-08-11T10:35:00.000Z,Front AC,71,-5002,42,71,87.3,15,compressorCoolStage1On,Sleep,
2026-08-11T10:40:00.000Z,Front AC,71.2,-5002,43,71,87.3,285,compressorCoolOff,Sleep,
2026-08-11T10:45:00.000Z,Front AC,70.9,-5002,42,71,87.3,75,compressorCoolStage1On,Sleep,
2026-08-11T10:50:00.000Z,Front AC,71.1,-5002,43,71,87.3,225,compressorCoolOff,Sleep,
2026-08-11T10:55:00.000Z,Front AC,70.9,-5002,43,71,87.3,75,compressorCoolStage1On,Sleep,
2026-08-11T11:00:00.000Z,Front AC,71,-5002,44,71,82.9,180,compressorCoolOff,Sleep,
2026-08-11T11:05:00.000Z,Front AC,71,-5002,43,71,82.9,165,compressorCoolStage1On,Sleep,
2026-08-11T11:10:00.000Z,Front AC,70.9,-5002,44,71,82.9,105,compressorCoolOff,Sleep,
2026-08-11T11:15:00.000Z,Front AC,71.2,-5002,43,71,82.9,300,compressorCoolStage1On,Sleep,
2026-08-11T11:20:00.000Z,Front AC,70.8,-5002,43,71,82.9,30,compressorCoolStage1On,Sleep,
2026-08-11T11:25:00.000Z,Front AC,71,-5002,43,71,82.9,195,compressorCoolOff,Sleep,
2026-08-11T11:30:00.000Z,Front AC,70.8,-5002,43,71,82.9,105,compressorCoolStage1On,Sleep,
2026-08-11T11:35:00.000Z,Front AC,70.9,-5002,44,71,82.9,120,compressorCoolOff,Sleep,
2026-08-11T11:40:00.000Z,Front AC,71.2,-5002,43,71,82.9,300,compressorCoolStage1On,Sleep,
2026-08-11T11:45:00.000Z,Front AC,70.9,-5002,42,71,82.9,105,compressorCoolStage1On,Sleep,
2026-08-11T11:50:00.000Z,Front AC,71,-5002,43,71,82.9,165,compressorCoolOff,Sleep,
2026-08-11T11:55:00.000Z,Front AC,71,-5002,42,71,82.9,195,compressorCoolStage1On,Sleep,
2026-08-11T12:00:00.000Z,Front AC,70.9,-5002,43,71,79.5,60,compressorCoolOff,Sleep,
2026-08-11T12:05:00.000Z,Front AC,71.1,-5002,43,71,79.5,300,compressorCoolStage1On,Sleep,
2026-08-11T12:10:00.000Z,Front AC,70.8,-5002,43,71,79.5,0,compressorCoolOff,Sleep,
2026-08-11T12:15:00.000Z,Front AC,71.1,-5002,43,71,79.5,255,compressorCoolOff,Sleep,
2026-08-11T12:20:00.000Z,Front AC,71,-5002,43,71,79.5,135,compressorCoolStage1On,Sleep,
2026-08-11T12:25:00.000Z,Front AC,71,-5002,44,71,79.5,135,compressorCoolOff,Sleep,
2026-08-11T12:30:00.000Z,Front AC,71.2,-5002,44,71,79.5,300,compressorCoolStage1On,Sleep,
2026-08-11T12:35:00.000Z,Front AC,70.9,-5002,43,71,79.5,30,compressorCoolStage1On,Sleep,
2026-08-11T12:40:00.000Z,Front AC,71.1,-5002,44,71,79.5,225,compressorCoolOff,Sleep,
2026-08-11T12:45:00.000Z,Front AC,71,-5002,43,71,79.5,150,compressorCoolStage1On,Sleep,
2026-08-11T12:50:00.000Z,Front AC,71,-5002,44,71,79.5,120,compressorCoolOff,Sleep,
2026-08-11T12:55:00.000Z,Front AC,71.1,-5002,44,71,79.5,195,compressorCoolStage1On,Sleep,
2026-08-11T13:00:00.000Z,Front AC,71,-5002,44,71,79.6,105,compressorCoolOff,Sleep,
2026-08-11T13:05:00.000Z,Front AC,71,-5002,44,71,79.6,195,compressorCoolStage1On,Sleep,
2026-08-11T13:10:00.000Z,Front AC,70.8,-5002,44,71,79.6,15,compressorCoolOff,Sleep,
2026-08-11T13:15:00.000Z,Front AC,71.1,-5002,45,71,79.6,300,compressorCoolStage1On,Sleep,
2026-08-11T13:20:00.000Z,Front AC,70.8,-5002,44,71,79.6,15,compressorCoolStage1On,Sleep,
2026-08-11T13:25:00.000Z,Front AC,71,-5002,46,71.3,79.6,165,compressorCoolOff,Sleep,
2026-08-11T13:30:00.000Z,Front AC,70.9,-5002,48,74,79.6,0,compressorCoolOff,Sleep,hold
2026-08-11T13:35:00.000Z,Front AC,71.5,-5002,47,74,79.6,0,compressorCoolOff,Sleep,hold
2026-08-11T13:40:00.000Z,Front AC,72.2,-5002,47,74,79.6,0,compressorCoolOff,Sleep,hold
2026-08-11T13:45:00.000Z,Front AC,72.5,-5002,46,74,79.6,0,compressorCoolOff,Sleep,hold
2026-08-11T13:50:00.000Z,Front AC,72.6,-5002,45,74,79.6,0,compressorCoolOff,Sleep,hold
2026-08-11T13:55:00.000Z,Front AC,72.7,-5002,45,74,79.6,0,compressorCoolOff,Sleep,hold
2026-08-11T14:00:00.000Z,Front AC,72.9,-5002,46,74,81.8,0,compressorCoolOff,Sleep,hold
2026-08-11T14:05:00.000Z,Front AC,73.2,-5002,47,74,81.8,0,compressorCoolOff,Sleep,hold
2026-08-11T14:10:00.000Z,Front AC,73.5,-5002,48,74,81.8,0,compressorCoolOff,Sleep,hold
2026-08-11T14:15:00.000Z,Front AC,73.7,-5002,48,74,81.8,0,compressorCoolOff,Sleep,hold
2026-08-11T14:20:00.000Z,Front AC,73.8,-5002,46,74,81.8,0,compressorCoolOff,Sleep,hold
2026-08-11T14:25:00.000Z,Front AC,73.9,-5002,46,75,81.8,0,compressorCoolOff,Sleep,hold
2026-08-11T14:30:00.000Z,Front AC,73.9,-5002,46,77,82.3,0,compressorCoolOff,WFH,
2026-08-11T14:35:00.000Z,Front AC,74,-5002,46,77,82.3,0,compressorCoolOff,WFH,
2026-08-11T14:40:00.000Z,Front AC,74.3,-5002,47,77,82.3,0,compressorCoolOff,WFH,
2026-08-11T14:45:00.000Z,Front AC,74.4,-5002,47,77,82.3,0,compressorCoolOff,WFH,
2026-08-11T14:50:00.000Z,Front AC,74.5,-5002,47,77,82.3,0,compressorCoolOff,WFH,
2026-08-11T14:55:00.000Z,Front AC,74.7,-5002,47,77,82.3,0,compressorCoolOff,WFH,
2026-08-11T15:00:00.000Z,Front AC,74.8,-5002,47,77,85.3,0,compressorCoolOff,WFH,
2026-08-11T15:05:00.000Z,Front AC,74.9,-5002,47,77,85.3,0,compressorCoolOff,WFH,
2026-08-11T15:10:00.000Z,Front AC,75.1,-5002,47,77,85.3,0,compressorCoolOff,WFH,
2026-08-11T15:15:00.000Z,Front AC,75.2,-5002,47,77,85.3,0,compressorCoolOff,WFH,
2026-08-11T15:20:00.000Z,Front AC,75.3,-5002,47,77,85.3,0,compressorCoolOff,WFH,
2026-08-11T15:25:00.000Z,Front AC,75.5,-5002,47,77,85.3,0,compressorCoolOff,WFH,
2026-08-11T15:30:00.000Z,Front AC,75.6,-5002,46,77,88.3,0,compressorCoolOff,WFH,
2026-08-11T15:35:00.000Z,Front AC,75.7,-5002,46,77,88.3,0,compressorCoolOff,WFH,
2026-08-11T15:40:00.000Z,Front AC,75.9,-5002,46,77,88.3,0,compressorCoolOff,WFH,
2026-08-11T15:45:00.000Z,Front AC,76,-5002,46,77,88.3,0,compressorCoolOff,WFH,
2026-08-11T15:50:00.000Z,Front AC,76.1,-5002,46,77,88.3,0,compressorCoolOff,WFH,
2026-08-11T15:55:00.000Z,Front AC,76.2,-5002,46,77,88.3,0,compressorCoolOff,WFH,
2026-08-11T16:00:00.000Z,Front AC,76.3,-5002,46,77,88.3,0,compressorCoolOff,WFH,
2026-08-11T16:05:00.000Z,Front AC,76.1,-5002,45,77,88.3,0,compressorCoolOff,WFH,
2026-08-11T16:10:00.000Z,Front AC,75.9,-5002,44,77,88.3,0,compressorCoolOff,WFH,
2026-08-11T16:15:00.000Z,Front AC,75.9,-5002,45,77,88.3,0,compressorCoolOff,WFH,
2026-08-11T16:20:00.000Z,Front AC,76,-5002,46,77,88.3,0,compressorCoolOff,WFH,
2026-08-11T16:25:00.000Z,Front AC,76.2,-5002,46,77,88.3,0,compressorCoolOff,WFH,
2026-08-11T16:30:00.000Z,Front AC,76.4,-5002,45,77,88.3,0,compressorCoolOff,WFH,
2026-08-11T16:35:00.000Z,Front AC,76.5,-5002,44,77,88.3,0,compressorCoolOff,WFH,
2026-08-11T16:40:00.000Z,Front AC,76.6,-5002,44,77,88.3,0,compressorCoolOff,WFH,
2026-08-11T16:45:00.000Z,Front AC,76.6,-5002,44,77,88.3,0,compressorCoolOff,WFH,
2026-08-11T16:50:00.000Z,Front AC,76.4,-5002,44,77,88.3,0,compressorCoolOff,WFH,
2026-08-11T16:55:00.000Z,Front AC,76.3,-5002,44,77,88.3,0,compressorCoolOff,WFH,
2026-08-11T17:00:00.000Z,Front AC,76.3,-5002,44,77,89.6,0,compressorCoolOff,WFH,
2026-08-11T17:05:00.000Z,Front AC,76.5,-5002,46,77,89.6,0,compressorCoolOff,WFH,
2026-08-11T17:10:00.000Z,Front AC,76.6,-5002,45,77,89.6,0,compressorCoolOff,WFH,
2026-08-11T17:15:00.000Z,Front AC,76.8,-5002,44,77,89.6,0,compressorCoolOff,WFH,
2026-08-11T17:20:00.000Z,Front AC,76.9,-5002,44,77,89.6,0,compressorCoolOff,WFH,
2026-08-11T17:25:00.000Z,Front AC,76.9,-5002,44,77,89.6,0,compressorCoolOff,WFH,
2026-08-11T17:30:00.000Z,Front AC,76.8,-5002,44,77,89.6,0,compressorCoolOff,WFH,
2026-08-11T17:35:00.000Z,Front AC,76.8,-5002,44,77,89.6,0,compressorCoolOff,WFH,
2026-08-11T17:40:00.000Z,Front AC,76.9,-5002,45,77,89.6,0,compressorCoolOff,WFH,
2026-08-11T17:45:00.000Z,Front AC,77.1,-5002,44,77,89.6,285,compressorCoolOff,WFH,
2026-08-11T17:50:00.000Z,Front AC,77,-5002,44,77,89.6,180,compressorCoolStage1On,WFH,
2026-08-11T17:55:00.000Z,Front AC,76.2,-5002,44,77,89.6,0,compressorCoolOff,WFH,
2026-08-11T18:00:00.000Z,Front AC,75.8,-5002,46,77,91.3,0,compressorCoolOff,WFH,
2026-08-11T18:05:00.000Z,Front AC,76,-5002,46,77,91.3,0,compressorCoolOff,WFH,
2026-08-11T18:10:00.000Z,Front AC,76.3,-5002,46,77,91.3,0,compressorCoolOff,WFH,
2026-08-11T18:15:00.000Z,Front AC,76.6,-5002,45,77,91.3,0,compressorCoolOff,WFH,
2026-08-11T18:20:00.000Z,Front AC,76.9,-5002,44,77,91.3,0,compressorCoolOff,WFH,
2026-08-11T18:25:00.000Z,Front AC,77.2,-5002,44,77,91.3,300,compressorCoolStage1On,WFH,
2026-08-11T18:30:00.000Z,Front AC,77,-5002,44,77,91.3,180,compressorCoolStage1On,WFH,
2026-08-11T18:35:00.000Z,Front AC,76.2,-5002,44,77,91.3,0,compressorCoolOff,WFH,
2026-08-11T18:40:00.000Z,Front AC,75.8,-5002,46,77,91.3,0,compressorCoolOff,WFH,
2026-08-11T18:45:00.000Z,Front AC,76.1,-5002,46,77,91.3,0,compressorCoolOff,WFH,
2026-08-11T18:50:00.000Z,Front AC,76.4,-5002,46,77,91.3,0,compressorCoolOff,WFH,
2026-08-11T18:55:00.000Z,Front AC,76.8,-5002,44,77,91.3,0,compressorCoolOff,WFH,
2026-08-11T19:00:00.000Z,Front AC,77,-5002,44,77,94.8,165,compressorCoolOff,WFH,
2026-08-11T19:05:00.000Z,Front AC,77.2,-5002,44,77,94.8,300,compressorCoolStage1On,WFH,
2026-08-11T19:10:00.000Z,Front AC,76.8,-5002,44,77,94.8,60,compressorCoolStage1On,WFH,
2026-08-11T19:15:00.000Z,Front AC,76,-5002,45,77,94.8,0,compressorCoolOff,WFH,
2026-08-11T19:20:00.000Z,Front AC,75.9,-5002,46,77,94.8,0,compressorCoolOff,WFH,
2026-08-11T19:25:00.000Z,Front AC,76.2,-5002,46,77,94.8,0,compressorCoolOff,WFH,
2026-08-11T19:30:00.000Z,Front AC,76.6,-5002,46,77,94.8,0,compressorCoolOff,WFH,
2026-08-11T19:35:00.000Z,Front AC,76.9,-5002,44,77,94.8,60,compressorCoolOff,WFH,
2026-08-11T19:40:00.000Z,Front AC,77.3,-5002,44,77,94.8,300,compressorCoolStage1On,WFH,
2026-08-11T19:45:00.000Z,Front AC,77.1,-5002,44,77,94.8,210,compressorCoolStage1On,WFH,
2026-08-11T19:50:00.000Z,Front AC,76.2,-5002,44,77,94.8,0,compressorCoolOff,WFH,
2026-08-11T19:55:00.000Z,Front AC,75.8,-5002,46,77,94.8,0,compressorCoolOff,WFH,
2026-08-11T20:00:00.000Z,Front AC,76.2,-5002,46,77,96.8,0,compressorCoolOff,WFH,
2026-08-11T20:05:00.000Z,Front AC,76.6,-5002,46,77,96.8,0,compressorCoolOff,WFH,
2026-08-11T20:10:00.000Z,Front AC,76.9,-5002,46,77,96.8,90,compressorCoolOff,WFH,
2026-08-11T20:15:00.000Z,Front AC,77.2,-5002,46,77,96.8,300,compressorCoolStage1On,WFH,
2026-08-11T20:20:00.000Z,Front AC,76.9,-5002,47,77,96.8,300,compressorCoolStage1On,WFH,
2026-08-11T20:25:00.000Z,Front AC,76.2,-5002,48,77,96.8,300,compressorCoolStage1On,WFH,(SmartRecovery)
2026-08-11T20:30:00.000Z,Front AC,75.5,-5002,49,77,96.8,300,compressorCoolStage1On,WFH,(SmartRecovery)
2026-08-11T20:35:00.000Z,Front AC,74.7,-5002,49,77,96.8,30,compressorCoolStage1On,WFH,(SmartRecovery)
2026-08-11T20:40:00.000Z,Front AC,74,-5002,50,77,96.8,0,compressorCoolOff,WFH,
2026-08-11T20:45:00.000Z,Front AC,74.4,-5002,49,77,96.8,0,compressorCoolOff,WFH,
2026-08-11T20:50:00.000Z,Front AC,75,-5002,50,77,96.8,75,compressorCoolOff,WFH,
2026-08-11T20:55:00.000Z,Front AC,75.4,-5002,49,76.3,96.8,300,compressorCoolStage1On,WFH,(SmartRecovery)
2026-08-11T21:00:00.000Z,Front AC,75,-5002,48,75,98.3,150,compressorCoolStage1On,Cooldown,
2026-08-11T21:05:00.000Z,Front AC,74.7,-5002,48,75,98.3,0,compressorCoolOff,Cooldown,
2026-08-11T21:10:00.000Z,Front AC,75.2,-5002,48,75,98.3,255,compressorCoolOff,Cooldown,
2026-08-11T21:15:00.000Z,Front AC,75.3,-5002,46,75,98.3,300,compressorCoolStage1On,Cooldown,
2026-08-11T21:20:00.000Z,Front AC,74.9,-5002,45,75,98.3,60,compressorCoolStage1On,Cooldown,
2026-08-11T21:25:00.000Z,Front AC,75,-5002,46,75,98.3,150,compressorCoolOff,Cooldown,
2026-08-11T21:30:00.000Z,Front AC,75.6,-5002,45,75,98.3,300,compressorCoolStage1On,Cooldown,
2026-08-11T21:35:00.000Z,Front AC,75.4,-5002,44,75,98.3,300,compressorCoolStage1On,Cooldown,
2026-08-11T21:40:00.000Z,Front AC,74.8,-5002,44,75,98.3,30,compressorCoolStage1On,Cooldown,
2026-08-11T21:45:00.000Z,Front AC,74.9,-5002,45,75,98.3,75,compressorCoolOff,Cooldown,
2026-08-11T21:50:00.000Z,Front AC,75.4,-5002,44,75,98.3,300,compressorCoolStage1On,Cooldown,
2026-08-11T21:55:00.000Z,Front AC,75.3,-5002,43,75,98.3,300,compressorCoolStage1On,Cooldown,
2026-08-11T22:00:00.000Z,Front AC,74.9,-5002,43,75,99.1,60,compressorCoolStage1On,Cooldown,
2026-08-11T22:05:00.000Z,Front AC,74.7,-5002,44,75,99.1,0,compressorCoolOff,Cooldown,
2026-08-11T22:10:00.000Z,Front AC,75.2,-5002,45,75,99.1,240,compressorCoolOff,Cooldown,
2026-08-11T22:15:00.000Z,Front AC,75.8,-5002,45,75,99.1,300,compressorCoolStage1On,Cooldown,
2026-08-11T22:20:00.000Z,Front AC,75.4,-5002,45,75,99.1,300,compressorCoolStage1On,Cooldown,
2026-08-11T22:25:00.000Z,Front AC,74.9,-5002,45,75,99.1,300,compressorCoolStage1On,Cooldown,
2026-08-11T22:30:00.000Z,Front AC,74.3,-5002,45,75,99.1,300,compressorCoolStage1On,Cooldown,(SmartRecovery)
2026-08-11T22:35:00.000Z,Front AC,74.2,-5002,45,75,99.1,300,compressorCoolStage1On,Cooldown,(SmartRecovery)
2026-08-11T22:40:00.000Z,Front AC,74.1,-5002,45,75,99.1,300,compressorCoolStage1On,Cooldown,(SmartRecovery)
2026-08-11T22:45:00.000Z,Front AC,73.9,-5002,45,75,99.1,0,compressorCoolOff,Cooldown,
2026-08-11T22:50:00.000Z,Front AC,74,-5002,45,75,99.1,75,compressorCoolOff,Cooldown,
2026-08-11T22:55:00.000Z,Front AC,74.7,-5002,45,74.6,99.1,300,compressorCoolStage1On,Cooldown,(SmartRecovery)
2026-08-11T23:00:00.000Z,Front AC,75,-5002,45,74,99.1,300,compressorCoolStage1On,Home,
2026-08-11T23:05:00.000Z,Front AC,74.7,-5002,45,74,99.1,300,compressorCoolStage1On,Home,
2026-08-11T23:10:00.000Z,Front AC,74.3,-5002,44,74,99.1,300,compressorCoolStage1On,Home,
2026-08-11T23:15:00.000Z,Front AC,74.1,-5002,44,74,99.1,285,compressorCoolStage1On,Home,
2026-08-11T23:20:00.000Z,Front AC,73.9,-5002,43,74,99.1,0,compressorCoolOff,Home,
2026-08-11T23:25:00.000Z,Front AC,73.9,-5002,45,74,99.1,105,compressorCoolOff,Home,
2026-08-11T23:30:00.000Z,Front AC,74.6,-5002,45,74,99.1,300,compressorCoolStage1On,Home,
2026-08-11T23:35:00.000Z,Front AC,74.8,-5002,43,74,99.1,300,compressorCoolStage1On,Home,
2026-08-11T23:40:00.000Z,Front AC,74.6,-5002,43,74,99.1,300,compressorCoolStage1On,Home,
2026-08-11T23:45:00.000Z,Front AC,74.2,-5002,43,74,99.1,300,compressorCoolStage1On,Home,
2026-08-11T23:50:00.000Z,Front AC,73.8,-5002,43,74,99.1,15,compressorCoolStage1On,Home,
2026-08-11T23:55:00.000Z,Front AC,73.7,-5002,44,74,99.1,0,compressorCoolOff,Home,
2026-08-12T00:00:00.000Z,Front AC,74.3,-5002,44,74,99.1,285,compressorCoolOff,Home,
2026-08-12T00:05:00.000Z,Front AC,74.5,-5002,45,74,99.1,300,compressorCoolStage1On,Home,
2026-08-12T00:10:00.000Z,Front AC,74.4,-5002,44,74,99.1,300,compressorCoolStage1On,Home,
2026-08-12T00:15:00.000Z,Front AC,74.2,-5002,43,74,99.1,300,compressorCoolStage1On,Home,
2026-08-12T00:20:00.000Z,Front AC,73.8,-5002,43,74,99.1,0,compressorCoolOff,Home,
2026-08-12T00:25:00.000Z,Front AC,73.6,-5002,44,74,99.1,0,compressorCoolOff,Home,