timestamp,thermostat,indoorTemp,outdoorTemp,humidity,setpoint,coolRuntimeSeconds,fanRuntimeSeconds,hvacMode,program,event
2026-07-11T07:00:00.000Z,Hall AC,76.6,92.9,39,76,300,300,compressorCoolStage1On,Sleep,hold
2026-07-11T07:05:00.000Z,Hall AC,75.4,92.9,39,76,45,90,compressorCoolStage1On,Sleep,hold
2026-07-11T07:10:00.000Z,Hall AC,74,92.9,41,76,0,0,compressorCoolOff,Sleep,hold
2026-07-11T07:15:00.000Z,Hall AC,74.3,92.9,41,76,0,0,compressorCoolOff,Sleep,hold
2026-07-11T07:20:00.000Z,Hall AC,74.9,92.9,41,76,0,0,compressorCoolOff,Sleep,hold
2026-07-11T07:25:00.000Z,Hall AC,75.5,92.9,42,76,0,0,compressorCoolOff,Sleep,hold
2026-07-11T07:30:00.000Z,Hall AC,76.1,93.8,41,76,165,165,compressorCoolOff,Sleep,hold
2026-07-11T07:35:00.000Z,Hall AC,77,93.8,39,76,300,300,compressorCoolStage1On,Sleep,hold
2026-07-11T07:40:00.000Z,Hall AC,76.4,93.8,39,76,270,300,compressorCoolStage1On,Sleep,hold
2026-07-11T07:45:00.000Z,Hall AC,74.9,93.8,39,76,0,15,compressorCoolOff,Sleep,hold
2026-07-11T07:50:00.000Z,Hall AC,73.9,93.8,41,76,0,0,compressorCoolOff,Sleep,hold
2026-07-11T07:55:00.000Z,Hall AC,74.3,93.8,40,76,0,0,compressorCoolOff,Sleep,hold
2026-07-11T08:00:00.000Z,Hall AC,75,91.9,40,76,0,0,compressorCoolOff,Sleep,hold
2026-07-11T08:05:00.000Z,Hall AC,75.5,91.9,39,76,0,0,compressorCoolOff,Sleep,hold
2026-07-11T08:10:00.000Z,Hall AC,76.2,91.9,38,76,195,195,compressorCoolOff,Sleep,hold
2026-07-11T08:15:00.000Z,Hall AC,76.8,91.9,37,76,300,300,compressorCoolStage1On,Sleep,hold
2026-07-11T08:20:00.000Z,Hall AC,76,91.9,38,76,165,210,compressorCoolStage1On,Sleep,hold
2026-07-11T08:25:00.000Z,Hall AC,74.4,91.9,39,76,0,0,compressorCoolOff,Sleep,hold
2026-07-11T08:30:00.000Z,Hall AC,74,91.9,41,76,0,0,compressorCoolOff,Sleep,hold
2026-07-11T08:35:00.000Z,Hall AC,74.6,91.9,40,76,0,0,compressorCoolOff,Sleep,hold
2026-07-11T08:40:00.000Z,Hall AC,75.1,91.9,40,76,0,0,compressorCoolOff,Sleep,hold
2026-07-11T08:45:00.000Z,Hall AC,75.6,91.9,40,76,0,0,compressorCoolOff,Sleep,hold
2026-07-11T08:50:00.000Z,Hall AC,76.2,91.9,39,76,180,180,compressorCoolOff,Sleep,hold
2026-07-11T08:55:00.000Z,Hall AC,76.9,91.9,37,76,300,300,compressorCoolStage1On,Sleep,hold
2026-07-11T09:00:00.000Z,Hall AC,76,90.5,38,76,180,225,compressorCoolStage1On,Sleep,hold
2026-07-11T09:05:00.000Z,Hall AC,74.4,90.5,40,76,0,0,compressorCoolOff,Sleep,hold
2026-07-11T09:10:00.000Z,Hall AC,74.3,90.5,40,76,0,0,compressorCoolOff,Sleep,hold
2026-07-11T09:15:00.000Z,Hall AC,74.8,90.5,40,76,0,0,compressorCoolOff,Sleep,hold
2026-07-11T09:20:00.000Z,Hall AC,75.3,90.5,40,76,0,0,compressorCoolOff,Sleep,hold
2026-07-11T09:25:00.000Z,Hall AC,75.7,90.5,40,76,30,30,compressorCoolOff,Sleep,hold
2026-07-11T09:30:00.000Z,Hall AC,76.6,90.5,38,76,300,300,compressorCoolStage1On,Sleep,hold
2026-07-11T09:35:00.000Z,Hall AC,76.4,90.5,37,76,285,300,compressorCoolStage1On,Sleep,hold
2026-07-11T09:40:00.000Z,Hall AC,74.8,90.5,39,76,0,30,compressorCoolOff,Sleep,hold
2026-07-11T09:45:00.000Z,Hall AC,74,90.5,40,76,0,0,compressorCoolOff,Sleep,hold
2026-07-11T09:50:00.000Z,Hall AC,74.4,90.5,40,76,0,0,compressorCoolOff,Sleep,hold
2026-07-11T09:55:00.000Z,Hall AC,75,90.5,40,76,0,0,compressorCoolOff,Sleep,hold
2026-07-11T10:00:00.000Z,Hall AC,75.5,87.9,40,76,0,0,compressorCoolOff,Sleep,hold
2026-07-11T10:05:00.000Z,Hall AC,76.1,87.9,38,76,180,180,compressorCoolOff,Sleep,hold
2026-07-11T10:10:00.000Z,Hall AC,76.7,87.9,37,76,300,300,compressorCoolStage1On,Sleep,hold
2026-07-11T10:15:00.000Z,Hall AC,75.7,87.9,38,76,105,150,compressorCoolStage1On,Sleep,hold
2026-07-11T10:20:00.000Z,Hall AC,74.2,87.9,39,76,0,0,compressorCoolOff,Sleep,hold
2026-07-11T10:25:00.000Z,Hall AC,74.2,87.9,40,76,0,0,compressorCoolOff,Sleep,hold
2026-07-11T10:30:00.000Z,Hall AC,74.7,88.8,40,76,0,0,compressorCoolOff,Sleep,hold
2026-07-11T10:35:00.000Z,Hall AC,75.2,88.8,40,76,0,0,compressorCoolOff,Sleep,hold
2026-07-11T10:40:00.000Z,Hall AC,75.6,88.8,40,76,0,0,compressorCoolOff,Sleep,hold
2026-07-11T10:45:00.000Z,Hall AC,76.4,88.8,38,76,270,270,compressorCoolOff,Sleep,hold
2026-07-11T10:50:00.000Z,Hall AC,76.5,88.8,37,76,300,300,compressorCoolStage1On,Sleep,hold
2026-07-11T10:55:00.000Z,Hall AC,74.8,88.8,39,76,0,45,compressorCoolOff,Sleep,hold
2026-07-11T11:00:00.000Z,Hall AC,74,87.1,40,76,0,0,compressorCoolOff,Sleep,hold
2026-07-11T11:05:00.000Z,Hall AC,74.4,87.1,40,76,0,0,compressorCoolOff,Sleep,hold
2026-07-11T11:10:00.000Z,Hall AC,74.9,87.1,40,76,0,0,compressorCoolOff,Sleep,hold
2026-07-11T11:15:00.000Z,Hall AC,75.4,87.1,40,76,0,0,compressorCoolOff,Sleep,hold
2026-07-11T11:20:00.000Z,Hall AC,75.8,87.1,39,76,60,60,compressorCoolOff,Sleep,hold
2026-07-11T11:25:00.000Z,Hall AC,76.6,87.1,37,76,300,300,compressorCoolStage1On,Sleep,hold
2026-07-11T11:30:00.000Z,Hall AC,76.2,87.1,37,76,210,255,compressorCoolStage1On,Sleep,hold
2026-07-11T11:35:00.000Z,Hall AC,74.5,87.1,39,76,0,0,compressorCoolOff,Sleep,hold
2026-07-11T11:40:00.000Z,Hall AC,74.2,87.1,40,76,0,0,compressorCoolOff,Sleep,hold
2026-07-11T11:45:00.000Z,Hall AC,74.7,87.1,40,76,0,0,compressorCoolOff,Sleep,hold
2026-07-11T11:50:00.000Z,Hall AC,75.1,87.1,39,76,0,0,compressorCoolOff,Sleep,hold
2026-07-11T11:55:00.000Z,Hall AC,75.5,87.1,39,76,0,0,compressorCoolOff,Sleep,hold
2026-07-11T12:00:00.000Z,Hall AC,76,85.7,38,76,120,120,compressorCoolOff,Sleep,hold
2026-07-11T12:05:00.000Z,Hall AC,76.7,85.7,37,76,300,300,compressorCoolStage1On,Sleep,hold
2026-07-11T12:10:00.000Z,Hall AC,75.7,85.7,37,76,120,165,compressorCoolStage1On,Sleep,hold
2026-07-11T12:15:00.000Z,Hall AC,74.3,85.7,39,76,0,0,compressorCoolOff,Sleep,hold
2026-07-11T12:20:00.000Z,Hall AC,74.3,85.7,40,76,0,0,compressorCoolOff,Sleep,hold
2026-07-11T12:25:00.000Z,Hall AC,74.8,85.7,40,76,0,0,compressorCoolOff,Sleep,hold
2026-07-11T12:30:00.000Z,Hall AC,75.2,85.7,39,76,0,0,compressorCoolOff,Sleep,hold
2026-07-11T12:35:00.000Z,Hall AC,75.6,85.7,39,76,0,0,compressorCoolOff,Sleep,hold
2026-07-11T12:40:00.000Z,Hall AC,75.8,85.7,39,76,0,0,compressorCoolOff,Sleep,hold
2026-07-11T12:45:00.000Z,Hall AC,76,85.7,40,76,210,210,compressorCoolOff,Sleep,hold
2026-07-11T12:50:00.000Z,Hall AC,76.1,85.7,40,76,210,255,compressorCoolStage1On,Sleep,hold
2026-07-11T12:55:00.000Z,Hall AC,75.5,85.7,39,76,0,0,compressorCoolOff,Sleep,hold
2026-07-11T13:00:00.000Z,Hall AC,75.4,85.2,40,76,0,0,compressorCoolOff,Sleep,hold
2026-07-11T13:05:00.000Z,Hall AC,75.7,85.2,40,76,0,0,compressorCoolOff,Sleep,hold
2026-07-11T13:10:00.000Z,Hall AC,76.3,85.2,39,76,210,210,compressorCoolOff,Sleep,hold
2026-07-11T13:15:00.000Z,Hall AC,76.8,85.2,38,76,300,300,compressorCoolStage1On,Sleep,hold
2026-07-11T13:20:00.000Z,Hall AC,75.9,85.2,38,76,150,195,compressorCoolStage1On,Sleep,hold
2026-07-11T13:25:00.000Z,Hall AC,74.1,85.2,38,76,0,0,compressorCoolOff,Sleep,hold
2026-07-11T13:30:00.000Z,Hall AC,73.9,85.2,39,76,0,0,compressorCoolOff,Sleep,hold
2026-07-11T13:35:00.000Z,Hall AC,74.5,85.2,40,76,0,0,compressorCoolOff,Sleep,hold
2026-07-11T13:40:00.000Z,Hall AC,75,85.2,40,76,0,0,compressorCoolOff,Sleep,hold
2026-07-11T13:45:00.000Z,Hall AC,75.4,85.2,39,76,0,0,compressorCoolOff,Sleep,hold
2026-07-11T13:50:00.000Z,Hall AC,75.7,85.2,38,76,0,0,compressorCoolOff,Sleep,hold
2026-07-11T13:55:00.000Z,Hall AC,76,85.2,39,76,180,180,compressorCoolOff,Sleep,hold
2026-07-11T14:00:00.000Z,Hall AC,75.9,87.5,38,76,120,165,compressorCoolStage1On,Sleep,hold
2026-07-11T14:05:00.000Z,Hall AC,75.5,87.5,39,76,0,0,compressorCoolOff,Sleep,hold
2026-07-11T14:10:00.000Z,Hall AC,75.8,87.5,38,76,60,60,compressorCoolOff,Sleep,hold
2026-07-11T14:15:00.000Z,Hall AC,76.6,87.5,37,76,300,300,compressorCoolStage1On,Sleep,hold
2026-07-11T14:20:00.000Z,Hall AC,76.3,87.5,37,76,255,300,compressorCoolStage1On,Sleep,hold
2026-07-11T14:25:00.000Z,Hall AC,74.8,87.5,38,76,0,0,compressorCoolOff,Sleep,hold
2026-07-11T14:30:00.000Z,Hall AC,74,87.5,40,76,0,0,compressorCoolOff,Sleep,hold
2026-07-11T14:35:00.000Z,Hall AC,74.4,87.5,40,76,0,0,compressorCoolOff,Sleep,hold
2026-07-11T14:40:00.000Z,Hall AC,74.9,87.5,40,76,0,0,compressorCoolOff,Sleep,hold
2026-07-11T14:45:00.000Z,Hall AC,75.5,87.5,39,76,0,0,compressorCoolOff,Sleep,hold
2026-07-11T14:50:00.000Z,Hall AC,76.4,87.5,38,76,270,270,compressorCoolOff,Sleep,hold
2026-07-11T14:55:00.000Z,Hall AC,76.3,87.5,38,76,255,300,compressorCoolStage1On,Sleep,hold
2026-07-11T15:00:00.000Z,Hall AC,74.8,89.2,39,76,0,0,compressorCoolOff,Home,hold
2026-07-11T15:05:00.000Z,Hall AC,74.2,89.2,40,76,0,0,compressorCoolOff,Home,hold
2026-07-11T15:10:00.000Z,Hall AC,74.7,89.2,40,76,0,0,compressorCoolOff,Home,hold
2026-07-11T15:15:00.000Z,Hall AC,75.3,89.2,40,76,0,0,compressorCoolOff,Home,hold
2026-07-11T15:20:00.000Z,Hall AC,76,89.2,39,76,135,135,compressorCoolOff,Home,hold
2026-07-11T15:25:00.000Z,Hall AC,76.6,89.2,39,76,300,300,compressorCoolStage1On,Home,hold
2026-07-11T15:30:00.000Z,Hall AC,76,91.3,39,76,135,180,compressorCoolStage1On,Home,hold
2026-07-11T15:35:00.000Z,Hall AC,74.6,91.3,40,76,0,0,compressorCoolOff,Home,hold
2026-07-11T15:40:00.000Z,Hall AC,74.2,91.3,41,76,0,0,compressorCoolOff,Home,hold
2026-07-11T15:45:00.000Z,Hall AC,74.7,91.3,40,76,0,0,compressorCoolOff,Home,hold
2026-07-11T15:50:00.000Z,Hall AC,75.3,91.3,40,76,0,0,compressorCoolOff,Home,hold
2026-07-11T15:55:00.000Z,Hall AC,75.8,91.3,40,76,60,60,compressorCoolOff,Home,hold
2026-07-11T16:00:00.000Z,Hall AC,76.7,92,39,76,300,300,compressorCoolStage1On,Home,hold
2026-07-11T16:05:00.000Z,Hall AC,76.5,92,40,76,300,300,compressorCoolStage1On,Home,hold
2026-07-11T16:10:00.000Z,Hall AC,75.7,92,40,76,105,150,compressorCoolStage1On,Home,hold
2026-07-11T16:15:00.000Z,Hall AC,74.3,92,41,76,0,0,compressorCoolOff,Home,hold
2026-07-11T16:20:00.000Z,Hall AC,74.4,92,42,76,0,0,compressorCoolOff,Home,hold
2026-07-11T16:25:00.000Z,Hall AC,74.9,92,42,76,0,0,compressorCoolOff,Home,hold
2026-07-11T16:30:00.000Z,Hall AC,75.4,92,42,76,0,0,compressorCoolOff,Home,hold
2026-07-11T16:35:00.000Z,Hall AC,76.4,92,40,76,255,255,compressorCoolOff,Home,hold
2026-07-11T16:40:00.000Z,Hall AC,76.8,92,40,76,300,300,compressorCoolStage1On,Home,hold
2026-07-11T16:45:00.000Z,Hall AC,75.9,92,41,76,150,195,compressorCoolStage1On,Home,hold
2026-07-11T16:50:00.000Z,Hall AC,74.5,92,41,76,0,0,compressorCoolOff,Home,hold
2026-07-11T16:55:00.000Z,Hall AC,74.5,92,42,76,0,0,compressorCoolOff,Home,hold
2026-07-11T17:00:00.000Z,Hall AC,75.1,94.4,42,76,0,0,compressorCoolOff,Home,hold
2026-07-11T17:05:00.000Z,Hall AC,75.8,94.4,41,76,105,105,compressorCoolOff,Home,hold
2026-07-11T17:10:00.000Z,Hall AC,76.7,94.4,40,76,300,300,compressorCoolStage1On,Home,hold
2026-07-11T17:15:00.000Z,Hall AC,76.5,94.4,40,76,300,300,compressorCoolStage1On,Home,hold
2026-07-11T17:20:00.000Z,Hall AC,75.7,94.4,40,76,90,135,compressorCoolStage1On,Home,hold
2026-07-11T17:25:00.000Z,Hall AC,74.4,94.4,42,76,0,0,compressorCoolOff,Home,hold
2026-07-11T17:30:00.000Z,Hall AC,74.5,94.4,43,76,0,0,compressorCoolOff,Home,hold
2026-07-11T17:35:00.000Z,Hall AC,75.2,94.4,42,76,0,0,compressorCoolOff,Home,hold
2026-07-11T17:40:00.000Z,Hall AC,76.1,94.4,41,76,165,165,compressorCoolOff,Home,hold
2026-07-11T17:45:00.000Z,Hall AC,77,94.4,41,76,300,300,compressorCoolStage1On,Home,hold
2026-07-11T17:50:00.000Z,Hall AC,76.6,94.4,41,76,300,300,compressorCoolStage1On,Home,hold
2026-07-11T17:55:00.000Z,Hall AC,75.5,94.4,41,76,60,105,compressorCoolStage1On,Home,hold
2026-07-11T18:00:00.000Z,Hall AC,74.3,97.1,43,76,0,0,compressorCoolOff,Home,hold
2026-07-11T18:05:00.000Z,Hall AC,74.6,97.1,42,76,0,0,compressorCoolOff,Home,hold
2026-07-11T18:10:00.000Z,Hall AC,75.3,97.1,42,76,0,0,compressorCoolOff,Home,hold
2026-07-11T18:15:00.000Z,Hall AC,76.4,97.1,40,76,255,255,compressorCoolOff,Home,hold
2026-07-11T18:20:00.000Z,Hall AC,76.8,97.1,41,76,300,300,compressorCoolStage1On,Home,hold
2026-07-11T18:25:00.000Z,Hall AC,76.3,97.1,42,76,270,300,compressorCoolStage1On,Home,hold
2026-07-11T18:30:00.000Z,Hall AC,75,97.1,42,76,0,15,compressorCoolOff,Home,hold
2026-07-11T18:35:00.000Z,Hall AC,74.5,97.1,44,76,0,0,compressorCoolOff,Home,hold
2026-07-11T18:40:00.000Z,Hall AC,75,97.1,44,76,0,0,compressorCoolOff,Home,hold
2026-07-11T18:45:00.000Z,Hall AC,76,97.1,42,76,165,165,compressorCoolOff,Home,hold
2026-07-11T18:50:00.000Z,Hall AC,76.8,97.1,41,76,300,300,compressorCoolStage1On,Home,hold
2026-07-11T18:55:00.000Z,Hall AC,76.6,97.1,42,76,300,300,compressorCoolStage1On,Home,hold
2026-07-11T19:00:00.000Z,Hall AC,75.9,99.9,42,76,150,195,compressorCoolStage1On,Home,hold
2026-07-11T19:05:00.000Z,Hall AC,74.6,99.9,43,76,0,0,compressorCoolOff,Home,hold
2026-07-11T19:10:00.000Z,Hall AC,74.6,99.9,44,76,0,0,compressorCoolOff,Home,hold
2026-07-11T19:15:00.000Z,Hall AC,75.2,99.9,43,76,0,0,compressorCoolOff,Home,hold
2026-07-11T19:20:00.000Z,Hall AC,76.4,99.9,42,76,240,240,compressorCoolOff,Home,hold
2026-07-11T19:25:00.000Z,Hall AC,76.9,99.9,42,76,300,300,compressorCoolStage1On,Home,hold
2026-07-11T19:30:00.000Z,Hall AC,76.5,99.9,42,76,300,300,compressorCoolStage1On,Home,hold
2026-07-11T19:35:00.000Z,Hall AC,75.6,99.9,42,76,75,120,compressorCoolStage1On,Home,hold
2026-07-11T19:40:00.000Z,Hall AC,74.5,99.9,44,76,0,0,compressorCoolOff,Home,hold
2026-07-11T19:45:00.000Z,Hall AC,74.8,99.9,44,76,0,0,compressorCoolOff,Home,hold
2026-07-11T19:50:00.000Z,Hall AC,75.7,99.9,43,76,60,60,compressorCoolOff,Home,hold
2026-07-11T19:55:00.000Z,Hall AC,76.8,99.9,42,76,300,300,compressorCoolStage1On,Home,hold
2026-07-11T20:00:00.000Z,Hall AC,76.9,102,42,76,300,300,compressorCoolStage1On,Home,hold
2026-07-11T20:05:00.000Z,Hall AC,76.4,102,43,76,300,300,compressorCoolStage1On,Home,hold
2026-07-11T20:10:00.000Z,Hall AC,75.4,102,43,76,30,75,compressorCoolStage1On,Home,hold
2026-07-11T20:15:00.000Z,Hall AC,74.4,102,44,76,0,0,compressorCoolOff,Home,hold
2026-07-11T20:20:00.000Z,Hall AC,75,102,44,76,0,0,compressorCoolOff,Home,hold
2026-07-11T20:25:00.000Z,Hall AC,76,102,43,76,150,150,compressorCoolOff,Home,hold
2026-07-11T20:30:00.000Z,Hall AC,77,102.3,42,76,300,300,compressorCoolStage1On,Home,hold
2026-07-11T20:35:00.000Z,Hall AC,76.7,102.3,43,76,300,300,compressorCoolStage1On,Home,hold
2026-07-11T20:40:00.000Z,Hall AC,76.2,102.3,44,76,240,285,compressorCoolStage1On,Home,hold
2026-07-11T20:45:00.000Z,Hall AC,75.2,102.3,44,76,0,0,compressorCoolOff,Home,hold
2026-07-11T20:50:00.000Z,Hall AC,74.7,102.3,45,76,0,0,compressorCoolOff,Home,hold
2026-07-11T20:55:00.000Z,Hall AC,75.3,102.3,45,76,0,0,compressorCoolOff,Home,hold
2026-07-11T21:00:00.000Z,Hall AC,76.6,103.1,43,76,270,270,compressorCoolOff,Home,hold
2026-07-11T21:05:00.000Z,Hall AC,77.2,103.1,43,76,300,300,compressorCoolStage1On,Home,hold
2026-07-11T21:10:00.000Z,Hall AC,76.7,103.1,44,76,300,300,compressorCoolStage1On,Home,hold
2026-07-11T21:15:00.000Z,Hall AC,76,103.1,43,76,165,210,compressorCoolStage1On,Home,hold
2026-07-11T21:20:00.000Z,Hall AC,75,103.1,44,76,0,0,compressorCoolOff,Home,hold
2026-07-11T21:25:00.000Z,Hall AC,74.7,103.1,44,76,0,0,compressorCoolOff,Home,hold
2026-07-11T21:30:00.000Z,Hall AC,75.5,103.1,44,76,30,30,compressorCoolOff,Home,hold
2026-07-11T21:35:00.000Z,Hall AC,76.8,103.1,43,76,300,300,compressorCoolStage1On,Home,hold
2026-07-11T21:40:00.000Z,Hall AC,77.1,103.1,43,76,300,300,compressorCoolStage1On,Home,hold
2026-07-11T21:45:00.000Z,Hall AC,76.7,103.1,44,76,300,300,compressorCoolStage1On,Home,hold
2026-07-11T21:50:00.000Z,Hall AC,76.2,103.1,44,76,270,300,compressorCoolStage1On,Home,hold
2026-07-11T21:55:00.000Z,Hall AC,75.2,103.1,44,76,0,15,compressorCoolOff,Home,hold
2026-07-11T22:00:00.000Z,Hall AC,74.7,103.6,45,76,0,0,compressorCoolOff,Home,hold
2026-07-11T22:05:00.000Z,Hall AC,75.5,103.6,44,76,15,15,compressorCoolOff,Home,hold
2026-07-11T22:10:00.000Z,Hall AC,76.7,103.6,43,76,300,300,compressorCoolStage1On,Home,hold
2026-07-11T22:15:00.000Z,Hall AC,77.1,103.6,43,76,300,300,compressorCoolStage1On,Home,hold
2026-07-11T22:20:00.000Z,Hall AC,76.7,103.6,44,76,300,300,compressorCoolStage1On,Home,hold
2026-07-11T22:25:00.000Z,Hall AC,76.2,103.6,44,76,285,300,compressorCoolStage1On,Home,hold
2026-07-11T22:30:00.000Z,Hall AC,75.4,103.6,44,76,0,30,compressorCoolOff,Home,hold
2026-07-11T22:35:00.000Z,Hall AC,74.7,103.6,45,76,0,0,compressorCoolOff,Home,hold
2026-07-11T22:40:00.000Z,Hall AC,75.3,103.6,44,76,0,0,compressorCoolOff,Home,hold
2026-07-11T22:45:00.000Z,Hall AC,76.6,103.6,43,76,270,270,compressorCoolOff,Home,hold
2026-07-11T22:50:00.000Z,Hall AC,77.1,103.6,43,76,300,300,compressorCoolStage1On,Home,hold
2026-07-11T22:55:00.000Z,Hall AC,76.7,103.6,44,76,300,300,compressorCoolStage1On,Home,hold
2026-07-11T23:00:00.000Z,Hall AC,76.3,103.6,43,76,300,300,compressorCoolStage1On,Home,hold
2026-07-11T23:05:00.000Z,Hall AC,75.6,103.6,42,76,30,75,compressorCoolStage1On,Home,hold
2026-07-11T23:10:00.000Z,Hall AC,74.7,103.6,44,76,0,0,compressorCoolOff,Home,hold
2026-07-11T23:15:00.000Z,Hall AC,75,103.6,44,76,0,0,compressorCoolOff,Home,hold
2026-07-11T23:20:00.000Z,Hall AC,76.1,103.6,43,76,180,180,compressorCoolOff,Home,hold
2026-07-11T23:25:00.000Z,Hall AC,77,103.6,42,76,300,300,compressorCoolStage1On,Home,hold
2026-07-11T23:30:00.000Z,Hall AC,76.8,103.6,43,76,300,300,compressorCoolStage1On,Home,hold
2026-07-11T23:35:00.000Z,Hall AC,76.2,103.6,43,76,300,300,compressorCoolStage1On,Home,hold
2026-07-11T23:40:00.000Z,Hall AC,75.7,103.6,43,76,15,60,compressorCoolStage1On,Home,hold
2026-07-11T23:45:00.000Z,Hall AC,74.8,103.6,44,76,0,0,compressorCoolOff,Home,hold
2026-07-11T23:50:00.000Z,Hall AC,75,103.6,44,76,0,0,compressorCoolOff,Home,hold
2026-07-11T23:55:00.000Z,Hall AC,75.9,103.6,43,76,120,120,compressorCoolOff,Home,hold
2026-07-12T00:00:00.000Z,Hall AC,77.1,104.1,42,76,300,300,compressorCoolStage1On,Home,hold
2026-07-12T00:05:00.000Z,Hall AC,77,104.1,42,76,300,300,compressorCoolStage1On,Home,hold
2026-07-12T00:10:00.000Z,Hall AC,76.5,104.1,42,76,300,300,compressorCoolStage1On,Home,hold
2026-07-12T00:15:00.000Z,Hall AC,76,104.1,42,76,195,240,compressorCoolStage1On,Home,hold
2026-07-12T00:20:00.000Z,Hall AC,74.9,104.1,43,76,0,0,compressorCoolOff,Home,hold
2026-07-12T00:25:00.000Z,Hall AC,74.8,104.1,44,76,0,0,compressorCoolOff,Home,hold
2026-07-12T00:30:00.000Z,Hall AC,75.7,104.1,43,76,75,75,compressorCoolOff,Home,hold
2026-07-12T00:35:00.000Z,Hall AC,76.9,104.1,42,76,300,300,compressorCoolStage1On,Home,hold
2026-07-12T00:40:00.000Z,Hall AC,77,104.1,42,76,300,300,compressorCoolStage1On,Home,hold
2026-07-12T00:45:00.000Z,Hall AC,76.6,104.1,42,76,300,300,compressorCoolStage1On,Home,hold
2026-07-12T00:50:00.000Z,Hall AC,76,104.1,42,76,180,225,compressorCoolStage1On,Home,hold
2026-07-12T00:55:00.000Z,Hall AC,74.9,104.1,42,76,0,0,compressorCoolOff,Home,hold
2026-07-12T01:00:00.000Z,Hall AC,74.7,103.3,44,76,0,0,compressorCoolOff,Home,hold
2026-07-12T01:05:00.000Z,Hall AC,75.5,103.3,43,76,30,30,compressorCoolOff,Home,hold
2026-07-12T01:10:00.000Z,Hall AC,76.7,103.3,42,76,300,300,compressorCoolStage1On,Home,hold
2026-07-12T01:15:00.000Z,Hall AC,76.9,103.3,42,76,300,300,compressorCoolStage1On,Home,hold
2026-07-12T01:20:00.000Z,Hall AC,76.4,103.3,42,76,300,300,compressorCoolStage1On,Home,hold
2026-07-12T01:25:00.000Z,Hall AC,75.8,103.3,42,76,60,105,compressorCoolStage1On,Home,hold
2026-07-12T01:30:00.000Z,Hall AC,74.7,103.3,43,76,0,0,compressorCoolOff,Home,hold
2026-07-12T01:35:00.000Z,Hall AC,74.9,103.3,44,76,0,0,compressorCoolOff,Home,hold
2026-07-12T01:40:00.000Z,Hall AC,75.7,103.3,43,76,0,0,compressorCoolOff,Home,hold
2026-07-12T01:45:00.000Z,Hall AC,76.8,103.3,41,76,270,270,compressorCoolOff,Home,hold
2026-07-12T01:50:00.000Z,Hall AC,77,103.3,40,76,300,300,compressorCoolStage1On,Home,hold
2026-07-12T01:55:00.000Z,Hall AC,76.5,103.3,40,76,300,300,compressorCoolStage1On,Home,hold
2026-07-12T02:00:00.000Z,Hall AC,75.9,101.5,40,76,135,180,compressorCoolStage1On,Home,hold
2026-07-12T02:05:00.000Z,Hall AC,74.7,101.5,42,76,0,0,compressorCoolOff,Home,hold
2026-07-12T02:10:00.000Z,Hall AC,74.8,101.5,43,76,0,0,compressorCoolOff,Home,hold
2026-07-12T02:15:00.000Z,Hall AC,75.5,101.5,42,76,0,0,compressorCoolOff,Home,hold
2026-07-12T02:20:00.000Z,Hall AC,76.6,101.5,40,76,225,225,compressorCoolOff,Home,hold
2026-07-12T02:25:00.000Z,Hall AC,77,101.5,40,76,300,300,compressorCoolStage1On,Home,hold
2026-07-12T02:30:00.000Z,Hall AC,76.6,101.5,40,76,300,300,compressorCoolStage1On,Home,hold
2026-07-12T02:35:00.000Z,Hall AC,76,101.5,40,76,180,225,compressorCoolStage1On,Home,hold
2026-07-12T02:40:00.000Z,Hall AC,74.6,101.5,41,76,0,0,compressorCoolOff,Home,hold
2026-07-12T02:45:00.000Z,Hall AC,74.4,101.5,42,76,0,0,compressorCoolOff,Home,hold
2026-07-12T02:50:00.000Z,Hall AC,75.1,101.5,42,76,0,0,compressorCoolOff,Home,hold
2026-07-12T02:55:00.000Z,Hall AC,76.2,101.5,41,76,120,120,compressorCoolOff,Home,hold
2026-07-12T03:00:00.000Z,Hall AC,77,97.1,40,76,300,300,compressorCoolStage1On,Home,hold
2026-07-12T03:05:00.000Z,Hall AC,76.5,97.1,40,76,300,300,compressorCoolStage1On,Home,hold
2026-07-12T03:10:00.000Z,Hall AC,75.9,97.1,40,76,120,165,compressorCoolStage1On,Home,hold
2026-07-12T03:15:00.000Z,Hall AC,74.7,97.1,41,76,0,0,compressorCoolOff,Home,hold
2026-07-12T03:20:00.000Z,Hall AC,74.7,97.1,42,76,0,0,compressorCoolOff,Home,hold
2026-07-12T03:25:00.000Z,Hall AC,75.3,97.1,42,76,0,0,compressorCoolOff,Home,hold
2026-07-12T03:30:00.000Z,Hall AC,76.4,97.1,40,76,150,150,compressorCoolOff,Home,hold
2026-07-12T03:35:00.000Z,Hall AC,77.1,97.1,39,76,300,300,compressorCoolStage1On,Home,hold
2026-07-12T03:40:00.000Z,Hall AC,76.6,97.1,39,76,300,300,compressorCoolStage1On,Home,hold
2026-07-12T03:45:00.000Z,Hall AC,75.6,97.1,40,76,60,105,compressorCoolStage1On,Home,hold
2026-07-12T03:50:00.000Z,Hall AC,74.4,97.1,41,76,0,0,compressorCoolOff,Home,hold
2026-07-12T03:55:00.000Z,Hall AC,74.8,97.1,42,76,0,0,compressorCoolOff,Home,hold
2026-07-12T04:00:00.000Z,Hall AC,75.5,95.5,41,76,0,0,compressorCoolOff,Home,hold
2026-07-12T04:05:00.000Z,Hall AC,76.6,95.5,39,76,195,195,compressorCoolOff,Home,hold
2026-07-12T04:10:00.000Z,Hall AC,77,95.5,39,76,300,300,compressorCoolStage1On,Home,hold
2026-07-12T04:15:00.000Z,Hall AC,76.4,95.5,39,76,300,300,compressorCoolStage1On,Home,hold
2026-07-12T04:20:00.000Z,Hall AC,75.4,95.5,39,76,30,75,compressorCoolStage1On,Home,hold
2026-07-12T04:25:00.000Z,Hall AC,74.4,95.5,41,76,0,0,compressorCoolOff,Home,hold
2026-07-12T04:30:00.000Z,Hall AC,74.8,95.5,41,76,0,0,compressorCoolOff,Home,hold
2026-07-12T04:35:00.000Z,Hall AC,75.5,95.5,40,76,0,0,compressorCoolOff,Home,hold
2026-07-12T04:40:00.000Z,Hall AC,76.5,95.5,39,76,195,195,compressorCoolOff,Home,hold
2026-07-12T04:45:00.000Z,Hall AC,76.9,95.5,39,76,300,300,compressorCoolStage1On,Home,hold
2026-07-12T04:50:00.000Z,Hall AC,76.3,95.5,39,76,270,300,compressorCoolStage1On,Home,hold
2026-07-12T04:55:00.000Z,Hall AC,75.1,95.5,39,76,0,15,compressorCoolOff,Home,hold
2026-07-12T05:00:00.000Z,Hall AC,74.4,94.6,41,76,0,0,compressorCoolOff,Sleep,hold
2026-07-12T05:05:00.000Z,Hall AC,74.9,94.6,41,76,0,0,compressorCoolOff,Sleep,hold
2026-07-12T05:10:00.000Z,Hall AC,75.6,94.6,40,76,30,30,compressorCoolOff,Sleep,hold
2026-07-12T05:15:00.000Z,Hall AC,76.7,94.6,39,76,300,300,compressorCoolStage1On,Sleep,hold
2026-07-12T05:20:00.000Z,Hall AC,76.7,94.6,39,76,300,300,compressorCoolStage1On,Sleep,hold
2026-07-12T05:25:00.000Z,Hall AC,75.9,94.6,39,76,135,180,compressorCoolStage1On,Sleep,hold
2026-07-12T05:30:00.000Z,Hall AC,74.6,95.1,40,76,0,0,compressorCoolOff,Sleep,hold
2026-07-12T05:35:00.000Z,Hall AC,74.4,95.1,41,76,0,0,compressorCoolOff,Sleep,hold
2026-07-12T05:40:00.000Z,Hall AC,74.9,95.1,41,76,0,0,compressorCoolOff,Sleep,hold
2026-07-12T05:45:00.000Z,Hall AC,75.6,95.1,40,76,0,0,compressorCoolOff,Sleep,hold
2026-07-12T05:50:00.000Z,Hall AC,76.6,95.1,39,76,225,225,compressorCoolOff,Sleep,hold
2026-07-12T05:55:00.000Z,Hall AC,77,95.1,39,76,300,300,compressorCoolStage1On,Sleep,hold
2026-07-12T06:00:00.000Z,Hall AC,76.2,92.6,39,76,210,255,compressorCoolStage1On,Sleep,hold
2026-07-12T06:05:00.000Z,Hall AC,74.5,92.6,40,76,0,0,compressorCoolOff,Sleep,hold
2026-07-12T06:10:00.000Z,Hall AC,74.2,92.6,41,76,0,0,compressorCoolOff,Sleep,hold
2026-07-12T06:15:00.000Z,Hall AC,74.9,92.6,41,76,0,0,compressorCoolOff,Sleep,hold
2026-07-12T06:20:00.000Z,Hall AC,75.5,92.6,41,76,0,0,compressorCoolOff,Sleep,hold
2026-07-12T06:25:00.000Z,Hall AC,76.6,92.6,39,76,285,285,compressorCoolOff,Sleep,hold
2026-07-12T06:30:00.000Z,Hall AC,76.8,92.6,39,76,300,300,compressorCoolStage1On,Sleep,hold
2026-07-12T06:35:00.000Z,Hall AC,76,92.6,39,76,150,195,compressorCoolStage1On,Sleep,hold
2026-07-12T06:40:00.000Z,Hall AC,74.6,92.6,40,76,0,0,compressorCoolOff,Sleep,hold
2026-07-12T06:45:00.000Z,Hall AC,74.2,92.6,41,76,0,0,compressorCoolOff,Sleep,hold
2026-07-12T06:50:00.000Z,Hall AC,74.7,92.6,40,76,0,0,compressorCoolOff,Sleep,hold
2026-07-12T06:55:00.000Z,Hall AC,75.4,92.6,40,76,0,0,compressorCoolOff,Sleep,hold
2026-07-12T07:00:00.000Z,Hall AC,75.9,90.6,40,76,75,75,compressorCoolOff,Sleep,hold
2026-07-12T07:05:00.000Z,Hall AC,76.7,90.6,39,76,300,300,compressorCoolStage1On,Sleep,hold
2026-07-12T07:10:00.000Z,Hall AC,76.8,90.6,39,76,300,300,compressorCoolStage1On,Sleep,hold
2026-07-12T07:15:00.000Z,Hall AC,75.5,90.6,39,76,75,120,compressorCoolStage1On,Sleep,hold
2026-07-12T07:20:00.000Z,Hall AC,74.4,90.6,40,76,0,0,compressorCoolOff,Sleep,hold
2026-07-12T07:25:00.000Z,Hall AC,74.7,90.6,40,76,0,0,compressorCoolOff,Sleep,hold
2026-07-12T07:30:00.000Z,Hall AC,75.3,90.6,40,76,0,0,compressorCoolOff,Sleep,hold
2026-07-12T07:35:00.000Z,Hall AC,75.9,90.6,39,76,120,120,compressorCoolOff,Sleep,hold
2026-07-12T07:40:00.000Z,Hall AC,76.8,90.6,39,76,300,300,compressorCoolStage1On,Sleep,hold
2026-07-12T07:45:00.000Z,Hall AC,76.3,90.6,39,76,255,300,compressorCoolStage1On,Sleep,hold
2026-07-12T07:50:00.000Z,Hall AC,75.1,90.6,39,76,0,0,compressorCoolOff,Sleep,hold
2026-07-12T07:55:00.000Z,Hall AC,74.1,90.6,40,76,0,0,compressorCoolOff,Sleep,hold
2026-07-12T08:00:00.000Z,Hall AC,74.4,89.5,40,76,0,0,compressorCoolOff,Sleep,hold
2026-07-12T08:05:00.000Z,Hall AC,75,89.5,40,76,0,0,compressorCoolOff,Sleep,hold
2026-07-12T08:10:00.000Z,Hall AC,75.6,89.5,40,76,0,0,compressorCoolOff,Sleep,hold
2026-07-12T08:15:00.000Z,Hall AC,76.1,89.5,39,76,165,165,compressorCoolOff,Sleep,hold
2026-07-12T08:20:00.000Z,Hall AC,76.8,89.5,39,76,300,300,compressorCoolStage1On,Sleep,hold
2026-07-12T08:25:00.000Z,Hall AC,76.2,89.5,39,76,240,285,compressorCoolStage1On,Sleep,hold
2026-07-12T08:30:00.000Z,Hall AC,74.8,90.4,39,76,0,0,compressorCoolOff,Sleep,hold
2026-07-12T08:35:00.000Z,Hall AC,74.1,90.4,40,76,0,0,compressorCoolOff,Sleep,hold
2026-07-12T08:40:00.000Z,Hall AC,74.5,90.4,40,76,0,0,compressorCoolOff,Sleep,hold
2026-07-12T08:45:00.000Z,Hall AC,75.1,90.4,40,76,0,0,compressorCoolOff,Sleep,hold
2026-07-12T08:50:00.000Z,Hall AC,75.9,90.4,39,76,135,135,compressorCoolOff,Sleep,hold
2026-07-12T08:55:00.000Z,Hall AC,76.5,90.4,39,76,300,300,compressorCoolStage1On,Sleep,hold
2026-07-12T09:00:00.000Z,Hall AC,75.3,89.1,39,76,45,90,compressorCoolStage1On,Sleep,hold
2026-07-12T09:05:00.000Z,Hall AC,74.4,89.1,40,76,0,0,compressorCoolOff,Sleep,hold
2026-07-12T09:10:00.000Z,Hall AC,74.7,89.1,40,76,0,0,compressorCoolOff,Sleep,hold
2026-07-12T09:15:00.000Z,Hall AC,75.3,89.1,40,76,0,0,compressorCoolOff,Sleep,hold
2026-07-12T09:20:00.000Z,Hall AC,76.2,89.1,39,76,210,210,compressorCoolOff,Sleep,hold
2026-07-12T09:25:00.000Z,Hall AC,76.6,89.1,39,76,300,300,compressorCoolStage1On,Sleep,hold
2026-07-12T09:30:00.000Z,Hall AC,75.6,89.9,39,76,105,150,compressorCoolStage1On,Sleep,hold
2026-07-12T09:35:00.000Z,Hall AC,74.1,89.9,41,76,0,0,compressorCoolOff,Sleep,hold
2026-07-12T09:40:00.000Z,Hall AC,74.2,89.9,41,76,0,0,compressorCoolOff,Sleep,hold
2026-07-12T09:45:00.000Z,Hall AC,74.8,89.9,41,76,0,0,compressorCoolOff,Sleep,hold
2026-07-12T09:50:00.000Z,Hall AC,75.4,89.9,41,76,0,0,compressorCoolOff,Sleep,hold
2026-07-12T09:55:00.000Z,Hall AC,75.8,89.9,41,76,15,15,compressorCoolOff,Sleep,hold
2026-07-12T10:00:00.000Z,Hall AC,76.6,88.5,39,76,300,300,compressorCoolStage1On,Sleep,hold
2026-07-12T10:05:00.000Z,Hall AC,76.7,88.5,39,76,300,300,compressorCoolStage1On,Sleep,hold
2026-07-12T10:10:00.000Z,Hall AC,75,88.5,39,76,0,45,compressorCoolOff,Sleep,hold
2026-07-12T10:15:00.000Z,Hall AC,74.3,88.5,41,76,0,0,compressorCoolOff,Sleep,hold
2026-07-12T10:20:00.000Z,Hall AC,74.8,88.5,40,76,0,0,compressorCoolOff,Sleep,hold
2026-07-12T10:25:00.000Z,Hall AC,75.4,88.5,40,76,0,0,compressorCoolOff,Sleep,hold
2026-07-12T10:30:00.000Z,Hall AC,75.8,88.5,40,76,30,30,compressorCoolOff,Sleep,hold
2026-07-12T10:35:00.000Z,Hall AC,76.7,88.5,39,76,300,300,compressorCoolStage1On,Sleep,hold
2026-07-12T10:40:00.000Z,Hall AC,76.6,88.5,39,76,300,300,compressorCoolStage1On,Sleep,hold
2026-07-12T10:45:00.000Z,Hall AC,75.2,88.5,39,76,30,75,compressorCoolStage1On,Sleep,hold
2026-07-12T10:50:00.000Z,Hall AC,74.2,88.5,41,76,0,0,compressorCoolOff,Sleep,hold
2026-07-12T10:55:00.000Z,Hall AC,74.6,88.5,40,76,0,0,compressorCoolOff,Sleep,hold
2026-07-12T11:00:00.000Z,Hall AC,75.1,86.7,40,76,0,0,compressorCoolOff,Sleep,hold
2026-07-12T11:05:00.000Z,Hall AC,75.9,86.7,39,76,120,120,compressorCoolOff,Sleep,hold
2026-07-12T11:10:00.000Z,Hall AC,76.3,86.7,39,76,300,300,compressorCoolStage1On,Sleep,hold
2026-07-12T11:15:00.000Z,Hall AC,75,86.7,40,76,0,45,compressorCoolOff,Sleep,hold
2026-07-12T11:20:00.000Z,Hall AC,74.2,86.7,41,76,0,0,compressorCoolOff,Sleep,hold
2026-07-12T11:25:00.000Z,Hall AC,74.7,86.7,41,76,0,0,compressorCoolOff,Sleep,hold
2026-07-12T11:30:00.000Z,Hall AC,75.2,86.7,40,76,0,0,compressorCoolOff,Sleep,hold
2026-07-12T11:35:00.000Z,Hall AC,76,86.7,39,76,150,150,compressorCoolOff,Sleep,hold
2026-07-12T11:40:00.000Z,Hall AC,76.5,86.7,39,76,300,300,compressorCoolStage1On,Sleep,hold
2026-07-12T11:45:00.000Z,Hall AC,75.2,86.7,40,76,45,90,compressorCoolStage1On,Sleep,hold
2026-07-12T11:50:00.000Z,Hall AC,74.1,86.7,41,76,0,0,compressorCoolOff,Sleep,hold
2026-07-12T11:55:00.000Z,Hall AC,74.4,86.7,42,76,0,0,compressorCoolOff,Sleep,hold
2026-07-12T12:00:00.000Z,Hall AC,75,85.9,40,76,0,0,compressorCoolOff,Sleep,hold
2026-07-12T12:05:00.000Z,Hall AC,75.5,85.9,40,76,0,0,compressorCoolOff,Sleep,hold
2026-07-12T12:10:00.000Z,Hall AC,76.4,85.9,39,76,300,300,compressorCoolStage1On,Sleep,hold
2026-07-12T12:15:00.000Z,Hall AC,76.2,85.9,40,76,210,255,compressorCoolStage1On,Sleep,hold
2026-07-12T12:20:00.000Z,Hall AC,74.5,85.9,40,76,0,0,compressorCoolOff,Sleep,hold
2026-07-12T12:25:00.000Z,Hall AC,74.1,85.9,42,76,0,0,compressorCoolOff,Sleep,hold
2026-07-12T12:30:00.000Z,Hall AC,74.6,85.9,40,76,0,0,compressorCoolOff,Sleep,hold
2026-07-12T12:35:00.000Z,Hall AC,75.2,85.9,40,76,0,0,compressorCoolOff,Sleep,hold
2026-07-12T12:40:00.000Z,Hall AC,75.5,85.9,40,76,0,0,compressorCoolOff,Sleep,hold
2026-07-12T12:45:00.000Z,Hall AC,75.8,85.9,40,76,0,0,compressorCoolOff,Sleep,hold
2026-07-12T12:50:00.000Z,Hall AC,76,85.9,40,76,255,255,compressorCoolOff,Sleep,hold
2026-07-12T12:55:00.000Z,Hall AC,76,85.9,40,76,150,195,compressorCoolStage1On,Sleep,hold
2026-07-12T13:00:00.000Z,Hall AC,75.6,85.7,40,76,0,0,compressorCoolOff,Sleep,hold
2026-07-12T13:05:00.000Z,Hall AC,75.7,85.7,41,76,0,0,compressorCoolOff,Sleep,hold
2026-07-12T13:10:00.000Z,Hall AC,76,85.7,41,76,165,165,compressorCoolOff,Sleep,hold
2026-07-12T13:15:00.000Z,Hall AC,76.2,85.7,40,76,300,300,compressorCoolStage1On,Sleep,hold
2026-07-12T13:20:00.000Z,Hall AC,76.5,85.7,39,76,300,300,compressorCoolStage1On,Sleep,hold
2026-07-12T13:25:00.000Z,Hall AC,76.4,85.7,38,76,255,300,compressorCoolStage1On,Sleep,hold
2026-07-12T13:30:00.000Z,Hall AC,74.6,87.2,39,76,0,0,compressorCoolOff,Sleep,hold
2026-07-12T13:35:00.000Z,Hall AC,73.6,87.2,41,76,0,0,compressorCoolOff,Sleep,hold
2026-07-12T13:40:00.000Z,Hall AC,74,87.2,40,76,0,0,compressorCoolOff,Sleep,hold
2026-07-12T13:45:00.000Z,Hall AC,74.6,87.2,40,76,0,0,compressorCoolOff,Sleep,hold
2026-07-12T13:50:00.000Z,Hall AC,75.2,87.2,39,76,0,0,compressorCoolOff,Sleep,hold
2026-07-12T13:55:00.000Z,Hall AC,76.1,87.2,39,76,195,195,compressorCoolOff,Sleep,hold
2026-07-12T14:00:00.000Z,Hall AC,76.1,86.6,39,76,195,240,compressorCoolStage1On,Sleep,hold
2026-07-12T14:05:00.000Z,Hall AC,74.6,86.6,40,76,0,0,compressorCoolOff,Sleep,hold
2026-07-12T14:10:00.000Z,Hall AC,74.1,86.6,42,76,0,0,compressorCoolOff,Sleep,hold
2026-07-12T14:15:00.000Z,Hall AC,74.5,86.6,41,76,0,0,compressorCoolOff,Sleep,hold
2026-07-12T14:20:00.000Z,Hall AC,75.1,86.6,40,76,0,0,compressorCoolOff,Sleep,hold
2026-07-12T14:25:00.000Z,Hall AC,76,86.6,39,76,150,150,compressorCoolOff,Sleep,hold
2026-07-12T14:30:00.000Z,Hall AC,76.3,86.6,39,76,270,300,compressorCoolStage1On,Sleep,hold
2026-07-12T14:35:00.000Z,Hall AC,74.8,86.6,40,76,0,15,compressorCoolOff,Sleep,hold
2026-07-12T14:40:00.000Z,Hall AC,74.2,86.6,42,76,0,0,compressorCoolOff,Sleep,hold
2026-07-12T14:45:00.000Z,Hall AC,74.6,86.6,42,76,0,0,compressorCoolOff,Sleep,hold
2026-07-12T14:50:00.000Z,Hall AC,75.4,86.6,41,76,0,0,compressorCoolOff,Sleep,hold
2026-07-12T14:55:00.000Z,Hall AC,76.2,86.6,40,76,255,255,compressorCoolOff,Sleep,hold
2026-07-12T15:00:00.000Z,Hall AC,75.3,89.9,40,76,45,90,compressorCoolStage1On,Away,hold
2026-07-12T15:05:00.000Z,Hall AC,74.6,89.9,42,76,0,0,compressorCoolOff,Away,hold
2026-07-12T15:10:00.000Z,Hall AC,75.1,89.9,41,76,0,0,compressorCoolOff,Away,hold
2026-07-12T15:15:00.000Z,Hall AC,76.1,89.9,40,76,195,195,compressorCoolOff,Away,hold
2026-07-12T15:20:00.000Z,Hall AC,75.8,89.9,41,76,120,165,compressorCoolStage1On,Away,hold
2026-07-12T15:25:00.000Z,Hall AC,74.6,89.9,43,76,0,0,compressorCoolOff,Away,hold
2026-07-12T15:30:00.000Z,Hall AC,74.9,89.9,44,76,0,0,compressorCoolOff,Away,hold
2026-07-12T15:35:00.000Z,Hall AC,75.8,89.9,42,76,90,90,compressorCoolOff,Away,hold
2026-07-12T15:40:00.000Z,Hall AC,76.4,89.9,41,76,300,300,compressorCoolStage1On,Away,hold
2026-07-12T15:45:00.000Z,Hall AC,75.3,89.9,42,76,30,75,compressorCoolStage1On,Away,hold
2026-07-12T15:50:00.000Z,Hall AC,74.4,89.9,43,76,0,0,compressorCoolOff,Away,hold
2026-07-12T15:55:00.000Z,Hall AC,74.9,89.9,44,76,0,0,compressorCoolOff,Away,hold
2026-07-12T16:00:00.000Z,Hall AC,75.8,93.4,42,76,105,105,compressorCoolOff,Away,hold
2026-07-12T16:05:00.000Z,Hall AC,76.4,93.4,42,76,300,300,compressorCoolStage1On,Away,hold
2026-07-12T16:10:00.000Z,Hall AC,75.5,93.4,43,76,60,105,compressorCoolStage1On,Away,hold
2026-07-12T16:15:00.000Z,Hall AC,74.4,93.4,43,76,0,0,compressorCoolOff,Away,hold
2026-07-12T16:20:00.000Z,Hall AC,74.8,93.4,44,76,0,0,compressorCoolOff,Away,hold
2026-07-12T16:25:00.000Z,Hall AC,75.7,93.4,43,76,75,75,compressorCoolOff,Away,hold
2026-07-12T16:30:00.000Z,Hall AC,76.5,93.4,42,76,300,300,compressorCoolStage1On,Away,hold
2026-07-12T16:35:00.000Z,Hall AC,75.7,93.4,43,76,105,150,compressorCoolStage1On,Away,hold
2026-07-12T16:40:00.000Z,Hall AC,74.4,93.4,44,76,0,0,compressorCoolOff,Away,hold
2026-07-12T16:45:00.000Z,Hall AC,74.7,93.4,44,76,0,0,compressorCoolOff,Away,hold
2026-07-12T16:50:00.000Z,Hall AC,75.6,93.4,43,76,45,45,compressorCoolOff,Away,hold
2026-07-12T16:55:00.000Z,Hall AC,76.4,93.4,42,76,300,300,compressorCoolStage1On,Away,hold
2026-07-12T17:00:00.000Z,Hall AC,76,96.8,43,76,180,225,compressorCoolStage1On,Away,hold
2026-07-12T17:05:00.000Z,Hall AC,74.6,96.8,44,76,0,0,compressorCoolOff,Away,hold
2026-07-12T17:10:00.000Z,Hall AC,74.6,96.8,45,76,0,0,compressorCoolOff,Away,hold
2026-07-12T17:15:00.000Z,Hall AC,75.2,96.8,44,76,0,0,compressorCoolOff,Away,hold
2026-07-12T17:20:00.000Z,Hall AC,75.9,96.8,43,76,15,15,compressorCoolOff,Away,hold
2026-07-12T17:25:00.000Z,Hall AC,76.7,96.8,43,76,300,300,compressorCoolStage1On,Away,hold
2026-07-12T17:30:00.000Z,Hall AC,76.5,96.8,44,76,300,300,compressorCoolStage1On,Away,hold
2026-07-12T17:35:00.000Z,Hall AC,75.8,96.8,45,76,105,150,compressorCoolStage1On,Away,hold
2026-07-12T17:40:00.000Z,Hall AC,74.4,96.8,45,76,0,0,compressorCoolOff,Away,hold
2026-07-12T17:45:00.000Z,Hall AC,74.6,96.8,45,76,0,0,compressorCoolOff,Away,hold
2026-07-12T17:50:00.000Z,Hall AC,75.2,96.8,44,76,0,0,compressorCoolOff,Away,hold
2026-07-12T17:55:00.000Z,Hall AC,76.1,96.8,43,76,60,60,compressorCoolOff,Away,hold
2026-07-12T18:00:00.000Z,Hall AC,76.9,98.7,43,76,300,300,compressorCoolStage1On,Away,hold
2026-07-12T18:05:00.000Z,Hall AC,76.6,98.7,44,76,300,300,compressorCoolStage1On,Away,hold
2026-07-12T18:10:00.000Z,Hall AC,75.6,98.7,45,76,75,120,compressorCoolStage1On,Away,hold
2026-07-12T18:15:00.000Z,Hall AC,74.4,98.7,45,76,0,0,compressorCoolOff,Away,hold
2026-07-12T18:20:00.000Z,Hall AC,74.7,98.7,45,76,0,0,compressorCoolOff,Away,hold
2026-07-12T18:25:00.000Z,Hall AC,75.4,98.7,45,76,0,0,compressorCoolOff,Away,hold
2026-07-12T18:30:00.000Z,Hall AC,76.4,99.5,43,76,165,165,compressorCoolOff,Away,hold
2026-07-12T18:35:00.000Z,Hall AC,76.9,99.5,44,75.4,300,300,compressorCoolStage1On,Away,hold
2026-07-12T18:40:00.000Z,Hall AC,76.4,99.5,45,74,300,300,compressorCoolStage1On,Away,auto
2026-07-12T18:45:00.000Z,Hall AC,75.8,99.5,45,74,300,300,compressorCoolStage1On,Away,auto
2026-07-12T18:50:00.000Z,Hall AC,75.4,99.5,45,74,300,300,compressorCoolStage1On,Away,auto
2026-07-12T18:55:00.000Z,Hall AC,75.1,99.5,45,74,300,300,compressorCoolStage1On,Away,auto
2026-07-12T19:00:00.000Z,Hall AC,74.7,100.1,44,74,300,300,compressorCoolStage1On,Away,auto
2026-07-12T19:05:00.000Z,Hall AC,74.4,100.1,44,74,300,300,compressorCoolStage1On,Away,auto
2026-07-12T19:10:00.000Z,Hall AC,74.2,100.1,44,74,300,300,compressorCoolStage1On,Away,auto
2026-07-12T19:15:00.000Z,Hall AC,74.1,100.1,44,74,300,300,compressorCoolStage1On,Away,auto
2026-07-12T19:20:00.000Z,Hall AC,73.8,100.1,44,74,30,75,compressorCoolStage1On,Away,auto
2026-07-12T19:25:00.000Z,Hall AC,73.4,100.1,44,74,0,0,compressorCoolOff,Away,auto
2026-07-12T19:30:00.000Z,Hall AC,73.4,100.1,45,74,0,0,compressorCoolOff,Away,auto
2026-07-12T19:35:00.000Z,Hall AC,74.1,100.1,44,74,150,150,compressorCoolOff,Away,auto
2026-07-12T19:40:00.000Z,Hall AC,75.3,100.1,44,74,300,300,compressorCoolStage1On,Away,auto
2026-07-12T19:45:00.000Z,Hall AC,75.4,100.1,45,74,300,300,compressorCoolStage1On,Away,auto
2026-07-12T19:50:00.000Z,Hall AC,75,100.1,45,74,300,300,compressorCoolStage1On,Away,auto
2026-07-12T19:55:00.000Z,Hall AC,74.7,100.1,44,74,300,300,compressorCoolStage1On,Away,auto
2026-07-12T20:00:00.000Z,Hall AC,74.4,101.7,44,74,300,300,compressorCoolStage1On,Home,auto
2026-07-12T20:05:00.000Z,Hall AC,74.1,101.7,44,74,225,270,compressorCoolStage1On,Home,auto
2026-07-12T20:10:00.000Z,Hall AC,73.6,101.7,44,74,0,0,compressorCoolOff,Home,auto
2026-07-12T20:15:00.000Z,Hall AC,73.1,101.7,45,74,0,0,compressorCoolOff,Home,auto
2026-07-12T20:20:00.000Z,Hall AC,73.6,101.7,45,74,45,45,compressorCoolOff,Home,auto
2026-07-12T20:25:00.000Z,Hall AC,75,101.7,44,74,300,300,compressorCoolStage1On,Home,auto
2026-07-12T20:30:00.000Z,Hall AC,74.8,101.7,45,74,300,300,compressorCoolStage1On,Home,auto
2026-07-12T20:35:00.000Z,Hall AC,74.7,101.7,45,74,300,300,compressorCoolStage1On,Home,auto
2026-07-12T20:40:00.000Z,Hall AC,74.8,101.7,45,74,300,300,compressorCoolStage1On,Home,auto
2026-07-12T20:45:00.000Z,Hall AC,74.1,101.7,44,74,195,240,compressorCoolStage1On,Home,auto
2026-07-12T20:50:00.000Z,Hall AC,73.9,101.7,45,74,30,30,compressorCoolOff,Home,auto
2026-07-12T20:55:00.000Z,Hall AC,74.3,101.7,46,74,300,300,compressorCoolStage1On,Home,auto
2026-07-12T21:00:00.000Z,Hall AC,74.5,103,44,74,300,300,compressorCoolStage1On,Home,auto
2026-07-12T21:05:00.000Z,Hall AC,74.6,103,44,74,300,300,compressorCoolStage1On,Home,auto
2026-07-12T21:10:00.000Z,Hall AC,74.7,103,44,74,300,300,compressorCoolStage1On,Home,auto
2026-07-12T21:15:00.000Z,Hall AC,74.6,103,43,74,300,300,compressorCoolStage1On,Home,auto
2026-07-12T21:20:00.000Z,Hall AC,74.6,103,42,74,300,300,compressorCoolStage1On,Home,auto
2026-07-12T21:25:00.000Z,Hall AC,74.5,103,42,74,300,300,compressorCoolStage1On,Home,auto
2026-07-12T21:30:00.000Z,Hall AC,74.5,104,42,74,300,300,compressorCoolStage1On,Home,auto
2026-07-12T21:35:00.000Z,Hall AC,74.4,104,42,74,300,300,compressorCoolStage1On,Home,auto
2026-07-12T21:40:00.000Z,Hall AC,74.3,104,42,74,300,300,compressorCoolStage1On,Home,auto
2026-07-12T21:45:00.000Z,Hall AC,74.1,104,43,74,300,300,compressorCoolStage1On,Home,auto
2026-07-12T21:50:00.000Z,Hall AC,74.1,104,43,74,300,300,compressorCoolStage1On,Home,auto
2026-07-12T21:55:00.000Z,Hall AC,74,104,43,74,120,165,compressorCoolStage1On,Home,auto
2026-07-12T22:00:00.000Z,Hall AC,73.9,104.2,44,74,30,30,compressorCoolOff,Home,auto
2026-07-12T22:05:00.000Z,Hall AC,74.1,104.2,44,74,300,300,compressorCoolStage1On,Home,auto
2026-07-12T22:10:00.000Z,Hall AC,74.3,104.2,43,74,300,300,compressorCoolStage1On,Home,auto
2026-07-12T22:15:00.000Z,Hall AC,74.3,104.2,43,74,300,300,compressorCoolStage1On,Home,auto
2026-07-12T22:20:00.000Z,Hall AC,74.2,104.2,43,74,300,300,compressorCoolStage1On,Home,auto
2026-07-12T22:25:00.000Z,Hall AC,74.1,104.2,42,74,300,300,compressorCoolStage1On,Home,auto
2026-07-12T22:30:00.000Z,Hall AC,73.9,104.2,43,74,30,75,compressorCoolStage1On,Home,auto
2026-07-12T22:35:00.000Z,Hall AC,74.1,104.2,44,74,195,195,compressorCoolOff,Home,auto
2026-07-12T22:40:00.000Z,Hall AC,74.4,104.2,44,74,300,300,compressorCoolStage1On,Home,auto
2026-07-12T22:45:00.000Z,Hall AC,74.3,104.2,43,74,300,300,compressorCoolStage1On,Home,auto
2026-07-12T22:50:00.000Z,Hall AC,74.2,104.2,43,74,300,300,compressorCoolStage1On,Home,auto
2026-07-12T22:55:00.000Z,Hall AC,74.1,104.2,43,74,300,300,compressorCoolStage1On,Home,auto
2026-07-12T23:00:00.000Z,Hall AC,73.9,104.2,43,74,45,90,compressorCoolStage1On,Home,auto
2026-07-12T23:05:00.000Z,Hall AC,73.9,104.2,44,74,30,30,compressorCoolOff,Home,auto
2026-07-12T23:10:00.000Z,Hall AC,74.1,104.2,44,74,300,300,compressorCoolStage1On,Home,auto
2026-07-12T23:15:00.000Z,Hall AC,74.2,104.2,44,74,300,300,compressorCoolStage1On,Home,auto
2026-07-12T23:20:00.000Z,Hall AC,74.2,104.2,43,74,300,300,compressorCoolStage1On,Home,auto
2026-07-12T23:25:00.000Z,Hall AC,73.9,104.2,43,74,75,120,compressorCoolStage1On,Home,auto
2026-07-12T23:30:00.000Z,Hall AC,73.8,104.2,44,74,30,30,compressorCoolOff,Home,auto
2026-07-12T23:35:00.000Z,Hall AC,74.3,104.2,45,74,300,300,compressorCoolStage1On,Home,auto
2026-07-12T23:40:00.000Z,Hall AC,74.6,104.2,43,74,300,300,compressorCoolStage1On,Home,auto
2026-07-12T23:45:00.000Z,Hall AC,74.4,104.2,43,74,300,300,compressorCoolStage1On,Home,auto
2026-07-12T23:50:00.000Z,Hall AC,73.9,104.2,43,74,120,165,compressorCoolStage1On,Home,auto
2026-07-12T23:55:00.000Z,Hall AC,73.6,104.2,44,74,0,0,compressorCoolOff,Home,auto
2026-07-13T00:00:00.000Z,Hall AC,74.2,103.5,45,74,240,240,compressorCoolOff,Home,auto
2026-07-13T00:05:00.000Z,Hall AC,74.3,103.5,45,74,300,300,compressorCoolStage1On,Home,auto
2026-07-13T00:10:00.000Z,Hall AC,74.1,103.5,43,74,255,300,compressorCoolStage1On,Home,auto
2026-07-13T00:15:00.000Z,Hall AC,73.7,103.5,43,74,0,0,compressorCoolOff,Home,auto
2026-07-13T00:20:00.000Z,Hall AC,74,103.5,44,74,150,150,compressorCoolOff,Home,auto
2026-07-13T00:25:00.000Z,Hall AC,74.6,103.5,44,74,300,300,compressorCoolStage1On,Home,auto
2026-07-13T00:30:00.000Z,Hall AC,74.2,103.5,44,74,270,300,compressorCoolStage1On,Home,auto
2026-07-13T00:35:00.000Z,Hall AC,73.8,103.5,43,74,0,15,compressorCoolOff,Home,auto
2026-07-13T00:40:00.000Z,Hall AC,74,103.5,44,74,135,135,compressorCoolOff,Home,auto
2026-07-13T00:45:00.000Z,Hall AC,74.3,103.5,44,74,300,300,compressorCoolStage1On,Home,auto
2026-07-13T00:50:00.000Z,Hall AC,74.2,103.5,42,74,300,300,compressorCoolStage1On,Home,auto
2026-07-13T00:55:00.000Z,Hall AC,73.8,103.5,42,74,15,60,compressorCoolStage1On,Home,auto
2026-07-13T01:00:00.000Z,Hall AC,74,97.6,42,74,165,165,compressorCoolOff,Home,auto
2026-07-13T01:05:00.000Z,Hall AC,74.4,97.6,42,74,300,300,compressorCoolStage1On,Home,auto
2026-07-13T01:10:00.000Z,Hall AC,74.4,97.6,42,74,300,300,compressorCoolStage1On,Home,auto
2026-07-13T01:15:00.000Z,Hall AC,74.1,97.6,41,74,270,300,compressorCoolStage1On,Home,auto
2026-07-13T01:20:00.000Z,Hall AC,73.8,97.6,42,74,0,15,compressorCoolOff,Home,auto
2026-07-13T01:25:00.000Z,Hall AC,74,97.6,42,74,180,180,compressorCoolOff,Home,auto
2026-07-13T01:30:00.000Z,Hall AC,74.3,100,42,74,300,300,compressorCoolStage1On,Home,auto
2026-07-13T01:35:00.000Z,Hall AC,74.2,100,41,74,300,300,compressorCoolStage1On,Home,auto
2026-07-13T01:40:00.000Z,Hall AC,74.1,100,41,74,300,300,compressorCoolStage1On,Home,auto
2026-07-13T01:45:00.000Z,Hall AC,74.1,100,40,74,300,300,compressorCoolStage1On,Home,auto
2026-07-13T01:50:00.000Z,Hall AC,74,100,40,74,150,195,compressorCoolStage1On,Home,auto
2026-07-13T01:55:00.000Z,Hall AC,73.6,100,42,74,0,0,compressorCoolOff,Home,auto
2026-07-13T02:00:00.000Z,Hall AC,73.9,96.9,43,74,90,90,compressorCoolOff,Home,auto
2026-07-13T02:05:00.000Z,Hall AC,74.4,96.9,41,74,300,300,compressorCoolStage1On,Home,auto
2026-07-13T02:10:00.000Z,Hall AC,74.3,96.9,40,74,300,300,compressorCoolStage1On,Home,auto
2026-07-13T02:15:00.000Z,Hall AC,73.9,96.9,41,74,45,90,compressorCoolStage1On,Home,auto
2026-07-13T02:20:00.000Z,Hall AC,73.8,96.9,42,74,30,30,compressorCoolOff,Home,auto
2026-07-13T02:25:00.000Z,Hall AC,74.1,96.9,41,74,300,300,compressorCoolStage1On,Home,auto
2026-07-13T02:30:00.000Z,Hall AC,73.9,97.7,41,74,120,165,compressorCoolStage1On,Home,auto
2026-07-13T02:35:00.000Z,Hall AC,73.7,97.7,41,74,0,0,compressorCoolOff,Home,auto
2026-07-13T02:40:00.000Z,Hall AC,74.1,97.7,41,74,270,270,compressorCoolOff,Home,auto
2026-07-13T02:45:00.000Z,Hall AC,74.2,97.7,41,74,285,300,compressorCoolStage1On,Home,auto
2026-07-13T02:50:00.000Z,Hall AC,73.7,97.7,41,74,0,30,compressorCoolOff,Home,auto
2026-07-13T02:55:00.000Z,Hall AC,73.9,97.7,42,74,120,120,compressorCoolOff,Home,auto
2026-07-13T03:00:00.000Z,Hall AC,74.1,94.4,42,74,270,300,compressorCoolStage1On,Home,auto
2026-07-13T03:05:00.000Z,Hall AC,73.7,94.4,41,74,0,15,compressorCoolOff,Home,auto
2026-07-13T03:10:00.000Z,Hall AC,73.9,94.4,42,74,105,105,compressorCoolOff,Home,auto
2026-07-13T03:15:00.000Z,Hall AC,74.1,94.4,42,74,195,240,compressorCoolStage1On,Home,auto
2026-07-13T03:20:00.000Z,Hall AC,73.9,94.4,42,74,15,15,compressorCoolOff,Home,auto
2026-07-13T03:25:00.000Z,Hall AC,74.2,94.4,44,74,300,300,compressorCoolStage1On,Home,auto
2026-07-13T03:30:00.000Z,Hall AC,74.2,95.9,42,74,300,300,compressorCoolStage1On,Home,auto
2026-07-13T03:35:00.000Z,Hall AC,74,95.9,41,74,180,225,compressorCoolStage1On,Home,auto
2026-07-13T03:40:00.000Z,Hall AC,73.6,95.9,41,74,0,0,compressorCoolOff,Home,auto
2026-07-13T03:45:00.000Z,Hall AC,73.6,95.9,42,74,0,0,compressorCoolOff,Home,auto
2026-07-13T03:50:00.000Z,Hall AC,74,95.9,43,74,225,225,compressorCoolOff,Home,auto
2026-07-13T03:55:00.000Z,Hall AC,74.1,95.9,41,74,300,300,compressorCoolStage1On,Home,auto
2026-07-13T04:00:00.000Z,Hall AC,74.2,94.2,41,74,270,300,compressorCoolStage1On,Home,auto
2026-07-13T04:05:00.000Z,Hall AC,73.5,94.2,41,74,0,15,compressorCoolOff,Home,auto
2026-07-13T04:10:00.000Z,Hall AC,73.3,94.2,41,74,0,0,compressorCoolOff,Home,auto
2026-07-13T04:15:00.000Z,Hall AC,73.9,94.2,41,74,90,90,compressorCoolOff,Home,auto
2026-07-13T04:20:00.000Z,Hall AC,74,94.2,41,74,210,255,compressorCoolStage1On,Home,auto
2026-07-13T04:25:00.000Z,Hall AC,73.5,94.2,41,74,0,0,compressorCoolOff,Home,auto
2026-07-13T04:30:00.000Z,Hall AC,73.8,94.2,42,74,60,60,compressorCoolOff,Home,auto
2026-07-13T04:35:00.000Z,Hall AC,74.1,94.2,41,74,300,300,compressorCoolStage1On,Home,auto
2026-07-13T04:40:00.000Z,Hall AC,74.2,94.2,41,74,300,300,compressorCoolStage1On,Home,auto
2026-07-13T04:45:00.000Z,Hall AC,74,94.2,41,74,150,195,compressorCoolStage1On,Home,auto
2026-07-13T04:50:00.000Z,Hall AC,73.7,94.2,41,74,0,0,compressorCoolOff,Home,auto
2026-07-13T04:55:00.000Z,Hall AC,73.8,94.2,42,74,0,0,compressorCoolOff,Home,auto
2026-07-13T05:00:00.000Z,Hall AC,74.1,90.8,43,74,180,180,compressorCoolOff,Sleep,auto
2026-07-13T05:05:00.000Z,Hall AC,74.3,90.8,41,74,300,300,compressorCoolStage1On,Sleep,auto
2026-07-13T05:10:00.000Z,Hall AC,73.6,90.8,40,74,30,75,compressorCoolStage1On,Sleep,auto
2026-07-13T05:15:00.000Z,Hall AC,72.7,90.8,42,74,0,0,compressorCoolOff,Sleep,auto
2026-07-13T05:20:00.000Z,Hall AC,72.7,90.8,42,74,0,0,compressorCoolOff,Sleep,auto
2026-07-13T05:25:00.000Z,Hall AC,73,90.8,41,74,0,0,compressorCoolOff,Sleep,auto
2026-07-13T05:30:00.000Z,Hall AC,73.3,90.8,41,74,0,0,compressorCoolOff,Sleep,auto
2026-07-13T05:35:00.000Z,Hall AC,73.5,90.8,40,74,0,0,compressorCoolOff,Sleep,auto
2026-07-13T05:40:00.000Z,Hall AC,73.7,90.8,39,74,0,0,compressorCoolOff,Sleep,auto
2026-07-13T05:45:00.000Z,Hall AC,73.8,90.8,39,74,0,0,compressorCoolOff,Sleep,auto
2026-07-13T05:50:00.000Z,Hall AC,74,90.8,39,74,150,150,compressorCoolOff,Sleep,auto
2026-07-13T05:55:00.000Z,Hall AC,73.9,90.8,39,74,165,210,compressorCoolStage1On,Sleep,auto
2026-07-13T06:00:00.000Z,Hall AC,73.2,87.6,40,74,0,0,compressorCoolOff,Sleep,auto
2026-07-13T06:05:00.000Z,Hall AC,73.3,87.6,41,74,0,0,compressorCoolOff,Sleep,auto
2026-07-13T06:10:00.000Z,Hall AC,74.5,87.6,40,74,270,270,compressorCoolOff,Sleep,auto
2026-07-13T06:15:00.000Z,Hall AC,74.9,87.6,39,74,300,300,compressorCoolStage1On,Sleep,auto
2026-07-13T06:20:00.000Z,Hall AC,74,87.6,40,74,150,195,compressorCoolStage1On,Sleep,auto
2026-07-13T06:25:00.000Z,Hall AC,72.6,87.6,41,74,0,0,compressorCoolOff,Sleep,auto
2026-07-13T06:30:00.000Z,Hall AC,72.3,87.8,42,74,0,0,compressorCoolOff,Sleep,auto
2026-07-13T06:35:00.000Z,Hall AC,72.4,87.8,42,74,0,0,compressorCoolOff,Sleep,auto
2026-07-13T06:40:00.000Z,Hall AC,72.3,87.8,41,74,0,0,compressorCoolOff,Sleep,auto
2026-07-13T06:45:00.000Z,Hall AC,72.5,87.8,41,74,0,0,compressorCoolOff,Sleep,auto
2026-07-13T06:50:00.000Z,Hall AC,73.5,87.8,41,74,0,0,compressorCoolOff,Sleep,auto
2026-07-13T06:55:00.000Z,Hall AC,73.9,87.8,41,74,0,0,compressorCoolOff,Sleep,auto
2026-07-13T07:00:00.000Z,Hall AC,74.1,86.9,42,74,210,210,compressorCoolOff,Sleep,auto
2026-07-13T07:05:00.000Z,Hall AC,74.2,86.9,42,74,285,300,compressorCoolStage1On,Sleep,auto
2026-07-13T07:10:00.000Z,Hall AC,73.1,86.9,42,74,0,30,compressorCoolOff,Sleep,auto
2026-07-13T07:15:00.000Z,Hall AC,72,86.9,43,74,0,0,compressorCoolOff,Sleep,auto
2026-07-13T07:20:00.000Z,Hall AC,72.7,86.9,44,74,0,0,compressorCoolOff,Sleep,auto
2026-07-13T07:25:00.000Z,Hall AC,73.2,86.9,43,74,0,0,compressorCoolOff,Sleep,auto
2026-07-13T07:30:00.000Z,Hall AC,73.1,86.9,43,74,0,0,compressorCoolOff,Sleep,auto
2026-07-13T07:35:00.000Z,Hall AC,73.5,86.9,44,74,0,0,compressorCoolOff,Sleep,auto
2026-07-13T07:40:00.000Z,Hall AC,73.9,86.9,44,74,15,15,compressorCoolOff,Sleep,auto
2026-07-13T07:45:00.000Z,Hall AC,74.3,86.9,44,74,300,300,compressorCoolStage1On,Sleep,auto
2026-07-13T07:50:00.000Z,Hall AC,73.7,86.9,45,74,105,150,compressorCoolStage1On,Sleep,auto
2026-07-13T07:55:00.000Z,Hall AC,72.2,86.9,45,74,0,0,compressorCoolOff,Sleep,auto
2026-07-13T08:00:00.000Z,Hall AC,72.6,84.4,45,74,0,0,compressorCoolOff,Sleep,auto
2026-07-13T08:05:00.000Z,Hall AC,73.5,84.4,45,74,0,0,compressorCoolOff,Sleep,auto
2026-07-13T08:10:00.000Z,Hall AC,73.8,84.4,45,74,0,0,compressorCoolOff,Sleep,auto
2026-07-13T08:15:00.000Z,Hall AC,74,84.4,45,74,135,135,compressorCoolOff,Sleep,auto
2026-07-13T08:20:00.000Z,Hall AC,74,84.4,45,74,165,210,compressorCoolStage1On,Sleep,auto
2026-07-13T08:25:00.000Z,Hall AC,72.6,84.4,45,74,0,0,compressorCoolOff,Sleep,auto
2026-07-13T08:30:00.000Z,Hall AC,72.4,84.4,45,74,0,0,compressorCoolOff,Sleep,auto
2026-07-13T08:35:00.000Z,Hall AC,73,84.4,44,74,0,0,compressorCoolOff,Sleep,auto
2026-07-13T08:40:00.000Z,Hall AC,74.2,84.4,45,74,195,195,compressorCoolOff,Sleep,auto
2026-07-13T08:45:00.000Z,Hall AC,74.9,84.4,46,74,300,300,compressorCoolStage1On,Sleep,auto
2026-07-13T08:50:00.000Z,Hall AC,74.3,84.4,45,74,255,300,compressorCoolStage1On,Sleep,auto
2026-07-13T08:55:00.000Z,Hall AC,73.2,84.4,45,74,0,0,compressorCoolOff,Sleep,auto
2026-07-13T09:00:00.000Z,Hall AC,72,83.2,45,74,0,0,compressorCoolOff,Sleep,auto
2026-07-13T09:05:00.000Z,Hall AC,71.7,83.2,44,74,0,0,compressorCoolOff,Sleep,auto
2026-07-13T09:10:00.000Z,Hall AC,72.2,83.2,44,74,0,0,compressorCoolOff,Sleep,auto
2026-07-13T09:15:00.000Z,Hall AC,73,83.2,44,74,0,0,compressorCoolOff,Sleep,auto
2026-07-13T09:20:00.000Z,Hall AC,74,83.2,45,74,135,135,compressorCoolOff,Sleep,auto
2026-07-13T09:25:00.000Z,Hall AC,74.5,83.2,45,74,300,300,compressorCoolStage1On,Sleep,auto
2026-07-13T09:30:00.000Z,Hall AC,74.1,85,45,74,180,225,compressorCoolStage1On,Sleep,auto
2026-07-13T09:35:00.000Z,Hall AC,72.8,85,45,74,0,0,compressorCoolOff,Sleep,auto
2026-07-13T09:40:00.000Z,Hall AC,71.8,85,44,74,0,0,compressorCoolOff,Sleep,auto
2026-07-13T09:45:00.000Z,Hall AC,71.9,85,44,74,0,0,compressorCoolOff,Sleep,auto
2026-07-13T09:50:00.000Z,Hall AC,72.4,85,44,74,0,0,compressorCoolOff,Sleep,auto
2026-07-13T09:55:00.000Z,Hall AC,73.2,85,44,74,0,0,compressorCoolOff,Sleep,auto
2026-07-13T10:00:00.000Z,Hall AC,74.2,84.5,44,74,225,225,compressorCoolOff,Sleep,auto
2026-07-13T10:05:00.000Z,Hall AC,74.5,84.5,45,74,300,300,compressorCoolStage1On,Sleep,auto
2026-07-13T10:10:00.000Z,Hall AC,73.8,84.5,45,74,90,135,compressorCoolStage1On,Sleep,auto
2026-07-13T10:15:00.000Z,Hall AC,72.3,84.5,44,74,0,0,compressorCoolOff,Sleep,auto
2026-07-13T10:20:00.000Z,Hall AC,71.6,84.5,44,74,0,0,compressorCoolOff,Sleep,auto
2026-07-13T10:25:00.000Z,Hall AC,71.9,84.5,44,74,0,0,compressorCoolOff,Sleep,auto
2026-07-13T10:30:00.000Z,Hall AC,72.4,84.5,43,74,0,0,compressorCoolOff,Sleep,auto
2026-07-13T10:35:00.000Z,Hall AC,73.2,84.5,43,74,0,0,compressorCoolOff,Sleep,auto
2026-07-13T10:40:00.000Z,Hall AC,73.9,84.5,44,74,90,90,compressorCoolOff,Sleep,auto
2026-07-13T10:45:00.000Z,Hall AC,74.4,84.5,44,74,300,300,compressorCoolStage1On,Sleep,auto
2026-07-13T10:50:00.000Z,Hall AC,74,84.5,45,74,165,210,compressorCoolStage1On,Sleep,auto
2026-07-13T10:55:00.000Z,Hall AC,72.5,84.5,44,74,0,0,compressorCoolOff,Sleep,auto
2026-07-13T11:00:00.000Z,Hall AC,71.6,82.6,44,74,0,0,compressorCoolOff,Sleep,auto
2026-07-13T11:05:00.000Z,Hall AC,71.8,82.6,43,74,0,0,compressorCoolOff,Sleep,auto
2026-07-13T11:10:00.000Z,Hall AC,72.3,82.6,42,74,0,0,compressorCoolOff,Sleep,auto
2026-07-13T11:15:00.000Z,Hall AC,73.2,82.6,42,74,0,0,compressorCoolOff,Sleep,auto
2026-07-13T11:20:00.000Z,Hall AC,74,82.6,44,74,135,135,compressorCoolOff,Sleep,auto
2026-07-13T11:25:00.000Z,Hall AC,74.4,82.6,44,74,300,300,compressorCoolStage1On,Sleep,auto
2026-07-13T11:30:00.000Z,Hall AC,73.8,82.6,44,74,105,150,compressorCoolStage1On,Sleep,auto
2026-07-13T11:35:00.000Z,Hall AC,72.1,82.6,43,74,0,0,compressorCoolOff,Sleep,auto
2026-07-13T11:40:00.000Z,Hall AC,71.5,82.6,44,74,0,0,compressorCoolOff,Sleep,auto
2026-07-13T11:45:00.000Z,Hall AC,71.9,82.6,43,74,0,0,compressorCoolOff,Sleep,auto
2026-07-13T11:50:00.000Z,Hall AC,72.4,82.6,42,74,0,0,compressorCoolOff,Sleep,auto
2026-07-13T11:55:00.000Z,Hall AC,73.4,82.6,43,74,0,0,compressorCoolOff,Sleep,auto
2026-07-13T12:00:00.000Z,Hall AC,73.9,82.3,44,74,0,0,compressorCoolOff,Home,auto
2026-07-13T12:05:00.000Z,Hall AC,74,82.3,44,74,0,0,compressorCoolOff,Home,auto
2026-07-13T12:10:00.000Z,Hall AC,73.9,82.3,43,74,0,0,compressorCoolOff,Home,auto
2026-07-13T12:15:00.000Z,Hall AC,73.2,82.3,43,74,0,0,compressorCoolOff,Home,auto
2026-07-13T12:20:00.000Z,Hall AC,73.1,82.3,43,74,0,0,compressorCoolOff,Home,auto
2026-07-13T12:25:00.000Z,Hall AC,73.4,82.3,42,74,0,0,compressorCoolOff,Home,auto
2026-07-13T12:30:00.000Z,Hall AC,74.1,82.3,43,74,165,165,compressorCoolOff,Home,auto
2026-07-13T12:35:00.000Z,Hall AC,75,82.3,44,74,300,300,compressorCoolStage1On,Home,auto
2026-07-13T12:40:00.000Z,Hall AC,74.4,82.3,44,74,270,300,compressorCoolStage1On,Home,auto
2026-07-13T12:45:00.000Z,Hall AC,73.1,82.3,44,74,0,15,compressorCoolOff,Home,auto
2026-07-13T12:50:00.000Z,Hall AC,71.8,82.3,44,74,0,0,compressorCoolOff,Home,auto
2026-07-13T12:55:00.000Z,Hall AC,71.5,82.3,44,74,0,0,compressorCoolOff,Home,auto
2026-07-13T13:00:00.000Z,Hall AC,71.9,82.2,44,74,0,0,compressorCoolOff,Home,auto
2026-07-13T13:05:00.000Z,Hall AC,72.4,82.2,43,74,0,0,compressorCoolOff,Home,auto
2026-07-13T13:10:00.000Z,Hall AC,73.2,82.2,44,74,0,0,compressorCoolOff,Home,auto
2026-07-13T13:15:00.000Z,Hall AC,74.2,82.2,44,74,210,210,compressorCoolOff,Home,auto
2026-07-13T13:20:00.000Z,Hall AC,74.6,82.2,45,74,300,300,compressorCoolStage1On,Home,auto
2026-07-13T13:25:00.000Z,Hall AC,73.3,82.2,44,74,60,105,compressorCoolStage1On,Home,auto
2026-07-13T13:30:00.000Z,Hall AC,71.6,82.2,45,74,0,0,compressorCoolOff,Home,auto
2026-07-13T13:35:00.000Z,Hall AC,71.6,82.2,45,74,0,0,compressorCoolOff,Home,auto
2026-07-13T13:40:00.000Z,Hall AC,72.2,82.2,44,74,0,0,compressorCoolOff,Home,auto
2026-07-13T13:45:00.000Z,Hall AC,72.9,82.2,44,74,0,0,compressorCoolOff,Home,auto
2026-07-13T13:50:00.000Z,Hall AC,73.3,82.2,45,73.9,15,15,compressorCoolOff,Home,auto
2026-07-13T13:55:00.000Z,Hall AC,73.7,82.2,43,73,300,300,compressorCoolStage1On,Home,hold
2026-07-13T14:00:00.000Z,Hall AC,73.4,83,42,73,300,300,compressorCoolStage1On,Home,hold
2026-07-13T14:05:00.000Z,Hall AC,72.4,83,42,73,0,45,compressorCoolOff,Home,hold
2026-07-13T14:10:00.000Z,Hall AC,72,83,44,73,0,0,compressorCoolOff,Home,hold
2026-07-13T14:15:00.000Z,Hall AC,72.3,83,43,73,0,0,compressorCoolOff,Home,hold
2026-07-13T14:20:00.000Z,Hall AC,72.6,83,43,73,0,0,compressorCoolOff,Home,hold
2026-07-13T14:25:00.000Z,Hall AC,73,83,42,73,135,135,compressorCoolOff,Home,hold
2026-07-13T14:30:00.000Z,Hall AC,73.6,83.5,42,73,300,300,compressorCoolStage1On,Home,hold
2026-07-13T14:35:00.000Z,Hall AC,73.1,83.5,41,73,195,240,compressorCoolStage1On,Home,hold
2026-07-13T14:40:00.000Z,Hall AC,72,83.5,42,73,0,0,compressorCoolOff,Home,hold
2026-07-13T14:45:00.000Z,Hall AC,71.7,83.5,43,73,0,0,compressorCoolOff,Home,hold
2026-07-13T14:50:00.000Z,Hall AC,72.3,83.5,43,73,0,0,compressorCoolOff,Home,hold
2026-07-13T14:55:00.000Z,Hall AC,73.1,83.5,42,73,195,195,compressorCoolOff,Home,hold
2026-07-13T15:00:00.000Z,Hall AC,73.4,85.4,41,73,300,300,compressorCoolStage1On,Home,hold
2026-07-13T15:05:00.000Z,Hall AC,72.7,85.4,41,73,45,90,compressorCoolStage1On,Home,hold
2026-07-13T15:10:00.000Z,Hall AC,72.2,85.4,42,73,0,0,compressorCoolOff,Home,hold
2026-07-13T15:15:00.000Z,Hall AC,72.6,85.4,42,73,0,0,compressorCoolOff,Home,hold
2026-07-13T15:20:00.000Z,Hall AC,73.8,85.4,42,73,285,285,compressorCoolOff,Home,hold
2026-07-13T15:25:00.000Z,Hall AC,73.9,85.4,41,73,300,300,compressorCoolStage1On,Home,hold
2026-07-13T15:30:00.000Z,Hall AC,72.2,85.4,41,73,0,45,compressorCoolOff,Home,hold
2026-07-13T15:35:00.000Z,Hall AC,71.7,85.4,43,73,0,0,compressorCoolOff,Home,hold
2026-07-13T15:40:00.000Z,Hall AC,72.3,85.4,44,73,0,0,compressorCoolOff,Home,hold
2026-07-13T15:45:00.000Z,Hall AC,72.9,85.4,44,73,120,120,compressorCoolOff,Home,hold
2026-07-13T15:50:00.000Z,Hall AC,73.4,85.4,43,73,300,300,compressorCoolStage1On,Home,hold
2026-07-13T15:55:00.000Z,Hall AC,72.9,85.4,42,73,120,165,compressorCoolStage1On,Home,hold
2026-07-13T16:00:00.000Z,Hall AC,72.2,87.7,43,73,0,0,compressorCoolOff,Home,hold
2026-07-13T16:05:00.000Z,Hall AC,72.5,87.7,44,73,0,0,compressorCoolOff,Home,hold
2026-07-13T16:10:00.000Z,Hall AC,73.3,87.7,43,73,255,255,compressorCoolOff,Home,hold
2026-07-13T16:15:00.000Z,Hall AC,73.4,87.7,42,73,300,300,compressorCoolStage1On,Home,hold
2026-07-13T16:20:00.000Z,Hall AC,72.6,87.7,41,73,30,75,compressorCoolStage1On,Home,hold
2026-07-13T16:25:00.000Z,Hall AC,72.1,87.7,43,73,0,0,compressorCoolOff,Home,hold
2026-07-13T16:30:00.000Z,Hall AC,72.6,87.7,44,73,0,0,compressorCoolOff,Home,hold
2026-07-13T16:35:00.000Z,Hall AC,72.9,87.7,43,73,30,30,compressorCoolOff,Home,hold
2026-07-13T16:40:00.000Z,Hall AC,73.3,87.7,43,73,300,300,compressorCoolStage1On,Home,hold
2026-07-13T16:45:00.000Z,Hall AC,73.3,87.7,41,73,285,300,compressorCoolStage1On,Home,hold
2026-07-13T16:50:00.000Z,Hall AC,72.4,87.7,42,73,0,30,compressorCoolOff,Home,hold
2026-07-13T16:55:00.000Z,Hall AC,72.2,87.7,43,73,0,0,compressorCoolOff,Home,hold
2026-07-13T17:00:00.000Z,Hall AC,72.8,93,44,73,75,75,compressorCoolOff,Home,hold
2026-07-13T17:05:00.000Z,Hall AC,73.3,93,43,73,300,300,compressorCoolStage1On,Home,hold
2026-07-13T17:10:00.000Z,Hall AC,72.9,93,42,73,120,165,compressorCoolStage1On,Home,hold
2026-07-13T17:15:00.000Z,Hall AC,72.5,93,43,73,0,0,compressorCoolOff,Home,hold
2026-07-13T17:20:00.000Z,Hall AC,72.9,93,44,73,120,120,compressorCoolOff,Home,hold
2026-07-13T17:25:00.000Z,Hall AC,73.2,93,44,73,300,300,compressorCoolStage1On,Home,hold
2026-07-13T17:30:00.000Z,Hall AC,72.8,93,43,73,60,105,compressorCoolStage1On,Home,hold
2026-07-13T17:35:00.000Z,Hall AC,72.3,93,44,73,0,0,compressorCoolOff,Home,hold
2026-07-13T17:40:00.000Z,Hall AC,72.9,93,45,73,120,120,compressorCoolOff,Home,hold
2026-07-13T17:45:00.000Z,Hall AC,73.3,93,44,73,300,300,compressorCoolStage1On,Home,hold
2026-07-13T17:50:00.000Z,Hall AC,73,93,43,73,120,165,compressorCoolStage1On,Home,hold
2026-07-13T17:55:00.000Z,Hall AC,72.3,93,44,73,0,0,compressorCoolOff,Home,hold
2026-07-13T18:00:00.000Z,Hall AC,72.6,95.7,45,73,0,0,compressorCoolOff,Home,hold
2026-07-13T18:05:00.000Z,Hall AC,73.2,95.7,45,73,285,285,compressorCoolOff,Home,hold
2026-07-13T18:10:00.000Z,Hall AC,73.2,95.7,43,73,240,285,compressorCoolStage1On,Home,hold
2026-07-13T18:15:00.000Z,Hall AC,72.4,95.7,44,73,0,0,compressorCoolOff,Home,hold
2026-07-13T18:20:00.000Z,Hall AC,72.4,95.7,45,73,0,0,compressorCoolOff,Home,hold
2026-07-13T18:25:00.000Z,Hall AC,73.1,95.7,45,73,210,210,compressorCoolOff,Home,hold
2026-07-13T18:30:00.000Z,Hall AC,73.2,95.7,44,73.8,45,75,compressorCoolStage1On,Home,hold
2026-07-13T18:35:00.000Z,Hall AC,73,95.7,45,74,0,0,compressorCoolOff,Home,auto
2026-07-13T18:40:00.000Z,Hall AC,73.5,95.7,45,74,0,0,compressorCoolOff,Home,auto
2026-07-13T18:45:00.000Z,Hall AC,74,95.7,45,74,135,135,compressorCoolOff,Home,auto
2026-07-13T18:50:00.000Z,Hall AC,74.2,95.7,44,74,300,300,compressorCoolStage1On,Home,auto
2026-07-13T18:55:00.000Z,Hall AC,73.7,95.7,44,74,30,75,compressorCoolStage1On,Home,auto
2026-07-13T19:00:00.000Z,Hall AC,73.4,98.3,46,74,0,0,compressorCoolOff,Home,auto
2026-07-13T19:05:00.000Z,Hall AC,73.8,98.3,47,74,45,45,compressorCoolOff,Home,auto
2026-07-13T19:10:00.000Z,Hall AC,74.3,98.3,46,74,300,300,compressorCoolStage1On,Home,auto
2026-07-13T19:15:00.000Z,Hall AC,73.9,98.3,45,74,120,165,compressorCoolStage1On,Home,auto
2026-07-13T19:20:00.000Z,Hall AC,73.4,98.3,46,74,0,0,compressorCoolOff,Home,auto
2026-07-13T19:25:00.000Z,Hall AC,73.8,98.3,47,74,45,45,compressorCoolOff,Home,auto
2026-07-13T19:30:00.000Z,Hall AC,74.2,98.8,46,74,300,300,compressorCoolStage1On,Home,auto
2026-07-13T19:35:00.000Z,Hall AC,73.8,98.8,45,74,75,120,compressorCoolStage1On,Home,auto
2026-07-13T19:40:00.000Z,Hall AC,73.5,98.8,46,74,0,0,compressorCoolOff,Home,auto
2026-07-13T19:45:00.000Z,Hall AC,74.2,98.8,46,74,195,195,compressorCoolOff,Home,auto
2026-07-13T19:50:00.000Z,Hall AC,74.7,98.8,45,74,300,300,compressorCoolStage1On,Home,auto
2026-07-13T19:55:00.000Z,Hall AC,74.2,98.8,44,74,240,285,compressorCoolStage1On,Home,auto
2026-07-13T20:00:00.000Z,Hall AC,73.5,100.1,45,74,0,0,compressorCoolOff,Home,auto
2026-07-13T20:05:00.000Z,Hall AC,73.5,100.1,46,74,0,0,compressorCoolOff,Home,auto
2026-07-13T20:10:00.000Z,Hall AC,74.3,100.1,46,74,240,240,compressorCoolOff,Home,auto
2026-07-13T20:15:00.000Z,Hall AC,74.6,100.1,44,74,300,300,compressorCoolStage1On,Home,auto
2026-07-13T20:20:00.000Z,Hall AC,74.1,100.1,43,74,210,255,compressorCoolStage1On,Home,auto
2026-07-13T20:25:00.000Z,Hall AC,73.6,100.1,44,74.7,0,0,compressorCoolOff,WFH,
2026-07-13T20:30:00.000Z,Hall AC,73.7,100.1,46,75,0,0,compressorCoolOff,WFH,
2026-07-13T20:35:00.000Z,Hall AC,74.3,100.1,45,75,0,0,compressorCoolOff,WFH,
2026-07-13T20:40:00.000Z,Hall AC,74.7,100.1,45,75,0,0,compressorCoolOff,WFH,
2026-07-13T20:45:00.000Z,Hall AC,75.1,100.1,45,75,165,165,compressorCoolOff,WFH,
2026-07-13T20:50:00.000Z,Hall AC,75.5,100.1,44,75,300,300,compressorCoolStage1On,WFH,
2026-07-13T20:55:00.000Z,Hall AC,75.3,100.1,43,75,300,300,compressorCoolStage1On,WFH,
2026-07-13T21:00:00.000Z,Hall AC,74.9,101.3,43,75,60,105,compressorCoolStage1On,WFH,
2026-07-13T21:05:00.000Z,Hall AC,75,101.3,43,75,150,150,compressorCoolOff,WFH,
2026-07-13T21:10:00.000Z,Hall AC,75.9,101.3,43,75,300,300,compressorCoolStage1On,WFH,
2026-07-13T21:15:00.000Z,Hall AC,75.6,101.3,43,75,300,300,compressorCoolStage1On,WFH,
2026-07-13T21:20:00.000Z,Hall AC,74,101.3,44,75,0,45,compressorCoolOff,WFH,
2026-07-13T21:25:00.000Z,Hall AC,73,101.3,46,75,0,0,compressorCoolOff,WFH,
2026-07-13T21:30:00.000Z,Hall AC,73.2,101.3,46,75,0,0,compressorCoolOff,WFH,
2026-07-13T21:35:00.000Z,Hall AC,74,101.3,46,75,0,0,compressorCoolOff,WFH,
2026-07-13T21:40:00.000Z,Hall AC,74.7,101.3,45,75,0,0,compressorCoolOff,WFH,
2026-07-13T21:45:00.000Z,Hall AC,75.3,101.3,44,75,285,285,compressorCoolOff,WFH,
2026-07-13T21:50:00.000Z,Hall AC,75.6,101.3,44,75,300,300,compressorCoolStage1On,WFH,
2026-07-13T21:55:00.000Z,Hall AC,75,101.3,45,75,300,300,compressorCoolStage1On,WFH,
2026-07-13T22:00:00.000Z,Hall AC,74.2,102.5,45,74,210,255,compressorCoolStage1On,Home,
2026-07-13T22:05:00.000Z,Hall AC,73.8,102.5,46,74,0,0,compressorCoolOff,Home,
2026-07-13T22:10:00.000Z,Hall AC,74,102.5,47,74,150,150,compressorCoolOff,Home,
2026-07-13T22:15:00.000Z,Hall AC,74.9,102.5,44,74,300,300,compressorCoolStage1On,Home,
2026-07-13T22:20:00.000Z,Hall AC,75.6,102.5,43,74,300,300,compressorCoolStage1On,Home,
2026-07-13T22:25:00.000Z,Hall AC,75.1,102.5,42,74,300,300,compressorCoolStage1On,Home,
2026-07-13T22:30:00.000Z,Hall AC,74.4,102,43,74,300,300,compressorCoolStage1On,Home,
2026-07-13T22:35:00.000Z,Hall AC,73.6,102,43,74,0,45,compressorCoolOff,Home,
2026-07-13T22:40:00.000Z,Hall AC,73,102,44,74,0,0,compressorCoolOff,Home,
2026-07-13T22:45:00.000Z,Hall AC,72.8,102,45,74,0,0,compressorCoolOff,Home,
2026-07-13T22:50:00.000Z,Hall AC,73.4,102,45,74,15,15,compressorCoolOff,Home,
2026-07-13T22:55:00.000Z,Hall AC,74.7,102,44,74,300,300,compressorCoolStage1On,Home,
2026-07-13T23:00:00.000Z,Hall AC,75.1,102,45,74,300,300,compressorCoolStage1On,Home,
2026-07-13T23:05:00.000Z,Hall AC,74.7,102,45,74,300,300,compressorCoolStage1On,Home,
2026-07-13T23:10:00.000Z,Hall AC,74.2,102,45,74,270,300,compressorCoolStage1On,Home,
2026-07-13T23:15:00.000Z,Hall AC,73.6,102,46,74,0,15,compressorCoolOff,Home,
2026-07-13T23:20:00.000Z,Hall AC,72.9,102,46,74,0,0,compressorCoolOff,Home,
2026-07-13T23:25:00.000Z,Hall AC,73.1,102,46,74,0,0,compressorCoolOff,Home,
2026-07-13T23:30:00.000Z,Hall AC,74.5,102,45,74,240,240,compressorCoolOff,Home,
2026-07-13T23:35:00.000Z,Hall AC,74.9,102,45,74,300,300,compressorCoolStage1On,Home,
2026-07-13T23:40:00.000Z,Hall AC,74,102,45,74,165,210,compressorCoolStage1On,Home,
2026-07-13T23:45:00.000Z,Hall AC,73.4,102,45,74,0,0,compressorCoolOff,Home,
2026-07-13T23:50:00.000Z,Hall AC,73.6,102,45,74,0,0,compressorCoolOff,Home,
2026-07-13T23:55:00.000Z,Hall AC,74.7,102,44,74,270,270,compressorCoolOff,Home,
2026-07-14T00:00:00.000Z,Hall AC,75.5,100.4,44,74,300,300,compressorCoolStage1On,Home,
2026-07-14T00:05:00.000Z,Hall AC,75.1,100.4,44,74,300,300,compressorCoolStage1On,Home,
2026-07-14T00:10:00.000Z,Hall AC,74.7,100.4,44,74,300,300,compressorCoolStage1On,Home,
2026-07-14T00:15:00.000Z,Hall AC,74.4,100.4,43,74,300,300,compressorCoolStage1On,Home,
2026-07-14T00:20:00.000Z,Hall AC,73.7,100.4,43,74,60,105,compressorCoolStage1On,Home,
2026-07-14T00:25:00.000Z,Hall AC,72.7,100.4,45,74,0,0,compressorCoolOff,Home,
2026-07-14T00:30:00.000Z,Hall AC,72.8,100.4,45,74,0,0,compressorCoolOff,Home,
2026-07-14T00:35:00.000Z,Hall AC,73.3,100.4,45,74,0,0,compressorCoolOff,Home,
2026-07-14T00:40:00.000Z,Hall AC,73.7,100.4,45,74,0,0,compressorCoolOff,Home,
2026-07-14T00:45:00.000Z,Hall AC,74.2,100.4,46,74,195,195,compressorCoolOff,Home,
2026-07-14T00:50:00.000Z,Hall AC,75,100.4,46,74,300,300,compressorCoolStage1On,Home,
2026-07-14T00:55:00.000Z,Hall AC,74.6,100.4,46,74,300,300,compressorCoolStage1On,Home,
2026-07-14T01:00:00.000Z,Hall AC,73.9,100.3,46,74,105,150,compressorCoolStage1On,Home,
2026-07-14T01:05:00.000Z,Hall AC,72.8,100.3,46,74,0,0,compressorCoolOff,Home,
2026-07-14T01:10:00.000Z,Hall AC,72.8,100.3,47,74,0,0,compressorCoolOff,Home,
2026-07-14T01:15:00.000Z,Hall AC,73.3,100.3,47,74,0,0,compressorCoolOff,Home,
2026-07-14T01:20:00.000Z,Hall AC,73.7,100.3,46,74,0,0,compressorCoolOff,Home,
2026-07-14T01:25:00.000Z,Hall AC,74.3,100.3,45,74,240,240,compressorCoolOff,Home,
2026-07-14T01:30:00.000Z,Hall AC,74.9,99.1,46,74,300,300,compressorCoolStage1On,Home,
2026-07-14T01:35:00.000Z,Hall AC,74.5,99.1,45,74,300,300,compressorCoolStage1On,Home,
2026-07-14T01:40:00.000Z,Hall AC,73.7,99.1,45,74,60,105,compressorCoolStage1On,Home,
2026-07-14T01:45:00.000Z,Hall AC,72.7,99.1,46,74,0,0,compressorCoolOff,Home,
2026-07-14T01:50:00.000Z,Hall AC,72.8,99.1,47,74,0,0,compressorCoolOff,Home,
2026-07-14T01:55:00.000Z,Hall AC,73.5,99.1,46,74,15,15,compressorCoolOff,Home,
2026-07-14T02:00:00.000Z,Hall AC,74.4,96.9,47,74,300,300,compressorCoolStage1On,Home,
2026-07-14T02:05:00.000Z,Hall AC,74.5,96.9,47,74,300,300,compressorCoolStage1On,Home,
2026-07-14T02:10:00.000Z,Hall AC,72.9,96.9,46,74,0,45,compressorCoolOff,Home,
2026-07-14T02:15:00.000Z,Hall AC,72.6,96.9,49,74,0,0,compressorCoolOff,Home,
2026-07-14T02:20:00.000Z,Hall AC,73,96.9,52,74,0,0,compressorCoolOff,Home,
2026-07-14T02:25:00.000Z,Hall AC,72.9,96.9,52,74,0,0,compressorCoolOff,Home,
2026-07-14T02:30:00.000Z,Hall AC,73.2,96.9,51,74,0,0,compressorCoolOff,Home,
2026-07-14T02:35:00.000Z,Hall AC,73.6,96.9,50,74,0,0,compressorCoolOff,Home,
2026-07-14T02:40:00.000Z,Hall AC,74.1,96.9,50,74,180,180,compressorCoolOff,Home,
2026-07-14T02:45:00.000Z,Hall AC,74.6,96.9,54,74,300,300,compressorCoolStage1On,Home,
2026-07-14T02:50:00.000Z,Hall AC,74.2,96.9,56,74,225,270,compressorCoolStage1On,Home,
2026-07-14T02:55:00.000Z,Hall AC,73,96.9,56,74,0,0,compressorCoolOff,Home,
2026-07-14T03:00:00.000Z,Hall AC,72.3,87.5,59,74,0,0,compressorCoolOff,Home,
2026-07-14T03:05:00.000Z,Hall AC,72.4,87.5,59,74,0,0,compressorCoolOff,Home,
2026-07-14T03:10:00.000Z,Hall AC,72.6,87.5,59,74,0,0,compressorCoolOff,Home,
2026-07-14T03:15:00.000Z,Hall AC,72.7,87.5,59,74,0,0,compressorCoolOff,Home,
2026-07-14T03:20:00.000Z,Hall AC,72.8,87.5,60,74,0,0,compressorCoolOff,Home,
2026-07-14T03:25:00.000Z,Hall AC,73,87.5,60,74,0,0,compressorCoolOff,Home,
2026-07-14T03:30:00.000Z,Hall AC,73.5,87.5,60,74,0,0,compressorCoolOff,Home,
2026-07-14T03:35:00.000Z,Hall AC,73.6,87.5,61,74,0,0,compressorCoolOff,Home,
2026-07-14T03:40:00.000Z,Hall AC,73.7,87.5,61,74,0,0,compressorCoolOff,Home,
2026-07-14T03:45:00.000Z,Hall AC,73.7,87.5,60,74,0,0,compressorCoolOff,Home,
2026-07-14T03:50:00.000Z,Hall AC,74,87.5,61,74,180,180,compressorCoolOff,Home,
2026-07-14T03:55:00.000Z,Hall AC,74.3,87.5,60,74,300,300,compressorCoolStage1On,Home,
2026-07-14T04:00:00.000Z,Hall AC,73.7,86,59,74,300,300,compressorCoolStage1On,Home,
2026-07-14T04:05:00.000Z,Hall AC,73,86,59,74,300,300,compressorCoolStage1On,Home,(SmartRecovery)
2026-07-14T04:10:00.000Z,Hall AC,72.3,86,59,74,300,300,compressorCoolStage1On,Home,(SmartRecovery)
2026-07-14T04:15:00.000Z,Hall AC,71.4,86,59,74,300,300,compressorCoolStage1On,Home,(SmartRecovery)
2026-07-14T04:20:00.000Z,Hall AC,70.8,86,60,74,60,105,compressorCoolStage1On,Home,(SmartRecovery)
2026-07-14T04:25:00.000Z,Hall AC,70.2,86,62,74,0,0,compressorCoolOff,Home,
2026-07-14T04:30:00.000Z,Hall AC,70.6,86,63,71,0,0,compressorCoolOff,Sleep,
2026-07-14T04:35:00.000Z,Hall AC,71.3,86,63,71,225,225,compressorCoolOff,Sleep,
2026-07-14T04:40:00.000Z,Hall AC,71.8,86,61,71,300,300,compressorCoolStage1On,Sleep,
2026-07-14T04:45:00.000Z,Hall AC,71.1,86,61,71,180,225,compressorCoolStage1On,Sleep,
2026-07-14T04:50:00.000Z,Hall AC,69.8,86,60,71,0,0,compressorCoolOff,Sleep,
2026-07-14T04:55:00.000Z,Hall AC,69.6,86,62,71,0,0,compressorCoolOff,Sleep,
2026-07-14T05:00:00.000Z,Hall AC,70.4,83.3,62,71,0,0,compressorCoolOff,Sleep,
2026-07-14T05:05:00.000Z,Hall AC,71.4,83.3,61,71,240,240,compressorCoolOff,Sleep,
2026-07-14T05:10:00.000Z,Hall AC,72.3,83.3,58,71,300,300,compressorCoolStage1On,Sleep,
2026-07-14T05:15:00.000Z,Hall AC,72,83.3,57,71,300,300,compressorCoolStage1On,Sleep,
2026-07-14T05:20:00.000Z,Hall AC,71.7,83.3,57,71,300,300,compressorCoolStage1On,Sleep,
2026-07-14T05:25:00.000Z,Hall AC,71.4,83.3,57,71,300,300,compressorCoolStage1On,Sleep,
2026-07-14T05:30:00.000Z,Hall AC,71.1,83.3,56,71,300,300,compressorCoolStage1On,Sleep,
2026-07-14T05:35:00.000Z,Hall AC,70.8,83.3,56,71,15,60,compressorCoolStage1On,Sleep,
2026-07-14T05:40:00.000Z,Hall AC,70.2,83.3,59,71,0,0,compressorCoolOff,Sleep,
2026-07-14T05:45:00.000Z,Hall AC,70.6,83.3,61,71,0,0,compressorCoolOff,Sleep,
2026-07-14T05:50:00.000Z,Hall AC,71.3,83.3,61,71,225,225,compressorCoolOff,Sleep,
2026-07-14T05:55:00.000Z,Hall AC,72.1,83.3,56,71,300,300,compressorCoolStage1On,Sleep,
2026-07-14T06:00:00.000Z,Hall AC,71.9,82.6,55,71,300,300,compressorCoolStage1On,Sleep,
2026-07-14T06:05:00.000Z,Hall AC,71.6,82.6,54,71,300,300,compressorCoolStage1On,Sleep,
2026-07-14T06:10:00.000Z,Hall AC,71.2,82.6,54,71,300,300,compressorCoolStage1On,Sleep,
2026-07-14T06:15:00.000Z,Hall AC,70.6,82.6,54,71,0,45,compressorCoolOff,Sleep,
2026-07-14T06:20:00.000Z,Hall AC,69.8,82.6,58,71,0,0,compressorCoolOff,Sleep,
2026-07-14T06:25:00.000Z,Hall AC,70.2,82.6,60,71,0,0,compressorCoolOff,Sleep,
2026-07-14T06:30:00.000Z,Hall AC,70.7,81.4,61,71,0,0,compressorCoolOff,Sleep,
2026-07-14T06:35:00.000Z,Hall AC,71.5,81.4,59,71,300,300,compressorCoolStage1On,Sleep,
2026-07-14T06:40:00.000Z,Hall AC,71.9,81.4,55,71,300,300,compressorCoolStage1On,Sleep,
2026-07-14T06:45:00.000Z,Hall AC,71.5,81.4,54,71,300,300,compressorCoolStage1On,Sleep,
2026-07-14T06:50:00.000Z,Hall AC,70.7,81.4,55,71,45,90,compressorCoolStage1On,Sleep,
2026-07-14T06:55:00.000Z,Hall AC,70.1,81.4,58,71,0,0,compressorCoolOff,Sleep,
2026-07-14T07:00:00.000Z,Hall AC,70.4,81.7,61,71,0,0,compressorCoolOff,Sleep,
2026-07-14T07:05:00.000Z,Hall AC,71,81.7,61,71,120,120,compressorCoolOff,Sleep,
2026-07-14T07:10:00.000Z,Hall AC,71.8,81.7,58,71,300,300,compressorCoolStage1On,Sleep,
2026-07-14T07:15:00.000Z,Hall AC,71.8,81.7,55,71,300,300,compressorCoolStage1On,Sleep,
2026-07-14T07:20:00.000Z,Hall AC,71.1,81.7,54,71,180,225,compressorCoolStage1On,Sleep,
2026-07-14T07:25:00.000Z,Hall AC,70.4,81.7,55,71,0,0,compressorCoolOff,Sleep,
2026-07-14T07:30:00.000Z,Hall AC,70.4,81.7,55,71,0,0,compressorCoolOff,Sleep,
2026-07-14T07:35:00.000Z,Hall AC,71,81.7,55,71,135,135,compressorCoolOff,Sleep,
2026-07-14T07:40:00.000Z,Hall AC,71.8,81.7,54,71,300,300,compressorCoolStage1On,Sleep,
2026-07-14T07:45:00.000Z,Hall AC,71.8,81.7,53,71,300,300,compressorCoolStage1On,Sleep,
2026-07-14T07:50:00.000Z,Hall AC,71.1,81.7,53,71,180,225,compressorCoolStage1On,Sleep,
2026-07-14T07:55:00.000Z,Hall AC,70.4,81.7,53,71,0,0,compressorCoolOff,Sleep,
2026-07-14T08:00:00.000Z,Hall AC,70.3,81.8,54,71,0,0,compressorCoolOff,Sleep,
2026-07-14T08:05:00.000Z,Hall AC,70.8,81.8,54,71,30,30,compressorCoolOff,Sleep,
2026-07-14T08:10:00.000Z,Hall AC,71.6,81.8,53,71,300,300,compressorCoolStage1On,Sleep,
2026-07-14T08:15:00.000Z,Hall AC,71.9,81.8,52,71,300,300,compressorCoolStage1On,Sleep,
2026-07-14T08:20:00.000Z,Hall AC,71.3,81.8,52,71,300,300,compressorCoolStage1On,Sleep,
2026-07-14T08:25:00.000Z,Hall AC,70.7,81.8,52,71,15,60,compressorCoolStage1On,Sleep,
2026-07-14T08:30:00.000Z,Hall AC,70.1,81.8,52,71,0,0,compressorCoolOff,Sleep,
2026-07-14T08:35:00.000Z,Hall AC,70.4,81.8,54,71,0,0,compressorCoolOff,Sleep,
2026-07-14T08:40:00.000Z,Hall AC,71,81.8,53,71,135,135,compressorCoolOff,Sleep,
2026-07-14T08:45:00.000Z,Hall AC,71.8,81.8,52,71,300,300,compressorCoolStage1On,Sleep,
2026-07-14T08:50:00.000Z,Hall AC,71.6,81.8,51,71,300,300,compressorCoolStage1On,Sleep,
2026-07-14T08:55:00.000Z,Hall AC,71,81.8,51,71,120,165,compressorCoolStage1On,Sleep,
2026-07-14T09:00:00.000Z,Hall AC,70.3,81.7,51,71,0,0,compressorCoolOff,Sleep,
2026-07-14T09:05:00.000Z,Hall AC,70.4,81.7,52,71,0,0,compressorCoolOff,Sleep,
2026-07-14T09:10:00.000Z,Hall AC,70.9,81.7,52,71,75,75,compressorCoolOff,Sleep,
2026-07-14T09:15:00.000Z,Hall AC,71.5,81.7,52,71,300,300,compressorCoolStage1On,Sleep,
2026-07-14T09:20:00.000Z,Hall AC,71.5,81.7,50,71,300,300,compressorCoolStage1On,Sleep,
2026-07-14T09:25:00.000Z,Hall AC,71.3,81.7,50,71,300,300,compressorCoolStage1On,Sleep,
2026-07-14T09:30:00.000Z,Hall AC,70.7,81.7,50,71,75,120,compressorCoolStage1On,Sleep,
2026-07-14T09:35:00.000Z,Hall AC,69.8,81.7,50,71,0,0,compressorCoolOff,Sleep,
2026-07-14T09:40:00.000Z,Hall AC,70,81.7,50,71,0,0,compressorCoolOff,Sleep,
2026-07-14T09:45:00.000Z,Hall AC,70.5,81.7,50,71,0,0,compressorCoolOff,Sleep,
2026-07-14T09:50:00.000Z,Hall AC,71.1,81.7,50,71,180,180,compressorCoolOff,Sleep,
2026-07-14T09:55:00.000Z,Hall AC,71.8,81.7,49,71,300,300,compressorCoolStage1On,Sleep,
2026-07-14T10:00:00.000Z,Hall AC,71.7,81.6,49,71,300,300,compressorCoolStage1On,Sleep,
2026-07-14T10:05:00.000Z,Hall AC,70.9,81.6,49,71,75,120,compressorCoolStage1On,Sleep,
2026-07-14T10:10:00.000Z,Hall AC,70.2,81.6,49,71,0,0,compressorCoolOff,Sleep,
2026-07-14T10:15:00.000Z,Hall AC,70.3,81.6,50,71,0,0,compressorCoolOff,Sleep,
2026-07-14T10:20:00.000Z,Hall AC,70.8,81.6,49,71,0,0,compressorCoolOff,Sleep,
2026-07-14T10:25:00.000Z,Hall AC,71.5,81.6,49,71,300,300,compressorCoolStage1On,Sleep,
2026-07-14T10:30:00.000Z,Hall AC,71.9,80.3,49,71,300,300,compressorCoolStage1On,Sleep,
2026-07-14T10:35:00.000Z,Hall AC,71.3,80.3,49,71,300,300,compressorCoolStage1On,Sleep,
2026-07-14T10:40:00.000Z,Hall AC,70.8,80.3,48,71,60,105,compressorCoolStage1On,Sleep,
2026-07-14T10:45:00.000Z,Hall AC,70.1,80.3,48,71,0,0,compressorCoolOff,Sleep,
2026-07-14T10:50:00.000Z,Hall AC,70.3,80.3,49,71,0,0,compressorCoolOff,Sleep,
2026-07-14T10:55:00.000Z,Hall AC,70.8,80.3,49,71,0,0,compressorCoolOff,Sleep,
2026-07-14T11:00:00.000Z,Hall AC,71.2,79.9,49,71,15,15,compressorCoolOff,Sleep,
2026-07-14T11:05:00.000Z,Hall AC,71.9,79.9,48,71,300,300,compressorCoolStage1On,Sleep,
2026-07-14T11:10:00.000Z,Hall AC,72.1,79.9,47,71,300,300,compressorCoolStage1On,Sleep,
2026-07-14T11:15:00.000Z,Hall AC,71.6,79.9,47,71,300,300,compressorCoolStage1On,Sleep,
2026-07-14T11:20:00.000Z,Hall AC,70.8,79.9,47,71,60,105,compressorCoolStage1On,Sleep,
2026-07-14T11:25:00.000Z,Hall AC,70.1,79.9,47,71,0,0,compressorCoolOff,Sleep,
2026-07-14T11:30:00.000Z,Hall AC,70.3,79.9,48,71,0,0,compressorCoolOff,Sleep,
2026-07-14T11:35:00.000Z,Hall AC,70.8,79.9,47,71,0,0,compressorCoolOff,Sleep,
2026-07-14T11:40:00.000Z,Hall AC,71.2,79.9,47,71,0,0,compressorCoolOff,Sleep,
2026-07-14T11:45:00.000Z,Hall AC,71.8,79.9,47,71,300,300,compressorCoolStage1On,Sleep,
2026-07-14T11:50:00.000Z,Hall AC,72.1,79.9,47,71,300,300,compressorCoolStage1On,Sleep,
2026-07-14T11:55:00.000Z,Hall AC,71.5,79.9,46,71,300,300,compressorCoolStage1On,Sleep,
2026-07-14T12:00:00.000Z,Hall AC,70.7,79.4,46,71,30,75,compressorCoolStage1On,Sleep,
2026-07-14T12:05:00.000Z,Hall AC,70.1,79.4,47,71,0,0,compressorCoolOff,Sleep,
2026-07-14T12:10:00.000Z,Hall AC,70.4,79.4,47,71,0,0,compressorCoolOff,Sleep,
2026-07-14T12:15:00.000Z,Hall AC,70.9,79.4,47,71,0,0,compressorCoolOff,Sleep,
2026-07-14T12:20:00.000Z,Hall AC,71.3,79.4,47,71,60,60,compressorCoolOff,Sleep,
2026-07-14T12:25:00.000Z,Hall AC,72,79.4,45,71,300,300,compressorCoolStage1On,Sleep,
2026-07-14T12:30:00.000Z,Hall AC,72,79.4,43,71,300,300,compressorCoolStage1On,Sleep,
2026-07-14T12:35:00.000Z,Hall AC,71.5,79.4,42,71,270,300,compressorCoolStage1On,Sleep,
2026-07-14T12:40:00.000Z,Hall AC,70.6,79.4,43,71,0,15,compressorCoolOff,Sleep,
2026-07-14T12:45:00.000Z,Hall AC,70.1,79.4,45,71,0,0,compressorCoolOff,Sleep,
2026-07-14T12:50:00.000Z,Hall AC,70.5,79.4,45,71,0,0,compressorCoolOff,Sleep,
2026-07-14T12:55:00.000Z,Hall AC,71.1,79.4,45,71.5,0,0,compressorCoolOff,Sleep,
2026-07-14T13:00:00.000Z,Hall AC,71.4,79,45,73,0,0,compressorCoolOff,Sleep,
2026-07-14T13:05:00.000Z,Hall AC,71.5,79,45,73,0,0,compressorCoolOff,Sleep,
2026-07-14T13:10:00.000Z,Hall AC,71.7,79,45,73,0,0,compressorCoolOff,Sleep,
2026-07-14T13:15:00.000Z,Hall AC,72,79,45,73,0,0,compressorCoolOff,Sleep,
2026-07-14T13:20:00.000Z,Hall AC,72,79,45,73,0,0,compressorCoolOff,Sleep,
2026-07-14T13:25:00.000Z,Hall AC,72,79,46,73,0,0,compressorCoolOff,Sleep,
2026-07-14T13:30:00.000Z,Hall AC,72.1,80.8,47,73,0,0,compressorCoolOff,Sleep,
2026-07-14T13:45:00.000Z,Hall AC,71.9,80.8,44,73,0,0,compressorCoolOff,Sleep,
2026-07-14T13:50:00.000Z,Hall AC,71.9,80.8,44,73,0,0,compressorCoolOff,Sleep,
2026-07-14T13:55:00.000Z,Hall AC,72,80.8,43,73,0,0,compressorCoolOff,Sleep,
2026-07-14T14:00:00.000Z,Hall AC,72,82,43,73,0,0,compressorCoolOff,Sleep,
2026-07-14T14:05:00.000Z,Hall AC,72,82,43,73,0,0,compressorCoolOff,Sleep,
2026-07-14T14:10:00.000Z,Hall AC,72,82,43,73,0,0,compressorCoolOff,Sleep,
2026-07-14T14:15:00.000Z,Hall AC,72.3,82,42,73,0,0,compressorCoolOff,Sleep,
2026-07-14T14:20:00.000Z,Hall AC,72.4,82,42,73,0,0,compressorCoolOff,Sleep,
2026-07-14T14:25:00.000Z,Hall AC,72.6,82,42,74.9,0,0,compressorCoolOff,Sleep,
2026-07-14T14:30:00.000Z,Hall AC,72.6,82.4,43,75,0,0,compressorCoolOff,WFH,
2026-07-14T14:35:00.000Z,Hall AC,72.7,82.4,43,75,0,0,compressorCoolOff,WFH,
2026-07-14T14:40:00.000Z,Hall AC,72.9,82.4,43,75,0,0,compressorCoolOff,WFH,
2026-07-14T14:45:00.000Z,Hall AC,73.1,82.4,43,75,0,0,compressorCoolOff,WFH,
2026-07-14T14:50:00.000Z,Hall AC,73.3,82.4,44,75,0,0,compressorCoolOff,WFH,
2026-07-14T14:55:00.000Z,Hall AC,73.4,82.4,43,75,0,0,compressorCoolOff,WFH,
2026-07-14T15:00:00.000Z,Hall AC,73.5,83.9,43,75,0,0,compressorCoolOff,WFH,
2026-07-14T15:05:00.000Z,Hall AC,73.7,83.9,43,75,0,0,compressorCoolOff,WFH,
2026-07-14T15:10:00.000Z,Hall AC,73.9,83.9,43,75,0,0,compressorCoolOff,WFH,
2026-07-14T15:15:00.000Z,Hall AC,74,83.9,43,75,0,0,compressorCoolOff,WFH,
2026-07-14T15:20:00.000Z,Hall AC,74.1,83.9,44,75,0,0,compressorCoolOff,WFH,
2026-07-14T15:25:00.000Z,Hall AC,74.2,83.9,44,75,0,0,compressorCoolOff,WFH,
2026-07-14T15:30:00.000Z,Hall AC,74.4,83.9,44,75,0,0,compressorCoolOff,WFH,
2026-07-14T15:35:00.000Z,Hall AC,74.5,83.9,44,75,0,0,compressorCoolOff,WFH,
2026-07-14T15:40:00.000Z,Hall AC,74.6,83.9,44,75,0,0,compressorCoolOff,WFH,
2026-07-14T15:45:00.000Z,Hall AC,74.7,83.9,44,75,0,0,compressorCoolOff,WFH,
2026-07-14T15:50:00.000Z,Hall AC,74.8,83.9,44,75,0,0,compressorCoolOff,WFH,
2026-07-14T15:55:00.000Z,Hall AC,74.9,83.9,44,75,0,0,compressorCoolOff,WFH,
2026-07-14T16:00:00.000Z,Hall AC,75,86.6,44,75,0,0,compressorCoolOff,WFH,
2026-07-14T16:05:00.000Z,Hall AC,75.2,86.6,43,75,255,255,compressorCoolOff,WFH,
2026-07-14T16:10:00.000Z,Hall AC,75.1,86.6,40,75,240,285,compressorCoolStage1On,WFH,
2026-07-14T16:15:00.000Z,Hall AC,74.6,86.6,41,75,0,0,compressorCoolOff,WFH,
2026-07-14T16:20:00.000Z,Hall AC,74.2,86.6,44,75,0,0,compressorCoolOff,WFH,
2026-07-14T16:25:00.000Z,Hall AC,74.3,86.6,45,75,0,0,compressorCoolOff,WFH,
2026-07-14T16:30:00.000Z,Hall AC,74.6,86.6,45,75,0,0,compressorCoolOff,WFH,
2026-07-14T16:35:00.000Z,Hall AC,74.8,86.6,45,75,0,0,compressorCoolOff,WFH,
2026-07-14T16:40:00.000Z,Hall AC,75,86.6,45,75,0,0,compressorCoolOff,WFH,
2026-07-14T16:45:00.000Z,Hall AC,75,86.6,46,75,120,120,compressorCoolOff,WFH,
2026-07-14T16:50:00.000Z,Hall AC,75.6,86.6,44,75,300,300,compressorCoolStage1On,WFH,
2026-07-14T16:55:00.000Z,Hall AC,75.2,86.6,43,75,210,255,compressorCoolStage1On,WFH,
2026-07-14T17:00:00.000Z,Hall AC,74,89.4,44,75,0,0,compressorCoolOff,WFH,
2026-07-14T17:05:00.000Z,Hall AC,73.8,89.4,46,75,0,0,compressorCoolOff,WFH,
2026-07-14T17:10:00.000Z,Hall AC,74.2,89.4,46,75,0,0,compressorCoolOff,WFH,
2026-07-14T17:15:00.000Z,Hall AC,74.5,89.4,46,75,0,0,compressorCoolOff,WFH,
2026-07-14T17:20:00.000Z,Hall AC,74.7,89.4,47,75,0,0,compressorCoolOff,WFH,
2026-07-14T17:25:00.000Z,Hall AC,74.9,89.4,47,75,45,45,compressorCoolOff,WFH,
2026-07-14T17:30:00.000Z,Hall AC,75.5,89.4,45,75,300,300,compressorCoolStage1On,WFH,
2026-07-14T17:35:00.000Z,Hall AC,75.2,89.4,43,75,210,255,compressorCoolStage1On,WFH,
2026-07-14T17:40:00.000Z,Hall AC,74.3,89.4,44,75,0,0,compressorCoolOff,WFH,
2026-07-14T17:45:00.000Z,Hall AC,74.2,89.4,46,75,0,0,compressorCoolOff,WFH,
2026-07-14T17:50:00.000Z,Hall AC,74.5,89.4,47,75,0,0,compressorCoolOff,WFH,
2026-07-14T17:55:00.000Z,Hall AC,74.8,89.4,47,75,0,0,compressorCoolOff,WFH,
2026-07-14T18:00:00.000Z,Hall AC,75,92.9,47,75,105,105,compressorCoolOff,WFH,
2026-07-14T18:05:00.000Z,Hall AC,75.7,92.9,45,75,300,300,compressorCoolStage1On,WFH,
2026-07-14T18:10:00.000Z,Hall AC,75.6,92.9,43,75,300,300,compressorCoolStage1On,WFH,
2026-07-14T18:15:00.000Z,Hall AC,75,92.9,42,75,105,150,compressorCoolStage1On,WFH,
2026-07-14T18:20:00.000Z,Hall AC,74.3,92.9,45,75,0,0,compressorCoolOff,WFH,
2026-07-14T18:25:00.000Z,Hall AC,74.3,92.9,47,75,0,0,compressorCoolOff,WFH,
2026-07-14T18:30:00.000Z,Hall AC,74.7,94,47,75,0,0,compressorCoolOff,WFH,
2026-07-14T18:35:00.000Z,Hall AC,74.9,94,48,75,0,0,compressorCoolOff,WFH,
2026-07-14T18:40:00.000Z,Hall AC,75.1,94,47,75,180,180,compressorCoolOff,WFH,
2026-07-14T18:45:00.000Z,Hall AC,75.8,94,45,75,300,300,compressorCoolStage1On,WFH,
2026-07-14T18:50:00.000Z,Hall AC,75.1,94,44,75,165,210,compressorCoolStage1On,WFH,
2026-07-14T18:55:00.000Z,Hall AC,74.6,94,46,75,0,0,compressorCoolOff,WFH,
2026-07-14T19:00:00.000Z,Hall AC,74.4,96,48,75,0,0,compressorCoolOff,WFH,
2026-07-14T19:05:00.000Z,Hall AC,74.6,96,49,75,0,0,compressorCoolOff,WFH,
2026-07-14T19:10:00.000Z,Hall AC,75.1,96,47,75,165,165,compressorCoolOff,WFH,
2026-07-14T19:15:00.000Z,Hall AC,75.8,96,45,75,300,300,compressorCoolStage1On,WFH,
2026-07-14T19:20:00.000Z,Hall AC,75.2,96,44,75,240,285,compressorCoolStage1On,WFH,
2026-07-14T19:25:00.000Z,Hall AC,74.6,96,45,75,0,0,compressorCoolOff,WFH,
2026-07-14T19:30:00.000Z,Hall AC,74.4,97,47,75,0,0,compressorCoolOff,WFH,
2026-07-14T19:35:00.000Z,Hall AC,74.8,97,48,75,0,0,compressorCoolOff,WFH,
2026-07-14T19:40:00.000Z,Hall AC,75.1,97,47,75,240,240,compressorCoolOff,WFH,
2026-07-14T19:45:00.000Z,Hall AC,75.2,97,46,75,270,300,compressorCoolStage1On,WFH,
2026-07-14T19:50:00.000Z,Hall AC,74.6,97,46,75,0,15,compressorCoolOff,WFH,
2026-07-14T19:55:00.000Z,Hall AC,74.5,97,48,75,0,0,compressorCoolOff,WFH,
2026-07-14T20:00:00.000Z,Hall AC,74.9,97.9,48,75,90,90,compressorCoolOff,WFH,
2026-07-14T20:05:00.000Z,Hall AC,75.4,97.9,46,75,300,300,compressorCoolStage1On,WFH,
2026-07-14T20:10:00.000Z,Hall AC,75.5,97.9,44,75,300,300,compressorCoolStage1On,WFH,
2026-07-14T20:15:00.000Z,Hall AC,75.4,97.9,44,75,300,300,compressorCoolStage1On,WFH,
2026-07-14T20:20:00.000Z,Hall AC,75.6,97.9,42,75,300,300,compressorCoolStage1On,WFH,
2026-07-14T20:25:00.000Z,Hall AC,75.2,97.9,42,75,255,300,compressorCoolStage1On,WFH,
2026-07-14T20:30:00.000Z,Hall AC,74.2,97.9,43,75,0,0,compressorCoolOff,WFH,
2026-07-14T20:35:00.000Z,Hall AC,73.2,97.9,45,75,0,0,compressorCoolOff,WFH,
2026-07-14T20:40:00.000Z,Hall AC,73.1,97.9,47,75,0,0,compressorCoolOff,WFH,
2026-07-14T20:45:00.000Z,Hall AC,73.7,97.9,48,75,0,0,compressorCoolOff,WFH,
2026-07-14T20:50:00.000Z,Hall AC,74.6,97.9,46,75,60,60,compressorCoolOff,WFH,
2026-07-14T20:55:00.000Z,Hall AC,76,97.9,44,75,300,300,compressorCoolStage1On,WFH,
2026-07-14T21:00:00.000Z,Hall AC,75.9,99.9,45,75,300,300,compressorCoolStage1On,WFH,
2026-07-14T21:05:00.000Z,Hall AC,75.1,99.9,45,75,180,225,compressorCoolStage1On,WFH,
2026-07-14T21:10:00.000Z,Hall AC,73.4,99.9,48,75,0,0,compressorCoolOff,WFH,
2026-07-14T21:15:00.000Z,Hall AC,73,99.9,50,75,0,0,compressorCoolOff,WFH,
2026-07-14T21:20:00.000Z,Hall AC,73.8,99.9,49,75,0,0,compressorCoolOff,WFH,
2026-07-14T21:25:00.000Z,Hall AC,75.1,99.9,46,75,165,165,compressorCoolOff,WFH,
2026-07-14T21:30:00.000Z,Hall AC,76,100.2,46,75,300,300,compressorCoolStage1On,WFH,
2026-07-14T21:35:00.000Z,Hall AC,75.5,100.2,46,75,300,300,compressorCoolStage1On,WFH,
2026-07-14T21:40:00.000Z,Hall AC,74.6,100.2,46,75,300,300,compressorCoolStage1On,WFH,
2026-07-14T21:45:00.000Z,Hall AC,73.8,100.2,46,75,75,120,compressorCoolStage1On,WFH,(SmartRecovery)
2026-07-14T21:50:00.000Z,Hall AC,73.1,100.2,47,75,0,0,compressorCoolOff,WFH,
2026-07-14T21:55:00.000Z,Hall AC,73.2,100.2,48,74,0,0,compressorCoolOff,WFH,
2026-07-14T22:00:00.000Z,Hall AC,73.6,100.5,47,74,0,0,compressorCoolOff,Home,
2026-07-14T22:05:00.000Z,Hall AC,74.4,100.5,47,74,240,240,compressorCoolOff,Home,
2026-07-14T22:10:00.000Z,Hall AC,75,100.5,48,74,300,300,compressorCoolStage1On,Home,
2026-07-14T22:15:00.000Z,Hall AC,74.6,100.5,49,74,300,300,compressorCoolStage1On,Home,
2026-07-14T22:20:00.000Z,Hall AC,73.8,100.5,49,74,75,120,compressorCoolStage1On,Home,
2026-07-14T22:25:00.000Z,Hall AC,73,100.5,49,74,0,0,compressorCoolOff,Home,
2026-07-14T22:30:00.000Z,Hall AC,72.8,100.9,49,74,0,0,compressorCoolOff,Home,
2026-07-14T22:35:00.000Z,Hall AC,73.3,100.9,49,74,0,0,compressorCoolOff,Home,
2026-07-14T22:40:00.000Z,Hall AC,74.5,100.9,48,74,165,165,compressorCoolOff,Home,
2026-07-14T22:45:00.000Z,Hall AC,75.7,100.9,48,74,300,300,compressorCoolStage1On,Home,
2026-07-14T22:50:00.000Z,Hall AC,75.3,100.9,48,74,300,300,compressorCoolStage1On,Home,
2026-07-14T22:55:00.000Z,Hall AC,74.6,100.9,47,74,300,300,compressorCoolStage1On,Home,
2026-07-14T23:00:00.000Z,Hall AC,74.1,100.9,47,74,225,270,compressorCoolStage1On,Home,
2026-07-14T23:05:00.000Z,Hall AC,73.4,100.9,47,74,0,0,compressorCoolOff,Home,
2026-07-14T23:10:00.000Z,Hall AC,73.1,100.9,48,74,0,0,compressorCoolOff,Home,
2026-07-14T23:15:00.000Z,Hall AC,73.5,100.9,49,74,0,0,compressorCoolOff,Home,
2026-07-14T23:20:00.000Z,Hall AC,73.6,100.9,49,74,0,0,compressorCoolOff,Home,
2026-07-14T23:25:00.000Z,Hall AC,73.7,100.9,49,74,0,0,compressorCoolOff,Home,
2026-07-14T23:30:00.000Z,Hall AC,74.8,100.9,48,74,225,225,compressorCoolOff,Home,
2026-07-14T23:35:00.000Z,Hall AC,75.9,100.9,48,74,300,300,compressorCoolStage1On,Home,
2026-07-14T23:40:00.000Z,Hall AC,75.6,100.9,47,74,300,300,compressorCoolStage1On,Home,
2026-07-14T23:45:00.000Z,Hall AC,74.9,100.9,47,74,300,300,compressorCoolStage1On,Home,
2026-07-14T23:50:00.000Z,Hall AC,74.3,100.9,47,74,300,300,compressorCoolStage1On,Home,
2026-07-14T23:55:00.000Z,Hall AC,74,100.9,46,74,150,195,compressorCoolStage1On,Home,
2026-07-15T00:00:00.000Z,Hall AC,73.1,101.6,47,74,0,0,compressorCoolOff,Home,
2026-07-15T00:05:00.000Z,Hall AC,73,101.6,48,74,0,0,compressorCoolOff,Home,
2026-07-15T00:10:00.000Z,Hall AC,73,101.6,48,74,0,0,compressorCoolOff,Home,
2026-07-15T00:15:00.000Z,Hall AC,73.6,101.6,48,74,0,0,compressorCoolOff,Home,
2026-07-15T00:20:00.000Z,Hall AC,74.9,101.6,47,74,240,240,compressorCoolOff,Home,
2026-07-15T00:25:00.000Z,Hall AC,75.8,101.6,47,74,300,300,compressorCoolStage1On,Home,
2026-07-15T00:30:00.000Z,Hall AC,75.2,101.6,46,74,300,300,compressorCoolStage1On,Home,
2026-07-15T00:35:00.000Z,Hall AC,74.5,101.6,45,74,300,300,compressorCoolStage1On,Home,
2026-07-15T00:40:00.000Z,Hall AC,73.6,101.6,46,74,0,45,compressorCoolOff,Home,
2026-07-15T00:45:00.000Z,Hall AC,73.1,101.6,47,74,0,0,compressorCoolOff,Home,
2026-07-15T00:50:00.000Z,Hall AC,73.1,101.6,48,74,0,0,compressorCoolOff,Home,
2026-07-15T00:55:00.000Z,Hall AC,73.6,101.6,48,74,0,0,compressorCoolOff,Home,
2026-07-15T01:00:00.000Z,Hall AC,75,100.7,46,74,255,255,compressorCoolOff,Home,
2026-07-15T01:05:00.000Z,Hall AC,75.7,100.7,45,74,300,300,compressorCoolStage1On,Home,
2026-07-15T01:10:00.000Z,Hall AC,75.1,100.7,45,74,300,300,compressorCoolStage1On,Home,
2026-07-15T01:15:00.000Z,Hall AC,74.3,100.7,45,74,255,300,compressorCoolStage1On,Home,
2026-07-15T01:20:00.000Z,Hall AC,73.3,100.7,45,74,0,0,compressorCoolOff,Home,
2026-07-15T01:25:00.000Z,Hall AC,72.9,100.7,47,74,0,0,compressorCoolOff,Home,
2026-07-15T01:30:00.000Z,Hall AC,73,100.7,48,74,0,0,compressorCoolOff,Home,
2026-07-15T01:35:00.000Z,Hall AC,73.9,100.7,48,74,120,120,compressorCoolOff,Home,
2026-07-15T01:40:00.000Z,Hall AC,75.3,100.7,46,74,300,300,compressorCoolStage1On,Home,
2026-07-15T01:45:00.000Z,Hall AC,75.3,100.7,45,74,300,300,compressorCoolStage1On,Home,
2026-07-15T01:50:00.000Z,Hall AC,74.7,100.7,45,74,300,300,compressorCoolStage1On,Home,
2026-07-15T01:55:00.000Z,Hall AC,74,100.7,45,74,150,195,compressorCoolStage1On,Home,
2026-07-15T02:00:00.000Z,Hall AC,72.8,99.4,47,74,0,0,compressorCoolOff,Home,
2026-07-15T02:05:00.000Z,Hall AC,72.4,99.4,50,74,0,0,compressorCoolOff,Home,
2026-07-15T02:10:00.000Z,Hall AC,73.2,99.4,51,74,0,0,compressorCoolOff,Home,
2026-07-15T02:15:00.000Z,Hall AC,74.1,99.4,50,74,0,0,compressorCoolOff,Home,
2026-07-15T02:20:00.000Z,Hall AC,74.9,99.4,48,74,300,300,compressorCoolStage1On,Home,
2026-07-15T02:25:00.000Z,Hall AC,75.5,99.4,45,74,300,300,compressorCoolStage1On,Home,
2026-07-15T02:30:00.000Z,Hall AC,75.2,98.9,44,74,300,300,compressorCoolStage1On,Home,
2026-07-15T02:35:00.000Z,Hall AC,74.3,98.9,45,74,225,270,compressorCoolStage1On,Home,
2026-07-15T02:40:00.000Z,Hall AC,73.5,98.9,46,74,0,0,compressorCoolOff,Home,
2026-07-15T02:45:00.000Z,Hall AC,73.5,98.9,48,74,0,0,compressorCoolOff,Home,
2026-07-15T02:50:00.000Z,Hall AC,74,98.9,48,74,0,0,compressorCoolOff,Home,
2026-07-15T02:55:00.000Z,Hall AC,74.7,98.9,47,74,225,225,compressorCoolOff,Home,
2026-07-15T03:00:00.000Z,Hall AC,75.2,96,45,74,300,300,compressorCoolStage1On,Home,
2026-07-15T03:05:00.000Z,Hall AC,74.6,96,43,74,300,300,compressorCoolStage1On,Home,
2026-07-15T03:10:00.000Z,Hall AC,73.8,96,43,74,75,120,compressorCoolStage1On,Home,
2026-07-15T03:15:00.000Z,Hall AC,73,96,45,74,0,0,compressorCoolOff,Home,
2026-07-15T03:20:00.000Z,Hall AC,73.3,96,46,74,0,0,compressorCoolOff,Home,
2026-07-15T03:25:00.000Z,Hall AC,73.9,96,45,74,0,0,compressorCoolOff,Home,
2026-07-15T03:30:00.000Z,Hall AC,74.3,96,44,74,90,90,compressorCoolOff,Home,
2026-07-15T03:35:00.000Z,Hall AC,74.9,96,43,74,300,300,compressorCoolStage1On,Home,
2026-07-15T03:40:00.000Z,Hall AC,74.5,96,43,74,300,300,compressorCoolStage1On,Home,
2026-07-15T03:45:00.000Z,Hall AC,73.8,96,43,74,90,135,compressorCoolStage1On,Home,
2026-07-15T03:50:00.000Z,Hall AC,73,96,43,74,0,0,compressorCoolOff,Home,
2026-07-15T03:55:00.000Z,Hall AC,73.3,96,44,74,0,0,compressorCoolOff,Home,
2026-07-15T04:00:00.000Z,Hall AC,73.6,93.3,43,74,0,0,compressorCoolOff,Home,
2026-07-15T04:05:00.000Z,Hall AC,73.9,93.3,42,74,105,105,compressorCoolOff,Home,
2026-07-15T04:10:00.000Z,Hall AC,74.3,93.3,42,74,300,300,compressorCoolStage1On,Home,
2026-07-15T04:15:00.000Z,Hall AC,73.8,93.3,43,74,300,300,compressorCoolStage1On,Home,
2026-07-15T04:20:00.000Z,Hall AC,73.1,93.3,43,74,210,255,compressorCoolStage1On,Home,(SmartRecovery)
2026-07-15T04:25:00.000Z,Hall AC,72.3,93.3,43,73,0,0,compressorCoolOff,Home,
2026-07-15T04:30:00.000Z,Hall AC,72.3,93.3,42,73,0,0,compressorCoolOff,Sleep,
2026-07-15T04:35:00.000Z,Hall AC,72.6,93.3,42,73,0,0,compressorCoolOff,Sleep,
2026-07-15T04:40:00.000Z,Hall AC,73.1,93.3,42,73,255,255,compressorCoolOff,Sleep,
2026-07-15T04:45:00.000Z,Hall AC,73.2,93.3,42,73,300,300,compressorCoolStage1On,Sleep,
2026-07-15T04:50:00.000Z,Hall AC,72.5,93.3,42,73,30,75,compressorCoolStage1On,Sleep,
2026-07-15T04:55:00.000Z,Hall AC,71.9,93.3,42,73,0,0,compressorCoolOff,Sleep,
2026-07-15T05:00:00.000Z,Hall AC,72.3,93,42,73,0,0,compressorCoolOff,Sleep,
2026-07-15T05:05:00.000Z,Hall AC,72.4,93,41,73,0,0,compressorCoolOff,Sleep,
2026-07-15T05:10:00.000Z,Hall AC,72.8,93,41,73,0,0,compressorCoolOff,Sleep,
2026-07-15T05:15:00.000Z,Hall AC,72.9,93,40,73,105,105,compressorCoolOff,Sleep,
2026-07-15T05:20:00.000Z,Hall AC,73.4,93,41,73,300,300,compressorCoolStage1On,Sleep,
2026-07-15T05:25:00.000Z,Hall AC,73,93,42,73,210,255,compressorCoolStage1On,Sleep,
2026-07-15T05:30:00.000Z,Hall AC,72.1,93,42,73,0,0,compressorCoolOff,Sleep,
2026-07-15T05:35:00.000Z,Hall AC,71.8,93,42,73,0,0,compressorCoolOff,Sleep,
2026-07-15T05:40:00.000Z,Hall AC,72.4,93,42,73,0,0,compressorCoolOff,Sleep,
2026-07-15T05:45:00.000Z,Hall AC,72.7,93,41,73,0,0,compressorCoolOff,Sleep,
2026-07-15T05:50:00.000Z,Hall AC,72.7,93,40,73,0,0,compressorCoolOff,Sleep,
2026-07-15T05:55:00.000Z,Hall AC,72.9,93,40,73,120,120,compressorCoolOff,Sleep,
2026-07-15T06:00:00.000Z,Hall AC,73.4,91.6,41,73,300,300,compressorCoolStage1On,Sleep,
2026-07-15T06:05:00.000Z,Hall AC,72.9,91.6,42,73,165,210,compressorCoolStage1On,Sleep,
2026-07-15T06:10:00.000Z,Hall AC,71.9,91.6,42,73,0,0,compressorCoolOff,Sleep,
2026-07-15T06:15:00.000Z,Hall AC,71.9,91.6,42,73,0,0,compressorCoolOff,Sleep,
2026-07-15T06:20:00.000Z,Hall AC,72.5,91.6,42,73,0,0,compressorCoolOff,Sleep,
2026-07-15T06:25:00.000Z,Hall AC,72.6,91.6,40,73,0,0,compressorCoolOff,Sleep,
2026-07-15T06:30:00.000Z,Hall AC,72.7,94.2,40,73,0,0,compressorCoolOff,Sleep,
2026-07-15T06:35:00.000Z,Hall AC,72.7,94.2,40,73,0,0,compressorCoolOff,Sleep,
2026-07-15T06:40:00.000Z,Hall AC,73.2,94.2,40,73,270,270,compressorCoolOff,Sleep,
2026-07-15T06:45:00.000Z,Hall AC,73.4,94.2,41,73,300,300,compressorCoolStage1On,Sleep,
2026-07-15T06:50:00.000Z,Hall AC,72.6,94.2,42,73,75,120,compressorCoolStage1On,Sleep,
2026-07-15T06:55:00.000Z,Hall AC,71.5,94.2,42,73,0,0,compressorCoolOff,Sleep,
2026-07-15T07:00:00.000Z,Hall AC,71.7,92.4,42,73,0,0,compressorCoolOff,Sleep,
2026-07-15T07:05:00.000Z,Hall AC,72.3,92.4,42,73,0,0,compressorCoolOff,Sleep,
2026-07-15T07:10:00.000Z,Hall AC,72.5,92.4,41,73,0,0,compressorCoolOff,Sleep,
2026-07-15T07:15:00.000Z,Hall AC,72.6,92.4,40,73,0,0,compressorCoolOff,Sleep,
2026-07-15T07:20:00.000Z,Hall AC,72.6,92.4,40,73,0,0,compressorCoolOff,Sleep,
2026-07-15T07:25:00.000Z,Hall AC,73,92.4,40,73,195,195,compressorCoolOff,Sleep,
2026-07-15T07:30:00.000Z,Hall AC,73.2,92.4,41,73,300,300,compressorCoolStage1On,Sleep,
2026-07-15T07:35:00.000Z,Hall AC,72.7,92.4,42,73,45,90,compressorCoolStage1On,Sleep,
2026-07-15T07:40:00.000Z,Hall AC,71.9,92.4,42,73,0,0,compressorCoolOff,Sleep,
2026-07-15T07:45:00.000Z,Hall AC,72.2,92.4,42,73,0,0,compressorCoolOff,Sleep,
2026-07-15T07:50:00.000Z,Hall AC,72.5,92.4,42,73,0,0,compressorCoolOff,Sleep,
2026-07-15T07:55:00.000Z,Hall AC,72.8,92.4,41,73,0,0,compressorCoolOff,Sleep,
2026-07-15T08:00:00.000Z,Hall AC,72.8,90.4,40,73,0,0,compressorCoolOff,Sleep,
2026-07-15T08:05:00.000Z,Hall AC,72.6,90.4,40,73,0,0,compressorCoolOff,Sleep,
2026-07-15T08:10:00.000Z,Hall AC,73.1,90.4,40,73,225,225,compressorCoolOff,Sleep,
2026-07-15T08:15:00.000Z,Hall AC,73.5,90.4,41,73,300,300,compressorCoolStage1On,Sleep,
2026-07-15T08:20:00.000Z,Hall AC,72.7,90.4,42,73,45,90,compressorCoolStage1On,Sleep,
2026-07-15T08:25:00.000Z,Hall AC,71.6,90.4,42,73,0,0,compressorCoolOff,Sleep,
2026-07-15T08:30:00.000Z,Hall AC,71.9,90.4,42,73,0,0,compressorCoolOff,Sleep,
2026-07-15T08:35:00.000Z,Hall AC,72.4,90.4,42,73,0,0,compressorCoolOff,Sleep,
2026-07-15T08:40:00.000Z,Hall AC,72.6,90.4,41,73,0,0,compressorCoolOff,Sleep,
2026-07-15T08:45:00.000Z,Hall AC,72.6,90.4,40,73,0,0,compressorCoolOff,Sleep,
2026-07-15T08:50:00.000Z,Hall AC,72.6,90.4,40,73,0,0,compressorCoolOff,Sleep,
2026-07-15T08:55:00.000Z,Hall AC,72.8,90.4,40,73,75,75,compressorCoolOff,Sleep,
2026-07-15T09:00:00.000Z,Hall AC,73.2,89.1,40,73,300,300,compressorCoolStage1On,Sleep,
2026-07-15T09:05:00.000Z,Hall AC,73,89.1,41,73,150,195,compressorCoolStage1On,Sleep,
2026-07-15T09:10:00.000Z,Hall AC,71.8,89.1,42,73,0,0,compressorCoolOff,Sleep,
2026-07-15T09:15:00.000Z,Hall AC,71.7,89.1,42,73,0,0,compressorCoolOff,Sleep,
2026-07-15T09:20:00.000Z,Hall AC,72.3,89.1,42,73,0,0,compressorCoolOff,Sleep,
2026-07-15T09:25:00.000Z,Hall AC,72.6,89.1,41,73,0,0,compressorCoolOff,Sleep,
2026-07-15T09:30:00.000Z,Hall AC,72.5,92.5,41,73,0,0,compressorCoolOff,Sleep,
2026-07-15T09:35:00.000Z,Hall AC,72.7,92.5,41,73,0,0,compressorCoolOff,Sleep,
2026-07-15T09:40:00.000Z,Hall AC,72.9,92.5,40,73,90,90,compressorCoolOff,Sleep,
2026-07-15T09:45:00.000Z,Hall AC,73,92.5,40,73,255,300,compressorCoolStage1On,Sleep,
2026-07-15T09:50:00.000Z,Hall AC,72.6,92.5,41,73,0,0,compressorCoolOff,Sleep,
2026-07-15T09:55:00.000Z,Hall AC,72.1,92.5,41,73,0,0,compressorCoolOff,Sleep,
2026-07-15T10:00:00.000Z,Hall AC,72.1,90.5,41,73,0,0,compressorCoolOff,Sleep,
2026-07-15T10:05:00.000Z,Hall AC,72.5,90.5,41,73,0,0,compressorCoolOff,Sleep,
2026-07-15T10:10:00.000Z,Hall AC,72.7,90.5,40,73,0,0,compressorCoolOff,Sleep,
2026-07-15T10:15:00.000Z,Hall AC,72.9,90.5,40,73,0,0,compressorCoolOff,Sleep,
2026-07-15T10:20:00.000Z,Hall AC,73,90.5,40,73,60,60,compressorCoolOff,Sleep,
2026-07-15T10:25:00.000Z,Hall AC,73.2,90.5,40,73,300,300,compressorCoolStage1On,Sleep,
2026-07-15T10:30:00.000Z,Hall AC,72.8,90.5,40,73,15,60,compressorCoolStage1On,Sleep,
2026-07-15T10:35:00.000Z,Hall AC,72,90.5,41,73,0,0,compressorCoolOff,Sleep,
2026-07-15T10:40:00.000Z,Hall AC,72.1,90.5,41,73,0,0,compressorCoolOff,Sleep,
2026-07-15T10:45:00.000Z,Hall AC,72.5,90.5,41,73,0,0,compressorCoolOff,Sleep,
2026-07-15T10:50:00.000Z,Hall AC,72.8,90.5,40,73,0,0,compressorCoolOff,Sleep,
2026-07-15T10:55:00.000Z,Hall AC,72.6,90.5,40,73,0,0,compressorCoolOff,Sleep,
2026-07-15T11:00:00.000Z,Hall AC,72.8,90,40,73,60,60,compressorCoolOff,Sleep,
2026-07-15T11:05:00.000Z,Hall AC,73.2,90,40,73,300,300,compressorCoolStage1On,Sleep,
2026-07-15T11:10:00.000Z,Hall AC,72.7,90,40,73,15,60,compressorCoolStage1On,Sleep,
2026-07-15T11:15:00.000Z,Hall AC,72,90,41,73,0,0,compressorCoolOff,Sleep,
2026-07-15T11:20:00.000Z,Hall AC,72.1,90,41,73,0,0,compressorCoolOff,Sleep,
2026-07-15T11:25:00.000Z,Hall AC,72.5,90,40,73,0,0,compressorCoolOff,Sleep,
2026-07-15T11:30:00.000Z,Hall AC,72.8,90.1,40,73,0,0,compressorCoolOff,Sleep,
2026-07-15T11:35:00.000Z,Hall AC,72.7,90.1,40,73,0,0,compressorCoolOff,Sleep,
2026-07-15T11:40:00.000Z,Hall AC,72.9,90.1,40,73,165,165,compressorCoolOff,Sleep,
2026-07-15T11:45:00.000Z,Hall AC,73.1,90.1,40,73,150,195,compressorCoolStage1On,Sleep,
2026-07-15T11:50:00.000Z,Hall AC,72.3,90.1,41,73,0,0,compressorCoolOff,Sleep,
2026-07-15T11:55:00.000Z,Hall AC,72.1,90.1,41,73,0,0,compressorCoolOff,Sleep,
2026-07-15T12:00:00.000Z,Hall AC,72.3,89.3,40,73,0,0,compressorCoolOff,Sleep,
2026-07-15T12:05:00.000Z,Hall AC,72.7,89.3,40,73,0,0,compressorCoolOff,Sleep,
2026-07-15T12:10:00.000Z,Hall AC,72.8,89.3,40,73,0,0,compressorCoolOff,Sleep,
2026-07-15T12:15:00.000Z,Hall AC,72.6,89.3,40,73,0,0,compressorCoolOff,Sleep,
2026-07-15T12:20:00.000Z,Hall AC,72.7,89.3,40,73,45,45,compressorCoolOff,Sleep,
2026-07-15T12:25:00.000Z,Hall AC,73.9,89.3,40,73,300,300,compressorCoolStage1On,Sleep,
2026-07-15T12:30:00.000Z,Hall AC,73.8,89.8,40,73,300,300,compressorCoolStage1On,Sleep,
2026-07-15T12:35:00.000Z,Hall AC,72.8,89.8,40,73,120,165,compressorCoolStage1On,Sleep,
2026-07-15T12:40:00.000Z,Hall AC,71.4,89.8,41,73,0,0,compressorCoolOff,Sleep,
2026-07-15T12:45:00.000Z,Hall AC,70.9,89.8,42,73,0,0,compressorCoolOff,Sleep,
2026-07-15T12:50:00.000Z,Hall AC,71.3,89.8,42,73,0,0,compressorCoolOff,Sleep,
2026-07-15T12:55:00.000Z,Hall AC,72.2,89.8,42,73,0,0,compressorCoolOff,Sleep,
2026-07-15T13:00:00.000Z,Hall AC,73,89.5,42,73,165,165,compressorCoolOff,Sleep,
2026-07-15T13:05:00.000Z,Hall AC,73.3,89.5,42,73,270,300,compressorCoolStage1On,Sleep,
2026-07-15T13:10:00.000Z,Hall AC,72.1,89.5,43,73,0,15,compressorCoolOff,Sleep,
2026-07-15T13:15:00.000Z,Hall AC,70.9,89.5,44,73,0,0,compressorCoolOff,Sleep,
2026-07-15T13:20:00.000Z,Hall AC,71.3,89.5,45,73,0,0,compressorCoolOff,Sleep,
2026-07-15T13:25:00.000Z,Hall AC,72.5,89.5,44,73,0,0,compressorCoolOff,Sleep,
2026-07-15T13:30:00.000Z,Hall AC,73.3,89.5,43,73,285,285,compressorCoolOff,Sleep,
2026-07-15T13:35:00.000Z,Hall AC,73.3,89.5,43,73,270,300,compressorCoolStage1On,Sleep,
2026-07-15T13:40:00.000Z,Hall AC,71.7,89.5,44,73,0,15,compressorCoolOff,Sleep,
2026-07-15T13:45:00.000Z,Hall AC,70.6,89.5,46,73,0,0,compressorCoolOff,Sleep,
2026-07-15T13:50:00.000Z,Hall AC,71,89.5,46,73,0,0,compressorCoolOff,Sleep,
2026-07-15T13:55:00.000Z,Hall AC,71.6,89.5,45,73,0,0,compressorCoolOff,Sleep,
2026-07-15T14:00:00.000Z,Hall AC,71.9,90,45,73,0,0,compressorCoolOff,Sleep,
2026-07-15T14:05:00.000Z,Hall AC,72.3,90,46,73,0,0,compressorCoolOff,Sleep,
2026-07-15T14:10:00.000Z,Hall AC,72.7,90,45,73,0,0,compressorCoolOff,Sleep,
2026-07-15T14:15:00.000Z,Hall AC,72.8,90,44,73,0,0,compressorCoolOff,Sleep,
2026-07-15T14:20:00.000Z,Hall AC,73.2,90,44,73,240,240,compressorCoolOff,Sleep,
2026-07-15T14:25:00.000Z,Hall AC,73.3,90,43,74.9,60,105,compressorCoolStage1On,Sleep,
2026-07-15T14:30:00.000Z,Hall AC,73,90,43,75,0,0,compressorCoolOff,WFH,
2026-07-15T14:35:00.000Z,Hall AC,73,90,43,75,0,0,compressorCoolOff,WFH,
2026-07-15T14:40:00.000Z,Hall AC,73.3,90,44,75,0,0,compressorCoolOff,WFH,
2026-07-15T14:45:00.000Z,Hall AC,73.7,90,44,75,0,0,compressorCoolOff,WFH,
2026-07-15T14:50:00.000Z,Hall AC,74.1,90,43,75,0,0,compressorCoolOff,WFH,
2026-07-15T14:55:00.000Z,Hall AC,74.5,90,43,75,0,0,compressorCoolOff,WFH,
2026-07-15T15:00:00.000Z,Hall AC,74.8,91.3,43,75,0,0,compressorCoolOff,WFH,
2026-07-15T15:05:00.000Z,Hall AC,75,91.3,43,75,165,165,compressorCoolOff,WFH,
2026-07-15T15:10:00.000Z,Hall AC,75.1,91.3,44,75,255,300,compressorCoolStage1On,WFH,
2026-07-15T15:15:00.000Z,Hall AC,74.2,91.3,43,75,0,0,compressorCoolOff,WFH,
2026-07-15T15:20:00.000Z,Hall AC,73.7,91.3,43,75,0,0,compressorCoolOff,WFH,
2026-07-15T15:25:00.000Z,Hall AC,74.1,91.3,44,75,0,0,compressorCoolOff,WFH,
2026-07-15T15:30:00.000Z,Hall AC,74.5,93.9,44,75,0,0,compressorCoolOff,WFH,
2026-07-15T15:35:00.000Z,Hall AC,74.8,93.9,45,75,30,30,compressorCoolOff,WFH,
2026-07-15T15:40:00.000Z,Hall AC,75.3,93.9,44,75,300,300,compressorCoolStage1On,WFH,
2026-07-15T15:45:00.000Z,Hall AC,75.1,93.9,43,75,180,225,compressorCoolStage1On,WFH,
2026-07-15T15:50:00.000Z,Hall AC,74,93.9,45,75,0,0,compressorCoolOff,WFH,
2026-07-15T15:55:00.000Z,Hall AC,74,93.9,45,75,0,0,compressorCoolOff,WFH,
2026-07-15T16:00:00.000Z,Hall AC,74.4,94.5,45,75,0,0,compressorCoolOff,WFH,
2026-07-15T16:05:00.000Z,Hall AC,74.8,94.5,45,75,0,0,compressorCoolOff,WFH,
2026-07-15T16:10:00.000Z,Hall AC,75.1,94.5,44,75,225,225,compressorCoolOff,WFH,
2026-07-15T16:15:00.000Z,Hall AC,75.9,94.5,43,75,300,300,compressorCoolStage1On,WFH,
2026-07-15T16:20:00.000Z,Hall AC,75,94.5,44,75,165,210,compressorCoolStage1On,WFH,
2026-07-15T16:25:00.000Z,Hall AC,73.3,94.5,45,75,0,0,compressorCoolOff,WFH,
2026-07-15T16:30:00.000Z,Hall AC,73.2,94.5,45,75,0,0,compressorCoolOff,WFH,
2026-07-15T16:35:00.000Z,Hall AC,73.9,94.5,44,75,0,0,compressorCoolOff,WFH,
2026-07-15T16:40:00.000Z,Hall AC,74.5,94.5,43,75,0,0,compressorCoolOff,WFH,
2026-07-15T16:45:00.000Z,Hall AC,75.5,94.5,43,75,240,240,compressorCoolOff,WFH,
2026-07-15T16:50:00.000Z,Hall AC,76.1,94.5,43,75,300,300,compressorCoolStage1On,WFH,
2026-07-15T16:55:00.000Z,Hall AC,74.6,94.5,43,75,75,120,compressorCoolStage1On,WFH,
2026-07-15T17:00:00.000Z,Hall AC,73.5,95,45,75,0,0,compressorCoolOff,WFH,
2026-07-15T17:05:00.000Z,Hall AC,73.9,95,46,75,0,0,compressorCoolOff,WFH,
2026-07-15T17:10:00.000Z,Hall AC,74.5,95,45,75,0,0,compressorCoolOff,WFH,
2026-07-15T17:15:00.000Z,Hall AC,75.1,95,44,75,165,165,compressorCoolOff,WFH,
2026-07-15T17:20:00.000Z,Hall AC,75.5,95,44,75,300,300,compressorCoolStage1On,WFH,
2026-07-15T17:25:00.000Z,Hall AC,75.1,95,43,75,180,225,compressorCoolStage1On,WFH,
2026-07-15T17:30:00.000Z,Hall AC,74.4,95,44,75,0,0,compressorCoolOff,WFH,
2026-07-15T17:35:00.000Z,Hall AC,74.4,95,45,75,0,0,compressorCoolOff,WFH,
2026-07-15T17:40:00.000Z,Hall AC,75.3,95,44,75,210,210,compressorCoolOff,WFH,
2026-07-15T17:45:00.000Z,Hall AC,76,95,44,75,300,300,compressorCoolStage1On,WFH,
2026-07-15T17:50:00.000Z,Hall AC,75,95,43,75,150,195,compressorCoolStage1On,WFH,
2026-07-15T17:55:00.000Z,Hall AC,73.5,95,45,75,0,0,compressorCoolOff,WFH,
2026-07-15T18:00:00.000Z,Hall AC,73.6,98,45,75,0,0,compressorCoolOff,WFH,
2026-07-15T18:05:00.000Z,Hall AC,74.3,98,45,75,0,0,compressorCoolOff,WFH,
2026-07-15T18:10:00.000Z,Hall AC,74.9,98,45,75,105,105,compressorCoolOff,WFH,
2026-07-15T18:15:00.000Z,Hall AC,75.5,98,44,75,300,300,compressorCoolStage1On,WFH,
2026-07-15T18:20:00.000Z,Hall AC,75.9,98,44,75,300,300,compressorCoolStage1On,WFH,
2026-07-15T18:25:00.000Z,Hall AC,75.4,98,44,75,255,300,compressorCoolStage1On,WFH,
2026-07-15T18:30:00.000Z,Hall AC,73.9,98,45,75,0,0,compressorCoolOff,WFH,
2026-07-15T18:35:00.000Z,Hall AC,73.1,98,47,75,0,0,compressorCoolOff,WFH,
2026-07-15T18:40:00.000Z,Hall AC,73.6,98,47,75,0,0,compressorCoolOff,WFH,
2026-07-15T18:45:00.000Z,Hall AC,74.3,98,47,75,0,0,compressorCoolOff,WFH,
2026-07-15T18:50:00.000Z,Hall AC,74.8,98,46,75,0,0,compressorCoolOff,WFH,
2026-07-15T18:55:00.000Z,Hall AC,75.4,98,45,75,300,300,compressorCoolStage1On,WFH,
2026-07-15T19:00:00.000Z,Hall AC,76.2,100.2,44,75,300,300,compressorCoolStage1On,WFH,
2026-07-15T19:05:00.000Z,Hall AC,75.7,100.2,44,75,300,300,compressorCoolStage1On,WFH,
2026-07-15T19:10:00.000Z,Hall AC,74.1,100.2,44,75,15,60,compressorCoolStage1On,WFH,
2026-07-15T19:15:00.000Z,Hall AC,73.2,100.2,46,75,0,0,compressorCoolOff,WFH,
2026-07-15T19:20:00.000Z,Hall AC,73.7,100.2,47,75,0,0,compressorCoolOff,WFH,
2026-07-15T19:25:00.000Z,Hall AC,74.3,100.2,46,75,0,0,compressorCoolOff,WFH,
2026-07-15T19:30:00.000Z,Hall AC,75.1,97.9,45,75,165,165,compressorCoolOff,WFH,
2026-07-15T19:35:00.000Z,Hall AC,76.2,97.9,43,75,300,300,compressorCoolStage1On,WFH,
2026-07-15T19:40:00.000Z,Hall AC,75.7,97.9,43,75,300,300,compressorCoolStage1On,WFH,
2026-07-15T19:45:00.000Z,Hall AC,74.4,97.9,44,75,60,105,compressorCoolStage1On,WFH,
2026-07-15T19:50:00.000Z,Hall AC,73.1,97.9,45,75,0,0,compressorCoolOff,WFH,
2026-07-15T19:55:00.000Z,Hall AC,73.6,97.9,46,75,0,0,compressorCoolOff,WFH,
2026-07-15T20:00:00.000Z,Hall AC,74.2,98.6,46,75,0,0,compressorCoolOff,WFH,
2026-07-15T20:05:00.000Z,Hall AC,74.9,98.6,45,75,90,90,compressorCoolOff,WFH,
2026-07-15T20:10:00.000Z,Hall AC,75.8,98.6,44,75,300,300,compressorCoolStage1On,WFH,
2026-07-15T20:15:00.000Z,Hall AC,76.1,98.6,44,75,300,300,compressorCoolStage1On,WFH,
2026-07-15T20:20:00.000Z,Hall AC,75.2,98.6,44,75,225,270,compressorCoolStage1On,WFH,
2026-07-15T20:25:00.000Z,Hall AC,73.8,98.6,46,75,0,0,compressorCoolOff,WFH,
2026-07-15T20:30:00.000Z,Hall AC,73.4,100.8,47,75,0,0,compressorCoolOff,WFH,
2026-07-15T20:35:00.000Z,Hall AC,74,100.8,46,75,0,0,compressorCoolOff,WFH,
2026-07-15T20:40:00.000Z,Hall AC,74.8,100.8,46,75,60,60,compressorCoolOff,WFH,
2026-07-15T20:45:00.000Z,Hall AC,76.1,100.8,44,75,300,300,compressorCoolStage1On,WFH,
2026-07-15T20:50:00.000Z,Hall AC,76.1,100.8,44,75,300,300,compressorCoolStage1On,WFH,
2026-07-15T20:55:00.000Z,Hall AC,75.2,100.8,45,75,225,270,compressorCoolStage1On,WFH,
2026-07-15T21:00:00.000Z,Hall AC,73.9,101.5,46,75,0,0,compressorCoolOff,WFH,
2026-07-15T21:05:00.000Z,Hall AC,73.6,101.5,47,75,0,0,compressorCoolOff,WFH,
2026-07-15T21:10:00.000Z,Hall AC,74.3,101.5,47,75,0,0,compressorCoolOff,WFH,
2026-07-15T21:15:00.000Z,Hall AC,75.1,101.5,46,75,150,150,compressorCoolOff,WFH,
2026-07-15T21:20:00.000Z,Hall AC,76.3,101.5,45,75,300,300,compressorCoolStage1On,WFH,
2026-07-15T21:25:00.000Z,Hall AC,76,101.5,45,75,300,300,compressorCoolStage1On,WFH,
2026-07-15T21:30:00.000Z,Hall AC,75,101.5,46,75,300,300,compressorCoolStage1On,WFH,
2026-07-15T21:35:00.000Z,Hall AC,74.2,101.5,47,75,285,300,compressorCoolStage1On,WFH,(SmartRecovery)
2026-07-15T21:40:00.000Z,Hall AC,73.8,101.5,46,75,0,30,compressorCoolOff,WFH,
2026-07-15T21:45:00.000Z,Hall AC,73.6,101.5,47,75,0,0,compressorCoolOff,WFH,
2026-07-15T21:50:00.000Z,Hall AC,74,101.5,47,75,135,135,compressorCoolOff,WFH,
2026-07-15T21:55:00.000Z,Hall AC,73.9,101.5,46,74.1,165,210,compressorCoolStage1On,WFH,(SmartRecovery)
2026-07-15T22:00:00.000Z,Hall AC,73.8,103.1,47,74,75,75,compressorCoolOff,Home,
2026-07-15T22:05:00.000Z,Hall AC,74.8,103.1,47,74,300,300,compressorCoolStage1On,Home,
2026-07-15T22:10:00.000Z,Hall AC,74.9,103.1,47,74,300,300,compressorCoolStage1On,Home,
2026-07-15T22:15:00.000Z,Hall AC,74.4,103.1,47,74,300,300,compressorCoolStage1On,Home,
2026-07-15T22:20:00.000Z,Hall AC,73.9,103.1,47,74,90,135,compressorCoolStage1On,Home,
2026-07-15T22:25:00.000Z,Hall AC,73.4,103.1,48,74,0,0,compressorCoolOff,Home,
2026-07-15T22:30:00.000Z,Hall AC,73.6,103.1,48,74,0,0,compressorCoolOff,Home,
2026-07-15T22:35:00.000Z,Hall AC,73.9,103.1,47,74,90,90,compressorCoolOff,Home,
2026-07-15T22:40:00.000Z,Hall AC,75.2,103.1,47,74,300,300,compressorCoolStage1On,Home,
2026-07-15T22:45:00.000Z,Hall AC,75.4,103.1,47,74,300,300,compressorCoolStage1On,Home,
2026-07-15T22:50:00.000Z,Hall AC,74.9,103.1,47,74,300,300,compressorCoolStage1On,Home,
2026-07-15T22:55:00.000Z,Hall AC,74.2,103.1,47,74,240,285,compressorCoolStage1On,Home,
2026-07-15T23:00:00.000Z,Hall AC,73.4,103.1,47,74,0,0,compressorCoolOff,Home,
2026-07-15T23:05:00.000Z,Hall AC,73,103.1,49,74,0,0,compressorCoolOff,Home,
2026-07-15T23:10:00.000Z,Hall AC,73.7,103.1,48,74,45,45,compressorCoolOff,Home,
2026-07-15T23:15:00.000Z,Hall AC,75.2,103.1,46,74,300,300,compressorCoolStage1On,Home,
2026-07-15T23:20:00.000Z,Hall AC,75.7,103.1,46,74,300,300,compressorCoolStage1On,Home,
2026-07-15T23:25:00.000Z,Hall AC,75.1,103.1,47,74,300,300,compressorCoolStage1On,Home,
2026-07-15T23:30:00.000Z,Hall AC,74.6,103.1,47,74,300,300,compressorCoolStage1On,Home,
2026-07-15T23:35:00.000Z,Hall AC,74.1,103.1,47,74,180,225,compressorCoolStage1On,Home,
2026-07-15T23:40:00.000Z,Hall AC,73.2,103.1,47,74,0,0,compressorCoolOff,Home,
2026-07-15T23:45:00.000Z,Hall AC,72.7,103.1,49,74,0,0,compressorCoolOff,Home,
2026-07-15T23:50:00.000Z,Hall AC,73.5,103.1,48,74,60,60,compressorCoolOff,Home,
2026-07-15T23:55:00.000Z,Hall AC,75.2,103.1,47,74,300,300,compressorCoolStage1On,Home,
2026-07-16T00:00:00.000Z,Hall AC,75.5,101.5,47,74,300,300,compressorCoolStage1On,Home,
2026-07-16T00:05:00.000Z,Hall AC,74.9,101.5,47,74,300,300,compressorCoolStage1On,Home,
2026-07-16T00:10:00.000Z,Hall AC,74.2,101.5,47,74,270,300,compressorCoolStage1On,Home,
2026-07-16T00:15:00.000Z,Hall AC,73.5,101.5,47,74,0,15,compressorCoolOff,Home,
2026-07-16T00:20:00.000Z,Hall AC,72.8,101.5,48,74,0,0,compressorCoolOff,Home,
2026-07-16T00:25:00.000Z,Hall AC,73.2,101.5,49,74,0,0,compressorCoolOff,Home,
2026-07-16T00:30:00.000Z,Hall AC,74.5,99.1,47,74,240,240,compressorCoolOff,Home,
2026-07-16T00:35:00.000Z,Hall AC,75.5,99.1,47,74,300,300,compressorCoolStage1On,Home,
2026-07-16T00:40:00.000Z,Hall AC,75.1,99.1,47,74,300,300,compressorCoolStage1On,Home,
2026-07-16T00:45:00.000Z,Hall AC,74.3,99.1,47,74,300,300,compressorCoolStage1On,Home,
2026-07-16T00:50:00.000Z,Hall AC,73.7,99.1,47,74,45,90,compressorCoolStage1On,Home,
2026-07-16T00:55:00.000Z,Hall AC,72.7,99.1,48,74,0,0,compressorCoolOff,Home,
2026-07-16T01:00:00.000Z,Hall AC,73,95.4,47,74,0,0,compressorCoolOff,Home,
2026-07-16T01:05:00.000Z,Hall AC,74.2,95.4,46,74,195,195,compressorCoolOff,Home,
2026-07-16T01:10:00.000Z,Hall AC,75.3,95.4,45,74,300,300,compressorCoolStage1On,Home,
2026-07-16T01:15:00.000Z,Hall AC,75,95.4,45,74,300,300,compressorCoolStage1On,Home,
2026-07-16T01:20:00.000Z,Hall AC,73.8,95.4,45,74,90,135,compressorCoolStage1On,Home,
2026-07-16T01:25:00.000Z,Hall AC,72.9,95.4,47,74,0,0,compressorCoolOff,Home,
2026-07-16T01:30:00.000Z,Hall AC,73.4,98,47,74,0,0,compressorCoolOff,Home,
2026-07-16T01:35:00.000Z,Hall AC,74.4,98,46,74,240,240,compressorCoolOff,Home,
2026-07-16T01:40:00.000Z,Hall AC,75.3,98,45,74,300,300,compressorCoolStage1On,Home,
2026-07-16T01:45:00.000Z,Hall AC,75.3,98,44,74,300,300,compressorCoolStage1On,Home,
2026-07-16T01:50:00.000Z,Hall AC,74.9,98,44,74,300,300,compressorCoolStage1On,Home,
2026-07-16T01:55:00.000Z,Hall AC,74.6,98,44,74,300,300,compressorCoolStage1On,Home,
2026-07-16T02:00:00.000Z,Hall AC,74.7,95.1,44,74,300,300,compressorCoolStage1On,Home,
2026-07-16T02:05:00.000Z,Hall AC,74.1,95.1,44,74,195,240,compressorCoolStage1On,Home,
2026-07-16T02:10:00.000Z,Hall AC,72.6,95.1,47,74,0,0,compressorCoolOff,Home,
2026-07-16T02:15:00.000Z,Hall AC,71.9,95.1,50,74,0,0,compressorCoolOff,Home,
2026-07-16T02:20:00.000Z,Hall AC,72.6,95.1,49,74,0,0,compressorCoolOff,Home,
2026-07-16T02:25:00.000Z,Hall AC,73.5,95.1,49,74,0,0,compressorCoolOff,Home,
2026-07-16T02:30:00.000Z,Hall AC,74.2,95.1,48,74,240,240,compressorCoolOff,Home,
2026-07-16T02:35:00.000Z,Hall AC,74,95.1,45,74,150,195,compressorCoolStage1On,Home,
2026-07-16T02:40:00.000Z,Hall AC,73.1,95.1,46,74,0,0,compressorCoolOff,Home,
2026-07-16T02:45:00.000Z,Hall AC,73.7,95.1,48,74,45,45,compressorCoolOff,Home,
2026-07-16T02:50:00.000Z,Hall AC,74.5,95.1,46,74,300,300,compressorCoolStage1On,Home,
2026-07-16T02:55:00.000Z,Hall AC,73.9,95.1,44,74,135,180,compressorCoolStage1On,Home,
2026-07-16T03:00:00.000Z,Hall AC,73.2,92.8,45,74,0,0,compressorCoolOff,Home,
2026-07-16T03:05:00.000Z,Hall AC,73.7,92.8,46,74,0,0,compressorCoolOff,Home,
2026-07-16T03:10:00.000Z,Hall AC,74.2,92.8,45,74,300,300,compressorCoolStage1On,Home,
2026-07-16T03:15:00.000Z,Hall AC,73.5,92.8,44,74,0,45,compressorCoolOff,Home,
2026-07-16T03:20:00.000Z,Hall AC,73.7,92.8,46,74,0,0,compressorCoolOff,Home,
2026-07-16T03:25:00.000Z,Hall AC,74.3,92.8,45,74,270,270,compressorCoolOff,Home,
2026-07-16T03:30:00.000Z,Hall AC,73.7,92.8,44,74,75,120,compressorCoolStage1On,Home,
2026-07-16T03:35:00.000Z,Hall AC,73.2,92.8,45,74,0,0,compressorCoolOff,Home,
2026-07-16T03:40:00.000Z,Hall AC,73.9,92.8,45,74,90,90,compressorCoolOff,Home,
2026-07-16T03:45:00.000Z,Hall AC,74.1,92.8,44,74,240,285,compressorCoolStage1On,Home,
2026-07-16T03:50:00.000Z,Hall AC,73.3,92.8,45,74,0,0,compressorCoolOff,Home,
2026-07-16T03:55:00.000Z,Hall AC,73.6,92.8,46,74,0,0,compressorCoolOff,Home,
2026-07-16T04:00:00.000Z,Hall AC,74.3,89.7,45,74,285,285,compressorCoolOff,Home,
2026-07-16T04:05:00.000Z,Hall AC,73.1,89.7,45,74,165,210,compressorCoolStage1On,Home,
2026-07-16T04:10:00.000Z,Hall AC,72.2,89.7,46,74,0,0,compressorCoolOff,Home,
2026-07-16T04:15:00.000Z,Hall AC,73.2,89.7,46,74,75,75,compressorCoolOff,Home,
2026-07-16T04:20:00.000Z,Hall AC,74.2,89.7,45,74,300,300,compressorCoolStage1On,Home,(SmartRecovery)
2026-07-16T04:25:00.000Z,Hall AC,74.1,89.7,45,73.1,300,300,compressorCoolStage1On,Home,
2026-07-16T04:30:00.000Z,Hall AC,73.4,89.7,45,73,285,300,compressorCoolStage1On,Sleep,
2026-07-16T04:35:00.000Z,Hall AC,72.6,89.7,45,73,0,30,compressorCoolOff,Sleep,
2026-07-16T04:40:00.000Z,Hall AC,72.1,89.7,45,73,0,0,compressorCoolOff,Sleep,
2026-07-16T04:45:00.000Z,Hall AC,72.5,89.7,45,73,0,0,compressorCoolOff,Sleep,
2026-07-16T04:50:00.000Z,Hall AC,72.9,89.7,44,73,75,75,compressorCoolOff,Sleep,
2026-07-16T04:55:00.000Z,Hall AC,73.6,89.7,44,73,300,300,compressorCoolStage1On,Sleep,
2026-07-16T05:00:00.000Z,Hall AC,73.5,85.4,44,73,300,300,compressorCoolStage1On,Sleep,
2026-07-16T05:05:00.000Z,Hall AC,72.9,85.4,44,73,105,150,compressorCoolStage1On,Sleep,
2026-07-16T05:10:00.000Z,Hall AC,72.1,85.4,44,73,0,0,compressorCoolOff,Sleep,
2026-07-16T05:15:00.000Z,Hall AC,72.2,85.4,44,73,0,0,compressorCoolOff,Sleep,
2026-07-16T05:20:00.000Z,Hall AC,72.6,85.4,44,73,0,0,compressorCoolOff,Sleep,
2026-07-16T05:25:00.000Z,Hall AC,73,85.4,44,73,0,0,compressorCoolOff,Sleep,
2026-07-16T05:30:00.000Z,Hall AC,73.4,88.5,44,73,105,105,compressorCoolOff,Sleep,
2026-07-16T05:35:00.000Z,Hall AC,73.9,88.5,44,73,300,300,compressorCoolStage1On,Sleep,
2026-07-16T05:40:00.000Z,Hall AC,73.6,88.5,44,73,300,300,compressorCoolStage1On,Sleep,
2026-07-16T05:45:00.000Z,Hall AC,72.9,88.5,44,73,105,150,compressorCoolStage1On,Sleep,
2026-07-16T05:50:00.000Z,Hall AC,72.1,88.5,44,73,0,0,compressorCoolOff,Sleep,
2026-07-16T05:55:00.000Z,Hall AC,72.1,88.5,44,73,0,0,compressorCoolOff,Sleep,
2026-07-16T06:00:00.000Z,Hall AC,72.6,87.2,44,73,0,0,compressorCoolOff,Sleep,
2026-07-16T06:05:00.000Z,Hall AC,73,87.2,43,73,105,105,compressorCoolOff,Sleep,
2026-07-16T06:10:00.000Z,Hall AC,73.6,87.2,43,73,300,300,compressorCoolStage1On,Sleep,
2026-07-16T06:15:00.000Z,Hall AC,73.4,87.2,44,73,300,300,compressorCoolStage1On,Sleep,
2026-07-16T06:20:00.000Z,Hall AC,72.7,87.2,44,73,45,90,compressorCoolStage1On,Sleep,
2026-07-16T06:25:00.000Z,Hall AC,71.8,87.2,44,73,0,0,compressorCoolOff,Sleep,
2026-07-16T06:30:00.000Z,Hall AC,72,87.2,44,73,0,0,compressorCoolOff,Sleep,
2026-07-16T06:35:00.000Z,Hall AC,72.4,87.2,44,73,0,0,compressorCoolOff,Sleep,
2026-07-16T06:40:00.000Z,Hall AC,72.7,87.2,44,73,0,0,compressorCoolOff,Sleep,
2026-07-16T06:45:00.000Z,Hall AC,72.9,87.2,44,73,45,45,compressorCoolOff,Sleep,
2026-07-16T06:50:00.000Z,Hall AC,73.4,87.2,44,73,300,300,compressorCoolStage1On,Sleep,
2026-07-16T06:55:00.000Z,Hall AC,73.4,87.2,44,73,300,300,compressorCoolStage1On,Sleep,
2026-07-16T07:00:00.000Z,Hall AC,72.6,86,44,73,45,90,compressorCoolStage1On,Sleep,
2026-07-16T07:05:00.000Z,Hall AC,71.9,86,44,73,0,0,compressorCoolOff,Sleep,
2026-07-16T07:10:00.000Z,Hall AC,71.9,86,44,73,0,0,compressorCoolOff,Sleep,
2026-07-16T07:15:00.000Z,Hall AC,72.3,86,44,73,0,0,compressorCoolOff,Sleep,
2026-07-16T07:20:00.000Z,Hall AC,72.6,86,44,73,0,0,compressorCoolOff,Sleep,
2026-07-16T07:25:00.000Z,Hall AC,72.8,86,44,73,45,45,compressorCoolOff,Sleep,
2026-07-16T07:30:00.000Z,Hall AC,73.4,87.2,44,73,300,300,compressorCoolStage1On,Sleep,
2026-07-16T07:35:00.000Z,Hall AC,73.3,87.2,44,73,285,300,compressorCoolStage1On,Sleep,
2026-07-16T07:40:00.000Z,Hall AC,72.5,87.2,44,73,0,30,compressorCoolOff,Sleep,
2026-07-16T07:45:00.000Z,Hall AC,71.9,87.2,44,73,0,0,compressorCoolOff,Sleep,
2026-07-16T07:50:00.000Z,Hall AC,72.1,87.2,44,73,0,0,compressorCoolOff,Sleep,
2026-07-16T07:55:00.000Z,Hall AC,72.4,87.2,44,73,0,0,compressorCoolOff,Sleep,
2026-07-16T08:00:00.000Z,Hall AC,72.6,87.1,44,73,0,0,compressorCoolOff,Sleep,
2026-07-16T08:05:00.000Z,Hall AC,72.9,87.1,44,73,90,90,compressorCoolOff,Sleep,
2026-07-16T08:10:00.000Z,Hall AC,73.5,87.1,43,73,300,300,compressorCoolStage1On,Sleep,
2026-07-16T08:15:00.000Z,Hall AC,73.3,87.1,44,73,300,300,compressorCoolStage1On,Sleep,
2026-07-16T08:20:00.000Z,Hall AC,72.7,87.1,44,73,60,105,compressorCoolStage1On,Sleep,
2026-07-16T08:25:00.000Z,Hall AC,71.8,87.1,44,73,0,0,compressorCoolOff,Sleep,
2026-07-16T08:30:00.000Z,Hall AC,71.8,87.1,44,73,0,0,compressorCoolOff,Sleep,
2026-07-16T08:35:00.000Z,Hall AC,72.2,87.1,44,73,0,0,compressorCoolOff,Sleep,
2026-07-16T08:40:00.000Z,Hall AC,72.4,87.1,44,73,0,0,compressorCoolOff,Sleep,
2026-07-16T08:45:00.000Z,Hall AC,72.6,87.1,44,73,0,0,compressorCoolOff,Sleep,
2026-07-16T08:50:00.000Z,Hall AC,72.8,87.1,44,73,0,0,compressorCoolOff,Sleep,
2026-07-16T08:55:00.000Z,Hall AC,73.1,87.1,43,73,240,240,compressorCoolOff,Sleep,
2026-07-16T09:00:00.000Z,Hall AC,73.1,86,42,73,150,195,compressorCoolStage1On,Sleep,
2026-07-16T09:05:00.000Z,Hall AC,72.5,86,43,73,0,0,compressorCoolOff,Sleep,
2026-07-16T09:10:00.000Z,Hall AC,72.3,86,44,73,0,0,compressorCoolOff,Sleep,
2026-07-16T09:15:00.000Z,Hall AC,72.5,86,44,73,0,0,compressorCoolOff,Sleep,
2026-07-16T09:20:00.000Z,Hall AC,72.6,86,44,73,0,0,compressorCoolOff,Sleep,
2026-07-16T09:25:00.000Z,Hall AC,72.9,86,44,73,75,75,compressorCoolOff,Sleep,
2026-07-16T09:30:00.000Z,Hall AC,73.3,86,43,73,300,300,compressorCoolStage1On,Sleep,
2026-07-16T09:35:00.000Z,Hall AC,72.6,86,42,73,0,45,compressorCoolOff,Sleep,
2026-07-16T09:40:00.000Z,Hall AC,72.3,86,43,73,0,0,compressorCoolOff,Sleep,
2026-07-16T09:45:00.000Z,Hall AC,72.4,86,44,73,0,0,compressorCoolOff,Sleep,
2026-07-16T09:50:00.000Z,Hall AC,72.5,86,44,73,0,0,compressorCoolOff,Sleep,
2026-07-16T09:55:00.000Z,Hall AC,72.8,86,44,73,0,0,compressorCoolOff,Sleep,
2026-07-16T10:00:00.000Z,Hall AC,72.9,84.4,43,73,195,195,compressorCoolOff,Sleep,
2026-07-16T10:05:00.000Z,Hall AC,72.9,84.4,42,73,105,150,compressorCoolStage1On,Sleep,
2026-07-16T10:10:00.000Z,Hall AC,72.6,84.4,43,73,0,0,compressorCoolOff,Sleep,
2026-07-16T10:15:00.000Z,Hall AC,72.5,84.4,44,73,0,0,compressorCoolOff,Sleep,
2026-07-16T10:20:00.000Z,Hall AC,72.7,84.4,44,73,0,0,compressorCoolOff,Sleep,
2026-07-16T10:25:00.000Z,Hall AC,73.1,84.4,43,73,195,195,compressorCoolOff,Sleep,
2026-07-16T10:30:00.000Z,Hall AC,73.1,86,42,73,150,195,compressorCoolStage1On,Sleep,
2026-07-16T10:35:00.000Z,Hall AC,72.5,86,43,73,0,0,compressorCoolOff,Sleep,
2026-07-16T10:40:00.000Z,Hall AC,72.4,86,44,73,0,0,compressorCoolOff,Sleep,
2026-07-16T10:45:00.000Z,Hall AC,72.6,86,44,73,0,0,compressorCoolOff,Sleep,
2026-07-16T10:50:00.000Z,Hall AC,72.9,86,44,73,75,75,compressorCoolOff,Sleep,
2026-07-16T10:55:00.000Z,Hall AC,73.2,86,43,73,285,300,compressorCoolStage1On,Sleep,
2026-07-16T11:00:00.000Z,Hall AC,72.7,85.3,42,73,0,30,compressorCoolOff,Sleep,
2026-07-16T11:05:00.000Z,Hall AC,72.3,85.3,43,73,0,0,compressorCoolOff,Sleep,
2026-07-16T11:10:00.000Z,Hall AC,72.4,85.3,44,73,0,0,compressorCoolOff,Sleep,
2026-07-16T11:15:00.000Z,Hall AC,72.5,85.3,44,73,0,0,compressorCoolOff,Sleep,
2026-07-16T11:20:00.000Z,Hall AC,72.7,85.3,44,73,0,0,compressorCoolOff,Sleep,
2026-07-16T11:25:00.000Z,Hall AC,73,85.3,44,73,0,0,compressorCoolOff,Sleep,
2026-07-16T11:30:00.000Z,Hall AC,73.4,85.3,43,73,165,165,compressorCoolOff,Sleep,
2026-07-16T11:35:00.000Z,Hall AC,74,85.3,42,73,300,300,compressorCoolStage1On,Sleep,
2026-07-16T11:40:00.000Z,Hall AC,73.5,85.3,41,73,285,300,compressorCoolStage1On,Sleep,
2026-07-16T11:45:00.000Z,Hall AC,72.4,85.3,41,73,0,30,compressorCoolOff,Sleep,
2026-07-16T11:50:00.000Z,Hall AC,71.5,85.3,43,73,0,0,compressorCoolOff,Sleep,
2026-07-16T11:55:00.000Z,Hall AC,71.1,85.3,44,73,0,0,compressorCoolOff,Sleep,
2026-07-16T12:00:00.000Z,Hall AC,71.1,85.4,44,73,0,0,compressorCoolOff,Sleep,
2026-07-16T12:05:00.000Z,Hall AC,71.5,85.4,44,73,0,0,compressorCoolOff,Sleep,
2026-07-16T12:10:00.000Z,Hall AC,72,85.4,44,73,0,0,compressorCoolOff,Sleep,
2026-07-16T12:15:00.000Z,Hall AC,72.7,85.4,44,73,0,0,compressorCoolOff,Sleep,
2026-07-16T12:20:00.000Z,Hall AC,73.3,85.4,43,73,0,0,compressorCoolOff,Sleep,
2026-07-16T12:25:00.000Z,Hall AC,73.2,85.4,43,73,0,0,compressorCoolOff,Sleep,
2026-07-16T12:30:00.000Z,Hall AC,73.1,85.4,43,73,0,0,compressorCoolOff,Sleep,
2026-07-16T12:35:00.000Z,Hall AC,72.6,85.4,43,73,0,0,compressorCoolOff,Sleep,
2026-07-16T12:40:00.000Z,Hall AC,72.4,85.4,43,73,0,0,compressorCoolOff,Sleep,
2026-07-16T12:45:00.000Z,Hall AC,72.6,85.4,44,73,0,0,compressorCoolOff,Sleep,
2026-07-16T12:50:00.000Z,Hall AC,72.8,85.4,44,73,0,0,compressorCoolOff,Sleep,
2026-07-16T12:55:00.000Z,Hall AC,73.2,85.4,44,73,60,60,compressorCoolOff,Sleep,
2026-07-16T13:00:00.000Z,Hall AC,74.4,84.6,43,73,300,300,compressorCoolStage1On,Sleep,
2026-07-16T13:05:00.000Z,Hall AC,73.8,84.6,44,73,270,300,compressorCoolStage1On,Sleep,
2026-07-16T13:10:00.000Z,Hall AC,71.9,84.6,46,73,0,15,compressorCoolOff,Sleep,
2026-07-16T13:15:00.000Z,Hall AC,71.3,84.6,47,73,0,0,compressorCoolOff,Sleep,
2026-07-16T13:20:00.000Z,Hall AC,71.9,84.6,47,73,0,0,compressorCoolOff,Sleep,
2026-07-16T13:25:00.000Z,Hall AC,72.5,84.6,46,73,0,0,compressorCoolOff,Sleep,
2026-07-16T13:30:00.000Z,Hall AC,72.8,84.6,45,73,0,0,compressorCoolOff,Sleep,
2026-07-16T13:35:00.000Z,Hall AC,73.1,84.6,45,73,0,0,compressorCoolOff,Sleep,
2026-07-16T13:40:00.000Z,Hall AC,73.4,84.6,45,73,120,120,compressorCoolOff,Sleep,
2026-07-16T13:45:00.000Z,Hall AC,73.8,84.6,44,73,300,300,compressorCoolStage1On,Sleep,
2026-07-16T13:50:00.000Z,Hall AC,72.9,84.6,42,73,150,195,compressorCoolStage1On,Sleep,
2026-07-16T13:55:00.000Z,Hall AC,72.1,84.6,43,73,0,0,compressorCoolOff,Sleep,
2026-07-16T14:00:00.000Z,Hall AC,72.3,85.5,44,73,0,0,compressorCoolOff,Sleep,
2026-07-16T14:05:00.000Z,Hall AC,72.9,85.5,44,73,0,0,compressorCoolOff,Sleep,
2026-07-16T14:10:00.000Z,Hall AC,73.7,85.5,44,73,195,195,compressorCoolOff,Sleep,
2026-07-16T14:15:00.000Z,Hall AC,73.9,85.5,42,73,300,300,compressorCoolStage1On,Sleep,
2026-07-16T14:20:00.000Z,Hall AC,72.6,85.5,42,73,45,90,compressorCoolStage1On,Sleep,
2026-07-16T14:25:00.000Z,Hall AC,72,85.5,43,74.8,0,0,compressorCoolOff,Sleep,
2026-07-16T14:30:00.000Z,Hall AC,71.8,86.8,43,75,0,0,compressorCoolOff,WFH,
2026-07-16T14:35:00.000Z,Hall AC,72.4,86.8,44,75,0,0,compressorCoolOff,WFH,
2026-07-16T14:40:00.000Z,Hall AC,72.9,86.8,44,75,0,0,compressorCoolOff,WFH,
2026-07-16T14:45:00.000Z,Hall AC,73.4,86.8,45,75,0,0,compressorCoolOff,WFH,
2026-07-16T14:50:00.000Z,Hall AC,73.8,86.8,44,75,0,0,compressorCoolOff,WFH,
2026-07-16T14:55:00.000Z,Hall AC,74,86.8,43,75,0,0,compressorCoolOff,WFH,
2026-07-16T15:00:00.000Z,Hall AC,74.2,87.4,43,75,0,0,compressorCoolOff,WFH,
2026-07-16T15:05:00.000Z,Hall AC,74.5,87.4,43,75,0,0,compressorCoolOff,WFH,
2026-07-16T15:10:00.000Z,Hall AC,74.4,87.4,42,75,0,0,compressorCoolOff,WFH,
2026-07-16T15:15:00.000Z,Hall AC,74.6,87.4,41,75,0,0,compressorCoolOff,WFH,
2026-07-16T15:20:00.000Z,Hall AC,74.5,87.4,41,75,0,0,compressorCoolOff,WFH,
2026-07-16T15:25:00.000Z,Hall AC,74.8,87.4,41,75,0,0,compressorCoolOff,WFH,
2026-07-16T15:30:00.000Z,Hall AC,75,87.4,42,75,285,285,compressorCoolOff,WFH,
2026-07-16T15:35:00.000Z,Hall AC,74.8,87.4,41,75,45,90,compressorCoolStage1On,WFH,
2026-07-16T15:40:00.000Z,Hall AC,74.4,87.4,43,75,0,0,compressorCoolOff,WFH,
2026-07-16T15:45:00.000Z,Hall AC,74.5,87.4,43,75,0,0,compressorCoolOff,WFH,
2026-07-16T15:50:00.000Z,Hall AC,75,87.4,44,75,150,150,compressorCoolOff,WFH,
2026-07-16T15:55:00.000Z,Hall AC,74.9,87.4,42,75,150,195,compressorCoolStage1On,WFH,
2026-07-16T16:00:00.000Z,Hall AC,74.5,88.8,43,75,0,0,compressorCoolOff,WFH,
2026-07-16T16:05:00.000Z,Hall AC,74.5,88.8,44,75,0,0,compressorCoolOff,WFH,
2026-07-16T16:10:00.000Z,Hall AC,74.8,88.8,44,75,0,0,compressorCoolOff,WFH,
2026-07-16T16:15:00.000Z,Hall AC,75.1,88.8,43,75,285,285,compressorCoolOff,WFH,
2026-07-16T16:20:00.000Z,Hall AC,74.8,88.8,42,75,15,60,compressorCoolStage1On,WFH,
2026-07-16T16:25:00.000Z,Hall AC,74.4,88.8,43,75,0,0,compressorCoolOff,WFH,
2026-07-16T16:30:00.000Z,Hall AC,74.8,88.8,44,75,0,0,compressorCoolOff,WFH,
2026-07-16T16:35:00.000Z,Hall AC,75.2,88.8,44,75,240,240,compressorCoolOff,WFH,
2026-07-16T16:40:00.000Z,Hall AC,75,88.8,42,75,150,195,compressorCoolStage1On,WFH,
2026-07-16T16:45:00.000Z,Hall AC,74.5,88.8,43,75,0,0,compressorCoolOff,WFH,
2026-07-16T16:50:00.000Z,Hall AC,74.6,88.8,44,75,0,0,compressorCoolOff,WFH,
2026-07-16T16:55:00.000Z,Hall AC,74.9,88.8,44,75,45,45,compressorCoolOff,WFH,
2026-07-16T17:00:00.000Z,Hall AC,75.3,92.9,43,75,300,300,compressorCoolStage1On,WFH,
2026-07-16T17:05:00.000Z,Hall AC,74.7,92.9,42,75,45,90,compressorCoolStage1On,WFH,
2026-07-16T17:10:00.000Z,Hall AC,74.3,92.9,45,75,0,0,compressorCoolOff,WFH,
2026-07-16T17:15:00.000Z,Hall AC,74.5,92.9,45,75,0,0,compressorCoolOff,WFH,
2026-07-16T17:20:00.000Z,Hall AC,75,92.9,44,75,120,120,compressorCoolOff,WFH,
2026-07-16T17:25:00.000Z,Hall AC,75.4,92.9,43,75,300,300,compressorCoolStage1On,WFH,
2026-07-16T17:30:00.000Z,Hall AC,74.6,92.9,43,75,0,45,compressorCoolOff,WFH,
2026-07-16T17:35:00.000Z,Hall AC,74.3,92.9,45,75,0,0,compressorCoolOff,WFH,
2026-07-16T17:40:00.000Z,Hall AC,74.6,92.9,46,75,0,0,compressorCoolOff,WFH,
2026-07-16T17:45:00.000Z,Hall AC,75,92.9,45,75,150,150,compressorCoolOff,WFH,
2026-07-16T17:50:00.000Z,Hall AC,75.5,92.9,43,75,300,300,compressorCoolStage1On,WFH,
2026-07-16T17:55:00.000Z,Hall AC,74.7,92.9,43,75,0,45,compressorCoolOff,WFH,
2026-07-16T18:00:00.000Z,Hall AC,74.2,95.3,44,75,0,0,compressorCoolOff,WFH,
2026-07-16T18:05:00.000Z,Hall AC,74.5,95.3,44,75,0,0,compressorCoolOff,WFH,
2026-07-16T18:10:00.000Z,Hall AC,75,95.3,44,75,135,135,compressorCoolOff,WFH,
2026-07-16T18:15:00.000Z,Hall AC,75.5,95.3,44,75,285,300,compressorCoolStage1On,WFH,
2026-07-16T18:20:00.000Z,Hall AC,74.7,95.3,44,75,0,30,compressorCoolOff,WFH,
2026-07-16T18:25:00.000Z,Hall AC,74.4,95.3,45,75,0,0,compressorCoolOff,WFH,
2026-07-16T18:30:00.000Z,Hall AC,74.8,95.3,46,75,45,45,compressorCoolOff,WFH,
2026-07-16T18:35:00.000Z,Hall AC,75.5,95.3,45,75,300,300,compressorCoolStage1On,WFH,
2026-07-16T18:40:00.000Z,Hall AC,75.9,95.3,42,75,300,300,compressorCoolStage1On,WFH,
2026-07-16T18:45:00.000Z,Hall AC,75.3,95.3,42,75,255,300,compressorCoolStage1On,WFH,
2026-07-16T18:50:00.000Z,Hall AC,74.3,95.3,44,75,0,0,compressorCoolOff,WFH,
2026-07-16T18:55:00.000Z,Hall AC,73.2,95.3,46,75,0,0,compressorCoolOff,WFH,
2026-07-16T19:00:00.000Z,Hall AC,73.6,97.2,46,75,0,0,compressorCoolOff,WFH,
2026-07-16T19:05:00.000Z,Hall AC,74.3,97.2,45,75,0,0,compressorCoolOff,WFH,
2026-07-16T19:10:00.000Z,Hall AC,74.8,97.2,45,75,45,45,compressorCoolOff,WFH,
2026-07-16T19:15:00.000Z,Hall AC,75.7,97.2,44,75,300,300,compressorCoolStage1On,WFH,
2026-07-16T19:20:00.000Z,Hall AC,76.2,97.2,44,75,300,300,compressorCoolStage1On,WFH,
2026-07-16T19:25:00.000Z,Hall AC,75.4,97.2,44,75,255,300,compressorCoolStage1On,WFH,
2026-07-16T19:30:00.000Z,Hall AC,73.8,93.4,45,75,0,0,compressorCoolOff,WFH,
2026-07-16T19:35:00.000Z,Hall AC,73.3,93.4,47,75,0,0,compressorCoolOff,WFH,
2026-07-16T19:40:00.000Z,Hall AC,73.9,93.4,48,75,0,0,compressorCoolOff,WFH,
2026-07-16T19:45:00.000Z,Hall AC,74.6,93.4,47,75,0,0,compressorCoolOff,WFH,
2026-07-16T19:50:00.000Z,Hall AC,75.5,93.4,45,75,240,240,compressorCoolOff,WFH,
2026-07-16T19:55:00.000Z,Hall AC,76.4,93.4,44,75,300,300,compressorCoolStage1On,WFH,
2026-07-16T20:00:00.000Z,Hall AC,75.7,94.4,44,75,300,300,compressorCoolStage1On,WFH,
2026-07-16T20:05:00.000Z,Hall AC,74.5,94.4,45,75,75,120,compressorCoolStage1On,WFH,
2026-07-16T20:10:00.000Z,Hall AC,73.3,94.4,46,75,0,0,compressorCoolOff,WFH,
2026-07-16T20:15:00.000Z,Hall AC,73.6,94.4,47,75,0,0,compressorCoolOff,WFH,
2026-07-16T20:20:00.000Z,Hall AC,74.4,94.4,46,75,0,0,compressorCoolOff,WFH,
2026-07-16T20:25:00.000Z,Hall AC,75.7,94.4,45,75,300,300,compressorCoolStage1On,WFH,
2026-07-16T20:30:00.000Z,Hall AC,76,96.2,45,75,300,300,compressorCoolStage1On,WFH,
2026-07-16T20:35:00.000Z,Hall AC,74.8,96.2,44,75,120,165,compressorCoolStage1On,WFH,
2026-07-16T20:40:00.000Z,Hall AC,73.5,96.2,47,75,0,0,compressorCoolOff,WFH,
2026-07-16T20:45:00.000Z,Hall AC,73.7,96.2,49,75,0,0,compressorCoolOff,WFH,
2026-07-16T20:50:00.000Z,Hall AC,74.5,96.2,47,75,0,0,compressorCoolOff,WFH,
2026-07-16T20:55:00.000Z,Hall AC,75.6,96.2,46,75,240,240,compressorCoolOff,WFH,
2026-07-16T21:00:00.000Z,Hall AC,76.5,96.4,45,75,300,300,compressorCoolStage1On,WFH,
2026-07-16T21:05:00.000Z,Hall AC,75.9,96.4,46,75,300,300,compressorCoolStage1On,WFH,
2026-07-16T21:10:00.000Z,Hall AC,74.6,96.4,46,75,90,135,compressorCoolStage1On,WFH,
2026-07-16T21:15:00.000Z,Hall AC,73.3,96.4,47,75,0,0,compressorCoolOff,WFH,
2026-07-16T21:20:00.000Z,Hall AC,73.7,96.4,49,75,0,0,compressorCoolOff,WFH,
2026-07-16T21:25:00.000Z,Hall AC,74.9,96.4,47,75,135,135,compressorCoolOff,WFH,
2026-07-16T21:30:00.000Z,Hall AC,76,96.4,46,75,300,300,compressorCoolStage1On,WFH,
2026-07-16T21:35:00.000Z,Hall AC,75.5,96.4,47,75,300,300,compressorCoolStage1On,WFH,
2026-07-16T21:40:00.000Z,Hall AC,74.8,96.4,47,75,300,300,compressorCoolStage1On,WFH,
2026-07-16T21:45:00.000Z,Hall AC,74.1,96.4,48,75,195,240,compressorCoolStage1On,WFH,(SmartRecovery)
2026-07-16T21:50:00.000Z,Hall AC,73.3,96.4,48,75,0,0,compressorCoolOff,WFH,
2026-07-16T21:55:00.000Z,Hall AC,73.4,96.4,47,74.1,0,0,compressorCoolOff,WFH,
2026-07-16T22:00:00.000Z,Hall AC,73.6,95.8,47,74,0,0,compressorCoolOff,Home,
2026-07-16T22:05:00.000Z,Hall AC,74,95.8,47,74,120,120,compressorCoolOff,Home,
2026-07-16T22:10:00.000Z,Hall AC,75.4,95.8,47,74,300,300,compressorCoolStage1On,Home,
2026-07-16T22:15:00.000Z,Hall AC,75.2,95.8,48,74,300,300,compressorCoolStage1On,Home,
2026-07-16T22:20:00.000Z,Hall AC,74.4,95.8,47,74,300,300,compressorCoolStage1On,Home,
2026-07-16T22:25:00.000Z,Hall AC,74.2,95.8,47,74,300,300,compressorCoolStage1On,Home,
2026-07-16T22:30:00.000Z,Hall AC,74,95.8,47,74,165,210,compressorCoolStage1On,Home,
2026-07-16T22:35:00.000Z,Hall AC,73.3,95.8,47,74,0,0,compressorCoolOff,Home,
2026-07-16T22:40:00.000Z,Hall AC,73,95.8,49,74,0,0,compressorCoolOff,Home,
2026-07-16T22:45:00.000Z,Hall AC,73.5,95.8,49,74,0,0,compressorCoolOff,Home,
2026-07-16T22:50:00.000Z,Hall AC,74.9,95.8,47,74,300,300,compressorCoolStage1On,Home,
2026-07-16T22:55:00.000Z,Hall AC,75.4,95.8,47,74,300,300,compressorCoolStage1On,Home,
2026-07-16T23:00:00.000Z,Hall AC,74.9,95.8,47,74,300,300,compressorCoolStage1On,Home,
2026-07-16T23:05:00.000Z,Hall AC,74.3,95.8,47,74,300,300,compressorCoolStage1On,Home,
2026-07-16T23:10:00.000Z,Hall AC,73.6,95.8,47,74,15,60,compressorCoolStage1On,Home,
2026-07-16T23:15:00.000Z,Hall AC,72.8,95.8,48,74,0,0,compressorCoolOff,Home,
2026-07-16T23:20:00.000Z,Hall AC,73.2,95.8,48,74,0,0,compressorCoolOff,Home,
2026-07-16T23:25:00.000Z,Hall AC,74.6,95.8,47,74,270,270,compressorCoolOff,Home,
2026-07-16T23:30:00.000Z,Hall AC,75.1,95.8,48,74,300,300,compressorCoolStage1On,Home,
2026-07-16T23:35:00.000Z,Hall AC,74.6,95.8,48,74,300,300,compressorCoolStage1On,Home,
2026-07-16T23:40:00.000Z,Hall AC,74,95.8,47,74,150,195,compressorCoolStage1On,Home,
2026-07-16T23:45:00.000Z,Hall AC,72.9,95.8,48,74,0,0,compressorCoolOff,Home,
2026-07-16T23:50:00.000Z,Hall AC,72.8,95.8,49,74,0,0,compressorCoolOff,Home,
2026-07-16T23:55:00.000Z,Hall AC,74.1,95.8,48,74,180,180,compressorCoolOff,Home,
2026-07-17T00:00:00.000Z,Hall AC,75,93,47,74,300,300,compressorCoolStage1On,Home,
2026-07-17T00:05:00.000Z,Hall AC,74.6,93,47,74,300,300,compressorCoolStage1On,Home,
2026-07-17T00:10:00.000Z,Hall AC,74,93,47,74,180,225,compressorCoolStage1On,Home,
2026-07-17T00:15:00.000Z,Hall AC,72.8,93,47,74,0,0,compressorCoolOff,Home,
2026-07-17T00:20:00.000Z,Hall AC,72.7,93,49,74,0,0,compressorCoolOff,Home,
2026-07-17T00:25:00.000Z,Hall AC,74.1,93,47,74,165,165,compressorCoolOff,Home,
2026-07-17T00:30:00.000Z,Hall AC,75,93.6,47,74,300,300,compressorCoolStage1On,Home,
2026-07-17T00:35:00.000Z,Hall AC,74.2,93.6,45,74,195,240,compressorCoolStage1On,Home,
2026-07-17T00:40:00.000Z,Hall AC,72.5,93.6,47,74,0,0,compressorCoolOff,Home,
2026-07-17T00:45:00.000Z,Hall AC,72.9,93.6,49,74,0,0,compressorCoolOff,Home,
2026-07-17T00:50:00.000Z,Hall AC,73.8,93.6,48,74,75,75,compressorCoolOff,Home,
2026-07-17T00:55:00.000Z,Hall AC,74.4,93.6,46,74,300,300,compressorCoolStage1On,Home,
2026-07-17T01:00:00.000Z,Hall AC,74.3,91.2,45,74,300,300,compressorCoolStage1On,Home,
2026-07-17T01:05:00.000Z,Hall AC,73.9,91.2,44,74,120,165,compressorCoolStage1On,Home,
2026-07-17T01:10:00.000Z,Hall AC,73.3,91.2,46,74,0,0,compressorCoolOff,Home,
2026-07-17T01:15:00.000Z,Hall AC,73.8,91.2,47,74,60,60,compressorCoolOff,Home,
2026-07-17T01:20:00.000Z,Hall AC,74.5,91.2,46,74,300,300,compressorCoolStage1On,Home,
2026-07-17T01:25:00.000Z,Hall AC,74.4,91.2,44,74,300,300,compressorCoolStage1On,Home,
2026-07-17T01:30:00.000Z,Hall AC,74.1,92.6,44,74,210,255,compressorCoolStage1On,Home,
2026-07-17T01:35:00.000Z,Hall AC,73.5,92.6,45,74,0,0,compressorCoolOff,Home,
2026-07-17T01:40:00.000Z,Hall AC,73.4,92.6,46,74,0,0,compressorCoolOff,Home,
2026-07-17T01:45:00.000Z,Hall AC,74.1,92.6,47,74,195,195,compressorCoolOff,Home,
2026-07-17T01:50:00.000Z,Hall AC,74.5,92.6,45,74,300,300,compressorCoolStage1On,Home,
2026-07-17T01:55:00.000Z,Hall AC,73.8,92.6,44,74,75,120,compressorCoolStage1On,Home,
2026-07-17T02:00:00.000Z,Hall AC,73.3,90.1,45,74,0,0,compressorCoolOff,Home,
2026-07-17T02:05:00.000Z,Hall AC,74.5,90.1,45,74,240,240,compressorCoolOff,Home,
2026-07-17T02:10:00.000Z,Hall AC,75.1,90.1,44,74,300,300,compressorCoolStage1On,Home,
2026-07-17T02:15:00.000Z,Hall AC,74.2,90.1,44,74,210,255,compressorCoolStage1On,Home,
2026-07-17T02:20:00.000Z,Hall AC,73.2,90.1,44,74,0,0,compressorCoolOff,Home,
2026-07-17T02:25:00.000Z,Hall AC,73.1,90.1,46,74,0,0,compressorCoolOff,Home,
2026-07-17T02:30:00.000Z,Hall AC,73.5,90.1,45,74,0,0,compressorCoolOff,Home,
2026-07-17T02:35:00.000Z,Hall AC,73.9,90.1,45,74,15,15,compressorCoolOff,Home,
2026-07-17T02:40:00.000Z,Hall AC,74.4,90.1,45,74,300,300,compressorCoolStage1On,Home,
2026-07-17T02:45:00.000Z,Hall AC,74,90.1,44,74,180,225,compressorCoolStage1On,Home,
2026-07-17T02:50:00.000Z,Hall AC,72.6,90.1,45,74,0,0,compressorCoolOff,Home,
2026-07-17T02:55:00.000Z,Hall AC,72.9,90.1,46,74,0,0,compressorCoolOff,Home,
2026-07-17T03:00:00.000Z,Hall AC,74,85.7,45,74,150,150,compressorCoolOff,Home,
2026-07-17T03:05:00.000Z,Hall AC,74.1,85.7,44,74,180,225,compressorCoolStage1On,Home,
2026-07-17T03:10:00.000Z,Hall AC,73.6,85.7,45,74,0,0,compressorCoolOff,Home,
2026-07-17T03:15:00.000Z,Hall AC,73.9,85.7,46,74,0,0,compressorCoolOff,Home,
2026-07-17T03:20:00.000Z,Hall AC,74.2,85.7,45,74,0,0,compressorCoolOff,Home,
2026-07-17T03:25:00.000Z,Hall AC,74.4,85.7,45,74,240,240,compressorCoolOff,Home,
2026-07-17T03:30:00.000Z,Hall AC,73.6,85.7,45,74,60,105,compressorCoolStage1On,Home,
2026-07-17T03:35:00.000Z,Hall AC,73.2,85.7,46,74,0,0,compressorCoolOff,Home,
2026-07-17T03:40:00.000Z,Hall AC,73.8,85.7,46,74,15,15,compressorCoolOff,Home,
2026-07-17T03:45:00.000Z,Hall AC,75.1,85.7,45,74,300,300,compressorCoolStage1On,Home,
2026-07-17T03:50:00.000Z,Hall AC,74.9,85.7,45,74,300,300,compressorCoolStage1On,Home,
2026-07-17T03:55:00.000Z,Hall AC,74,85.7,45,74,165,210,compressorCoolStage1On,Home,
2026-07-17T04:00:00.000Z,Hall AC,73.1,83.9,46,74,0,0,compressorCoolOff,Home,
2026-07-17T04:05:00.000Z,Hall AC,73.1,83.9,47,74,0,0,compressorCoolOff,Home,
2026-07-17T04:10:00.000Z,Hall AC,73.5,83.9,47,74,75,75,compressorCoolOff,Home,
2026-07-17T04:15:00.000Z,Hall AC,74.2,83.9,47,74,300,300,compressorCoolStage1On,Home,(SmartRecovery)
2026-07-17T04:20:00.000Z,Hall AC,74.2,83.9,47,74,300,300,compressorCoolStage1On,Home,
2026-07-17T04:25:00.000Z,Hall AC,73.9,83.9,46,73.1,300,300,compressorCoolStage1On,Home,(SmartRecovery)
2026-07-17T04:30:00.000Z,Hall AC,73.3,83.9,45,73,195,240,compressorCoolStage1On,Sleep,
2026-07-17T04:35:00.000Z,Hall AC,71.5,83.9,46,73,0,0,compressorCoolOff,Sleep,
2026-07-17T04:40:00.000Z,Hall AC,71.3,83.9,46,73,0,0,compressorCoolOff,Sleep,
2026-07-17T04:45:00.000Z,Hall AC,72.1,83.9,46,73,0,0,compressorCoolOff,Sleep,
2026-07-17T04:50:00.000Z,Hall AC,72.7,83.9,45,73,0,0,compressorCoolOff,Sleep,
2026-07-17T04:55:00.000Z,Hall AC,73,83.9,43,73,0,0,compressorCoolOff,Sleep,
2026-07-17T05:00:00.000Z,Hall AC,73.3,81.7,43,73,75,75,compressorCoolOff,Sleep,
2026-07-17T05:05:00.000Z,Hall AC,74.2,81.7,43,73,300,300,compressorCoolStage1On,Sleep,
2026-07-17T05:10:00.000Z,Hall AC,74.2,81.7,44,73,300,300,compressorCoolStage1On,Sleep,
2026-07-17T05:15:00.000Z,Hall AC,73.3,81.7,44,73,270,300,compressorCoolStage1On,Sleep,
2026-07-17T05:20:00.000Z,Hall AC,72.3,81.7,44,73,0,15,compressorCoolOff,Sleep,
2026-07-17T05:25:00.000Z,Hall AC,71.8,81.7,44,73,0,0,compressorCoolOff,Sleep,
2026-07-17T05:30:00.000Z,Hall AC,72.3,82.2,44,73,0,0,compressorCoolOff,Sleep,
2026-07-17T05:35:00.000Z,Hall AC,72.8,82.2,44,73,0,0,compressorCoolOff,Sleep,
2026-07-17T05:40:00.000Z,Hall AC,73.2,82.2,43,73,0,0,compressorCoolOff,Sleep,
2026-07-17T05:45:00.000Z,Hall AC,73,82.2,42,73,0,0,compressorCoolOff,Sleep,
2026-07-17T05:50:00.000Z,Hall AC,73.2,82.2,42,73,15,15,compressorCoolOff,Sleep,
2026-07-17T05:55:00.000Z,Hall AC,73.9,82.2,42,73,300,300,compressorCoolStage1On,Sleep,
2026-07-17T06:00:00.000Z,Hall AC,74.2,78.4,44,73,300,300,compressorCoolStage1On,Sleep,
2026-07-17T06:05:00.000Z,Hall AC,73.5,78.4,44,73,300,300,compressorCoolStage1On,Sleep,
2026-07-17T06:10:00.000Z,Hall AC,72.4,78.4,44,73,15,60,compressorCoolStage1On,Sleep,
2026-07-17T06:15:00.000Z,Hall AC,71.7,78.4,44,73,0,0,compressorCoolOff,Sleep,
2026-07-17T06:20:00.000Z,Hall AC,72.1,78.4,44,73,0,0,compressorCoolOff,Sleep,
2026-07-17T06:25:00.000Z,Hall AC,72.7,78.4,44,73,0,0,compressorCoolOff,Sleep,
2026-07-17T06:30:00.000Z,Hall AC,73,79.6,43,73,0,0,compressorCoolOff,Sleep,
2026-07-17T06:35:00.000Z,Hall AC,73,79.6,42,73,0,0,compressorCoolOff,Sleep,
2026-07-17T06:40:00.000Z,Hall AC,72.9,79.6,42,73,0,0,compressorCoolOff,Sleep,
2026-07-17T06:45:00.000Z,Hall AC,73.9,79.6,43,73,300,300,compressorCoolStage1On,Sleep,
2026-07-17T06:50:00.000Z,Hall AC,74,79.6,44,73,300,300,compressorCoolStage1On,Sleep,
2026-07-17T06:55:00.000Z,Hall AC,73.2,79.6,44,73,210,255,compressorCoolStage1On,Sleep,
2026-07-17T07:00:00.000Z,Hall AC,72,79,44,73,0,0,compressorCoolOff,Sleep,
2026-07-17T07:05:00.000Z,Hall AC,71.6,79,44,73,0,0,compressorCoolOff,Sleep,
2026-07-17T07:10:00.000Z,Hall AC,72,79,44,73,0,0,compressorCoolOff,Sleep,
2026-07-17T07:15:00.000Z,Hall AC,72.5,79,43,73,0,0,compressorCoolOff,Sleep,
2026-07-17T07:20:00.000Z,Hall AC,72.5,79,42,73,0,0,compressorCoolOff,Sleep,
2026-07-17T07:25:00.000Z,Hall AC,72.7,79,42,73,0,0,compressorCoolOff,Sleep,
2026-07-17T07:30:00.000Z,Hall AC,72.9,79,42,73,0,0,compressorCoolOff,Sleep,
2026-07-17T07:35:00.000Z,Hall AC,73.1,79,42,73,0,0,compressorCoolOff,Sleep,
2026-07-17T07:40:00.000Z,Hall AC,73,79,41,73,0,0,compressorCoolOff,Sleep,
2026-07-17T07:45:00.000Z,Hall AC,72.7,79,40,73,0,0,compressorCoolOff,Sleep,
2026-07-17T07:50:00.000Z,Hall AC,72.8,79,40,73,0,0,compressorCoolOff,Sleep,
2026-07-17T07:55:00.000Z,Hall AC,73.5,79,41,73,120,120,compressorCoolOff,Sleep,
2026-07-17T08:00:00.000Z,Hall AC,74,77,42,73,300,300,compressorCoolStage1On,Sleep,
2026-07-17T08:05:00.000Z,Hall AC,73.8,77,43,73,300,300,compressorCoolStage1On,Sleep,
2026-07-17T08:10:00.000Z,Hall AC,72.9,77,43,73,135,180,compressorCoolStage1On,Sleep,
2026-07-17T08:15:00.000Z,Hall AC,71.3,77,42,73,0,0,compressorCoolOff,Sleep,
2026-07-17T08:20:00.000Z,Hall AC,71.2,77,42,73,0,0,compressorCoolOff,Sleep,
2026-07-17T08:25:00.000Z,Hall AC,71.7,77,42,73,0,0,compressorCoolOff,Sleep,
2026-07-17T08:30:00.000Z,Hall AC,72.2,77,42,73,0,0,compressorCoolOff,Sleep,
2026-07-17T08:35:00.000Z,Hall AC,72.3,77,41,73,0,0,compressorCoolOff,Sleep,
2026-07-17T08:40:00.000Z,Hall AC,72.2,77,41,73,0,0,compressorCoolOff,Sleep,
2026-07-17T08:45:00.000Z,Hall AC,72.6,77,41,73,0,0,compressorCoolOff,Sleep,
2026-07-17T08:50:00.000Z,Hall AC,72.9,77,41,73,0,0,compressorCoolOff,Sleep,
2026-07-17T08:55:00.000Z,Hall AC,72.7,77,40,73,0,0,compressorCoolOff,Sleep,
2026-07-17T09:00:00.000Z,Hall AC,72.7,76.6,40,73,0,0,compressorCoolOff,Sleep,
2026-07-17T09:05:00.000Z,Hall AC,72.7,76.6,40,73,0,0,compressorCoolOff,Sleep,
2026-07-17T09:10:00.000Z,Hall AC,73.2,76.6,40,73,180,180,compressorCoolOff,Sleep,
2026-07-17T09:15:00.000Z,Hall AC,73.9,76.6,41,73,300,300,compressorCoolStage1On,Sleep,
2026-07-17T09:20:00.000Z,Hall AC,73.3,76.6,42,73,180,225,compressorCoolStage1On,Sleep,
2026-07-17T09:25:00.000Z,Hall AC,71.8,76.6,42,73,0,0,compressorCoolOff,Sleep,
2026-07-17T09:30:00.000Z,Hall AC,71.3,75.7,42,73,0,0,compressorCoolOff,Sleep,
2026-07-17T09:35:00.000Z,Hall AC,71.8,75.7,42,73,0,0,compressorCoolOff,Sleep,
2026-07-17T09:40:00.000Z,Hall AC,72.3,75.7,42,73,0,0,compressorCoolOff,Sleep,
2026-07-17T09:45:00.000Z,Hall AC,72.7,75.7,42,73,0,0,compressorCoolOff,Sleep,
2026-07-17T09:50:00.000Z,Hall AC,72.6,75.7,41,73,0,0,compressorCoolOff,Sleep,
2026-07-17T09:55:00.000Z,Hall AC,72.3,75.7,40,73,0,0,compressorCoolOff,Sleep,
2026-07-17T10:00:00.000Z,Hall AC,72.8,75.9,41,73,0,0,compressorCoolOff,Sleep,
2026-07-17T10:05:00.000Z,Hall AC,73.5,75.9,42,73,270,270,compressorCoolOff,Sleep,
2026-07-17T10:10:00.000Z,Hall AC,73.5,75.9,42,73,300,300,compressorCoolStage1On,Sleep,
2026-07-17T10:15:00.000Z,Hall AC,72.8,75.9,43,73,105,150,compressorCoolStage1On,Sleep,
2026-07-17T10:20:00.000Z,Hall AC,71.2,75.9,42,73,0,0,compressorCoolOff,Sleep,
2026-07-17T10:25:00.000Z,Hall AC,71,75.9,42,73,0,0,compressorCoolOff,Sleep,
2026-07-17T10:30:00.000Z,Hall AC,71.5,75.8,42,73,0,0,compressorCoolOff,Sleep,
2026-07-17T10:35:00.000Z,Hall AC,72.1,75.8,42,73,0,0,compressorCoolOff,Sleep,
2026-07-17T10:40:00.000Z,Hall AC,72.2,75.8,41,73,0,0,compressorCoolOff,Sleep,
2026-07-17T10:45:00.000Z,Hall AC,72.1,75.8,41,73,0,0,compressorCoolOff,Sleep,
2026-07-17T10:50:00.000Z,Hall AC,72.6,75.8,42,73,0,0,compressorCoolOff,Sleep,
2026-07-17T10:55:00.000Z,Hall AC,72.8,75.8,42,73,0,0,compressorCoolOff,Sleep,
2026-07-17T11:00:00.000Z,Hall AC,72.8,75.7,41,73,0,0,compressorCoolOff,Sleep,
2026-07-17T11:05:00.000Z,Hall AC,72.5,75.7,40,73,0,0,compressorCoolOff,Sleep,
2026-07-17T11:10:00.000Z,Hall AC,72.8,75.7,40,73,0,0,compressorCoolOff,Sleep,
2026-07-17T11:15:00.000Z,Hall AC,73.5,75.7,41,73,285,285,compressorCoolOff,Sleep,
2026-07-17T11:20:00.000Z,Hall AC,73.4,75.7,42,73,240,285,compressorCoolStage1On,Sleep,
2026-07-17T11:25:00.000Z,Hall AC,72.1,75.7,42,73,0,0,compressorCoolOff,Sleep,
2026-07-17T11:30:00.000Z,Hall AC,71.4,75.7,42,73,0,0,compressorCoolOff,Sleep,
2026-07-17T11:35:00.000Z,Hall AC,71.8,75.7,42,73,0,0,compressorCoolOff,Sleep,
2026-07-17T11:40:00.000Z,Hall AC,72,75.7,42,73,0,0,compressorCoolOff,Sleep,
2026-07-17T11:45:00.000Z,Hall AC,72.1,75.7,42,73,0,0,compressorCoolOff,Sleep,
2026-07-17T11:50:00.000Z,Hall AC,72.4,75.7,42,73,0,0,compressorCoolOff,Sleep,
2026-07-17T11:55:00.000Z,Hall AC,72.8,75.7,42,73,0,0,compressorCoolOff,Sleep,
2026-07-17T12:00:00.000Z,Hall AC,73,75,42,73,0,0,compressorCoolOff,Sleep,
2026-07-17T12:05:00.000Z,Hall AC,72.5,75,41,73,0,0,compressorCoolOff,Sleep,
2026-07-17T12:10:00.000Z,Hall AC,72.6,75,41,73,0,0,compressorCoolOff,Sleep,
2026-07-17T12:15:00.000Z,Hall AC,72.9,75,41,73,0,0,compressorCoolOff,Sleep,
2026-07-17T12:20:00.000Z,Hall AC,72.9,75,41,73,0,0,compressorCoolOff,Sleep,
2026-07-17T12:25:00.000Z,Hall AC,72.9,75,41,73,0,0,compressorCoolOff,Sleep,
2026-07-17T12:30:00.000Z,Hall AC,72.9,75,41,73,0,0,compressorCoolOff,Sleep,
2026-07-17T12:35:00.000Z,Hall AC,73.8,75,42,73,300,300,compressorCoolStage1On,Sleep,
2026-07-17T12:40:00.000Z,Hall AC,74.4,75,42,73,300,300,compressorCoolStage1On,Sleep,
2026-07-17T12:45:00.000Z,Hall AC,73.3,75,43,73,240,285,compressorCoolStage1On,Sleep,
2026-07-17T12:50:00.000Z,Hall AC,72.1,75,44,73,0,0,compressorCoolOff,Sleep,
2026-07-17T12:55:00.000Z,Hall AC,70.8,75,46,73,0,0,compressorCoolOff,Sleep,
2026-07-17T13:00:00.000Z,Hall AC,70.7,75.4,47,73,0,0,compressorCoolOff,Sleep,
2026-07-17T13:05:00.000Z,Hall AC,71.3,75.4,46,73,0,0,compressorCoolOff,Sleep,
2026-07-17T13:10:00.000Z,Hall AC,71.9,75.4,45,73,0,0,compressorCoolOff,Sleep,
2026-07-17T13:15:00.000Z,Hall AC,72.8,75.4,45,73,90,90,compressorCoolOff,Sleep,
2026-07-17T13:20:00.000Z,Hall AC,73.8,75.4,44,73,300,300,compressorCoolStage1On,Sleep,
2026-07-17T13:25:00.000Z,Hall AC,72.9,75.4,44,73,135,180,compressorCoolStage1On,Sleep,
2026-07-17T13:30:00.000Z,Hall AC,71.4,75.4,45,73,0,0,compressorCoolOff,Sleep,
2026-07-17T13:35:00.000Z,Hall AC,70.8,75.4,44,73,0,0,compressorCoolOff,Sleep,
2026-07-17T13:40:00.000Z,Hall AC,71.1,75.4,43,73,0,0,compressorCoolOff,Sleep,
2026-07-17T13:45:00.000Z,Hall AC,71.6,75.4,42,73,0,0,compressorCoolOff,Sleep,
2026-07-17T13:50:00.000Z,Hall AC,72,75.4,42,73,0,0,compressorCoolOff,Sleep,
2026-07-17T13:55:00.000Z,Hall AC,73.2,75.4,42,73,180,180,compressorCoolOff,Sleep,
2026-07-17T14:00:00.000Z,Hall AC,72.3,76.7,41,73,120,165,compressorCoolStage1On,Sleep,
2026-07-17T14:05:00.000Z,Hall AC,71.2,76.7,42,73,0,0,compressorCoolOff,Sleep,
2026-07-17T14:10:00.000Z,Hall AC,71.7,76.7,43,73,0,0,compressorCoolOff,Sleep,
2026-07-17T14:15:00.000Z,Hall AC,72.1,76.7,42,73,0,0,compressorCoolOff,Sleep,
2026-07-17T14:20:00.000Z,Hall AC,72.5,76.7,42,73,0,0,compressorCoolOff,Sleep,
2026-07-17T14:25:00.000Z,Hall AC,72.9,76.7,42,74.7,0,0,compressorCoolOff,Sleep,
2026-07-17T14:30:00.000Z,Hall AC,73.3,76.7,42,75,0,0,compressorCoolOff,WFH,
2026-07-17T14:35:00.000Z,Hall AC,73.5,76.7,42,75,0,0,compressorCoolOff,WFH,
2026-07-17T14:40:00.000Z,Hall AC,73.7,76.7,42,75,0,0,compressorCoolOff,WFH,
2026-07-17T14:45:00.000Z,Hall AC,74.1,76.7,43,75,0,0,compressorCoolOff,WFH,
2026-07-17T14:50:00.000Z,Hall AC,74.3,76.7,44,75,0,0,compressorCoolOff,WFH,
2026-07-17T14:55:00.000Z,Hall AC,74.3,76.7,43,75,0,0,compressorCoolOff,WFH,
2026-07-17T15:00:00.000Z,Hall AC,74.5,78.4,44,75,0,0,compressorCoolOff,WFH,
2026-07-17T15:05:00.000Z,Hall AC,74.6,78.4,44,75,0,0,compressorCoolOff,WFH,
2026-07-17T15:10:00.000Z,Hall AC,74.7,78.4,44,75,0,0,compressorCoolOff,WFH,
2026-07-17T15:15:00.000Z,Hall AC,74.8,78.4,44,75,0,0,compressorCoolOff,WFH,
2026-07-17T15:20:00.000Z,Hall AC,74.9,78.4,44,75,0,0,compressorCoolOff,WFH,
2026-07-17T15:25:00.000Z,Hall AC,75.1,78.4,44,75,0,0,compressorCoolOff,WFH,
2026-07-17T15:30:00.000Z,Hall AC,75.2,79,44,75,0,0,compressorCoolOff,WFH,
2026-07-17T15:35:00.000Z,Hall AC,75.1,79,43,75,0,0,compressorCoolOff,WFH,
2026-07-17T15:40:00.000Z,Hall AC,75,79,43,75,0,0,compressorCoolOff,WFH,
2026-07-17T15:45:00.000Z,Hall AC,75,79,43,75,0,0,compressorCoolOff,WFH,
2026-07-17T15:50:00.000Z,Hall AC,75.2,79,42,75,0,0,compressorCoolOff,WFH,
2026-07-17T15:55:00.000Z,Hall AC,75,79,42,75,15,15,compressorCoolOff,WFH,
2026-07-17T16:00:00.000Z,Hall AC,75.3,79.8,42,75,285,300,compressorCoolStage1On,WFH,
2026-07-17T16:05:00.000Z,Hall AC,74.7,79.8,42,75,0,30,compressorCoolOff,WFH,
2026-07-17T16:10:00.000Z,Hall AC,74.4,79.8,43,75,0,0,compressorCoolOff,WFH,
2026-07-17T16:15:00.000Z,Hall AC,74.7,79.8,43,75,0,0,compressorCoolOff,WFH,
2026-07-17T16:20:00.000Z,Hall AC,74.9,79.8,44,75,0,0,compressorCoolOff,WFH,
2026-07-17T16:25:00.000Z,Hall AC,75.1,79.8,44,75,0,0,compressorCoolOff,WFH,
2026-07-17T16:30:00.000Z,Hall AC,75.3,79.8,45,75,0,0,compressorCoolOff,WFH,
2026-07-17T16:35:00.000Z,Hall AC,75.5,79.8,44,75,300,300,compressorCoolStage1On,WFH,
2026-07-17T16:40:00.000Z,Hall AC,75,79.8,43,75,75,120,compressorCoolStage1On,WFH,
2026-07-17T16:45:00.000Z,Hall AC,74.4,79.8,44,75,0,0,compressorCoolOff,WFH,
2026-07-17T16:50:00.000Z,Hall AC,74.5,79.8,45,75,0,0,compressorCoolOff,WFH,
2026-07-17T16:55:00.000Z,Hall AC,74.8,79.8,45,75,0,0,compressorCoolOff,WFH,
2026-07-17T17:00:00.000Z,Hall AC,75.1,81.5,44,75,0,0,compressorCoolOff,WFH,
2026-07-17T17:05:00.000Z,Hall AC,75.3,81.5,44,75,0,0,compressorCoolOff,WFH,
2026-07-17T17:10:00.000Z,Hall AC,75.5,81.5,44,75,225,225,compressorCoolOff,WFH,
2026-07-17T17:15:00.000Z,Hall AC,75,81.5,42,75,120,165,compressorCoolStage1On,WFH,
2026-07-17T17:20:00.000Z,Hall AC,74.6,81.5,44,75,0,0,compressorCoolOff,WFH,
2026-07-17T17:25:00.000Z,Hall AC,74.6,81.5,45,75,0,0,compressorCoolOff,WFH,
2026-07-17T17:30:00.000Z,Hall AC,74.8,81.5,45,75,0,0,compressorCoolOff,WFH,
2026-07-17T17:35:00.000Z,Hall AC,75,81.5,45,75,0,0,compressorCoolOff,WFH,
2026-07-17T17:40:00.000Z,Hall AC,75.2,81.5,44,75,0,0,compressorCoolOff,WFH,
2026-07-17T17:45:00.000Z,Hall AC,75.4,81.5,44,75,75,75,compressorCoolOff,WFH,
2026-07-17T17:50:00.000Z,Hall AC,75.5,81.5,43,75,300,300,compressorCoolStage1On,WFH,
2026-07-17T17:55:00.000Z,Hall AC,74.7,81.5,42,75,45,90,compressorCoolStage1On,WFH,
2026-07-17T18:00:00.000Z,Hall AC,74.3,83.7,45,75,0,0,compressorCoolOff,WFH,
2026-07-17T18:05:00.000Z,Hall AC,74.5,83.7,45,75,0,0,compressorCoolOff,WFH,
2026-07-17T18:10:00.000Z,Hall AC,74.9,83.7,45,75,0,0,compressorCoolOff,WFH,
2026-07-17T18:15:00.000Z,Hall AC,75.1,83.7,45,75,0,0,compressorCoolOff,WFH,
2026-07-17T18:20:00.000Z,Hall AC,75.3,83.7,45,75,0,0,compressorCoolOff,WFH,
2026-07-17T18:25:00.000Z,Hall AC,75.5,83.7,45,75,195,195,compressorCoolOff,WFH,
2026-07-17T18:30:00.000Z,Hall AC,75.5,82.4,44,75,255,300,compressorCoolStage1On,WFH,
2026-07-17T18:35:00.000Z,Hall AC,74.6,82.4,43,75,0,0,compressorCoolOff,WFH,
2026-07-17T18:40:00.000Z,Hall AC,74.3,82.4,45,75,0,0,compressorCoolOff,WFH,
2026-07-17T18:45:00.000Z,Hall AC,74.6,82.4,46,75,0,0,compressorCoolOff,WFH,
2026-07-17T18:50:00.000Z,Hall AC,74.9,82.4,46,75,0,0,compressorCoolOff,WFH,
2026-07-17T18:55:00.000Z,Hall AC,75.1,82.4,46,75,0,0,compressorCoolOff,WFH,
2026-07-17T19:00:00.000Z,Hall AC,75.3,83.3,45,75,0,0,compressorCoolOff,WFH,
2026-07-17T19:05:00.000Z,Hall AC,75.6,83.3,44,75,255,255,compressorCoolOff,WFH,
2026-07-17T19:10:00.000Z,Hall AC,75.3,83.3,43,75,240,285,compressorCoolStage1On,WFH,
2026-07-17T19:15:00.000Z,Hall AC,74.5,83.3,43,75,0,0,compressorCoolOff,WFH,
2026-07-17T19:20:00.000Z,Hall AC,74.3,83.3,46,75,0,0,compressorCoolOff,WFH,
2026-07-17T19:25:00.000Z,Hall AC,74.6,83.3,46,75,0,0,compressorCoolOff,WFH,
2026-07-17T19:30:00.000Z,Hall AC,75,81.9,45,75,0,0,compressorCoolOff,WFH,
2026-07-17T19:35:00.000Z,Hall AC,75.2,81.9,45,75,0,0,compressorCoolOff,WFH,
2026-07-17T19:40:00.000Z,Hall AC,75.4,81.9,44,75,75,75,compressorCoolOff,WFH,
2026-07-17T19:45:00.000Z,Hall AC,75.7,81.9,43,75,300,300,compressorCoolStage1On,WFH,
2026-07-17T19:50:00.000Z,Hall AC,75.1,81.9,43,75,135,180,compressorCoolStage1On,WFH,
2026-07-17T19:55:00.000Z,Hall AC,74.2,81.9,45,75,0,0,compressorCoolOff,WFH,
2026-07-17T20:00:00.000Z,Hall AC,74.3,83.2,46,75,0,0,compressorCoolOff,WFH,
2026-07-17T20:05:00.000Z,Hall AC,74.7,83.2,47,75,0,0,compressorCoolOff,WFH,
2026-07-17T20:10:00.000Z,Hall AC,75,83.2,46,75,0,0,compressorCoolOff,WFH,
2026-07-17T20:15:00.000Z,Hall AC,75.3,83.2,46,75,45,45,compressorCoolOff,WFH,
2026-07-17T20:20:00.000Z,Hall AC,75.7,83.2,45,75,300,300,compressorCoolStage1On,WFH,
2026-07-17T20:25:00.000Z,Hall AC,75.4,83.2,43,75,285,300,compressorCoolStage1On,WFH,
2026-07-17T20:30:00.000Z,Hall AC,74.5,83.2,43,75,0,30,compressorCoolOff,WFH,
2026-07-17T20:35:00.000Z,Hall AC,74.1,83.2,46,75,0,0,compressorCoolOff,WFH,
2026-07-17T20:40:00.000Z,Hall AC,74.5,83.2,47,75,0,0,compressorCoolOff,WFH,
2026-07-17T20:45:00.000Z,Hall AC,74.9,83.2,47,75,0,0,compressorCoolOff,WFH,
2026-07-17T20:50:00.000Z,Hall AC,75.2,83.2,47,75,0,0,compressorCoolOff,WFH,
2026-07-17T20:55:00.000Z,Hall AC,75.7,83.2,46,75,300,300,compressorCoolStage1On,WFH,
2026-07-17T21:00:00.000Z,Hall AC,75.6,87.3,44,75,300,300,compressorCoolStage1On,WFH,
2026-07-17T21:05:00.000Z,Hall AC,75.1,87.3,45,75,210,255,compressorCoolStage1On,WFH,
2026-07-17T21:10:00.000Z,Hall AC,74,87.3,46,75,0,0,compressorCoolOff,WFH,
2026-07-17T21:15:00.000Z,Hall AC,73.5,87.3,46,75,0,0,compressorCoolOff,WFH,
2026-07-17T21:20:00.000Z,Hall AC,73.6,87.3,46,75,0,0,compressorCoolOff,WFH,
2026-07-17T21:25:00.000Z,Hall AC,73.8,87.3,44,75,0,0,compressorCoolOff,WFH,
2026-07-17T21:30:00.000Z,Hall AC,74.1,87.3,45,75,0,0,compressorCoolOff,WFH,
2026-07-17T21:35:00.000Z,Hall AC,74.4,87.3,45,75,0,0,compressorCoolOff,WFH,
2026-07-17T21:40:00.000Z,Hall AC,74.9,87.3,45,75,135,135,compressorCoolOff,WFH,
2026-07-17T21:45:00.000Z,Hall AC,75.2,87.3,44,75,300,300,compressorCoolStage1On,WFH,
2026-07-17T21:50:00.000Z,Hall AC,74.5,87.3,45,75,300,300,compressorCoolStage1On,WFH,(SmartRecovery)
2026-07-17T21:55:00.000Z,Hall AC,73.8,87.3,46,74.1,75,120,compressorCoolStage1On,WFH,(SmartRecovery)
2026-07-17T22:00:00.000Z,Hall AC,73.5,87.8,47,74,0,0,compressorCoolOff,Home,
2026-07-17T22:05:00.000Z,Hall AC,74.5,87.8,47,74,270,270,compressorCoolOff,Home,
2026-07-17T22:10:00.000Z,Hall AC,75.1,87.8,46,74,300,300,compressorCoolStage1On,Home,
2026-07-17T22:15:00.000Z,Hall AC,74.6,87.8,46,74,300,300,compressorCoolStage1On,Home,
2026-07-17T22:20:00.000Z,Hall AC,73.4,87.8,47,74,75,120,compressorCoolStage1On,Home,
2026-07-17T22:25:00.000Z,Hall AC,71.4,87.8,53,74,0,0,compressorCoolOff,Home,
2026-07-17T22:30:00.000Z,Hall AC,71.6,87.8,55,74,0,0,compressorCoolOff,Home,
2026-07-17T22:35:00.000Z,Hall AC,73.1,87.8,50,74,0,0,compressorCoolOff,Home,
2026-07-17T22:40:00.000Z,Hall AC,73.7,87.8,50,74,0,0,compressorCoolOff,Home,
2026-07-17T22:45:00.000Z,Hall AC,73.4,87.8,54,74,0,0,compressorCoolOff,Home,
2026-07-17T22:50:00.000Z,Hall AC,73.8,87.8,55,73.2,120,120,compressorCoolOff,Home,
2026-07-17T22:55:00.000Z,Hall AC,75.8,87.8,49,72,300,300,compressorCoolStage1On,Home,auto
2026-07-17T23:00:00.000Z,Hall AC,75.6,87.8,49,72,300,300,compressorCoolStage1On,Home,auto
2026-07-17T23:05:00.000Z,Hall AC,74.2,87.8,50,72,300,300,compressorCoolStage1On,Home,auto
2026-07-17T23:10:00.000Z,Hall AC,73.1,87.8,49,72,300,300,compressorCoolStage1On,Home,auto
2026-07-17T23:15:00.000Z,Hall AC,72.7,87.8,49,72,300,300,compressorCoolStage1On,Home,auto
2026-07-17T23:20:00.000Z,Hall AC,72.2,87.8,48,72,300,300,compressorCoolStage1On,Home,auto
2026-07-17T23:25:00.000Z,Hall AC,71.8,87.8,47,72,90,135,compressorCoolStage1On,Home,auto
2026-07-17T23:30:00.000Z,Hall AC,70.6,87.8,51,71.5,75,75,compressorCoolOff,Home,auto
2026-07-17T23:35:00.000Z,Hall AC,71.8,87.8,49,70,300,300,compressorCoolStage1On,Home,auto
2026-07-17T23:40:00.000Z,Hall AC,72.5,87.8,47,70,300,300,compressorCoolStage1On,Home,auto
2026-07-17T23:45:00.000Z,Hall AC,72.3,87.8,46,70,300,300,compressorCoolStage1On,Home,auto
2026-07-17T23:50:00.000Z,Hall AC,72,87.8,46,70,300,300,compressorCoolStage1On,Home,auto
2026-07-17T23:55:00.000Z,Hall AC,71.5,87.8,46,70,300,300,compressorCoolStage1On,Home,auto
2026-07-18T00:00:00.000Z,Hall AC,71.3,87.9,45,70,300,300,compressorCoolStage1On,Home,auto
2026-07-18T00:05:00.000Z,Hall AC,71.3,87.9,45,70,300,300,compressorCoolStage1On,Home,auto
2026-07-18T00:10:00.000Z,Hall AC,71,87.9,45,70,300,300,compressorCoolStage1On,Home,auto
2026-07-18T00:15:00.000Z,Hall AC,70.9,87.9,45,70,300,300,compressorCoolStage1On,Home,auto
2026-07-18T00:20:00.000Z,Hall AC,70.8,87.9,44,70,300,300,compressorCoolStage1On,Home,auto
2026-07-18T00:25:00.000Z,Hall AC,70.8,87.9,44,70.4,270,300,compressorCoolStage1On,Home,auto
2026-07-18T00:30:00.000Z,Hall AC,70.2,87.9,45,74,0,0,compressorCoolOff,Home,
2026-07-18T00:35:00.000Z,Hall AC,69.5,87.9,48,74,0,0,compressorCoolOff,Home,
2026-07-18T00:40:00.000Z,Hall AC,70,87.9,49,74,0,0,compressorCoolOff,Home,
2026-07-18T00:45:00.000Z,Hall AC,70.8,87.9,50,74,0,0,compressorCoolOff,Home,
2026-07-18T00:50:00.000Z,Hall AC,71.7,87.9,51,74,0,0,compressorCoolOff,Home,
2026-07-18T00:55:00.000Z,Hall AC,72.8,87.9,49,74,0,0,compressorCoolOff,Home,
2026-07-18T01:00:00.000Z,Hall AC,73.7,86.7,47,74,0,0,compressorCoolOff,Home,
2026-07-18T01:05:00.000Z,Hall AC,73.9,86.7,46,74,0,0,compressorCoolOff,Home,
2026-07-18T01:10:00.000Z,Hall AC,73.6,86.7,47,74,0,0,compressorCoolOff,Home,
2026-07-18T01:15:00.000Z,Hall AC,73.2,86.7,48,74,0,0,compressorCoolOff,Home,
2026-07-18T01:20:00.000Z,Hall AC,73.5,86.7,48,74,0,0,compressorCoolOff,Home,
2026-07-18T01:25:00.000Z,Hall AC,75.1,86.7,46,74,300,300,compressorCoolStage1On,Home,
2026-07-18T01:30:00.000Z,Hall AC,75.6,86.7,46,74,300,300,compressorCoolStage1On,Home,
2026-07-18T01:35:00.000Z,Hall AC,74.1,86.7,46,74,165,210,compressorCoolStage1On,Home,
2026-07-18T01:40:00.000Z,Hall AC,71.9,86.7,48,74,0,0,compressorCoolOff,Home,
2026-07-18T01:45:00.000Z,Hall AC,71.5,86.7,50,74,0,0,compressorCoolOff,Home,
2026-07-18T01:50:00.000Z,Hall AC,72.8,86.7,49,74,0,0,compressorCoolOff,Home,
2026-07-18T01:55:00.000Z,Hall AC,73.6,86.7,48,74,0,0,compressorCoolOff,Home,
2026-07-18T02:00:00.000Z,Hall AC,73.9,85.9,48,74,0,0,compressorCoolOff,Home,
2026-07-18T02:05:00.000Z,Hall AC,73.4,85.9,48,74,0,0,compressorCoolOff,Home,
2026-07-18T02:10:00.000Z,Hall AC,73.3,85.9,49,74,0,0,compressorCoolOff,Home,
2026-07-18T02:15:00.000Z,Hall AC,73.8,85.9,48,74,0,0,compressorCoolOff,Home,
2026-07-18T02:20:00.000Z,Hall AC,74.3,85.9,47,74,60,60,compressorCoolOff,Home,
2026-07-18T02:25:00.000Z,Hall AC,75.8,85.9,46,74,300,300,compressorCoolStage1On,Home,
2026-07-18T02:30:00.000Z,Hall AC,76.4,85.9,45,74,300,300,compressorCoolStage1On,Home,
2026-07-18T02:35:00.000Z,Hall AC,75.1,85.9,45,74,300,300,compressorCoolStage1On,Home,
2026-07-18T02:40:00.000Z,Hall AC,73.6,85.9,46,74,90,135,compressorCoolStage1On,Home,
2026-07-18T02:45:00.000Z,Hall AC,71.4,85.9,48,74,0,0,compressorCoolOff,Home,
2026-07-18T02:50:00.000Z,Hall AC,71.1,85.9,49,74,0,0,compressorCoolOff,Home,
2026-07-18T02:55:00.000Z,Hall AC,71.8,85.9,50,74,0,0,compressorCoolOff,Home,
2026-07-18T03:00:00.000Z,Hall AC,72.7,84.3,48,74,0,0,compressorCoolOff,Home,
2026-07-18T03:05:00.000Z,Hall AC,73.4,84.3,47,74,0,0,compressorCoolOff,Home,
2026-07-18T03:10:00.000Z,Hall AC,74.5,84.3,46,74,150,150,compressorCoolOff,Home,
2026-07-18T03:15:00.000Z,Hall AC,76,84.3,44,74,300,300,compressorCoolStage1On,Home,
2026-07-18T03:20:00.000Z,Hall AC,74.9,84.3,44,74,300,300,compressorCoolStage1On,Home,
2026-07-18T03:25:00.000Z,Hall AC,73.1,84.3,46,74,0,45,compressorCoolOff,Home,
2026-07-18T03:30:00.000Z,Hall AC,71.9,85.5,47,74,0,0,compressorCoolOff,Home,
2026-07-18T03:35:00.000Z,Hall AC,72.2,85.5,47,74,0,0,compressorCoolOff,Home,
2026-07-18T03:40:00.000Z,Hall AC,72.6,85.5,47,74,0,0,compressorCoolOff,Home,
2026-07-18T03:45:00.000Z,Hall AC,73,85.5,47,74,0,0,compressorCoolOff,Home,
2026-07-18T03:50:00.000Z,Hall AC,73.3,85.5,47,74,0,0,compressorCoolOff,Home,
2026-07-18T03:55:00.000Z,Hall AC,73.6,85.5,47,74,0,0,compressorCoolOff,Home,
2026-07-18T04:00:00.000Z,Hall AC,73.7,82.9,47,74,0,0,compressorCoolOff,Home,
2026-07-18T04:05:00.000Z,Hall AC,73.2,82.9,46,74,0,0,compressorCoolOff,Home,
2026-07-18T04:10:00.000Z,Hall AC,73.2,82.9,46,74,0,0,compressorCoolOff,Home,
2026-07-18T04:15:00.000Z,Hall AC,73.6,82.9,45,74,180,180,compressorCoolOff,Home,
2026-07-18T04:20:00.000Z,Hall AC,73.1,82.9,44,74,195,240,compressorCoolStage1On,Home,(SmartRecovery)
2026-07-18T04:25:00.000Z,Hall AC,72.1,82.9,44,73.1,0,0,compressorCoolOff,Home,
2026-07-18T04:30:00.000Z,Hall AC,72.4,82.9,44,73,0,0,compressorCoolOff,Sleep,
2026-07-18T04:35:00.000Z,Hall AC,73,82.9,43,73,210,210,compressorCoolOff,Sleep,
2026-07-18T04:40:00.000Z,Hall AC,72.9,82.9,43,73,165,210,compressorCoolStage1On,Sleep,
2026-07-18T04:45:00.000Z,Hall AC,72.2,82.9,43,73,0,0,compressorCoolOff,Sleep,
2026-07-18T04:50:00.000Z,Hall AC,72.6,82.9,43,73,0,0,compressorCoolOff,Sleep,
2026-07-18T04:55:00.000Z,Hall AC,73.2,82.9,43,73,240,240,compressorCoolOff,Sleep,
2026-07-18T05:00:00.000Z,Hall AC,73.3,82.4,43,73,225,270,compressorCoolStage1On,Sleep,
2026-07-18T05:05:00.000Z,Hall AC,72.1,82.4,43,73,0,0,compressorCoolOff,Sleep,
2026-07-18T05:10:00.000Z,Hall AC,72,82.4,43,73,0,0,compressorCoolOff,Sleep,
2026-07-18T05:15:00.000Z,Hall AC,72.3,82.4,42,73,0,0,compressorCoolOff,Sleep,
2026-07-18T05:20:00.000Z,Hall AC,72.8,82.4,42,73,0,0,compressorCoolOff,Sleep,
2026-07-18T05:25:00.000Z,Hall AC,72.9,82.4,41,73,0,0,compressorCoolOff,Sleep,
2026-07-18T05:30:00.000Z,Hall AC,73.1,82.4,41,73,195,195,compressorCoolOff,Sleep,
2026-07-18T05:35:00.000Z,Hall AC,72.7,82.4,41,73,105,150,compressorCoolStage1On,Sleep,
2026-07-18T05:40:00.000Z,Hall AC,72.2,82.4,42,73,0,0,compressorCoolOff,Sleep,
2026-07-18T05:45:00.000Z,Hall AC,72.3,82.4,42,73,0,0,compressorCoolOff,Sleep,
2026-07-18T05:50:00.000Z,Hall AC,72.5,82.4,41,73,0,0,compressorCoolOff,Sleep,
2026-07-18T05:55:00.000Z,Hall AC,72.9,82.4,41,73,0,0,compressorCoolOff,Sleep,
2026-07-18T06:00:00.000Z,Hall AC,73,81.4,41,73,240,240,compressorCoolOff,Sleep,
2026-07-18T06:05:00.000Z,Hall AC,72.5,81.4,42,73,60,105,compressorCoolStage1On,Sleep,
2026-07-18T06:10:00.000Z,Hall AC,72,81.4,42,73,0,0,compressorCoolOff,Sleep,
2026-07-18T06:15:00.000Z,Hall AC,72.4,81.4,42,73,0,0,compressorCoolOff,Sleep,
2026-07-18T06:20:00.000Z,Hall AC,72.6,81.4,41,73,0,0,compressorCoolOff,Sleep,
2026-07-18T06:25:00.000Z,Hall AC,72.9,81.4,40,73,0,0,compressorCoolOff,Sleep,
2026-07-18T06:30:00.000Z,Hall AC,72.8,84,40,73,0,0,compressorCoolOff,Sleep,
2026-07-18T06:35:00.000Z,Hall AC,73.1,84,40,73,270,270,compressorCoolOff,Sleep,
2026-07-18T06:40:00.000Z,Hall AC,72.7,84,41,73,30,75,compressorCoolStage1On,Sleep,
2026-07-18T06:45:00.000Z,Hall AC,72.3,84,42,73,0,0,compressorCoolOff,Sleep,
2026-07-18T06:50:00.000Z,Hall AC,72.6,84,42,73,0,0,compressorCoolOff,Sleep,
2026-07-18T06:55:00.000Z,Hall AC,72.7,84,41,73,0,0,compressorCoolOff,Sleep,
2026-07-18T07:00:00.000Z,Hall AC,72.8,82.5,40,73,0,0,compressorCoolOff,Sleep,
2026-07-18T07:05:00.000Z,Hall AC,72.8,82.5,40,73,0,0,compressorCoolOff,Sleep,
2026-07-18T07:10:00.000Z,Hall AC,73.1,82.5,40,73,300,300,compressorCoolStage1On,Sleep,
2026-07-18T07:15:00.000Z,Hall AC,72.3,82.5,42,73,0,45,compressorCoolOff,Sleep,
2026-07-18T07:20:00.000Z,Hall AC,72.1,82.5,42,73,0,0,compressorCoolOff,Sleep,
2026-07-18T07:25:00.000Z,Hall AC,72.4,82.5,42,73,0,0,compressorCoolOff,Sleep,
2026-07-18T07:30:00.000Z,Hall AC,72.5,82.5,40,73,0,0,compressorCoolOff,Sleep,
2026-07-18T07:35:00.000Z,Hall AC,72.7,82.5,40,73,0,0,compressorCoolOff,Sleep,
2026-07-18T07:40:00.000Z,Hall AC,72.9,82.5,40,73,75,75,compressorCoolOff,Sleep,
2026-07-18T07:45:00.000Z,Hall AC,72.7,82.5,41,73,225,270,compressorCoolStage1On,Sleep,
2026-07-18T07:50:00.000Z,Hall AC,71.7,82.5,42,73,0,0,compressorCoolOff,Sleep,
2026-07-18T07:55:00.000Z,Hall AC,71.9,82.5,42,73,0,0,compressorCoolOff,Sleep,
2026-07-18T08:00:00.000Z,Hall AC,72.4,83.7,41,73,0,0,compressorCoolOff,Sleep,
2026-07-18T08:05:00.000Z,Hall AC,72.5,83.7,40,73,0,0,compressorCoolOff,Sleep,
2026-07-18T08:10:00.000Z,Hall AC,72.7,83.7,40,73,0,0,compressorCoolOff,Sleep,
2026-07-18T08:15:00.000Z,Hall AC,72.7,83.7,40,73,0,0,compressorCoolOff,Sleep,
2026-07-18T08:20:00.000Z,Hall AC,72.9,83.7,40,73,75,75,compressorCoolOff,Sleep,
2026-07-18T08:25:00.000Z,Hall AC,72.7,83.7,40,73,225,270,compressorCoolStage1On,Sleep,
2026-07-18T08:30:00.000Z,Hall AC,72,83.7,41,73,0,0,compressorCoolOff,Sleep,
2026-07-18T08:35:00.000Z,Hall AC,72.2,83.7,42,73,0,0,compressorCoolOff,Sleep,
2026-07-18T08:40:00.000Z,Hall AC,72.7,83.7,42,73,0,0,compressorCoolOff,Sleep,
2026-07-18T08:45:00.000Z,Hall AC,72.9,83.7,42,73,0,0,compressorCoolOff,Sleep,
2026-07-18T08:50:00.000Z,Hall AC,72.9,83.7,40,73,0,0,compressorCoolOff,Sleep,
2026-07-18T08:55:00.000Z,Hall AC,72.8,83.7,40,73,15,15,compressorCoolOff,Sleep,
2026-07-18T09:00:00.000Z,Hall AC,73.1,82.2,40,73,285,300,compressorCoolStage1On,Sleep,
2026-07-18T09:05:00.000Z,Hall AC,72.5,82.2,41,73,0,30,compressorCoolOff,Sleep,
2026-07-18T09:10:00.000Z,Hall AC,72.3,82.2,42,73,0,0,compressorCoolOff,Sleep,
2026-07-18T09:15:00.000Z,Hall AC,72.7,82.2,42,73,0,0,compressorCoolOff,Sleep,
2026-07-18T09:20:00.000Z,Hall AC,72.8,82.2,41,73,0,0,compressorCoolOff,Sleep,
2026-07-18T09:25:00.000Z,Hall AC,72.8,82.2,40,73,0,0,compressorCoolOff,Sleep,
2026-07-18T09:30:00.000Z,Hall AC,72.7,82.6,40,73,0,0,compressorCoolOff,Sleep,
2026-07-18T09:35:00.000Z,Hall AC,72.9,82.6,40,73,15,15,compressorCoolOff,Sleep,
2026-07-18T09:40:00.000Z,Hall AC,73,82.6,40,73,285,300,compressorCoolStage1On,Sleep,
2026-07-18T09:45:00.000Z,Hall AC,72.4,82.6,40,73,0,30,compressorCoolOff,Sleep,
2026-07-18T09:50:00.000Z,Hall AC,72.2,82.6,42,73,0,0,compressorCoolOff,Sleep,
2026-07-18T09:55:00.000Z,Hall AC,72.5,82.6,42,73,0,0,compressorCoolOff,Sleep,
2026-07-18T10:00:00.000Z,Hall AC,72.4,81.7,40,73,0,0,compressorCoolOff,Sleep,
2026-07-18T10:05:00.000Z,Hall AC,72.7,81.7,40,73,0,0,compressorCoolOff,Sleep,
2026-07-18T10:10:00.000Z,Hall AC,72.7,81.7,40,73,0,0,compressorCoolOff,Sleep,
2026-07-18T10:15:00.000Z,Hall AC,72.9,81.7,40,73,45,45,compressorCoolOff,Sleep,
2026-07-18T10:20:00.000Z,Hall AC,72.7,81.7,40,73,255,300,compressorCoolStage1On,Sleep,
2026-07-18T10:25:00.000Z,Hall AC,71.9,81.7,41,73,0,0,compressorCoolOff,Sleep,
2026-07-18T10:30:00.000Z,Hall AC,72,81.7,42,73,0,0,compressorCoolOff,Sleep,
2026-07-18T10:35:00.000Z,Hall AC,72.4,81.7,42,73,0,0,compressorCoolOff,Sleep,
2026-07-18T10:40:00.000Z,Hall AC,72.4,81.7,40,73,0,0,compressorCoolOff,Sleep,
2026-07-18T10:45:00.000Z,Hall AC,72.7,81.7,40,73,0,0,compressorCoolOff,Sleep,
2026-07-18T10:50:00.000Z,Hall AC,72.7,81.7,40,73,0,0,compressorCoolOff,Sleep,
2026-07-18T10:55:00.000Z,Hall AC,72.8,81.7,40,73,0,0,compressorCoolOff,Sleep,
2026-07-18T11:00:00.000Z,Hall AC,74,81.1,41,73,300,300,compressorCoolStage1On,Sleep,
2026-07-18T11:05:00.000Z,Hall AC,74.4,81.1,41,73,300,300,compressorCoolStage1On,Sleep,
2026-07-18T11:10:00.000Z,Hall AC,74,81.1,42,73,300,300,compressorCoolStage1On,Sleep,
2026-07-18T11:15:00.000Z,Hall AC,73.1,81.1,43,73,180,225,compressorCoolStage1On,Sleep,
2026-07-18T11:20:00.000Z,Hall AC,71.3,81.1,42,73,0,0,compressorCoolOff,Sleep,
2026-07-18T11:25:00.000Z,Hall AC,70.8,81.1,43,73,0,0,compressorCoolOff,Sleep,
2026-07-18T11:30:00.000Z,Hall AC,70.9,81.1,42,73,0,0,compressorCoolOff,Sleep,
2026-07-18T11:35:00.000Z,Hall AC,71.2,81.1,42,73,0,0,compressorCoolOff,Sleep,
2026-07-18T11:40:00.000Z,Hall AC,71.9,81.1,42,73,0,0,compressorCoolOff,Sleep,
2026-07-18T11:45:00.000Z,Hall AC,72.7,81.1,42,73,0,0,compressorCoolOff,Sleep,
2026-07-18T11:50:00.000Z,Hall AC,73.2,81.1,42,73,210,210,compressorCoolOff,Sleep,
2026-07-18T11:55:00.000Z,Hall AC,73.5,81.1,44,73,300,300,compressorCoolStage1On,Sleep,
2026-07-18T12:00:00.000Z,Hall AC,72.3,80,43,73,75,120,compressorCoolStage1On,Sleep,
2026-07-18T12:05:00.000Z,Hall AC,70.9,80,43,73,0,0,compressorCoolOff,Sleep,
2026-07-18T12:10:00.000Z,Hall AC,71,80,43,73,0,0,compressorCoolOff,Sleep,
2026-07-18T12:15:00.000Z,Hall AC,71.3,80,42,73,0,0,compressorCoolOff,Sleep,
2026-07-18T12:20:00.000Z,Hall AC,72.2,80,43,73,0,0,compressorCoolOff,Sleep,
2026-07-18T12:25:00.000Z,Hall AC,73.1,80,43,73,195,195,compressorCoolOff,Sleep,
2026-07-18T12:30:00.000Z,Hall AC,73.6,80.9,43,73,300,300,compressorCoolStage1On,Sleep,
2026-07-18T12:35:00.000Z,Hall AC,73,80.9,43,73,150,195,compressorCoolStage1On,Sleep,
2026-07-18T12:40:00.000Z,Hall AC,71.9,80.9,44,73,0,0,compressorCoolOff,Sleep,
2026-07-18T12:45:00.000Z,Hall AC,71.1,80.9,44,73,0,0,compressorCoolOff,Sleep,
2026-07-18T12:50:00.000Z,Hall AC,70.7,80.9,44,73,0,0,compressorCoolOff,Sleep,
2026-07-18T12:55:00.000Z,Hall AC,70.9,80.9,43,73,0,0,compressorCoolOff,Sleep,
2026-07-18T13:00:00.000Z,Hall AC,71.1,80.4,43,73,0,0,compressorCoolOff,Sleep,
2026-07-18T13:05:00.000Z,Hall AC,71.7,80.4,43,73,0,0,compressorCoolOff,Sleep,
2026-07-18T13:10:00.000Z,Hall AC,72.5,80.4,43,73,0,0,compressorCoolOff,Sleep,
2026-07-18T13:15:00.000Z,Hall AC,72.7,80.4,42,73,0,0,compressorCoolOff,Sleep,
2026-07-18T13:20:00.000Z,Hall AC,73.1,80.4,43,73,210,210,compressorCoolOff,Sleep,
2026-07-18T13:25:00.000Z,Hall AC,73.4,80.4,44,73,300,300,compressorCoolStage1On,Sleep,
2026-07-18T13:30:00.000Z,Hall AC,72.7,81.7,43,73,105,150,compressorCoolStage1On,Sleep,
2026-07-18T13:35:00.000Z,Hall AC,71,81.7,43,73,0,0,compressorCoolOff,Sleep,
2026-07-18T13:40:00.000Z,Hall AC,70.8,81.7,44,73,0,0,compressorCoolOff,Sleep,
2026-07-18T13:45:00.000Z,Hall AC,71.2,81.7,44,73,0,0,compressorCoolOff,Sleep,
2026-07-18T13:50:00.000Z,Hall AC,72,81.7,44,73,0,0,compressorCoolOff,Sleep,
2026-07-18T13:55:00.000Z,Hall AC,72.7,81.7,44,73,0,0,compressorCoolOff,Sleep,
2026-07-18T14:00:00.000Z,Hall AC,72.8,81,44,73,0,0,compressorCoolOff,Sleep,
2026-07-18T14:05:00.000Z,Hall AC,72.6,81,44,73,0,0,compressorCoolOff,Sleep,
2026-07-18T14:10:00.000Z,Hall AC,72.3,81,44,73,0,0,compressorCoolOff,Sleep,
2026-07-18T14:15:00.000Z,Hall AC,72.4,81,44,73,0,0,compressorCoolOff,Sleep,
2026-07-18T14:20:00.000Z,Hall AC,72.8,81,44,73,0,0,compressorCoolOff,Sleep,
2026-07-18T14:25:00.000Z,Hall AC,72.9,81,44,73,120,120,compressorCoolOff,Sleep,
2026-07-18T14:30:00.000Z,Hall AC,73.1,81,43,73,255,300,compressorCoolStage1On,Sleep,
2026-07-18T14:35:00.000Z,Hall AC,72.4,81,42,73,0,0,compressorCoolOff,Sleep,
2026-07-18T14:40:00.000Z,Hall AC,72.2,81,44,73,0,0,compressorCoolOff,Sleep,
2026-07-18T14:45:00.000Z,Hall AC,72.4,81,45,73,0,0,compressorCoolOff,Sleep,
2026-07-18T14:50:00.000Z,Hall AC,72.7,81,45,73,0,0,compressorCoolOff,Sleep,
2026-07-18T14:55:00.000Z,Hall AC,72.8,81,44,73.8,0,0,compressorCoolOff,Sleep,
2026-07-18T15:00:00.000Z,Hall AC,73.1,81.4,44,74,0,0,compressorCoolOff,Home,
2026-07-18T15:05:00.000Z,Hall AC,73.1,81.4,43,74,0,0,compressorCoolOff,Home,
2026-07-18T15:10:00.000Z,Hall AC,73.2,81.4,43,74,0,0,compressorCoolOff,Home,
2026-07-18T15:15:00.000Z,Hall AC,73.5,81.4,43,74,0,0,compressorCoolOff,Home,
2026-07-18T15:20:00.000Z,Hall AC,73.7,81.4,44,74,0,0,compressorCoolOff,Home,
2026-07-18T15:25:00.000Z,Hall AC,73.8,81.4,44,74,0,0,compressorCoolOff,Home,
2026-07-18T15:30:00.000Z,Hall AC,73.9,81.4,44,74,0,0,compressorCoolOff,Home,
2026-07-18T15:35:00.000Z,Hall AC,73.9,81.4,44,74,0,0,compressorCoolOff,Home,
2026-07-18T15:40:00.000Z,Hall AC,73.9,81.4,44,74,0,0,compressorCoolOff,Home,
2026-07-18T15:45:00.000Z,Hall AC,74,81.4,44,74,0,0,compressorCoolOff,Home,
2026-07-18T15:50:00.000Z,Hall AC,74,81.4,44,74,90,90,compressorCoolOff,Home,
2026-07-18T15:55:00.000Z,Hall AC,74.4,81.4,44,74,300,300,compressorCoolStage1On,Home,
2026-07-18T16:00:00.000Z,Hall AC,74.4,83.9,44,74,300,300,compressorCoolStage1On,Home,
2026-07-18T16:05:00.000Z,Hall AC,73.7,83.9,44,74,90,135,compressorCoolStage1On,Home,
2026-07-18T16:10:00.000Z,Hall AC,72.6,83.9,45,74,0,0,compressorCoolOff,Home,
2026-07-18T16:15:00.000Z,Hall AC,72.5,83.9,45,74,0,0,compressorCoolOff,Home,
2026-07-18T16:20:00.000Z,Hall AC,72.8,83.9,45,74,0,0,compressorCoolOff,Home,
2026-07-18T16:25:00.000Z,Hall AC,73.1,83.9,45,74,0,0,compressorCoolOff,Home,
2026-07-18T16:30:00.000Z,Hall AC,73.3,83.2,45,74,0,0,compressorCoolOff,Home,
2026-07-18T16:35:00.000Z,Hall AC,73.5,83.2,45,74,0,0,compressorCoolOff,Home,
2026-07-18T16:40:00.000Z,Hall AC,73.6,83.2,45,74,0,0,compressorCoolOff,Home,
2026-07-18T16:45:00.000Z,Hall AC,73.8,83.2,45,74,0,0,compressorCoolOff,Home,
2026-07-18T16:50:00.000Z,Hall AC,73.9,83.2,45,74,0,0,compressorCoolOff,Home,
2026-07-18T16:55:00.000Z,Hall AC,74,83.2,45,74,90,90,compressorCoolOff,Home,
2026-07-18T17:00:00.000Z,Hall AC,74.4,84.5,44,74,300,300,compressorCoolStage1On,Home,
2026-07-18T17:05:00.000Z,Hall AC,74.2,84.5,44,74,225,270,compressorCoolStage1On,Home,
2026-07-18T17:10:00.000Z,Hall AC,73.3,84.5,44,74,0,0,compressorCoolOff,Home,
2026-07-18T17:15:00.000Z,Hall AC,72.8,84.5,45,74,0,0,compressorCoolOff,Home,
2026-07-18T17:20:00.000Z,Hall AC,72.9,84.5,45,74,0,0,compressorCoolOff,Home,
2026-07-18T17:25:00.000Z,Hall AC,73.2,84.5,45,74,0,0,compressorCoolOff,Home,
2026-07-18T17:30:00.000Z,Hall AC,73.4,84.5,45,74,0,0,compressorCoolOff,Home,
2026-07-18T17:35:00.000Z,Hall AC,73.6,84.5,45,74,0,0,compressorCoolOff,Home,
2026-07-18T17:40:00.000Z,Hall AC,73.7,84.5,45,74,0,0,compressorCoolOff,Home,
2026-07-18T17:45:00.000Z,Hall AC,73.9,84.5,45,74,0,0,compressorCoolOff,Home,
2026-07-18T17:50:00.000Z,Hall AC,74,84.5,45,74,0,0,compressorCoolOff,Home,
2026-07-18T17:55:00.000Z,Hall AC,74.2,84.5,44,74,270,270,compressorCoolOff,Home,
2026-07-18T18:00:00.000Z,Hall AC,74.4,85.4,44,74,300,300,compressorCoolStage1On,Home,
2026-07-18T18:05:00.000Z,Hall AC,73.8,85.4,44,74,60,105,compressorCoolStage1On,Home,
2026-07-18T18:10:00.000Z,Hall AC,73,85.4,45,74,0,0,compressorCoolOff,Home,
2026-07-18T18:15:00.000Z,Hall AC,72.9,85.4,45,74,0,0,compressorCoolOff,Home,
2026-07-18T18:20:00.000Z,Hall AC,73.2,85.4,45,74,0,0,compressorCoolOff,Home,
2026-07-18T18:25:00.000Z,Hall AC,73.4,85.4,45,74,0,0,compressorCoolOff,Home,
2026-07-18T18:30:00.000Z,Hall AC,73.6,85.4,45,74,0,0,compressorCoolOff,Home,
2026-07-18T18:35:00.000Z,Hall AC,73.8,85.4,45,74,0,0,compressorCoolOff,Home,
2026-07-18T18:40:00.000Z,Hall AC,74,85.4,45,74,120,120,compressorCoolOff,Home,
2026-07-18T18:45:00.000Z,Hall AC,74.4,85.4,44,74,300,300,compressorCoolStage1On,Home,
2026-07-18T18:50:00.000Z,Hall AC,74,85.4,44,74,135,180,compressorCoolStage1On,Home,
2026-07-18T18:55:00.000Z,Hall AC,73,85.4,45,74,0,0,compressorCoolOff,Home,
2026-07-18T19:00:00.000Z,Hall AC,72.9,87.7,45,74,0,0,compressorCoolOff,Home,
2026-07-18T19:05:00.000Z,Hall AC,73.6,87.7,45,74,0,0,compressorCoolOff,Home,
2026-07-18T19:10:00.000Z,Hall AC,73.6,87.7,45,74,0,0,compressorCoolOff,Home,
2026-07-18T19:15:00.000Z,Hall AC,73.5,87.7,47,74,0,0,compressorCoolOff,Home,
2026-07-18T19:20:00.000Z,Hall AC,73.3,87.7,48,74,0,0,compressorCoolOff,Home,
2026-07-18T19:25:00.000Z,Hall AC,72.8,87.7,49,74,0,0,compressorCoolOff,Home,
2026-07-18T19:30:00.000Z,Hall AC,72.6,87.7,49,74,0,0,compressorCoolOff,Home,
2026-07-18T19:35:00.000Z,Hall AC,72.9,87.7,49,74,0,0,compressorCoolOff,Home,
2026-07-18T19:40:00.000Z,Hall AC,73.6,87.7,49,74,0,0,compressorCoolOff,Home,
2026-07-18T19:45:00.000Z,Hall AC,74.2,87.7,50,74,225,225,compressorCoolOff,Home,
2026-07-18T19:50:00.000Z,Hall AC,74.8,87.7,56,74,300,300,compressorCoolStage1On,Home,
2026-07-18T19:55:00.000Z,Hall AC,74.2,87.7,55,74,225,270,compressorCoolStage1On,Home,
2026-07-18T20:00:00.000Z,Hall AC,72.8,90.9,53,74,0,0,compressorCoolOff,Home,
2026-07-18T20:05:00.000Z,Hall AC,71.7,90.9,53,74,0,0,compressorCoolOff,Home,
2026-07-18T20:10:00.000Z,Hall AC,71.9,90.9,53,74,0,0,compressorCoolOff,Home,
2026-07-18T20:15:00.000Z,Hall AC,72.5,90.9,52,74,0,0,compressorCoolOff,Home,
2026-07-18T20:20:00.000Z,Hall AC,73,90.9,52,74,0,0,compressorCoolOff,Home,
2026-07-18T20:25:00.000Z,Hall AC,73.3,90.9,51,74,0,0,compressorCoolOff,Home,
2026-07-18T20:30:00.000Z,Hall AC,73.5,88.9,50,74,0,0,compressorCoolOff,Home,
2026-07-18T20:35:00.000Z,Hall AC,73.7,88.9,50,74,0,0,compressorCoolOff,Home,
2026-07-18T20:40:00.000Z,Hall AC,74,88.9,50,74,105,105,compressorCoolOff,Home,
2026-07-18T20:45:00.000Z,Hall AC,74.6,88.9,50,74,300,300,compressorCoolStage1On,Home,
2026-07-18T20:50:00.000Z,Hall AC,74.5,88.9,50,74,300,300,compressorCoolStage1On,Home,
2026-07-18T20:55:00.000Z,Hall AC,74.3,88.9,50,74,300,300,compressorCoolStage1On,Home,
2026-07-18T21:00:00.000Z,Hall AC,73.7,91.4,50,74,45,90,compressorCoolStage1On,Home,
2026-07-18T21:05:00.000Z,Hall AC,72.7,91.4,50,74,0,0,compressorCoolOff,Home,
2026-07-18T21:10:00.000Z,Hall AC,72.6,91.4,50,74,0,0,compressorCoolOff,Home,
2026-07-18T21:15:00.000Z,Hall AC,72.9,91.4,50,74,0,0,compressorCoolOff,Home,
2026-07-18T21:20:00.000Z,Hall AC,73.3,91.4,51,74,0,0,compressorCoolOff,Home,
2026-07-18T21:25:00.000Z,Hall AC,73.6,91.4,51,74,0,0,compressorCoolOff,Home,
2026-07-18T21:30:00.000Z,Hall AC,73.8,89.9,51,74,0,0,compressorCoolOff,Home,
2026-07-18T21:35:00.000Z,Hall AC,74.1,89.9,51,74,195,195,compressorCoolOff,Home,
2026-07-18T21:40:00.000Z,Hall AC,74.5,89.9,52,74,300,300,compressorCoolStage1On,Home,
2026-07-18T21:45:00.000Z,Hall AC,74.2,89.9,51,74,255,300,compressorCoolStage1On,Home,
2026-07-18T21:50:00.000Z,Hall AC,73.5,89.9,51,74,0,0,compressorCoolOff,Home,
2026-07-18T21:55:00.000Z,Hall AC,73.1,89.9,51,74,0,0,compressorCoolOff,Home,
2026-07-18T22:00:00.000Z,Hall AC,73.3,90.5,50,74,0,0,compressorCoolOff,Home,
2026-07-18T22:05:00.000Z,Hall AC,73.6,90.5,49,74,0,0,compressorCoolOff,Home,
2026-07-18T22:10:00.000Z,Hall AC,74,90.5,49,74,90,90,compressorCoolOff,Home,
2026-07-18T22:15:00.000Z,Hall AC,74.6,90.5,49,74,300,300,compressorCoolStage1On,Home,
2026-07-18T22:20:00.000Z,Hall AC,74.8,90.5,49,74,300,300,compressorCoolStage1On,Home,
2026-07-18T22:25:00.000Z,Hall AC,74.3,90.5,50,74,300,300,compressorCoolStage1On,Home,
2026-07-18T22:30:00.000Z,Hall AC,73.8,92.1,49,74,45,90,compressorCoolStage1On,Home,
2026-07-18T22:35:00.000Z,Hall AC,73.3,92.1,49,74,0,0,compressorCoolOff,Home,
2026-07-18T22:40:00.000Z,Hall AC,73.2,92.1,49,74,0,0,compressorCoolOff,Home,
2026-07-18T22:45:00.000Z,Hall AC,73.5,92.1,49,74,0,0,compressorCoolOff,Home,
2026-07-18T22:50:00.000Z,Hall AC,73.7,92.1,50,74,0,0,compressorCoolOff,Home,
2026-07-18T22:55:00.000Z,Hall AC,74.1,92.1,48,74,180,180,compressorCoolOff,Home,
2026-07-18T23:00:00.000Z,Hall AC,74.5,92.1,48,74,300,300,compressorCoolStage1On,Home,
2026-07-18T23:05:00.000Z,Hall AC,74.2,92.1,47,74,300,300,compressorCoolStage1On,Home,
2026-07-18T23:10:00.000Z,Hall AC,74,92.1,48,74,120,165,compressorCoolStage1On,Home,
2026-07-18T23:15:00.000Z,Hall AC,73.4,92.1,47,74,0,0,compressorCoolOff,Home,
2026-07-18T23:20:00.000Z,Hall AC,73.3,92.1,47,74,0,0,compressorCoolOff,Home,
2026-07-18T23:25:00.000Z,Hall AC,73.4,92.1,47,74,0,0,compressorCoolOff,Home,
2026-07-18T23:30:00.000Z,Hall AC,73.8,92.1,46,74,15,15,compressorCoolOff,Home,
2026-07-18T23:35:00.000Z,Hall AC,74.3,92.1,46,74,300,300,compressorCoolStage1On,Home,
2026-07-18T23:40:00.000Z,Hall AC,74.3,92.1,45,74,300,300,compressorCoolStage1On,Home,
2026-07-18T23:45:00.000Z,Hall AC,74,92.1,45,74,225,270,compressorCoolStage1On,Home,
2026-07-18T23:50:00.000Z,Hall AC,73.5,92.1,45,74,0,0,compressorCoolOff,Home,
2026-07-18T23:55:00.000Z,Hall AC,73.2,92.1,47,74,0,0,compressorCoolOff,Home,
2026-07-19T00:00:00.000Z,Hall AC,73.5,92.3,47,74,0,0,compressorCoolOff,Home,
2026-07-19T00:05:00.000Z,Hall AC,73.9,92.3,47,74,45,45,compressorCoolOff,Home,
2026-07-19T00:10:00.000Z,Hall AC,74.3,92.3,47,74,300,300,compressorCoolStage1On,Home,
2026-07-19T00:15:00.000Z,Hall AC,73.9,92.3,45,74,105,150,compressorCoolStage1On,Home,
2026-07-19T00:20:00.000Z,Hall AC,73,92.3,47,74,0,0,compressorCoolOff,Home,
2026-07-19T00:25:00.000Z,Hall AC,73.1,92.3,47,74,0,0,compressorCoolOff,Home,
2026-07-19T00:30:00.000Z,Hall AC,73.7,92.3,47,74,0,0,compressorCoolOff,Home,
2026-07-19T00:35:00.000Z,Hall AC,74.1,92.3,46,74,165,165,compressorCoolOff,Home,
2026-07-19T00:40:00.000Z,Hall AC,74.3,92.3,45,74,300,300,compressorCoolStage1On,Home,
2026-07-19T00:45:00.000Z,Hall AC,73.8,92.3,44,74,90,135,compressorCoolStage1On,Home,
2026-07-19T00:50:00.000Z,Hall AC,72.7,92.3,45,74,0,0,compressorCoolOff,Home,
2026-07-19T00:55:00.000Z,Hall AC,72.9,92.3,46,74,0,0,compressorCoolOff,Home,
2026-07-19T01:00:00.000Z,Hall AC,73.4,91.8,45,74,0,0,compressorCoolOff,Home,
2026-07-19T01:05:00.000Z,Hall AC,73.8,91.8,44,74,0,0,compressorCoolOff,Home,
2026-07-19T01:10:00.000Z,Hall AC,74.1,91.8,44,74,210,210,compressorCoolOff,Home,
2026-07-19T01:15:00.000Z,Hall AC,74.2,91.8,44,74,225,270,compressorCoolStage1On,Home,
2026-07-19T01:20:00.000Z,Hall AC,73.3,91.8,44,74,0,0,compressorCoolOff,Home,
2026-07-19T01:25:00.000Z,Hall AC,73.1,91.8,46,74,0,0,compressorCoolOff,Home,
2026-07-19T01:30:00.000Z,Hall AC,73.4,91.8,45,74,0,0,compressorCoolOff,Home,
2026-07-19T01:35:00.000Z,Hall AC,73.7,91.8,45,74,0,0,compressorCoolOff,Home,
2026-07-19T01:40:00.000Z,Hall AC,74,91.8,45,74,135,135,compressorCoolOff,Home,
2026-07-19T01:45:00.000Z,Hall AC,74.1,91.8,44,74,225,270,compressorCoolStage1On,Home,
2026-07-19T01:50:00.000Z,Hall AC,73.4,91.8,44,74,0,0,compressorCoolOff,Home,
2026-07-19T01:55:00.000Z,Hall AC,73.2,91.8,45,74,0,0,compressorCoolOff,Home,
2026-07-19T02:00:00.000Z,Hall AC,73.5,90.7,45,74,0,0,compressorCoolOff,Home,
2026-07-19T02:05:00.000Z,Hall AC,73.8,90.7,45,74,0,0,compressorCoolOff,Home,
2026-07-19T02:10:00.000Z,Hall AC,74.1,90.7,44,74,285,285,compressorCoolOff,Home,
2026-07-19T02:15:00.000Z,Hall AC,73.9,90.7,44,74,120,165,compressorCoolStage1On,Home,
2026-07-19T02:20:00.000Z,Hall AC,73.2,90.7,44,74,0,0,compressorCoolOff,Home,
2026-07-19T02:25:00.000Z,Hall AC,73.2,90.7,45,74,0,0,compressorCoolOff,Home,
2026-07-19T02:30:00.000Z,Hall AC,73.4,88.2,45,74,0,0,compressorCoolOff,Home,
2026-07-19T02:35:00.000Z,Hall AC,73.8,88.2,45,74,0,0,compressorCoolOff,Home,
2026-07-19T02:40:00.000Z,Hall AC,74,88.2,45,74,75,75,compressorCoolOff,Home,
2026-07-19T02:45:00.000Z,Hall AC,74.3,88.2,44,74,300,300,compressorCoolStage1On,Home,
2026-07-19T02:50:00.000Z,Hall AC,73.6,88.2,44,74,45,90,compressorCoolStage1On,Home,
2026-07-19T02:55:00.000Z,Hall AC,73,88.2,45,74,0,0,compressorCoolOff,Home,
2026-07-19T03:00:00.000Z,Hall AC,73.2,86.3,45,74,0,0,compressorCoolOff,Home,
2026-07-19T03:05:00.000Z,Hall AC,73.5,86.3,45,74,0,0,compressorCoolOff,Home,
2026-07-19T03:10:00.000Z,Hall AC,73.8,86.3,45,74,0,0,compressorCoolOff,Home,
2026-07-19T03:15:00.000Z,Hall AC,74.1,86.3,45,74,195,195,compressorCoolOff,Home,
2026-07-19T03:20:00.000Z,Hall AC,74.1,86.3,45,75.7,45,75,compressorCoolStage1On,Home,
2026-07-19T03:25:00.000Z,Hall AC,73.6,86.3,46,76,0,0,compressorCoolOff,Home,hold
2026-07-19T03:30:00.000Z,Hall AC,73.7,86.3,47,76,0,0,compressorCoolOff,Home,hold
2026-07-19T03:35:00.000Z,Hall AC,73.9,86.3,46,76,0,0,compressorCoolOff,Home,hold
2026-07-19T03:40:00.000Z,Hall AC,74.1,86.3,46,76,0,0,compressorCoolOff,Home,hold
2026-07-19T03:45:00.000Z,Hall AC,74.3,86.3,45,76,0,0,compressorCoolOff,Home,hold
2026-07-19T03:50:00.000Z,Hall AC,74.4,86.3,45,76,0,0,compressorCoolOff,Home,hold
2026-07-19T03:55:00.000Z,Hall AC,74.5,86.3,44,76,0,0,compressorCoolOff,Home,hold
2026-07-19T04:00:00.000Z,Hall AC,74.4,84.3,44,76,0,0,compressorCoolOff,Home,hold
2026-07-19T04:05:00.000Z,Hall AC,74.7,84.3,43,76,0,0,compressorCoolOff,Home,hold
2026-07-19T04:10:00.000Z,Hall AC,74.6,84.3,43,76,0,0,compressorCoolOff,Home,hold
2026-07-19T04:15:00.000Z,Hall AC,74.3,84.3,42,76,0,0,compressorCoolOff,Home,hold
2026-07-19T04:20:00.000Z,Hall AC,74.4,84.3,42,76,0,0,compressorCoolOff,Home,hold
2026-07-19T04:25:00.000Z,Hall AC,74.6,84.3,41,76,0,0,compressorCoolOff,Home,hold
2026-07-19T04:30:00.000Z,Hall AC,74.5,84.3,41,76,0,0,compressorCoolOff,Home,hold
2026-07-19T04:35:00.000Z,Hall AC,74.5,84.3,41,76,0,0,compressorCoolOff,Home,hold
2026-07-19T04:40:00.000Z,Hall AC,74.5,84.3,41,76,0,0,compressorCoolOff,Home,hold
2026-07-19T04:45:00.000Z,Hall AC,74.6,84.3,41,76,0,0,compressorCoolOff,Home,hold
2026-07-19T04:50:00.000Z,Hall AC,74.8,84.3,41,76,0,0,compressorCoolOff,Home,hold
2026-07-19T04:55:00.000Z,Hall AC,74.8,84.3,41,76,0,0,compressorCoolOff,Home,hold
2026-07-19T05:00:00.000Z,Hall AC,74.6,83.2,40,76,0,0,compressorCoolOff,Sleep,hold
2026-07-19T05:05:00.000Z,Hall AC,74.6,83.2,40,76,0,0,compressorCoolOff,Sleep,hold
2026-07-19T05:10:00.000Z,Hall AC,74.6,83.2,40,76,0,0,compressorCoolOff,Sleep,hold
2026-07-19T05:15:00.000Z,Hall AC,74.8,83.2,41,76,0,0,compressorCoolOff,Sleep,hold
2026-07-19T05:20:00.000Z,Hall AC,74.8,83.2,41,76,0,0,compressorCoolOff,Sleep,hold
2026-07-19T05:25:00.000Z,Hall AC,74.7,83.2,40,76,0,0,compressorCoolOff,Sleep,hold
2026-07-19T05:30:00.000Z,Hall AC,74.7,85.1,40,76,0,0,compressorCoolOff,Sleep,hold
2026-07-19T05:35:00.000Z,Hall AC,74.6,85.1,39,76,0,0,compressorCoolOff,Sleep,hold
2026-07-19T05:40:00.000Z,Hall AC,74.5,85.1,39,76,0,0,compressorCoolOff,Sleep,hold
2026-07-19T05:45:00.000Z,Hall AC,75,85.1,40,76,0,0,compressorCoolOff,Sleep,hold
2026-07-19T05:50:00.000Z,Hall AC,75,85.1,40,76,0,0,compressorCoolOff,Sleep,hold
2026-07-19T05:55:00.000Z,Hall AC,74.5,85.1,39,76,0,0,compressorCoolOff,Sleep,hold
2026-07-19T06:00:00.000Z,Hall AC,74.7,83.3,39,76,0,0,compressorCoolOff,Sleep,hold
2026-07-19T06:05:00.000Z,Hall AC,74.9,83.3,39,76,0,0,compressorCoolOff,Sleep,hold
2026-07-19T06:10:00.000Z,Hall AC,75.1,83.3,40,76,0,0,compressorCoolOff,Sleep,hold
2026-07-19T06:15:00.000Z,Hall AC,75,83.3,39,76,0,0,compressorCoolOff,Sleep,hold
2026-07-19T06:20:00.000Z,Hall AC,74.8,83.3,39,76,0,0,compressorCoolOff,Sleep,hold
2026-07-19T06:25:00.000Z,Hall AC,74.9,83.3,39,76,0,0,compressorCoolOff,Sleep,hold
2026-07-19T06:30:00.000Z,Hall AC,75.1,84.6,40,76,0,0,compressorCoolOff,Sleep,hold
2026-07-19T06:35:00.000Z,Hall AC,75,84.6,39,76,0,0,compressorCoolOff,Sleep,hold
2026-07-19T06:40:00.000Z,Hall AC,74.9,84.6,39,76,0,0,compressorCoolOff,Sleep,hold
2026-07-19T06:45:00.000Z,Hall AC,74.9,84.6,39,76,0,0,compressorCoolOff,Sleep,hold
2026-07-19T06:50:00.000Z,Hall AC,74.9,84.6,39,76,0,0,compressorCoolOff,Sleep,hold
2026-07-19T06:55:00.000Z,Hall AC,74.7,84.6,39,76,0,0,compressorCoolOff,Sleep,hold
2026-07-19T07:00:00.000Z,Hall AC,74.6,83.4,39,76,0,0,compressorCoolOff,Sleep,hold
2026-07-19T07:05:00.000Z,Hall AC,74.6,83.4,39,76,0,0,compressorCoolOff,Sleep,hold
2026-07-19T07:10:00.000Z,Hall AC,74.6,83.4,39,76,0,0,compressorCoolOff,Sleep,hold
2026-07-19T07:15:00.000Z,Hall AC,74.7,83.4,39,76,0,0,compressorCoolOff,Sleep,hold
2026-07-19T07:20:00.000Z,Hall AC,74.7,83.4,39,76,0,0,compressorCoolOff,Sleep,hold
2026-07-19T07:25:00.000Z,Hall AC,74.6,83.4,39,76,0,0,compressorCoolOff,Sleep,hold
2026-07-19T07:30:00.000Z,Hall AC,74.6,83.4,39,76,0,0,compressorCoolOff,Sleep,hold
2026-07-19T07:35:00.000Z,Hall AC,74.6,83.4,39,76,0,0,compressorCoolOff,Sleep,hold
2026-07-19T07:40:00.000Z,Hall AC,74.6,83.4,38,76,0,0,compressorCoolOff,Sleep,hold
2026-07-19T07:45:00.000Z,Hall AC,74.6,83.4,39,76,0,0,compressorCoolOff,Sleep,hold
2026-07-19T07:50:00.000Z,Hall AC,74.6,83.4,39,76,0,0,compressorCoolOff,Sleep,hold
2026-07-19T07:55:00.000Z,Hall AC,74.6,83.4,39,76,0,0,compressorCoolOff,Sleep,hold
2026-07-19T08:00:00.000Z,Hall AC,74.7,81.9,39,76,0,0,compressorCoolOff,Sleep,hold
2026-07-19T08:05:00.000Z,Hall AC,74.6,81.9,38,76,0,0,compressorCoolOff,Sleep,hold
2026-07-19T08:10:00.000Z,Hall AC,74.5,81.9,38,76,0,0,compressorCoolOff,Sleep,hold
2026-07-19T08:15:00.000Z,Hall AC,74.5,81.9,38,76,0,0,compressorCoolOff,Sleep,hold
2026-07-19T08:20:00.000Z,Hall AC,74.5,81.9,38,76,0,0,compressorCoolOff,Sleep,hold
2026-07-19T08:25:00.000Z,Hall AC,74.6,81.9,38,76,0,0,compressorCoolOff,Sleep,hold
2026-07-19T08:30:00.000Z,Hall AC,74.7,81.9,39,76,0,0,compressorCoolOff,Sleep,hold
2026-07-19T08:35:00.000Z,Hall AC,74.6,81.9,38,76,0,0,compressorCoolOff,Sleep,hold
2026-07-19T08:40:00.000Z,Hall AC,74.2,81.9,37,76,0,0,compressorCoolOff,Sleep,hold
2026-07-19T08:45:00.000Z,Hall AC,74.1,81.9,37,76,0,0,compressorCoolOff,Sleep,hold
2026-07-19T08:50:00.000Z,Hall AC,74.2,81.9,37,76,0,0,compressorCoolOff,Sleep,hold
2026-07-19T08:55:00.000Z,Hall AC,74.7,81.9,38,76,0,0,compressorCoolOff,Sleep,hold
2026-07-19T09:00:00.000Z,Hall AC,74.5,81.3,38,76,0,0,compressorCoolOff,Sleep,hold
2026-07-19T09:05:00.000Z,Hall AC,74.1,81.3,37,76,0,0,compressorCoolOff,Sleep,hold
2026-07-19T09:10:00.000Z,Hall AC,74.1,81.3,37,76,0,0,compressorCoolOff,Sleep,hold
2026-07-19T09:15:00.000Z,Hall AC,74.3,81.3,37,76,0,0,compressorCoolOff,Sleep,hold
2026-07-19T09:20:00.000Z,Hall AC,74.6,81.3,38,76,0,0,compressorCoolOff,Sleep,hold
2026-07-19T09:25:00.000Z,Hall AC,74.3,81.3,37,76,0,0,compressorCoolOff,Sleep,hold
2026-07-19T09:30:00.000Z,Hall AC,74.1,81.3,37,76,0,0,compressorCoolOff,Sleep,hold
2026-07-19T09:35:00.000Z,Hall AC,74.1,81.3,37,76,0,0,compressorCoolOff,Sleep,hold
2026-07-19T09:40:00.000Z,Hall AC,74.1,81.3,37,76,0,0,compressorCoolOff,Sleep,hold
2026-07-19T09:45:00.000Z,Hall AC,74.5,81.3,38,76,0,0,compressorCoolOff,Sleep,hold
2026-07-19T09:50:00.000Z,Hall AC,74.6,81.3,38,76,0,0,compressorCoolOff,Sleep,hold
2026-07-19T09:55:00.000Z,Hall AC,74.2,81.3,37,76,0,0,compressorCoolOff,Sleep,hold
2026-07-19T10:00:00.000Z,Hall AC,74.1,80.9,37,76,0,0,compressorCoolOff,Sleep,hold
2026-07-19T10:05:00.000Z,Hall AC,74.3,80.9,37,76,0,0,compressorCoolOff,Sleep,hold
2026-07-19T10:10:00.000Z,Hall AC,74.6,80.9,38,76,0,0,compressorCoolOff,Sleep,hold
2026-07-19T10:15:00.000Z,Hall AC,74.6,80.9,38,76,0,0,compressorCoolOff,Sleep,hold
2026-07-19T10:20:00.000Z,Hall AC,74.3,80.9,37,76,0,0,compressorCoolOff,Sleep,hold
2026-07-19T10:25:00.000Z,Hall AC,74.1,80.9,37,76,0,0,compressorCoolOff,Sleep,hold
2026-07-19T10:30:00.000Z,Hall AC,74.3,80.9,37,76,0,0,compressorCoolOff,Sleep,hold
2026-07-19T10:35:00.000Z,Hall AC,74.4,80.9,37,76,0,0,compressorCoolOff,Sleep,hold
2026-07-19T10:40:00.000Z,Hall AC,74.7,80.9,38,76,0,0,compressorCoolOff,Sleep,hold
2026-07-19T10:45:00.000Z,Hall AC,74.4,80.9,38,76,0,0,compressorCoolOff,Sleep,hold
2026-07-19T10:50:00.000Z,Hall AC,74.2,80.9,37,76,0,0,compressorCoolOff,Sleep,hold
2026-07-19T10:55:00.000Z,Hall AC,74.2,80.9,37,76,0,0,compressorCoolOff,Sleep,hold
2026-07-19T11:00:00.000Z,Hall AC,74.6,80.6,38,76,0,0,compressorCoolOff,Sleep,hold
2026-07-19T11:05:00.000Z,Hall AC,74.6,80.6,39,76,0,0,compressorCoolOff,Sleep,hold
2026-07-19T11:10:00.000Z,Hall AC,74.5,80.6,38,76,0,0,compressorCoolOff,Sleep,hold
2026-07-19T11:15:00.000Z,Hall AC,74.1,80.6,37,76,0,0,compressorCoolOff,Sleep,hold
2026-07-19T11:20:00.000Z,Hall AC,74.2,80.6,37,76,0,0,compressorCoolOff,Sleep,hold
2026-07-19T11:25:00.000Z,Hall AC,74.5,80.6,38,76,0,0,compressorCoolOff,Sleep,hold
2026-07-19T11:30:00.000Z,Hall AC,74.5,80.6,39,76,0,0,compressorCoolOff,Sleep,hold
2026-07-19T11:35:00.000Z,Hall AC,74.2,80.6,37,76,0,0,compressorCoolOff,Sleep,hold
2026-07-19T11:40:00.000Z,Hall AC,74.1,80.6,37,76,0,0,compressorCoolOff,Sleep,hold
2026-07-19T11:45:00.000Z,Hall AC,74.3,80.6,37,76,0,0,compressorCoolOff,Sleep,hold
2026-07-19T11:50:00.000Z,Hall AC,74.5,80.6,38,76,0,0,compressorCoolOff,Sleep,hold
2026-07-19T11:55:00.000Z,Hall AC,74.5,80.6,39,76,0,0,compressorCoolOff,Sleep,hold
2026-07-19T12:00:00.000Z,Hall AC,74.6,80.4,39,76,0,0,compressorCoolOff,Sleep,hold
2026-07-19T12:05:00.000Z,Hall AC,74.6,80.4,39,76,0,0,compressorCoolOff,Sleep,hold
2026-07-19T12:10:00.000Z,Hall AC,74.6,80.4,39,76,0,0,compressorCoolOff,Sleep,hold
2026-07-19T12:15:00.000Z,Hall AC,74.6,80.4,39,76,0,0,compressorCoolOff,Sleep,hold
2026-07-19T12:20:00.000Z,Hall AC,74.6,80.4,39,76,0,0,compressorCoolOff,Sleep,hold
2026-07-19T12:25:00.000Z,Hall AC,74.5,80.4,39,76,0,0,compressorCoolOff,Sleep,hold
2026-07-19T12:30:00.000Z,Hall AC,74.5,80.4,39,76,0,0,compressorCoolOff,Sleep,hold
2026-07-19T12:35:00.000Z,Hall AC,74.5,80.4,39,76,0,0,compressorCoolOff,Sleep,hold
2026-07-19T12:40:00.000Z,Hall AC,74.5,80.4,39,76,0,0,compressorCoolOff,Sleep,hold
2026-07-19T12:45:00.000Z,Hall AC,74.5,80.4,39,76,0,0,compressorCoolOff,Sleep,hold
2026-07-19T12:50:00.000Z,Hall AC,74.5,80.4,39,76,0,0,compressorCoolOff,Sleep,hold
2026-07-19T12:55:00.000Z,Hall AC,74.5,80.4,39,76,0,0,compressorCoolOff,Sleep,hold
2026-07-19T13:00:00.000Z,Hall AC,74.6,80.7,39,76,0,0,compressorCoolOff,Sleep,hold
2026-07-19T13:05:00.000Z,Hall AC,75.1,80.7,40,76,0,0,compressorCoolOff,Sleep,hold
2026-07-19T13:10:00.000Z,Hall AC,76,80.7,42,76,120,120,compressorCoolOff,Sleep,hold
2026-07-19T13:15:00.000Z,Hall AC,76.1,80.7,43,76,180,225,compressorCoolStage1On,Sleep,hold
2026-07-19T13:20:00.000Z,Hall AC,75,80.7,45,76,0,0,compressorCoolOff,Sleep,hold
2026-07-19T13:25:00.000Z,Hall AC,74.1,80.7,44,76,0,0,compressorCoolOff,Sleep,hold
2026-07-19T13:30:00.000Z,Hall AC,73.6,81.6,42,76,0,0,compressorCoolOff,Sleep,hold
2026-07-19T13:35:00.000Z,Hall AC,73.6,81.6,42,76,0,0,compressorCoolOff,Sleep,hold
2026-07-19T13:40:00.000Z,Hall AC,74.2,81.6,42,76,0,0,compressorCoolOff,Sleep,hold
2026-07-19T13:45:00.000Z,Hall AC,75.5,81.6,43,76,0,0,compressorCoolOff,Sleep,hold
2026-07-19T13:50:00.000Z,Hall AC,75.6,81.6,44,76,0,0,compressorCoolOff,Sleep,hold
2026-07-19T13:55:00.000Z,Hall AC,75.7,81.6,44,76,0,0,compressorCoolOff,Sleep,hold
2026-07-19T14:00:00.000Z,Hall AC,75.2,82,44,76,0,0,compressorCoolOff,Sleep,hold
2026-07-19T14:05:00.000Z,Hall AC,74.9,82,44,76,0,0,compressorCoolOff,Sleep,hold
2026-07-19T14:10:00.000Z,Hall AC,75.1,82,44,76,0,0,compressorCoolOff,Sleep,hold
2026-07-19T14:15:00.000Z,Hall AC,75.6,82,45,76,30,30,compressorCoolOff,Sleep,hold
2026-07-19T14:20:00.000Z,Hall AC,76.3,82,45,76,300,300,compressorCoolStage1On,Sleep,hold
2026-07-19T14:25:00.000Z,Hall AC,75.3,82,46,76,30,75,compressorCoolStage1On,Sleep,hold
2026-07-19T14:30:00.000Z,Hall AC,74.4,82,47,76,0,0,compressorCoolOff,Sleep,hold
2026-07-19T14:35:00.000Z,Hall AC,74.2,82,47,76,0,0,compressorCoolOff,Sleep,hold
2026-07-19T14:40:00.000Z,Hall AC,74,82,46,76,0,0,compressorCoolOff,Sleep,hold
2026-07-19T14:45:00.000Z,Hall AC,74.3,82,47,76,0,0,compressorCoolOff,Sleep,hold
2026-07-19T14:50:00.000Z,Hall AC,74.7,82,48,76,0,0,compressorCoolOff,Sleep,hold
2026-07-19T14:55:00.000Z,Hall AC,75,82,47,76,0,0,compressorCoolOff,Sleep,hold
2026-07-19T15:05:00.000Z,Hall AC,75.6,84.1,45,76,0,0,heatOff,Away,
2026-07-19T15:10:00.000Z,Hall AC,75.7,84.1,44,76,0,0,heatOff,Away,
2026-07-19T15:15:00.000Z,Hall AC,75.8,84.1,44,76,0,0,heatOff,Away,
2026-07-19T15:20:00.000Z,Hall AC,76,84.1,45,76,0,0,heatOff,Away,
2026-07-19T15:25:00.000Z,Hall AC,76,84.1,45,76,0,0,heatOff,Away,
2026-07-19T15:30:00.000Z,Hall AC,76.1,84.1,45,76,0,0,heatOff,Away,
2026-07-19T15:35:00.000Z,Hall AC,76.1,84.1,44,76,0,0,heatOff,Away,
2026-07-19T15:40:00.000Z,Hall AC,76,84.1,44,76,0,0,heatOff,Away,
2026-07-19T15:45:00.000Z,Hall AC,76.4,84.1,45,76,0,0,heatOff,Away,
2026-07-19T15:50:00.000Z,Hall AC,76.5,84.1,46,76,0,0,heatOff,Away,
2026-07-19T15:55:00.000Z,Hall AC,76.5,84.1,46,76,0,0,heatOff,Away,
2026-07-19T16:00:00.000Z,Hall AC,76.6,87.1,46,76,0,0,heatOff,Away,
2026-07-19T16:05:00.000Z,Hall AC,76.7,87.1,46,76,0,0,heatOff,Away,
2026-07-19T16:10:00.000Z,Hall AC,76.6,87.1,47,75.9,15,15,heatOff,Away,
2026-07-19T16:15:00.000Z,Hall AC,76.4,87.1,46,74,300,300,compressorCoolStage1On,Away,smartHome
2026-07-19T16:20:00.000Z,Hall AC,75.3,87.1,45,74,300,300,compressorCoolStage1On,Away,smartHome
2026-07-19T16:25:00.000Z,Hall AC,73.8,87.1,44,74,105,150,compressorCoolStage1On,Away,smartHome
2026-07-19T16:30:00.000Z,Hall AC,73.6,87.1,46,74,0,0,compressorCoolOff,Away,smartHome
2026-07-19T16:35:00.000Z,Hall AC,74.5,87.1,47,74,255,255,compressorCoolOff,Away,smartHome
2026-07-19T16:40:00.000Z,Hall AC,75.8,87.1,45,74,300,300,compressorCoolStage1On,Away,smartHome
2026-07-19T16:45:00.000Z,Hall AC,75.5,87.1,45,74,300,300,compressorCoolStage1On,Away,smartHome
2026-07-19T16:50:00.000Z,Hall AC,73.9,87.1,46,74,150,195,compressorCoolStage1On,Away,smartHome
2026-07-19T16:55:00.000Z,Hall AC,71.2,87.1,48,74,0,0,compressorCoolOff,Away,smartHome
2026-07-19T17:00:00.000Z,Hall AC,70.5,89.4,50,74,0,0,compressorCoolOff,Away,smartHome
2026-07-19T17:05:00.000Z,Hall AC,71.2,89.4,50,74,0,0,compressorCoolOff,Away,smartHome
2026-07-19T17:10:00.000Z,Hall AC,72.2,89.4,50,74,0,0,compressorCoolOff,Away,smartHome
2026-07-19T17:15:00.000Z,Hall AC,73.1,89.4,49,74,0,0,compressorCoolOff,Away,smartHome
2026-07-19T17:20:00.000Z,Hall AC,75,89.4,47,74,285,285,compressorCoolOff,Away,smartHome
2026-07-19T17:25:00.000Z,Hall AC,75.5,89.4,46,74,300,300,compressorCoolStage1On,Away,smartHome
2026-07-19T17:30:00.000Z,Hall AC,73.4,89.4,47,74,75,120,compressorCoolStage1On,Away,smartHome
2026-07-19T17:35:00.000Z,Hall AC,71.5,89.4,49,74,0,0,compressorCoolOff,Away,smartHome
2026-07-19T17:40:00.000Z,Hall AC,71.5,89.4,50,74,0,0,compressorCoolOff,Away,smartHome
2026-07-19T17:45:00.000Z,Hall AC,72.2,89.4,50,74,0,0,compressorCoolOff,Away,smartHome
2026-07-19T17:50:00.000Z,Hall AC,73.4,89.4,49,74,30,30,compressorCoolOff,Away,smartHome
2026-07-19T17:55:00.000Z,Hall AC,75.2,89.4,46,74,300,300,compressorCoolStage1On,Away,smartHome
2026-07-19T18:00:00.000Z,Hall AC,75.3,91.9,46,74,300,300,compressorCoolStage1On,Away,smartHome
2026-07-19T18:05:00.000Z,Hall AC,72.9,91.9,47,74,15,60,compressorCoolStage1On,Away,smartHome
2026-07-19T18:10:00.000Z,Hall AC,71.3,91.9,49,74,0,0,compressorCoolOff,Away,smartHome
2026-07-19T18:15:00.000Z,Hall AC,71.8,91.9,50,74,0,0,compressorCoolOff,Away,smartHome
2026-07-19T18:20:00.000Z,Hall AC,72.7,91.9,48,74,0,0,compressorCoolOff,Away,smartHome
2026-07-19T18:25:00.000Z,Hall AC,74.1,91.9,47,74,165,165,compressorCoolOff,Away,smartHome
2026-07-19T18:30:00.000Z,Hall AC,75.2,91.8,46,74,300,300,compressorCoolStage1On,Away,smartHome
2026-07-19T18:35:00.000Z,Hall AC,73.8,91.8,47,74,135,180,compressorCoolStage1On,Away,smartHome
2026-07-19T18:40:00.000Z,Hall AC,71.6,91.8,49,74,0,0,compressorCoolOff,Away,smartHome
2026-07-19T18:45:00.000Z,Hall AC,71.7,91.8,51,74,0,0,compressorCoolOff,Away,smartHome
2026-07-19T18:50:00.000Z,Hall AC,72.5,91.8,51,74,0,0,compressorCoolOff,Away,smartHome
2026-07-19T18:55:00.000Z,Hall AC,73.3,91.8,50,74,0,0,compressorCoolOff,Away,smartHome
2026-07-19T19:00:00.000Z,Hall AC,73.8,93.2,49,74,60,60,compressorCoolOff,Away,smartHome
2026-07-19T19:05:00.000Z,Hall AC,74.3,93.2,48,74,300,300,compressorCoolStage1On,Away,smartHome
2026-07-19T19:10:00.000Z,Hall AC,74.1,93.2,46,74,255,300,compressorCoolStage1On,Away,smartHome
2026-07-19T19:15:00.000Z,Hall AC,73.4,93.2,45,74,0,0,compressorCoolOff,Away,smartHome
2026-07-19T19:20:00.000Z,Hall AC,73,93.2,47,74,0,0,compressorCoolOff,Away,smartHome
2026-07-19T19:25:00.000Z,Hall AC,73.4,93.2,47,74,0,0,compressorCoolOff,Away,smartHome
2026-07-19T19:30:00.000Z,Hall AC,73.9,93.2,47,74,90,90,compressorCoolOff,Away,smartHome
2026-07-19T19:35:00.000Z,Hall AC,74.7,93.2,46,74,300,300,compressorCoolStage1On,Away,smartHome
2026-07-19T19:40:00.000Z,Hall AC,74.4,93.2,45,74,270,300,compressorCoolStage1On,Away,smartHome
2026-07-19T19:45:00.000Z,Hall AC,73.3,93.2,46,74,0,15,compressorCoolOff,Away,smartHome
2026-07-19T19:50:00.000Z,Hall AC,73.1,93.2,49,74,0,0,compressorCoolOff,Away,smartHome
2026-07-19T19:55:00.000Z,Hall AC,73.7,93.2,49,74,0,0,compressorCoolOff,Away,smartHome
2026-07-19T20:00:00.000Z,Hall AC,74.3,95.2,48,74,300,300,compressorCoolStage1On,Home,
2026-07-19T20:05:00.000Z,Hall AC,74.1,95.2,47,74,195,240,compressorCoolStage1On,Home,
2026-07-19T20:10:00.000Z,Hall AC,73.1,95.2,47,74,0,0,compressorCoolOff,Home,
2026-07-19T20:15:00.000Z,Hall AC,73.3,95.2,48,74,0,0,compressorCoolOff,Home,
2026-07-19T20:20:00.000Z,Hall AC,74.1,95.2,48,74,195,195,compressorCoolOff,Home,
2026-07-19T20:25:00.000Z,Hall AC,74.6,95.2,47,74,300,300,compressorCoolStage1On,Home,
2026-07-19T20:30:00.000Z,Hall AC,73.6,95.2,47,74,45,90,compressorCoolStage1On,Home,
2026-07-19T20:35:00.000Z,Hall AC,73.2,95.2,48,74,0,0,compressorCoolOff,Home,
2026-07-19T20:40:00.000Z,Hall AC,73.8,95.2,49,74,60,60,compressorCoolOff,Home,
2026-07-19T20:45:00.000Z,Hall AC,74.5,95.2,48,74,300,300,compressorCoolStage1On,Home,
2026-07-19T20:50:00.000Z,Hall AC,74.2,95.2,46,74,300,300,compressorCoolStage1On,Home,
2026-07-19T20:55:00.000Z,Hall AC,73.7,95.2,46,74,15,60,compressorCoolStage1On,Home,
2026-07-19T21:00:00.000Z,Hall AC,73.3,96.7,48,74,0,0,compressorCoolOff,Home,
2026-07-19T21:05:00.000Z,Hall AC,73.8,96.7,48,74,30,30,compressorCoolOff,Home,
2026-07-19T21:10:00.000Z,Hall AC,74.5,96.7,47,74,300,300,compressorCoolStage1On,Home,
2026-07-19T21:15:00.000Z,Hall AC,74.5,96.7,46,74,300,300,compressorCoolStage1On,Home,
2026-07-19T21:20:00.000Z,Hall AC,73.5,96.7,47,74,15,60,compressorCoolStage1On,Home,
2026-07-19T21:25:00.000Z,Hall AC,73.8,96.7,47,74,75,75,compressorCoolOff,Home,
2026-07-19T21:30:00.000Z,Hall AC,74.6,96.7,47,74,300,300,compressorCoolStage1On,Home,
2026-07-19T21:35:00.000Z,Hall AC,74.4,96.7,47,74,255,300,compressorCoolStage1On,Home,
2026-07-19T21:40:00.000Z,Hall AC,73.2,96.7,49,74,0,0,compressorCoolOff,Home,
2026-07-19T21:45:00.000Z,Hall AC,72.3,96.7,50,74,0,0,compressorCoolOff,Home,
2026-07-19T21:50:00.000Z,Hall AC,72.6,96.7,50,74,0,0,compressorCoolOff,Home,
2026-07-19T21:55:00.000Z,Hall AC,73.6,96.7,49,74,60,60,compressorCoolOff,Home,
2026-07-19T22:00:00.000Z,Hall AC,75.2,97.4,48,74,300,300,compressorCoolStage1On,Home,
2026-07-19T22:05:00.000Z,Hall AC,75.1,97.4,48,74,300,300,compressorCoolStage1On,Home,
2026-07-19T22:10:00.000Z,Hall AC,74,97.4,50,74,135,180,compressorCoolStage1On,Home,
2026-07-19T22:15:00.000Z,Hall AC,73.1,97.4,51,74,0,0,compressorCoolOff,Home,
2026-07-19T22:20:00.000Z,Hall AC,72.8,97.4,51,74,0,0,compressorCoolOff,Home,
2026-07-19T22:25:00.000Z,Hall AC,73.1,97.4,52,74,0,0,compressorCoolOff,Home,
2026-07-19T22:30:00.000Z,Hall AC,73.9,98,51,74,105,105,compressorCoolOff,Home,
2026-07-19T22:35:00.000Z,Hall AC,75.5,98,49,74,300,300,compressorCoolStage1On,Home,
2026-07-19T22:40:00.000Z,Hall AC,75.3,98,50,74,300,300,compressorCoolStage1On,Home,
2026-07-19T22:45:00.000Z,Hall AC,74.3,98,50,74,240,285,compressorCoolStage1On,Home,
2026-07-19T22:50:00.000Z,Hall AC,73.1,98,50,74,0,0,compressorCoolOff,Home,
2026-07-19T22:55:00.000Z,Hall AC,72.9,98,51,74,0,0,compressorCoolOff,Home,
2026-07-19T23:00:00.000Z,Hall AC,73,98,52,74,0,0,compressorCoolOff,Home,
2026-07-19T23:05:00.000Z,Hall AC,73.5,98,52,74,0,0,compressorCoolOff,Home,
2026-07-19T23:10:00.000Z,Hall AC,74.9,98,50,74,300,300,compressorCoolStage1On,Home,
2026-07-19T23:15:00.000Z,Hall AC,75.6,98,50,74,300,300,compressorCoolStage1On,Home,
2026-07-19T23:20:00.000Z,Hall AC,75.5,98,50,74,300,300,compressorCoolStage1On,Home,
2026-07-19T23:25:00.000Z,Hall AC,74.8,98,49,74,300,300,compressorCoolStage1On,Home,
2026-07-19T23:30:00.000Z,Hall AC,73.8,98,50,74,105,150,compressorCoolStage1On,Home,
2026-07-19T23:35:00.000Z,Hall AC,72.5,98,51,73.6,0,0,compressorCoolOff,Home,
2026-07-19T23:40:00.000Z,Hall AC,72.8,98,51,73,105,105,compressorCoolOff,Home,auto
2026-07-19T23:45:00.000Z,Hall AC,74.4,98,50,73,300,300,compressorCoolStage1On,Home,auto
2026-07-19T23:50:00.000Z,Hall AC,74.3,98,49,73,300,300,compressorCoolStage1On,Home,auto
2026-07-19T23:55:00.000Z,Hall AC,73.6,98,49,73,300,300,compressorCoolStage1On,Home,auto
2026-07-20T00:00:00.000Z,Hall AC,72.8,97.7,49,73,90,135,compressorCoolStage1On,Home,auto
2026-07-20T00:05:00.000Z,Hall AC,72,97.7,51,73,0,0,compressorCoolOff,Home,auto
2026-07-20T00:10:00.000Z,Hall AC,72.4,97.7,51,73,0,0,compressorCoolOff,Home,auto
2026-07-20T00:15:00.000Z,Hall AC,73.5,97.7,50,73,225,225,compressorCoolOff,Home,auto
2026-07-20T00:20:00.000Z,Hall AC,74.4,97.7,49,73,300,300,compressorCoolStage1On,Home,auto
2026-07-20T00:25:00.000Z,Hall AC,73.9,97.7,49,73,300,300,compressorCoolStage1On,Home,auto
2026-07-20T00:30:00.000Z,Hall AC,73.4,99,49,73,300,300,compressorCoolStage1On,Home,auto
2026-07-20T00:35:00.000Z,Hall AC,73.1,99,48,73,210,255,compressorCoolStage1On,Home,auto
2026-07-20T00:40:00.000Z,Hall AC,72,99,50,73,0,0,compressorCoolOff,Home,auto
2026-07-20T00:45:00.000Z,Hall AC,71.4,99,51,73,0,0,compressorCoolOff,Home,auto
2026-07-20T00:50:00.000Z,Hall AC,72.1,99,52,73,0,0,compressorCoolOff,Home,auto
2026-07-20T00:55:00.000Z,Hall AC,73.3,99,51,73,210,210,compressorCoolOff,Home,auto
2026-07-20T01:00:00.000Z,Hall AC,74.9,96.3,47,73,300,300,compressorCoolStage1On,Home,auto
2026-07-20T01:05:00.000Z,Hall AC,74.6,96.3,46,73,300,300,compressorCoolStage1On,Home,auto
2026-07-20T01:10:00.000Z,Hall AC,73.7,96.3,47,73,300,300,compressorCoolStage1On,Home,auto
2026-07-20T01:15:00.000Z,Hall AC,73,96.3,47,73,135,180,compressorCoolStage1On,Home,auto
2026-07-20T01:20:00.000Z,Hall AC,72.2,96.3,48,73,0,0,compressorCoolOff,Home,auto
2026-07-20T01:25:00.000Z,Hall AC,72.5,96.3,49,73,0,0,compressorCoolOff,Home,auto
2026-07-20T01:30:00.000Z,Hall AC,73.3,96.3,48,73,210,210,compressorCoolOff,Home,auto
2026-07-20T01:35:00.000Z,Hall AC,74.2,96.3,47,73,300,300,compressorCoolStage1On,Home,auto
2026-07-20T01:40:00.000Z,Hall AC,73.8,96.3,47,73,300,300,compressorCoolStage1On,Home,auto
2026-07-20T01:45:00.000Z,Hall AC,73,96.3,47,73,150,195,compressorCoolStage1On,Home,auto
2026-07-20T01:50:00.000Z,Hall AC,72,96.3,48,73,0,0,compressorCoolOff,Home,auto
2026-07-20T01:55:00.000Z,Hall AC,71.8,96.3,50,73,0,0,compressorCoolOff,Home,auto
2026-07-20T02:00:00.000Z,Hall AC,73,95.5,49,73,135,135,compressorCoolOff,Home,auto
2026-07-20T02:05:00.000Z,Hall AC,74.7,95.5,46,73,300,300,compressorCoolStage1On,Home,auto
2026-07-20T02:10:00.000Z,Hall AC,74.5,95.5,45,73,300,300,compressorCoolStage1On,Home,auto
2026-07-20T02:15:00.000Z,Hall AC,73.7,95.5,46,73,300,300,compressorCoolStage1On,Home,auto
2026-07-20T02:20:00.000Z,Hall AC,73,95.5,46,73,150,195,compressorCoolStage1On,Home,auto
2026-07-20T02:25:00.000Z,Hall AC,72,95.5,47,73,0,0,compressorCoolOff,Home,auto
2026-07-20T02:30:00.000Z,Hall AC,71.5,95.5,48,73,0,0,compressorCoolOff,Home,auto
2026-07-20T02:35:00.000Z,Hall AC,72.1,95.5,48,73,0,0,compressorCoolOff,Home,auto
2026-07-20T02:40:00.000Z,Hall AC,73.8,95.5,46,73,270,270,compressorCoolOff,Home,auto
2026-07-20T02:45:00.000Z,Hall AC,74.4,95.5,45,73,300,300,compressorCoolStage1On,Home,auto
2026-07-20T02:50:00.000Z,Hall AC,73.7,95.5,45,73,300,300,compressorCoolStage1On,Home,auto
2026-07-20T02:55:00.000Z,Hall AC,72.9,95.5,45,73,120,165,compressorCoolStage1On,Home,auto
2026-07-20T03:00:00.000Z,Hall AC,71.4,93,47,73,0,0,compressorCoolOff,Home,auto
2026-07-20T03:05:00.000Z,Hall AC,71.2,93,48,73,0,0,compressorCoolOff,Home,auto
2026-07-20T03:10:00.000Z,Hall AC,72.4,93,48,73,45,45,compressorCoolOff,Home,auto
2026-07-20T03:15:00.000Z,Hall AC,74,93,44,73,300,300,compressorCoolStage1On,Home,auto
2026-07-20T03:20:00.000Z,Hall AC,73.8,93,44,73,300,300,compressorCoolStage1On,Home,auto
2026-07-20T03:25:00.000Z,Hall AC,72.7,93,44,73,75,120,compressorCoolStage1On,Home,auto
2026-07-20T03:30:00.000Z,Hall AC,71.5,93.7,45,73,0,0,compressorCoolOff,Home,auto
2026-07-20T03:35:00.000Z,Hall AC,71.5,93.7,45,73,0,0,compressorCoolOff,Home,auto
2026-07-20T03:40:00.000Z,Hall AC,72.3,93.7,45,73,0,0,compressorCoolOff,Home,auto
2026-07-20T03:45:00.000Z,Hall AC,73.6,93.7,43,73,270,270,compressorCoolOff,Home,auto
2026-07-20T03:50:00.000Z,Hall AC,74,93.7,43,73,300,300,compressorCoolStage1On,Home,auto
2026-07-20T03:55:00.000Z,Hall AC,73.2,93.7,43,73,225,270,compressorCoolStage1On,Home,auto
2026-07-20T04:00:00.000Z,Hall AC,72.3,91.5,43,73,0,0,compressorCoolOff,Home,auto
2026-07-20T04:05:00.000Z,Hall AC,71.7,91.5,44,73,0,0,compressorCoolOff,Home,auto
2026-07-20T04:10:00.000Z,Hall AC,72.1,91.5,46,73,0,0,compressorCoolOff,Home,auto
2026-07-20T04:15:00.000Z,Hall AC,72.8,91.5,46,73.5,0,0,compressorCoolOff,Home,auto
2026-07-20T04:20:00.000Z,Hall AC,73.3,91.5,45,74,0,0,compressorCoolOff,Home,
2026-07-20T04:25:00.000Z,Hall AC,73.8,91.5,45,74,0,0,compressorCoolOff,Home,
2026-07-20T04:30:00.000Z,Hall AC,74.1,91.5,44,74,270,270,compressorCoolOff,Home,
2026-07-20T04:35:00.000Z,Hall AC,73.6,91.5,43,74,300,300,compressorCoolStage1On,Home,
2026-07-20T04:40:00.000Z,Hall AC,72.9,91.5,43,74,150,195,compressorCoolStage1On,Home,(SmartRecovery)
2026-07-20T04:45:00.000Z,Hall AC,72.2,91.5,44,74,0,0,compressorCoolOff,Home,
2026-07-20T04:50:00.000Z,Hall AC,72.1,91.5,42,74,0,0,compressorCoolOff,Home,
2026-07-20T04:55:00.000Z,Hall AC,72.4,91.5,42,73.4,0,0,compressorCoolOff,Home,
2026-07-20T05:00:00.000Z,Hall AC,72.8,90.7,42,73,60,60,compressorCoolOff,Sleep,
2026-07-20T05:05:00.000Z,Hall AC,73.4,90.7,42,73,300,300,compressorCoolStage1On,Sleep,
2026-07-20T05:10:00.000Z,Hall AC,72.9,90.7,42,73,120,165,compressorCoolStage1On,Sleep,
2026-07-20T05:15:00.000Z,Hall AC,72.3,90.7,42,73,0,0,compressorCoolOff,Sleep,
2026-07-20T05:20:00.000Z,Hall AC,72.1,90.7,42,73,0,0,compressorCoolOff,Sleep,
2026-07-20T05:25:00.000Z,Hall AC,72.7,90.7,42,73,0,0,compressorCoolOff,Sleep,
2026-07-20T05:30:00.000Z,Hall AC,73,90.7,42,73,135,135,compressorCoolOff,Sleep,
2026-07-20T05:35:00.000Z,Hall AC,73.2,90.7,42,73,300,300,compressorCoolStage1On,Sleep,
2026-07-20T05:40:00.000Z,Hall AC,72.7,90.7,42,73,15,60,compressorCoolStage1On,Sleep,
2026-07-20T05:45:00.000Z,Hall AC,72.4,90.7,43,73,0,0,compressorCoolOff,Sleep,
2026-07-20T05:50:00.000Z,Hall AC,72.3,90.7,42,73,0,0,compressorCoolOff,Sleep,
2026-07-20T05:55:00.000Z,Hall AC,72.6,90.7,42,73,0,0,compressorCoolOff,Sleep,
2026-07-20T06:00:00.000Z,Hall AC,73,90,42,73,150,150,compressorCoolOff,Sleep,
2026-07-20T06:05:00.000Z,Hall AC,73.4,90,42,73,300,300,compressorCoolStage1On,Sleep,
2026-07-20T06:10:00.000Z,Hall AC,72.5,90,42,73,30,75,compressorCoolStage1On,Sleep,
2026-07-20T06:15:00.000Z,Hall AC,72.3,90,43,73,0,0,compressorCoolOff,Sleep,
2026-07-20T06:20:00.000Z,Hall AC,72.4,90,43,73,0,0,compressorCoolOff,Sleep,
2026-07-20T06:25:00.000Z,Hall AC,72.5,90,42,73,0,0,compressorCoolOff,Sleep,
2026-07-20T06:30:00.000Z,Hall AC,72.8,90,42,73,0,0,compressorCoolOff,Sleep,
2026-07-20T06:35:00.000Z,Hall AC,73.3,90,42,73,285,285,compressorCoolOff,Sleep,
2026-07-20T06:40:00.000Z,Hall AC,72.9,90,42,73,135,180,compressorCoolStage1On,Sleep,
2026-07-20T06:45:00.000Z,Hall AC,72.4,90,43,73,0,0,compressorCoolOff,Sleep,
2026-07-20T06:50:00.000Z,Hall AC,72.3,90,42,73,0,0,compressorCoolOff,Sleep,
2026-07-20T06:55:00.000Z,Hall AC,72.4,90,42,73,0,0,compressorCoolOff,Sleep,
2026-07-20T07:00:00.000Z,Hall AC,72.7,89.1,42,73,0,0,compressorCoolOff,Sleep,
2026-07-20T07:05:00.000Z,Hall AC,73,89.1,42,73,135,135,compressorCoolOff,Sleep,
2026-07-20T07:10:00.000Z,Hall AC,73.2,89.1,42,73,300,300,compressorCoolStage1On,Sleep,
2026-07-20T07:15:00.000Z,Hall AC,72.6,89.1,42,73,0,45,compressorCoolOff,Sleep,
2026-07-20T07:20:00.000Z,Hall AC,72,89.1,42,73,0,0,compressorCoolOff,Sleep,
2026-07-20T07:25:00.000Z,Hall AC,72.1,89.1,42,73,0,0,compressorCoolOff,Sleep,
2026-07-20T07:30:00.000Z,Hall AC,72.6,89.8,42,73,0,0,compressorCoolOff,Sleep,
2026-07-20T07:35:00.000Z,Hall AC,72.7,89.8,42,73,0,0,compressorCoolOff,Sleep,
2026-07-20T07:40:00.000Z,Hall AC,73,89.8,42,73,150,150,compressorCoolOff,Sleep,
2026-07-20T07:45:00.000Z,Hall AC,73.3,89.8,42,73,300,300,compressorCoolStage1On,Sleep,
2026-07-20T07:50:00.000Z,Hall AC,72.5,89.8,42,73,15,60,compressorCoolStage1On,Sleep,
2026-07-20T07:55:00.000Z,Hall AC,71.8,89.8,42,73,0,0,compressorCoolOff,Sleep,
2026-07-20T08:00:00.000Z,Hall AC,72.1,88.2,42,73,0,0,compressorCoolOff,Sleep,
2026-07-20T08:05:00.000Z,Hall AC,72.5,88.2,42,73,0,0,compressorCoolOff,Sleep,
2026-07-20T08:10:00.000Z,Hall AC,72.7,88.2,42,73,0,0,compressorCoolOff,Sleep,
2026-07-20T08:15:00.000Z,Hall AC,72.7,88.2,42,73,0,0,compressorCoolOff,Sleep,
2026-07-20T08:20:00.000Z,Hall AC,73.3,88.2,42,73,285,285,compressorCoolOff,Sleep,
2026-07-20T08:25:00.000Z,Hall AC,73,88.2,42,73,150,195,compressorCoolStage1On,Sleep,
2026-07-20T08:30:00.000Z,Hall AC,72,88.2,42,73,0,0,compressorCoolOff,Sleep,
2026-07-20T08:35:00.000Z,Hall AC,71.9,88.2,42,73,0,0,compressorCoolOff,Sleep,
2026-07-20T08:40:00.000Z,Hall AC,72.2,88.2,42,73,0,0,compressorCoolOff,Sleep,
2026-07-20T08:45:00.000Z,Hall AC,72.6,88.2,42,73,0,0,compressorCoolOff,Sleep,
2026-07-20T08:50:00.000Z,Hall AC,72.7,88.2,42,73,0,0,compressorCoolOff,Sleep,
2026-07-20T08:55:00.000Z,Hall AC,72.8,88.2,42,73,30,30,compressorCoolOff,Sleep,
2026-07-20T09:00:00.000Z,Hall AC,73.2,87.3,42,73,300,300,compressorCoolStage1On,Sleep,
2026-07-20T09:05:00.000Z,Hall AC,72.8,87.3,42,73,75,120,compressorCoolStage1On,Sleep,
2026-07-20T09:10:00.000Z,Hall AC,72,87.3,42,73,0,0,compressorCoolOff,Sleep,
2026-07-20T09:15:00.000Z,Hall AC,72,87.3,42,73,0,0,compressorCoolOff,Sleep,
2026-07-20T09:20:00.000Z,Hall AC,72.5,87.3,42,73,0,0,compressorCoolOff,Sleep,
2026-07-20T09:25:00.000Z,Hall AC,72.6,87.3,42,73,0,0,compressorCoolOff,Sleep,
2026-07-20T09:30:00.000Z,Hall AC,72.7,87.3,42,73,0,0,compressorCoolOff,Sleep,
2026-07-20T09:35:00.000Z,Hall AC,72.9,87.3,42,73,15,15,compressorCoolOff,Sleep,
2026-07-20T09:40:00.000Z,Hall AC,73.3,87.3,42,73,300,300,compressorCoolStage1On,Sleep,
2026-07-20T09:45:00.000Z,Hall AC,73,87.3,42,73,165,210,compressorCoolStage1On,Sleep,
2026-07-20T09:50:00.000Z,Hall AC,72,87.3,42,73,0,0,compressorCoolOff,Sleep,
2026-07-20T09:55:00.000Z,Hall AC,71.8,87.3,42,73,0,0,compressorCoolOff,Sleep,
2026-07-20T10:00:00.000Z,Hall AC,72.1,86.7,42,73,0,0,compressorCoolOff,Sleep,
2026-07-20T10:05:00.000Z,Hall AC,72.4,86.7,42,73,0,0,compressorCoolOff,Sleep,
2026-07-20T10:10:00.000Z,Hall AC,72.7,86.7,42,73,0,0,compressorCoolOff,Sleep,
2026-07-20T10:15:00.000Z,Hall AC,72.7,86.7,42,73,0,0,compressorCoolOff,Sleep,
2026-07-20T10:20:00.000Z,Hall AC,72.7,86.7,42,73,0,0,compressorCoolOff,Sleep,
2026-07-20T10:25:00.000Z,Hall AC,73.3,86.7,42,73,300,300,compressorCoolStage1On,Sleep,
2026-07-20T10:30:00.000Z,Hall AC,72.9,86.7,42,73,135,180,compressorCoolStage1On,Sleep,
2026-07-20T10:35:00.000Z,Hall AC,72,86.7,42,73,0,0,compressorCoolOff,Sleep,
2026-07-20T10:40:00.000Z,Hall AC,71.9,86.7,42,73,0,0,compressorCoolOff,Sleep,
2026-07-20T10:45:00.000Z,Hall AC,72.1,86.7,42,73,0,0,compressorCoolOff,Sleep,
2026-07-20T10:50:00.000Z,Hall AC,72.5,86.7,42,73,0,0,compressorCoolOff,Sleep,
2026-07-20T10:55:00.000Z,Hall AC,72.7,86.7,42,73,0,0,compressorCoolOff,Sleep,
2026-07-20T11:00:00.000Z,Hall AC,72.8,85.2,42,73,15,15,compressorCoolOff,Sleep,
2026-07-20T11:05:00.000Z,Hall AC,73.3,85.2,42,73,300,300,compressorCoolStage1On,Sleep,
2026-07-20T11:10:00.000Z,Hall AC,72.8,85.2,42,73,90,135,compressorCoolStage1On,Sleep,
2026-07-20T11:15:00.000Z,Hall AC,72.1,85.2,42,73,0,0,compressorCoolOff,Sleep,
2026-07-20T11:20:00.000Z,Hall AC,72.4,85.2,43,73,0,0,compressorCoolOff,Sleep,
2026-07-20T11:25:00.000Z,Hall AC,72.5,85.2,42,73,0,0,compressorCoolOff,Sleep,
2026-07-20T11:30:00.000Z,Hall AC,72.6,85.9,42,73,0,0,compressorCoolOff,Sleep,
2026-07-20T11:35:00.000Z,Hall AC,72.8,85.9,42,73,0,0,compressorCoolOff,Sleep,
2026-07-20T11:40:00.000Z,Hall AC,72.7,85.9,42,73,0,0,compressorCoolOff,Sleep,
2026-07-20T11:45:00.000Z,Hall AC,72.8,85.9,42,73,0,0,compressorCoolOff,Sleep,
2026-07-20T11:50:00.000Z,Hall AC,73.2,85.9,42,73,255,255,compressorCoolOff,Sleep,
2026-07-20T11:55:00.000Z,Hall AC,73.1,85.9,42,73,210,255,compressorCoolStage1On,Sleep,
2026-07-20T12:00:00.000Z,Hall AC,72,84.9,42,73,0,0,compressorCoolOff,Sleep,
2026-07-20T12:05:00.000Z,Hall AC,71.6,84.9,42,73,0,0,compressorCoolOff,Sleep,
2026-07-20T12:10:00.000Z,Hall AC,72,84.9,42,73,0,0,compressorCoolOff,Sleep,
2026-07-20T12:15:00.000Z,Hall AC,72.2,84.9,42,73,0,0,compressorCoolOff,Sleep,
2026-07-20T12:20:00.000Z,Hall AC,72.5,84.9,42,73,0,0,compressorCoolOff,Sleep,
2026-07-20T12:25:00.000Z,Hall AC,72.6,84.9,41,73,0,0,compressorCoolOff,Sleep,
2026-07-20T12:30:00.000Z,Hall AC,72.7,84.9,42,73,0,0,compressorCoolOff,Sleep,
2026-07-20T12:35:00.000Z,Hall AC,72.9,84.9,42,73,90,90,compressorCoolOff,Sleep,
2026-07-20T12:40:00.000Z,Hall AC,73,84.9,41,73,225,270,compressorCoolStage1On,Sleep,
2026-07-20T12:45:00.000Z,Hall AC,72.4,84.9,42,73,0,0,compressorCoolOff,Sleep,
2026-07-20T12:50:00.000Z,Hall AC,72,84.9,42,73,0,0,compressorCoolOff,Sleep,
2026-07-20T12:55:00.000Z,Hall AC,72.3,84.9,42,73,0,0,compressorCoolOff,Sleep,
2026-07-20T13:00:00.000Z,Hall AC,73.1,84.4,42,73,180,180,compressorCoolOff,Sleep,
2026-07-20T13:05:00.000Z,Hall AC,73.6,84.4,41,73,300,300,compressorCoolStage1On,Sleep,
2026-07-20T13:10:00.000Z,Hall AC,72.7,84.4,41,73,90,135,compressorCoolStage1On,Sleep,
2026-07-20T13:15:00.000Z,Hall AC,71.1,84.4,42,73,0,0,compressorCoolOff,Sleep,
2026-07-20T13:20:00.000Z,Hall AC,70.8,84.4,43,73,0,0,compressorCoolOff,Sleep,
2026-07-20T13:25:00.000Z,Hall AC,71.3,84.4,42,73,0,0,compressorCoolOff,Sleep,
2026-07-20T13:30:00.000Z,Hall AC,71.8,84.4,43,75,0,0,compressorCoolOff,Sleep,auto
2026-07-20T13:35:00.000Z,Hall AC,72.3,84.4,43,75,0,0,compressorCoolOff,Sleep,auto
2026-07-20T13:40:00.000Z,Hall AC,72.7,84.4,43,75,0,0,compressorCoolOff,Sleep,auto
2026-07-20T13:45:00.000Z,Hall AC,72.9,84.4,43,75,0,0,compressorCoolOff,Sleep,auto
2026-07-20T13:50:00.000Z,Hall AC,73.2,84.4,44,75,0,0,compressorCoolOff,Sleep,auto
2026-07-20T13:55:00.000Z,Hall AC,73.4,84.4,44,75,0,0,compressorCoolOff,Sleep,auto
2026-07-20T14:00:00.000Z,Hall AC,73.4,85.6,43,75,0,0,compressorCoolOff,Sleep,auto
2026-07-20T14:05:00.000Z,Hall AC,73.5,85.6,43,75,0,0,compressorCoolOff,Sleep,auto
2026-07-20T14:10:00.000Z,Hall AC,73.6,85.6,43,75,0,0,compressorCoolOff,Sleep,auto
2026-07-20T14:15:00.000Z,Hall AC,73.7,85.6,42,75,0,0,compressorCoolOff,Sleep,auto
2026-07-20T14:20:00.000Z,Hall AC,73.5,85.6,42,75,0,0,compressorCoolOff,Sleep,auto
2026-07-20T14:25:00.000Z,Hall AC,73.8,85.6,42,75,0,0,compressorCoolOff,Sleep,auto
2026-07-20T14:30:00.000Z,Hall AC,73.8,85.6,42,75,0,0,compressorCoolOff,WFH,auto
2026-07-20T14:35:00.000Z,Hall AC,74.3,85.6,43,75,0,0,compressorCoolOff,WFH,auto
2026-07-20T14:40:00.000Z,Hall AC,74.7,85.6,44,75,0,0,compressorCoolOff,WFH,auto
2026-07-20T14:45:00.000Z,Hall AC,74.8,85.6,44,75,0,0,compressorCoolOff,WFH,auto
2026-07-20T14:50:00.000Z,Hall AC,74.9,85.6,44,75,0,0,compressorCoolOff,WFH,auto
2026-07-20T14:55:00.000Z,Hall AC,74.9,85.6,44,75,0,0,compressorCoolOff,WFH,auto
2026-07-20T15:00:00.000Z,Hall AC,74.9,87.7,44,75,75,75,compressorCoolOff,WFH,auto
2026-07-20T15:05:00.000Z,Hall AC,75.5,87.7,43,75,300,300,compressorCoolStage1On,WFH,auto
2026-07-20T15:10:00.000Z,Hall AC,75.5,87.7,41,75,285,300,compressorCoolStage1On,WFH,auto
2026-07-20T15:15:00.000Z,Hall AC,74.1,87.7,42,75,0,30,compressorCoolOff,WFH,auto
2026-07-20T15:20:00.000Z,Hall AC,73.3,87.7,44,75,0,0,compressorCoolOff,WFH,auto
2026-07-20T15:25:00.000Z,Hall AC,73.5,87.7,45,75,0,0,compressorCoolOff,WFH,auto
2026-07-20T15:30:00.000Z,Hall AC,73.9,89.8,44,75,0,0,compressorCoolOff,WFH,auto
2026-07-20T15:35:00.000Z,Hall AC,74.3,89.8,44,75,0,0,compressorCoolOff,WFH,auto
2026-07-20T15:40:00.000Z,Hall AC,74.7,89.8,42,75,120,120,compressorCoolOff,WFH,auto
2026-07-20T15:45:00.000Z,Hall AC,74.8,89.8,42,75,180,225,compressorCoolStage1On,WFH,auto
2026-07-20T15:50:00.000Z,Hall AC,74.2,89.8,44,75,0,0,compressorCoolOff,WFH,auto
2026-07-20T15:55:00.000Z,Hall AC,74.1,89.8,45,75,0,0,compressorCoolOff,WFH,auto
2026-07-20T16:00:00.000Z,Hall AC,74.3,89.9,45,75,0,0,compressorCoolOff,WFH,auto
2026-07-20T16:05:00.000Z,Hall AC,74.9,89.9,45,75,120,120,compressorCoolOff,WFH,auto
2026-07-20T16:10:00.000Z,Hall AC,75.8,89.9,43,75,300,300,compressorCoolStage1On,WFH,auto
2026-07-20T16:15:00.000Z,Hall AC,74.6,89.9,43,75,45,90,compressorCoolStage1On,WFH,auto
2026-07-20T16:20:00.000Z,Hall AC,73.6,89.9,45,75,0,0,compressorCoolOff,WFH,auto
2026-07-20T16:25:00.000Z,Hall AC,73.7,89.9,46,75,0,0,compressorCoolOff,WFH,auto
2026-07-20T16:30:00.000Z,Hall AC,74.2,89.9,46,75,0,0,compressorCoolOff,WFH,auto
2026-07-20T16:35:00.000Z,Hall AC,74.7,89.9,45,75,45,45,compressorCoolOff,WFH,auto
2026-07-20T16:40:00.000Z,Hall AC,75.8,89.9,44,75,300,300,compressorCoolStage1On,WFH,auto
2026-07-20T16:45:00.000Z,Hall AC,75.5,89.9,44,75.5,135,165,compressorCoolStage1On,WFH,auto
2026-07-20T16:50:00.000Z,Hall AC,74.2,89.9,46,76,0,0,compressorCoolOff,WFH,hold
2026-07-20T16:55:00.000Z,Hall AC,73.9,89.9,46,76,0,0,compressorCoolOff,WFH,hold
2026-07-20T17:00:00.000Z,Hall AC,74.4,91.9,45,76,0,0,compressorCoolOff,WFH,hold
2026-07-20T17:05:00.000Z,Hall AC,75.2,91.9,44,76,0,0,compressorCoolOff,WFH,hold
2026-07-20T17:10:00.000Z,Hall AC,75.2,91.9,44,76,0,0,compressorCoolOff,WFH,hold
2026-07-20T17:15:00.000Z,Hall AC,75,91.9,46,76,0,0,compressorCoolOff,WFH,hold
2026-07-20T17:20:00.000Z,Hall AC,75.3,91.9,45,76,0,0,compressorCoolOff,WFH,hold
2026-07-20T17:25:00.000Z,Hall AC,75.8,91.9,44,76,0,0,compressorCoolOff,WFH,hold
2026-07-20T17:30:00.000Z,Hall AC,75.7,91.9,44,76,0,0,compressorCoolOff,WFH,hold
2026-07-20T17:35:00.000Z,Hall AC,75.4,91.9,46,76,0,0,compressorCoolOff,WFH,hold
2026-07-20T17:40:00.000Z,Hall AC,75.7,91.9,46,76,30,30,compressorCoolOff,WFH,hold
2026-07-20T17:45:00.000Z,Hall AC,76.8,91.9,45,76,300,300,compressorCoolStage1On,WFH,hold
2026-07-20T17:50:00.000Z,Hall AC,76.9,91.9,47,76,300,300,compressorCoolStage1On,WFH,hold
2026-07-20T17:55:00.000Z,Hall AC,75.4,91.9,47,76,60,105,compressorCoolStage1On,WFH,hold
2026-07-20T18:00:00.000Z,Hall AC,74.2,94.1,48,76,0,0,compressorCoolOff,WFH,hold
2026-07-20T18:05:00.000Z,Hall AC,74.3,94.1,48,76,0,0,compressorCoolOff,WFH,hold
2026-07-20T18:10:00.000Z,Hall AC,74.9,94.1,47,76,0,0,compressorCoolOff,WFH,hold
2026-07-20T18:15:00.000Z,Hall AC,75.5,94.1,47,76,0,0,compressorCoolOff,WFH,hold
2026-07-20T18:20:00.000Z,Hall AC,75.9,94.1,47,76,75,105,compressorCoolOff,WFH,hold
2026-07-20T18:25:00.000Z,Hall AC,76.5,94.1,47,77,0,0,compressorCoolOff,WFH,hold
2026-07-20T18:30:00.000Z,Hall AC,76.9,95.2,46,77,120,120,compressorCoolOff,WFH,hold
2026-07-20T18:35:00.000Z,Hall AC,77.7,95.2,46,77,300,300,compressorCoolStage1On,WFH,hold
2026-07-20T18:40:00.000Z,Hall AC,76.8,95.2,47,77,120,165,compressorCoolStage1On,WFH,hold
2026-07-20T18:45:00.000Z,Hall AC,75.3,95.2,48,77,0,0,compressorCoolOff,WFH,hold
2026-07-20T18:50:00.000Z,Hall AC,75.1,95.2,49,77,0,0,compressorCoolOff,WFH,hold
2026-07-20T18:55:00.000Z,Hall AC,75.5,95.2,49,77,0,0,compressorCoolOff,WFH,hold
2026-07-20T19:00:00.000Z,Hall AC,76.4,96,48,77,0,0,compressorCoolOff,WFH,hold
2026-07-20T19:05:00.000Z,Hall AC,77.2,96,47,77,210,210,compressorCoolOff,WFH,hold
2026-07-20T19:10:00.000Z,Hall AC,77.6,96,47,77,300,300,compressorCoolStage1On,WFH,hold
2026-07-20T19:15:00.000Z,Hall AC,76.7,96,47,77,120,165,compressorCoolStage1On,WFH,hold
2026-07-20T19:20:00.000Z,Hall AC,75.1,96,48,77,0,0,compressorCoolOff,WFH,hold
2026-07-20T19:25:00.000Z,Hall AC,74.9,96,49,77,0,0,compressorCoolOff,WFH,hold
2026-07-20T19:30:00.000Z,Hall AC,75.4,96,48,77,0,0,compressorCoolOff,WFH,hold
2026-07-20T19:35:00.000Z,Hall AC,76.1,96,48,77,0,0,compressorCoolOff,WFH,hold
2026-07-20T19:40:00.000Z,Hall AC,77.1,96,47,77,180,180,compressorCoolOff,WFH,hold
2026-07-20T19:45:00.000Z,Hall AC,77.9,96,47,77,300,300,compressorCoolStage1On,WFH,hold
2026-07-20T19:50:00.000Z,Hall AC,77.3,96,47,76.4,300,300,compressorCoolStage1On,WFH,hold
2026-07-20T19:55:00.000Z,Hall AC,76.1,96,47,75,300,300,compressorCoolStage1On,WFH,
2026-07-20T20:00:00.000Z,Hall AC,75.1,97.9,48,75,195,240,compressorCoolStage1On,WFH,
2026-07-20T20:05:00.000Z,Hall AC,74.7,97.9,48,75,0,0,compressorCoolOff,WFH,
2026-07-20T20:10:00.000Z,Hall AC,74.7,97.9,48,75,0,0,compressorCoolOff,WFH,
2026-07-20T20:15:00.000Z,Hall AC,75.6,97.9,47,75,285,285,compressorCoolOff,WFH,
2026-07-20T20:20:00.000Z,Hall AC,76.9,97.9,45,75,300,300,compressorCoolStage1On,WFH,
2026-07-20T20:25:00.000Z,Hall AC,76.6,97.9,44,75,300,300,compressorCoolStage1On,WFH,
2026-07-20T20:30:00.000Z,Hall AC,75.9,97.9,45,75,300,300,compressorCoolStage1On,WFH,
2026-07-20T20:35:00.000Z,Hall AC,74.8,97.9,46,75,90,135,compressorCoolStage1On,WFH,
2026-07-20T20:40:00.000Z,Hall AC,74,97.9,47,75,0,0,compressorCoolOff,WFH,
2026-07-20T20:45:00.000Z,Hall AC,74.2,97.9,48,75,0,0,compressorCoolOff,WFH,
2026-07-20T20:50:00.000Z,Hall AC,74.9,97.9,48,75,105,105,compressorCoolOff,WFH,
2026-07-20T20:55:00.000Z,Hall AC,76.2,97.9,47,75,300,300,compressorCoolStage1On,WFH,
2026-07-20T21:00:00.000Z,Hall AC,76,99.8,46,75,300,300,compressorCoolStage1On,WFH,
2026-07-20T21:05:00.000Z,Hall AC,75.3,99.8,46,75,300,300,compressorCoolStage1On,WFH,
2026-07-20T21:10:00.000Z,Hall AC,75.5,99.8,45,75,300,300,compressorCoolStage1On,WFH,
2026-07-20T21:15:00.000Z,Hall AC,75.5,99.8,45,75,300,300,compressorCoolStage1On,WFH,
2026-07-20T21:20:00.000Z,Hall AC,75.5,99.8,44,75,300,300,compressorCoolStage1On,WFH,
2026-07-20T21:25:00.000Z,Hall AC,75,99.8,43,75,105,150,compressorCoolStage1On,WFH,
2026-07-20T21:30:00.000Z,Hall AC,74.2,100.1,44,75,0,0,compressorCoolOff,WFH,
2026-07-20T21:35:00.000Z,Hall AC,74.1,100.1,46,75,0,0,compressorCoolOff,WFH,
2026-07-20T21:40:00.000Z,Hall AC,74.4,100.1,46,75,0,0,compressorCoolOff,WFH,
2026-07-20T21:45:00.000Z,Hall AC,74.7,100.1,47,75,0,0,compressorCoolOff,WFH,
2026-07-20T21:50:00.000Z,Hall AC,75.3,100.1,47,75,225,225,compressorCoolOff,WFH,
2026-07-20T21:55:00.000Z,Hall AC,76,100.1,47,75,300,300,compressorCoolStage1On,WFH,
2026-07-20T22:00:00.000Z,Hall AC,75.6,100.1,47,75,300,300,compressorCoolStage1On,WFH,
2026-07-20T22:05:00.000Z,Hall AC,74.9,100.1,46,75,120,165,compressorCoolStage1On,WFH,
2026-07-20T22:10:00.000Z,Hall AC,73.8,100.1,47,75,0,0,compressorCoolOff,WFH,
2026-07-20T22:15:00.000Z,Hall AC,73.3,100.1,48,75,0,0,compressorCoolOff,WFH,
2026-07-20T22:20:00.000Z,Hall AC,73.7,100.1,48,75,0,0,compressorCoolOff,WFH,
2026-07-20T22:25:00.000Z,Hall AC,75.1,100.1,47,75,150,150,compressorCoolOff,WFH,
2026-07-20T22:30:00.000Z,Hall AC,76.3,100.1,47,75,300,300,compressorCoolStage1On,WFH,
2026-07-20T22:35:00.000Z,Hall AC,76.1,100.1,46,75,300,300,compressorCoolStage1On,WFH,
2026-07-20T22:40:00.000Z,Hall AC,75.4,100.1,45,75,300,300,compressorCoolStage1On,WFH,
2026-07-20T22:45:00.000Z,Hall AC,74.4,100.1,45,75,0,45,compressorCoolOff,WFH,
2026-07-20T22:50:00.000Z,Hall AC,73.6,100.1,47,75,0,0,compressorCoolOff,WFH,
2026-07-20T22:55:00.000Z,Hall AC,73.5,100.1,48,75,0,0,compressorCoolOff,WFH,
2026-07-20T23:00:00.000Z,Hall AC,74.1,100.1,49,75,0,0,compressorCoolOff,WFH,
2026-07-20T23:05:00.000Z,Hall AC,75.7,100.1,48,75,255,255,compressorCoolOff,WFH,
2026-07-20T23:10:00.000Z,Hall AC,76.5,100.1,47,75,300,300,compressorCoolStage1On,WFH,
2026-07-20T23:15:00.000Z,Hall AC,75.4,100.1,47,75,255,300,compressorCoolStage1On,WFH,
2026-07-20T23:20:00.000Z,Hall AC,74,100.1,47,75,0,0,compressorCoolOff,WFH,
2026-07-20T23:25:00.000Z,Hall AC,73.2,100.1,48,75,0,0,compressorCoolOff,WFH,
2026-07-20T23:30:00.000Z,Hall AC,73.3,100.1,49,75,0,0,compressorCoolOff,Home,
2026-07-20T23:35:00.000Z,Hall AC,74.2,100.1,48,75,0,0,compressorCoolOff,Home,
2026-07-20T23:40:00.000Z,Hall AC,75.8,100.1,46,75,300,300,compressorCoolStage1On,Home,
2026-07-20T23:45:00.000Z,Hall AC,76.1,100.1,46,75,300,300,compressorCoolStage1On,Home,
2026-07-20T23:50:00.000Z,Hall AC,75.4,100.1,46,75,300,300,compressorCoolStage1On,Home,
2026-07-20T23:55:00.000Z,Hall AC,74.5,100.1,46,75,0,45,compressorCoolOff,Home,
2026-07-21T00:00:00.000Z,Hall AC,73.8,100.1,47,75,0,0,compressorCoolOff,Home,
2026-07-21T00:05:00.000Z,Hall AC,74.2,100.1,48,75,0,0,compressorCoolOff,Home,
2026-07-21T00:10:00.000Z,Hall AC,74.7,100.1,47,75,0,0,compressorCoolOff,Home,
2026-07-21T00:15:00.000Z,Hall AC,75.3,100.1,47,75,255,255,compressorCoolOff,Home,
2026-07-21T00:20:00.000Z,Hall AC,75.7,100.1,47,75,300,300,compressorCoolStage1On,Home,
2026-07-21T00:25:00.000Z,Hall AC,74.4,100.1,47,75,60,105,compressorCoolStage1On,Home,
2026-07-21T00:30:00.000Z,Hall AC,73.3,100.1,49,75,0,0,compressorCoolOff,Home,
2026-07-21T00:35:00.000Z,Hall AC,74.1,100.1,49,75,0,0,compressorCoolOff,Home,
2026-07-21T00:40:00.000Z,Hall AC,75.1,100.1,48,75,255,255,compressorCoolOff,Home,
2026-07-21T00:45:00.000Z,Hall AC,74.5,100.1,47,75,45,90,compressorCoolStage1On,Home,
2026-07-21T00:50:00.000Z,Hall AC,74.3,100.1,49,75,0,0,compressorCoolOff,Home,
2026-07-21T00:55:00.000Z,Hall AC,75,100.1,48,75,150,150,compressorCoolOff,Home,
2026-07-21T01:00:00.000Z,Hall AC,74.9,98,46,75,150,195,compressorCoolStage1On,Home,
2026-07-21T01:05:00.000Z,Hall AC,74.4,98,47,75,0,0,compressorCoolOff,Home,
2026-07-21T01:10:00.000Z,Hall AC,75.2,98,47,75,225,225,compressorCoolOff,Home,
2026-07-21T01:15:00.000Z,Hall AC,75.6,98,45,75,300,300,compressorCoolStage1On,Home,
2026-07-21T01:20:00.000Z,Hall AC,74.5,98,45,75,45,90,compressorCoolStage1On,Home,
2026-07-21T01:25:00.000Z,Hall AC,74.5,98,46,75,0,0,compressorCoolOff,Home,
2026-07-21T01:30:00.000Z,Hall AC,75.1,98.9,45,75,225,225,compressorCoolOff,Home,
2026-07-21T01:35:00.000Z,Hall AC,74.7,98.9,45,75,75,120,compressorCoolStage1On,Home,
2026-07-21T01:40:00.000Z,Hall AC,74.8,98.9,45,75,75,75,compressorCoolOff,Home,
2026-07-21T01:45:00.000Z,Hall AC,75.2,98.9,45,75,285,300,compressorCoolStage1On,Home,
2026-07-21T01:50:00.000Z,Hall AC,74.5,98.9,45,75,0,30,compressorCoolOff,Home,
2026-07-21T01:55:00.000Z,Hall AC,74.7,98.9,46,75,15,15,compressorCoolOff,Home,
2026-07-21T02:00:00.000Z,Hall AC,75.3,97.4,45,75,300,300,compressorCoolStage1On,Home,
2026-07-21T02:05:00.000Z,Hall AC,74.8,97.4,44,75,75,120,compressorCoolStage1On,Home,
2026-07-21T02:10:00.000Z,Hall AC,74.5,97.4,45,75,0,0,compressorCoolOff,Home,
2026-07-21T02:15:00.000Z,Hall AC,75,97.4,45,75,210,210,compressorCoolOff,Home,
2026-07-21T02:20:00.000Z,Hall AC,75,97.4,44,75,105,150,compressorCoolStage1On,Home,
2026-07-21T02:25:00.000Z,Hall AC,74.8,97.4,45,75,0,0,compressorCoolOff,Home,
2026-07-21T02:30:00.000Z,Hall AC,75,97.4,44,75,270,270,compressorCoolOff,Home,
2026-07-21T02:35:00.000Z,Hall AC,74.2,97.4,44,75,30,75,compressorCoolStage1On,Home,
2026-07-21T02:40:00.000Z,Hall AC,74.6,97.4,45,75,15,15,compressorCoolOff,Home,
2026-07-21T02:45:00.000Z,Hall AC,75.2,97.4,44,75,285,300,compressorCoolStage1On,Home,
2026-07-21T02:50:00.000Z,Hall AC,74.3,97.4,44,75,0,30,compressorCoolOff,Home,
2026-07-21T02:55:00.000Z,Hall AC,74.5,97.4,45,75,0,0,compressorCoolOff,Home,
2026-07-21T03:00:00.000Z,Hall AC,75.9,92.1,44,75,300,300,compressorCoolStage1On,Home,
2026-07-21T03:05:00.000Z,Hall AC,76.5,92.1,42,75,300,300,compressorCoolStage1On,Home,
2026-07-21T03:10:00.000Z,Hall AC,75.7,92.1,42,75,300,300,compressorCoolStage1On,Home,
2026-07-21T03:15:00.000Z,Hall AC,74.9,92.1,43,75,75,120,compressorCoolStage1On,Home,
2026-07-21T03:20:00.000Z,Hall AC,73.5,92.1,44,75,0,0,compressorCoolOff,Home,
2026-07-21T03:25:00.000Z,Hall AC,73.5,92.1,45,75,0,0,compressorCoolOff,Home,
2026-07-21T03:30:00.000Z,Hall AC,74.4,92.1,45,75,30,30,compressorCoolOff,Home,
2026-07-21T03:35:00.000Z,Hall AC,75.6,92.1,43,75,300,300,compressorCoolStage1On,Home,
2026-07-21T03:40:00.000Z,Hall AC,75.5,92.1,43,75,270,300,compressorCoolStage1On,Home,
2026-07-21T03:45:00.000Z,Hall AC,74,92.1,44,75,0,15,compressorCoolOff,Home,
2026-07-21T03:50:00.000Z,Hall AC,73.3,92.1,45,75,0,0,compressorCoolOff,Home,
2026-07-21T03:55:00.000Z,Hall AC,73.7,92.1,46,75,0,0,compressorCoolOff,Home,
2026-07-21T04:00:00.000Z,Hall AC,74.2,89.3,45,75,0,0,compressorCoolOff,Home,
2026-07-21T04:05:00.000Z,Hall AC,74.3,89.3,45,75,0,0,compressorCoolOff,Home,
2026-07-21T04:10:00.000Z,Hall AC,74.8,89.3,44,75,285,285,compressorCoolOff,Home,
2026-07-21T04:15:00.000Z,Hall AC,75.2,89.3,44,75,300,300,compressorCoolStage1On,Home,
2026-07-21T04:20:00.000Z,Hall AC,74.5,89.3,44,75,300,300,compressorCoolStage1On,Home,(SmartRecovery)
2026-07-21T04:25:00.000Z,Hall AC,73.9,89.3,44,73.8,300,300,compressorCoolStage1On,Home,(SmartRecovery)
2026-07-21T04:30:00.000Z,Hall AC,73.2,89.3,44,73,270,300,compressorCoolStage1On,Sleep,
2026-07-21T04:35:00.000Z,Hall AC,72.5,89.3,44,73,0,15,compressorCoolOff,Sleep,
2026-07-21T04:40:00.000Z,Hall AC,72.1,89.3,45,73,0,0,compressorCoolOff,Sleep,
2026-07-21T04:45:00.000Z,Hall AC,72.5,89.3,46,73,0,0,compressorCoolOff,Sleep,
2026-07-21T04:50:00.000Z,Hall AC,73,89.3,45,73,105,105,compressorCoolOff,Sleep,
2026-07-21T04:55:00.000Z,Hall AC,73.7,89.3,44,73,300,300,compressorCoolStage1On,Sleep,
2026-07-21T05:00:00.000Z,Hall AC,73.5,86.1,44,73,300,300,compressorCoolStage1On,Sleep,
2026-07-21T05:05:00.000Z,Hall AC,72.9,86.1,44,73,120,165,compressorCoolStage1On,Sleep,
2026-07-21T05:10:00.000Z,Hall AC,72.4,86.1,44,73,0,0,compressorCoolOff,Sleep,
2026-07-21T05:15:00.000Z,Hall AC,72.4,86.1,45,73,0,0,compressorCoolOff,Sleep,
2026-07-21T05:20:00.000Z,Hall AC,72.6,86.1,44,73,0,0,compressorCoolOff,Sleep,
2026-07-21T05:25:00.000Z,Hall AC,73,86.1,44,73,135,135,compressorCoolOff,Sleep,
2026-07-21T05:30:00.000Z,Hall AC,73.5,86.9,44,73,300,300,compressorCoolStage1On,Sleep,
2026-07-21T05:35:00.000Z,Hall AC,73.1,86.9,44,73,210,255,compressorCoolStage1On,Sleep,
2026-07-21T05:40:00.000Z,Hall AC,72.3,86.9,44,73,0,0,compressorCoolOff,Sleep,
2026-07-21T05:45:00.000Z,Hall AC,72.1,86.9,44,73,0,0,compressorCoolOff,Sleep,
2026-07-21T05:50:00.000Z,Hall AC,72.2,86.9,43,73,0,0,compressorCoolOff,Sleep,
2026-07-21T05:55:00.000Z,Hall AC,72.7,86.9,44,73,15,15,compressorCoolOff,Sleep,
2026-07-21T06:00:00.000Z,Hall AC,73.3,86.8,44,73,300,300,compressorCoolStage1On,Sleep,
2026-07-21T06:05:00.000Z,Hall AC,73.4,86.8,43,73,300,300,compressorCoolStage1On,Sleep,
2026-07-21T06:10:00.000Z,Hall AC,73.1,86.8,43,73,225,270,compressorCoolStage1On,Sleep,
2026-07-21T06:15:00.000Z,Hall AC,71.9,86.8,43,73,0,0,compressorCoolOff,Sleep,
2026-07-21T06:20:00.000Z,Hall AC,71.7,86.8,44,73,0,0,compressorCoolOff,Sleep,
2026-07-21T06:25:00.000Z,Hall AC,71.9,86.8,43,73,0,0,compressorCoolOff,Sleep,
2026-07-21T06:30:00.000Z,Hall AC,72.3,86.8,43,73,0,0,compressorCoolOff,Sleep,
2026-07-21T06:35:00.000Z,Hall AC,72.6,86.8,42,73,0,0,compressorCoolOff,Sleep,
2026-07-21T06:40:00.000Z,Hall AC,72.6,86.8,42,73,0,0,compressorCoolOff,Sleep,
2026-07-21T06:45:00.000Z,Hall AC,72.8,86.8,42,73,0,0,compressorCoolOff,Sleep,
2026-07-21T06:50:00.000Z,Hall AC,72.9,86.8,42,73,45,45,compressorCoolOff,Sleep,
2026-07-21T06:55:00.000Z,Hall AC,73.4,86.8,42,73,300,300,compressorCoolStage1On,Sleep,
2026-07-21T07:00:00.000Z,Hall AC,73.2,84.1,42,73,240,285,compressorCoolStage1On,Sleep,
2026-07-21T07:05:00.000Z,Hall AC,72.2,84.1,42,73,0,0,compressorCoolOff,Sleep,
2026-07-21T07:10:00.000Z,Hall AC,71.8,84.1,42,73,0,0,compressorCoolOff,Sleep,
2026-07-21T07:15:00.000Z,Hall AC,71.9,84.1,42,73,0,0,compressorCoolOff,Sleep,
2026-07-21T07:20:00.000Z,Hall AC,72.3,84.1,42,73,0,0,compressorCoolOff,Sleep,
2026-07-21T07:25:00.000Z,Hall AC,72.6,84.1,42,73,0,0,compressorCoolOff,Sleep,
2026-07-21T07:30:00.000Z,Hall AC,72.7,84.1,42,73,0,0,compressorCoolOff,Sleep,
2026-07-21T07:35:00.000Z,Hall AC,72.8,84.1,42,73,0,0,compressorCoolOff,Sleep,
2026-07-21T07:40:00.000Z,Hall AC,73.2,84.1,42,73,240,240,compressorCoolOff,Sleep,
2026-07-21T07:45:00.000Z,Hall AC,73.4,84.1,42,73,300,300,compressorCoolStage1On,Sleep,
2026-07-21T07:50:00.000Z,Hall AC,72.8,84.1,42,73,90,135,compressorCoolStage1On,Sleep,
2026-07-21T07:55:00.000Z,Hall AC,72.2,84.1,42,73,0,0,compressorCoolOff,Sleep,
2026-07-21T08:00:00.000Z,Hall AC,72.3,82.7,44,73,0,0,compressorCoolOff,Sleep,
2026-07-21T08:05:00.000Z,Hall AC,72.5,82.7,44,73,0,0,compressorCoolOff,Sleep,
2026-07-21T08:10:00.000Z,Hall AC,72.6,82.7,43,73,0,0,compressorCoolOff,Sleep,
2026-07-21T08:15:00.000Z,Hall AC,72.7,82.7,42,73,15,15,compressorCoolOff,Sleep,
2026-07-21T08:20:00.000Z,Hall AC,73.2,82.7,42,73,300,300,compressorCoolStage1On,Sleep,
2026-07-21T08:25:00.000Z,Hall AC,72.9,82.7,42,73,135,180,compressorCoolStage1On,Sleep,
2026-07-21T08:30:00.000Z,Hall AC,72,82.7,43,73,0,0,compressorCoolOff,Sleep,
2026-07-21T08:35:00.000Z,Hall AC,72.1,82.7,44,73,0,0,compressorCoolOff,Sleep,
2026-07-21T08:40:00.000Z,Hall AC,72.4,82.7,44,73,0,0,compressorCoolOff,Sleep,
2026-07-21T08:45:00.000Z,Hall AC,72.5,82.7,44,73,0,0,compressorCoolOff,Sleep,
2026-07-21T08:50:00.000Z,Hall AC,72.8,82.7,43,73,0,0,compressorCoolOff,Sleep,
2026-07-21T08:55:00.000Z,Hall AC,73.1,82.7,43,73,210,210,compressorCoolOff,Sleep,
2026-07-21T09:00:00.000Z,Hall AC,73,81.4,42,73,135,180,compressorCoolStage1On,Sleep,
2026-07-21T09:05:00.000Z,Hall AC,72.3,81.4,43,73,0,0,compressorCoolOff,Sleep,
2026-07-21T09:10:00.000Z,Hall AC,72.3,81.4,44,73,0,0,compressorCoolOff,Sleep,
2026-07-21T09:15:00.000Z,Hall AC,72.4,81.4,43,73,0,0,compressorCoolOff,Sleep,
2026-07-21T09:20:00.000Z,Hall AC,72.6,81.4,43,73,0,0,compressorCoolOff,Sleep,
2026-07-21T09:25:00.000Z,Hall AC,72.6,81.4,42,73,0,0,compressorCoolOff,Sleep,
2026-07-21T09:30:00.000Z,Hall AC,72.7,81.4,42,73,0,0,compressorCoolOff,Sleep,
2026-07-21T09:35:00.000Z,Hall AC,72.7,81.4,42,73,0,0,compressorCoolOff,Sleep,
2026-07-21T09:40:00.000Z,Hall AC,72.9,81.4,42,73,90,90,compressorCoolOff,Sleep,
2026-07-21T09:45:00.000Z,Hall AC,73.4,81.4,42,73,300,300,compressorCoolStage1On,Sleep,
2026-07-21T09:50:00.000Z,Hall AC,73,81.4,42,73,150,195,compressorCoolStage1On,Sleep,
2026-07-21T09:55:00.000Z,Hall AC,72.4,81.4,43,73,0,0,compressorCoolOff,Sleep,
2026-07-21T10:00:00.000Z,Hall AC,72.2,80.9,43,73,0,0,compressorCoolOff,Sleep,
2026-07-21T10:05:00.000Z,Hall AC,72.4,80.9,44,73,0,0,compressorCoolOff,Sleep,
2026-07-21T10:10:00.000Z,Hall AC,72.5,80.9,42,73,0,0,compressorCoolOff,Sleep,
2026-07-21T10:15:00.000Z,Hall AC,72.9,80.9,43,73,105,105,compressorCoolOff,Sleep,
2026-07-21T10:20:00.000Z,Hall AC,73.1,80.9,42,73,195,240,compressorCoolStage1On,Sleep,
2026-07-21T10:25:00.000Z,Hall AC,72.5,80.9,43,73,0,0,compressorCoolOff,Sleep,
2026-07-21T10:30:00.000Z,Hall AC,72.4,81,44,73,0,0,compressorCoolOff,Sleep,
2026-07-21T10:35:00.000Z,Hall AC,72.5,81,44,73,0,0,compressorCoolOff,Sleep,
2026-07-21T10:40:00.000Z,Hall AC,72.7,81,43,73,0,0,compressorCoolOff,Sleep,
2026-07-21T10:45:00.000Z,Hall AC,72.6,81,42,73,0,0,compressorCoolOff,Sleep,
2026-07-21T10:50:00.000Z,Hall AC,72.7,81,42,73,0,0,compressorCoolOff,Sleep,
2026-07-21T10:55:00.000Z,Hall AC,72.7,81,42,73,0,0,compressorCoolOff,Sleep,
2026-07-21T11:00:00.000Z,Hall AC,72.8,80.3,42,73,0,0,compressorCoolOff,Sleep,
2026-07-21T11:05:00.000Z,Hall AC,72.9,80.3,42,73,0,0,compressorCoolOff,Sleep,
2026-07-21T11:10:00.000Z,Hall AC,73,80.3,42,73,150,150,compressorCoolOff,Sleep,
2026-07-21T11:15:00.000Z,Hall AC,73.4,80.3,42,73,300,300,compressorCoolStage1On,Sleep,
2026-07-21T11:20:00.000Z,Hall AC,72.6,80.3,42,73,60,105,compressorCoolStage1On,Sleep,
2026-07-21T11:25:00.000Z,Hall AC,72.2,80.3,43,73,0,0,compressorCoolOff,Sleep,
2026-07-21T11:30:00.000Z,Hall AC,72.1,80.3,43,73,0,0,compressorCoolOff,Sleep,
2026-07-21T11:35:00.000Z,Hall AC,72,80.3,42,73,0,0,compressorCoolOff,Sleep,
2026-07-21T11:40:00.000Z,Hall AC,72.5,80.3,42,73,0,0,compressorCoolOff,Sleep,
2026-07-21T11:45:00.000Z,Hall AC,72.6,80.3,42,73,0,0,compressorCoolOff,Sleep,
2026-07-21T11:50:00.000Z,Hall AC,72.7,80.3,42,73,0,0,compressorCoolOff,Sleep,
2026-07-21T11:55:00.000Z,Hall AC,72.7,80.3,42,73,0,0,compressorCoolOff,Sleep,
2026-07-21T12:00:00.000Z,Hall AC,72.9,79.7,42,73,90,90,compressorCoolOff,Sleep,
2026-07-21T12:05:00.000Z,Hall AC,73.5,79.7,43,73,300,300,compressorCoolStage1On,Sleep,
2026-07-21T12:10:00.000Z,Hall AC,73.1,79.7,43,73,165,210,compressorCoolStage1On,Sleep,
2026-07-21T12:15:00.000Z,Hall AC,72.3,79.7,43,73,0,0,compressorCoolOff,Sleep,
2026-07-21T12:20:00.000Z,Hall AC,72,79.7,44,73,0,0,compressorCoolOff,Sleep,
2026-07-21T12:25:00.000Z,Hall AC,72,79.7,43,73,0,0,compressorCoolOff,Sleep,
2026-07-21T12:30:00.000Z,Hall AC,72.1,79.7,43,73,0,0,compressorCoolOff,Sleep,
2026-07-21T12:35:00.000Z,Hall AC,72.4,79.7,43,73,0,0,compressorCoolOff,Sleep,
2026-07-21T12:40:00.000Z,Hall AC,72.6,79.7,43,73,0,0,compressorCoolOff,Sleep,
2026-07-21T12:45:00.000Z,Hall AC,72.6,79.7,43,73,0,0,compressorCoolOff,Sleep,
2026-07-21T12:50:00.000Z,Hall AC,72.9,79.7,43,73,0,0,compressorCoolOff,Sleep,
2026-07-21T12:55:00.000Z,Hall AC,73.1,79.7,43,73,195,195,compressorCoolOff,Sleep,
2026-07-21T13:00:00.000Z,Hall AC,73.6,79.9,41,73,300,300,compressorCoolStage1On,Sleep,
2026-07-21T13:05:00.000Z,Hall AC,73.3,79.9,41,73,270,300,compressorCoolStage1On,Sleep,
2026-07-21T13:10:00.000Z,Hall AC,72.2,79.9,42,73,0,15,compressorCoolOff,Sleep,
2026-07-21T13:15:00.000Z,Hall AC,71.6,79.9,43,73,0,0,compressorCoolOff,Sleep,
2026-07-21T13:20:00.000Z,Hall AC,71.2,79.9,44,73,0,0,compressorCoolOff,Sleep,
2026-07-21T13:25:00.000Z,Hall AC,71.7,79.9,44,73,0,0,compressorCoolOff,Sleep,
2026-07-21T13:30:00.000Z,Hall AC,72.6,81.4,44,73,0,0,compressorCoolOff,Sleep,
2026-07-21T13:35:00.000Z,Hall AC,72.4,81.4,43,73,0,0,compressorCoolOff,Sleep,
2026-07-21T13:40:00.000Z,Hall AC,72.3,81.4,43,73,0,0,compressorCoolOff,Sleep,
2026-07-21T13:45:00.000Z,Hall AC,72.5,81.4,43,73,0,0,compressorCoolOff,Sleep,
2026-07-21T13:50:00.000Z,Hall AC,72.7,81.4,43,73,0,0,compressorCoolOff,Sleep,
2026-07-21T13:55:00.000Z,Hall AC,73,81.4,42,73,120,120,compressorCoolOff,Sleep,
2026-07-21T14:00:00.000Z,Hall AC,73.2,82.5,42,73,300,300,compressorCoolStage1On,Sleep,
2026-07-21T14:05:00.000Z,Hall AC,72.8,82.5,42,73,45,90,compressorCoolStage1On,Sleep,
2026-07-21T14:10:00.000Z,Hall AC,72.6,82.5,43,73,0,0,compressorCoolOff,Sleep,
2026-07-21T14:15:00.000Z,Hall AC,72.6,82.5,44,73,0,0,compressorCoolOff,Sleep,
2026-07-21T14:20:00.000Z,Hall AC,73.1,82.5,44,73,165,165,compressorCoolOff,Sleep,
2026-07-21T14:25:00.000Z,Hall AC,73.5,82.5,43,74.2,135,180,compressorCoolStage1On,Sleep,
2026-07-21T14:30:00.000Z,Hall AC,73.1,82.5,43,75,0,0,compressorCoolOff,WFH,
2026-07-21T14:35:00.000Z,Hall AC,73.3,82.5,45,75,0,0,compressorCoolOff,WFH,
2026-07-21T14:40:00.000Z,Hall AC,73.6,82.5,44,75,0,0,compressorCoolOff,WFH,
2026-07-21T14:45:00.000Z,Hall AC,74.2,82.5,44,75,0,0,compressorCoolOff,WFH,
2026-07-21T14:50:00.000Z,Hall AC,74.4,82.5,44,75,0,0,compressorCoolOff,WFH,
2026-07-21T14:55:00.000Z,Hall AC,74.7,82.5,44,75,0,0,compressorCoolOff,WFH,
2026-07-21T15:00:00.000Z,Hall AC,74.9,82.4,43,75,150,150,compressorCoolOff,WFH,
2026-07-21T15:05:00.000Z,Hall AC,75.4,82.4,43,75,300,300,compressorCoolStage1On,WFH,
2026-07-21T15:10:00.000Z,Hall AC,75.2,82.4,43,75,180,225,compressorCoolStage1On,WFH,
2026-07-21T15:15:00.000Z,Hall AC,74.5,82.4,43,75,0,0,compressorCoolOff,WFH,
2026-07-21T15:20:00.000Z,Hall AC,74.3,82.4,44,75,0,0,compressorCoolOff,WFH,
2026-07-21T15:25:00.000Z,Hall AC,74.7,82.4,44,75,0,0,compressorCoolOff,WFH,
2026-07-21T15:30:00.000Z,Hall AC,75.3,82.4,44,75,255,255,compressorCoolOff,WFH,
2026-07-21T15:35:00.000Z,Hall AC,75.6,82.4,44,75.5,150,180,compressorCoolStage1On,WFH,
2026-07-21T15:40:00.000Z,Hall AC,75.3,82.4,45,76,0,0,compressorCoolOff,WFH,hold
2026-07-21T15:45:00.000Z,Hall AC,74.9,82.4,46,76,0,0,compressorCoolOff,WFH,hold
2026-07-21T15:50:00.000Z,Hall AC,75.3,82.4,45,76,0,0,compressorCoolOff,WFH,hold
2026-07-21T15:55:00.000Z,Hall AC,75.7,82.4,45,76,0,0,compressorCoolOff,WFH,hold
2026-07-21T16:00:00.000Z,Hall AC,76.1,84.3,45,76,195,195,compressorCoolOff,WFH,hold
2026-07-21T16:05:00.000Z,Hall AC,76.3,84.3,44,76,300,300,compressorCoolStage1On,WFH,hold
2026-07-21T16:10:00.000Z,Hall AC,75.9,84.3,44,76,105,150,compressorCoolStage1On,WFH,hold
2026-07-21T16:15:00.000Z,Hall AC,75.5,84.3,45,76,0,0,compressorCoolOff,WFH,hold
2026-07-21T16:20:00.000Z,Hall AC,75.8,84.3,44,76,90,90,compressorCoolOff,WFH,hold
2026-07-21T16:25:00.000Z,Hall AC,76.4,84.3,44,76,300,300,compressorCoolStage1On,WFH,hold
2026-07-21T16:30:00.000Z,Hall AC,75.5,87.1,44,76,15,60,compressorCoolStage1On,WFH,hold
2026-07-21T16:35:00.000Z,Hall AC,74.7,87.1,46,76,0,0,compressorCoolOff,WFH,hold
2026-07-21T16:40:00.000Z,Hall AC,75,87.1,47,76,0,0,compressorCoolOff,WFH,hold
2026-07-21T16:45:00.000Z,Hall AC,76,87.1,45,76,135,135,compressorCoolOff,WFH,hold
2026-07-21T16:50:00.000Z,Hall AC,77,87.1,44,76,300,300,compressorCoolStage1On,WFH,hold
2026-07-21T16:55:00.000Z,Hall AC,76.3,87.1,44,76,225,270,compressorCoolStage1On,WFH,hold
2026-07-21T17:00:00.000Z,Hall AC,75,87.4,45,76,0,0,compressorCoolOff,WFH,hold
2026-07-21T17:05:00.000Z,Hall AC,74.6,87.4,47,76,0,0,compressorCoolOff,WFH,hold
2026-07-21T17:10:00.000Z,Hall AC,75.1,87.4,47,76,0,0,compressorCoolOff,WFH,hold
2026-07-21T17:15:00.000Z,Hall AC,75.8,87.4,46,76,75,75,compressorCoolOff,WFH,hold
2026-07-21T17:20:00.000Z,Hall AC,77.1,87.4,44,76,300,300,compressorCoolStage1On,WFH,hold
2026-07-21T17:25:00.000Z,Hall AC,77,87.4,44,76,300,300,compressorCoolStage1On,WFH,hold
2026-07-21T17:30:00.000Z,Hall AC,76,87.4,44,76,165,210,compressorCoolStage1On,WFH,hold
2026-07-21T17:35:00.000Z,Hall AC,74.7,87.4,45,76,0,0,compressorCoolOff,WFH,hold
2026-07-21T17:40:00.000Z,Hall AC,74.4,87.4,47,76,0,0,compressorCoolOff,WFH,hold
2026-07-21T17:45:00.000Z,Hall AC,75.1,87.4,47,76,0,0,compressorCoolOff,WFH,hold
2026-07-21T17:50:00.000Z,Hall AC,76.5,87.4,45,76,255,255,compressorCoolOff,WFH,hold
2026-07-21T17:55:00.000Z,Hall AC,77.1,87.4,46,76,300,300,compressorCoolStage1On,WFH,hold
2026-07-21T18:00:00.000Z,Hall AC,76,89.8,46,76,150,195,compressorCoolStage1On,WFH,hold
2026-07-21T18:05:00.000Z,Hall AC,74.7,89.8,46,76,0,0,compressorCoolOff,WFH,hold
2026-07-21T18:10:00.000Z,Hall AC,74.9,89.8,47,76,0,0,compressorCoolOff,WFH,hold
2026-07-21T18:15:00.000Z,Hall AC,75.8,89.8,46,76,105,105,compressorCoolOff,WFH,hold
2026-07-21T18:20:00.000Z,Hall AC,77,89.8,45,76,300,300,compressorCoolStage1On,WFH,hold
2026-07-21T18:25:00.000Z,Hall AC,76.7,89.8,45,76,300,300,compressorCoolStage1On,WFH,hold
2026-07-21T18:30:00.000Z,Hall AC,75.2,89.8,45,76,0,45,compressorCoolOff,WFH,hold
2026-07-21T18:35:00.000Z,Hall AC,74.5,89.8,47,76,0,0,compressorCoolOff,WFH,hold
2026-07-21T18:40:00.000Z,Hall AC,75,89.8,47,76,0,0,compressorCoolOff,WFH,hold
2026-07-21T18:45:00.000Z,Hall AC,76.2,89.8,46,76,180,180,compressorCoolOff,WFH,hold
2026-07-21T18:50:00.000Z,Hall AC,77.1,89.8,45,76,300,300,compressorCoolStage1On,WFH,hold
2026-07-21T18:55:00.000Z,Hall AC,76.3,89.8,45,76,225,270,compressorCoolStage1On,WFH,hold
2026-07-21T19:00:00.000Z,Hall AC,74.4,92.8,47,76,0,0,compressorCoolOff,WFH,hold
2026-07-21T19:05:00.000Z,Hall AC,74.2,92.8,48,76,0,0,compressorCoolOff,WFH,hold
2026-07-21T19:10:00.000Z,Hall AC,74.9,92.8,48,76,0,0,compressorCoolOff,WFH,hold
2026-07-21T19:15:00.000Z,Hall AC,75.9,92.8,47,76,120,120,compressorCoolOff,WFH,hold
2026-07-21T19:20:00.000Z,Hall AC,77.1,92.8,46,76,300,300,compressorCoolStage1On,WFH,hold
2026-07-21T19:25:00.000Z,Hall AC,76.8,92.8,44,76,300,300,compressorCoolStage1On,WFH,hold
2026-07-21T19:30:00.000Z,Hall AC,75.9,92.8,45,76,150,195,compressorCoolStage1On,WFH,hold
2026-07-21T19:35:00.000Z,Hall AC,74.4,92.8,46,75.6,0,0,compressorCoolOff,WFH,hold
2026-07-21T19:40:00.000Z,Hall AC,74.2,92.8,47,75,0,0,compressorCoolOff,WFH,
2026-07-21T19:45:00.000Z,Hall AC,74.8,92.8,47,75,45,45,compressorCoolOff,WFH,
2026-07-21T19:50:00.000Z,Hall AC,75.9,92.8,45,75,300,300,compressorCoolStage1On,WFH,
2026-07-21T19:55:00.000Z,Hall AC,76.7,92.8,44,75,300,300,compressorCoolStage1On,WFH,
2026-07-21T20:00:00.000Z,Hall AC,76.2,94.5,44,75,300,300,compressorCoolStage1On,WFH,
2026-07-21T20:05:00.000Z,Hall AC,75.2,94.5,44,75,180,225,compressorCoolStage1On,WFH,
2026-07-21T20:10:00.000Z,Hall AC,74,94.5,46,75,0,0,compressorCoolOff,WFH,
2026-07-21T20:15:00.000Z,Hall AC,73.8,94.5,48,75,0,0,compressorCoolOff,WFH,
2026-07-21T20:20:00.000Z,Hall AC,74.4,94.5,47,75,0,0,compressorCoolOff,WFH,
2026-07-21T20:25:00.000Z,Hall AC,75.3,94.5,46,75,195,195,compressorCoolOff,WFH,
2026-07-21T20:30:00.000Z,Hall AC,76.6,94.5,44,75,300,300,compressorCoolStage1On,WFH,
2026-07-21T20:35:00.000Z,Hall AC,76.3,94.5,44,75,300,300,compressorCoolStage1On,WFH,
2026-07-21T20:40:00.000Z,Hall AC,75.4,94.5,44,75,255,300,compressorCoolStage1On,WFH,
2026-07-21T20:45:00.000Z,Hall AC,74.1,94.5,45,75,0,0,compressorCoolOff,WFH,
2026-07-21T20:50:00.000Z,Hall AC,73.7,94.5,47,75,0,0,compressorCoolOff,WFH,
2026-07-21T20:55:00.000Z,Hall AC,74.2,94.5,48,75,0,0,compressorCoolOff,WFH,
2026-07-21T21:00:00.000Z,Hall AC,75.1,95.7,47,75,135,135,compressorCoolOff,WFH,
2026-07-21T21:05:00.000Z,Hall AC,76.6,95.7,44,75,300,300,compressorCoolStage1On,WFH,
2026-07-21T21:10:00.000Z,Hall AC,76.4,95.7,44,75,300,300,compressorCoolStage1On,WFH,
2026-07-21T21:15:00.000Z,Hall AC,75.6,95.7,44,75,300,300,compressorCoolStage1On,WFH,
2026-07-21T21:20:00.000Z,Hall AC,74.9,95.7,44,75,120,165,compressorCoolStage1On,WFH,
2026-07-21T21:25:00.000Z,Hall AC,73.9,95.7,45,75,0,0,compressorCoolOff,WFH,
2026-07-21T21:30:00.000Z,Hall AC,73.7,95.8,46,75,0,0,compressorCoolOff,WFH,
2026-07-21T21:35:00.000Z,Hall AC,73.9,95.8,47,75,0,0,compressorCoolOff,WFH,
2026-07-21T21:40:00.000Z,Hall AC,73.9,95.8,48,75,0,0,compressorCoolOff,WFH,
2026-07-21T21:45:00.000Z,Hall AC,74.8,95.8,47,75,105,105,compressorCoolOff,WFH,
2026-07-21T21:50:00.000Z,Hall AC,76.2,95.8,47,75,300,300,compressorCoolStage1On,WFH,
2026-07-21T21:55:00.000Z,Hall AC,76.1,95.8,47,75,300,300,compressorCoolStage1On,WFH,
2026-07-21T22:00:00.000Z,Hall AC,75.4,96.6,47,75,300,300,compressorCoolStage1On,WFH,
2026-07-21T22:05:00.000Z,Hall AC,74.5,96.6,47,75,0,45,compressorCoolOff,WFH,
2026-07-21T22:10:00.000Z,Hall AC,73.5,96.6,48,75,0,0,compressorCoolOff,WFH,
2026-07-21T22:15:00.000Z,Hall AC,73.3,96.6,49,75,0,0,compressorCoolOff,WFH,
2026-07-21T22:20:00.000Z,Hall AC,74,96.6,49,75,0,0,compressorCoolOff,WFH,
2026-07-21T22:25:00.000Z,Hall AC,75.4,96.6,47,75,210,210,compressorCoolOff,WFH,
2026-07-21T22:30:00.000Z,Hall AC,76.5,96.6,46,75,300,300,compressorCoolStage1On,WFH,
2026-07-21T22:35:00.000Z,Hall AC,76.1,96.6,46,75,300,300,compressorCoolStage1On,WFH,
2026-07-21T22:40:00.000Z,Hall AC,75.3,96.6,46,75,270,300,compressorCoolStage1On,WFH,
2026-07-21T22:45:00.000Z,Hall AC,74.4,96.6,46,75,0,15,compressorCoolOff,WFH,
2026-07-21T22:50:00.000Z,Hall AC,73.4,96.6,47,75,0,0,compressorCoolOff,WFH,
2026-07-21T22:55:00.000Z,Hall AC,73.3,96.6,48,75,0,0,compressorCoolOff,WFH,
2026-07-21T23:00:00.000Z,Hall AC,74.1,96.6,48,75,0,0,compressorCoolOff,WFH,
2026-07-21T23:05:00.000Z,Hall AC,75.3,96.6,47,75,210,210,compressorCoolOff,WFH,
2026-07-21T23:10:00.000Z,Hall AC,76.2,96.6,47,75,300,300,compressorCoolStage1On,WFH,
2026-07-21T23:15:00.000Z,Hall AC,75.8,96.6,47,75,300,300,compressorCoolStage1On,WFH,
2026-07-21T23:20:00.000Z,Hall AC,75.1,96.6,47,75,195,240,compressorCoolStage1On,WFH,
2026-07-21T23:25:00.000Z,Hall AC,74.1,96.6,47,75,0,0,compressorCoolOff,WFH,
2026-07-21T23:30:00.000Z,Hall AC,73.3,96.6,48,75,0,0,compressorCoolOff,Home,
2026-07-21T23:35:00.000Z,Hall AC,73.4,96.6,49,75,0,0,compressorCoolOff,Home,
2026-07-21T23:40:00.000Z,Hall AC,74.2,96.6,48,75,0,0,compressorCoolOff,Home,
2026-07-21T23:45:00.000Z,Hall AC,74.9,96.6,48,75,90,90,compressorCoolOff,Home,
2026-07-21T23:50:00.000Z,Hall AC,76.7,96.6,46,75,300,300,compressorCoolStage1On,Home,
2026-07-21T23:55:00.000Z,Hall AC,76.9,96.6,45,75,300,300,compressorCoolStage1On,Home,
2026-07-22T00:00:00.000Z,Hall AC,75.9,95.8,46,75,300,300,compressorCoolStage1On,Home,
2026-07-22T00:05:00.000Z,Hall AC,74.9,95.8,46,76.7,60,90,compressorCoolStage1On,Home,
2026-07-22T00:10:00.000Z,Hall AC,74,95.8,47,74,240,240,compressorCoolOff,Home,auto
2026-07-22T00:15:00.000Z,Hall AC,73.9,95.8,47,74,60,105,compressorCoolStage1On,Home,auto
2026-07-22T00:20:00.000Z,Hall AC,73.6,95.8,49,74,0,0,compressorCoolOff,Home,auto
2026-07-22T00:25:00.000Z,Hall AC,74.3,95.8,49,74,180,180,compressorCoolOff,Home,auto
2026-07-22T00:30:00.000Z,Hall AC,75.9,95.8,46,74,300,300,compressorCoolStage1On,Home,auto
2026-07-22T00:35:00.000Z,Hall AC,75.8,95.8,46,74,300,300,compressorCoolStage1On,Home,auto
2026-07-22T00:40:00.000Z,Hall AC,75.3,95.8,46,74,300,300,compressorCoolStage1On,Home,auto
2026-07-22T00:45:00.000Z,Hall AC,74.6,95.8,46,74,300,300,compressorCoolStage1On,Home,auto
2026-07-22T00:50:00.000Z,Hall AC,73.7,95.8,46,74,15,60,compressorCoolStage1On,Home,auto
2026-07-22T00:55:00.000Z,Hall AC,73.3,95.8,49,74,0,0,compressorCoolOff,Home,auto
2026-07-22T01:00:00.000Z,Hall AC,74.3,95.1,48,74,180,180,compressorCoolOff,Home,auto
2026-07-22T01:05:00.000Z,Hall AC,75.7,95.1,45,74,300,300,compressorCoolStage1On,Home,auto
2026-07-22T01:10:00.000Z,Hall AC,75.6,95.1,44,74,300,300,compressorCoolStage1On,Home,auto
2026-07-22T01:15:00.000Z,Hall AC,75.1,95.1,44,74,300,300,compressorCoolStage1On,Home,auto
2026-07-22T01:20:00.000Z,Hall AC,74.5,95.1,44,74,300,300,compressorCoolStage1On,Home,auto
2026-07-22T01:25:00.000Z,Hall AC,74,95.1,44,74,135,180,compressorCoolStage1On,Home,auto
2026-07-22T01:30:00.000Z,Hall AC,73.2,96.2,48,74,0,0,compressorCoolOff,Home,auto
2026-07-22T01:35:00.000Z,Hall AC,73.5,96.2,49,74,15,15,compressorCoolOff,Home,auto
2026-07-22T01:40:00.000Z,Hall AC,75.1,96.2,46,74,300,300,compressorCoolStage1On,Home,auto
2026-07-22T01:45:00.000Z,Hall AC,75.5,96.2,44,74,300,300,compressorCoolStage1On,Home,auto
2026-07-22T01:50:00.000Z,Hall AC,74.7,96.2,45,74,300,300,compressorCoolStage1On,Home,auto
2026-07-22T01:55:00.000Z,Hall AC,74.3,96.2,44,74,300,300,compressorCoolStage1On,Home,auto
2026-07-22T02:00:00.000Z,Hall AC,73.8,93.9,44,74,90,135,compressorCoolStage1On,Home,auto
2026-07-22T02:05:00.000Z,Hall AC,72.8,93.9,46,74,0,0,compressorCoolOff,Home,auto
2026-07-22T02:10:00.000Z,Hall AC,73.2,93.9,47,74,0,0,compressorCoolOff,Home,auto
2026-07-22T02:15:00.000Z,Hall AC,74.5,93.9,45,74,240,240,compressorCoolOff,Home,auto
2026-07-22T02:20:00.000Z,Hall AC,75.2,93.9,43,74,300,300,compressorCoolStage1On,Home,auto
2026-07-22T02:25:00.000Z,Hall AC,74.6,93.9,44,74,255,300,compressorCoolStage1On,Home,auto
2026-07-22T02:30:00.000Z,Hall AC,73.4,91.1,45,74,0,0,compressorCoolOff,Home,auto
2026-07-22T02:35:00.000Z,Hall AC,73.1,91.1,46,74,0,0,compressorCoolOff,Home,auto
2026-07-22T02:40:00.000Z,Hall AC,73.6,91.1,48,74,0,0,compressorCoolOff,Home,auto
2026-07-22T02:45:00.000Z,Hall AC,74.2,91.1,47,74,210,210,compressorCoolOff,Home,auto
2026-07-22T02:50:00.000Z,Hall AC,75,91.1,45,74,300,300,compressorCoolStage1On,Home,auto
2026-07-22T02:55:00.000Z,Hall AC,74.8,91.1,44,74,300,300,compressorCoolStage1On,Home,auto
2026-07-22T03:00:00.000Z,Hall AC,74.3,86.8,45,74,300,300,compressorCoolStage1On,Home,auto
2026-07-22T03:05:00.000Z,Hall AC,73.9,86.8,44,74,105,150,compressorCoolStage1On,Home,auto
2026-07-22T03:10:00.000Z,Hall AC,73.3,86.8,46,74,0,0,compressorCoolOff,Home,auto
2026-07-22T03:15:00.000Z,Hall AC,73.3,86.8,46,74,0,0,compressorCoolOff,Home,auto
2026-07-22T03:20:00.000Z,Hall AC,73.9,86.8,47,74,90,90,compressorCoolOff,Home,auto
2026-07-22T03:25:00.000Z,Hall AC,74.7,86.8,44,74,300,300,compressorCoolStage1On,Home,auto
2026-07-22T03:30:00.000Z,Hall AC,74.5,89,43,74,300,300,compressorCoolStage1On,Home,auto
2026-07-22T03:35:00.000Z,Hall AC,74.3,89,43,74,300,300,compressorCoolStage1On,Home,auto
2026-07-22T03:40:00.000Z,Hall AC,73.9,89,43,74.6,120,150,compressorCoolStage1On,Home,auto
2026-07-22T03:45:00.000Z,Hall AC,73.3,89,44,75,0,0,compressorCoolOff,Home,
2026-07-22T03:50:00.000Z,Hall AC,73.4,89,45,75,0,0,compressorCoolOff,Home,
2026-07-22T03:55:00.000Z,Hall AC,73.6,89,46,75,0,0,compressorCoolOff,Home,
2026-07-22T04:00:00.000Z,Hall AC,73.8,86.8,45,75,0,0,compressorCoolOff,Home,
2026-07-22T04:05:00.000Z,Hall AC,73.9,86.8,44,75,0,0,compressorCoolOff,Home,
2026-07-22T04:10:00.000Z,Hall AC,74.1,86.8,43,75,180,180,compressorCoolOff,Home,
2026-07-22T04:15:00.000Z,Hall AC,74.3,86.8,43,75,300,300,compressorCoolStage1On,Home,(SmartRecovery)
2026-07-22T04:20:00.000Z,Hall AC,73.8,86.8,43,75,300,300,compressorCoolStage1On,Home,(SmartRecovery)
2026-07-22T04:25:00.000Z,Hall AC,73.3,86.8,43,73.9,300,300,compressorCoolStage1On,Home,(SmartRecovery)
2026-07-22T04:30:00.000Z,Hall AC,72.7,87.1,43,73,45,90,compressorCoolStage1On,Sleep,
2026-07-22T04:35:00.000Z,Hall AC,72.2,87.1,42,73,0,0,compressorCoolOff,Sleep,
2026-07-22T04:40:00.000Z,Hall AC,72.4,87.1,42,73,0,0,compressorCoolOff,Sleep,
2026-07-22T04:45:00.000Z,Hall AC,72.5,87.1,42,73,0,0,compressorCoolOff,Sleep,
2026-07-22T04:50:00.000Z,Hall AC,72.7,87.1,42,73,0,0,compressorCoolOff,Sleep,
2026-07-22T04:55:00.000Z,Hall AC,72.8,87.1,42,73,60,60,compressorCoolOff,Sleep,
2026-07-22T05:00:00.000Z,Hall AC,73.4,87.1,42,73,300,300,compressorCoolStage1On,Sleep,
2026-07-22T05:05:00.000Z,Hall AC,73.2,87.1,42,73,270,300,compressorCoolStage1On,Sleep,
2026-07-22T05:10:00.000Z,Hall AC,72.5,87.1,42,73,0,15,compressorCoolOff,Sleep,
2026-07-22T05:15:00.000Z,Hall AC,72,87.1,42,73,0,0,compressorCoolOff,Sleep,
2026-07-22T05:20:00.000Z,Hall AC,72.6,87.1,43,73,0,0,compressorCoolOff,Sleep,
2026-07-22T05:25:00.000Z,Hall AC,72.7,87.1,42,73,0,0,compressorCoolOff,Sleep,
2026-07-22T05:30:00.000Z,Hall AC,72.7,87.1,42,73,0,0,compressorCoolOff,Sleep,
2026-07-22T05:35:00.000Z,Hall AC,73.2,87.1,42,73,225,225,compressorCoolOff,Sleep,
2026-07-22T05:40:00.000Z,Hall AC,73.3,87.1,42,73,300,300,compressorCoolStage1On,Sleep,
2026-07-22T05:45:00.000Z,Hall AC,72.6,87.1,42,73,30,75,compressorCoolStage1On,Sleep,
2026-07-22T05:50:00.000Z,Hall AC,71.9,87.1,42,73,0,0,compressorCoolOff,Sleep,
2026-07-22T05:55:00.000Z,Hall AC,72.4,87.1,43,73,0,0,compressorCoolOff,Sleep,
2026-07-22T06:00:00.000Z,Hall AC,72.7,86,43,73,0,0,compressorCoolOff,Sleep,
2026-07-22T06:05:00.000Z,Hall AC,72.8,86,42,73,30,30,compressorCoolOff,Sleep,
2026-07-22T06:10:00.000Z,Hall AC,73.3,86,42,73,300,300,compressorCoolStage1On,Sleep,
2026-07-22T06:15:00.000Z,Hall AC,73.2,86,42,73,225,270,compressorCoolStage1On,Sleep,
2026-07-22T06:20:00.000Z,Hall AC,72.5,86,43,73,0,0,compressorCoolOff,Sleep,
2026-07-22T06:25:00.000Z,Hall AC,72.1,86,43,73,0,0,compressorCoolOff,Sleep,
2026-07-22T06:30:00.000Z,Hall AC,72.4,83.6,44,73,0,0,compressorCoolOff,Sleep,
2026-07-22T06:35:00.000Z,Hall AC,72.6,83.6,43,73,0,0,compressorCoolOff,Sleep,
2026-07-22T06:40:00.000Z,Hall AC,72.7,83.6,43,73,0,0,compressorCoolOff,Sleep,
2026-07-22T06:45:00.000Z,Hall AC,73.1,83.6,43,73,225,225,compressorCoolOff,Sleep,
2026-07-22T06:50:00.000Z,Hall AC,73,83.6,42,73,135,180,compressorCoolStage1On,Sleep,
2026-07-22T06:55:00.000Z,Hall AC,72.1,83.6,42,73,0,0,compressorCoolOff,Sleep,
2026-07-22T07:00:00.000Z,Hall AC,72.4,83.3,43,73,0,0,compressorCoolOff,Sleep,
2026-07-22T07:05:00.000Z,Hall AC,72.5,83.3,42,73,0,0,compressorCoolOff,Sleep,
2026-07-22T07:10:00.000Z,Hall AC,72.6,83.3,42,73,0,0,compressorCoolOff,Sleep,
2026-07-22T07:15:00.000Z,Hall AC,72.7,83.3,42,73,0,0,compressorCoolOff,Sleep,
2026-07-22T07:20:00.000Z,Hall AC,73,83.3,42,73,120,120,compressorCoolOff,Sleep,
2026-07-22T07:25:00.000Z,Hall AC,73.2,83.3,42,73,300,300,compressorCoolStage1On,Sleep,
2026-07-22T07:30:00.000Z,Hall AC,73.1,83.3,42,73,240,285,compressorCoolStage1On,Sleep,
2026-07-22T07:35:00.000Z,Hall AC,72.3,83.3,42,73,0,0,compressorCoolOff,Sleep,
2026-07-22T07:40:00.000Z,Hall AC,71.7,83.3,42,73,0,0,compressorCoolOff,Sleep,
2026-07-22T07:45:00.000Z,Hall AC,71.9,83.3,42,73,0,0,compressorCoolOff,Sleep,
2026-07-22T07:50:00.000Z,Hall AC,72.2,83.3,42,73,0,0,compressorCoolOff,Sleep,
2026-07-22T07:55:00.000Z,Hall AC,72.4,83.3,42,73,0,0,compressorCoolOff,Sleep,
2026-07-22T08:00:00.000Z,Hall AC,72.7,82.5,42,73,0,0,compressorCoolOff,Sleep,
2026-07-22T08:05:00.000Z,Hall AC,72.7,82.5,42,73,0,0,compressorCoolOff,Sleep,
2026-07-22T08:10:00.000Z,Hall AC,72.8,82.5,42,73,0,0,compressorCoolOff,Sleep,
2026-07-22T08:15:00.000Z,Hall AC,73.2,82.5,42,73,270,270,compressorCoolOff,Sleep,
2026-07-22T08:20:00.000Z,Hall AC,73,82.5,42,73,180,225,compressorCoolStage1On,Sleep,
2026-07-22T08:25:00.000Z,Hall AC,72.3,82.5,42,73,0,0,compressorCoolOff,Sleep,
2026-07-22T08:30:00.000Z,Hall AC,71.9,82.5,42,73,0,0,compressorCoolOff,Sleep,
2026-07-22T08:35:00.000Z,Hall AC,72.1,82.5,42,73,0,0,compressorCoolOff,Sleep,
2026-07-22T08:40:00.000Z,Hall AC,72.3,82.5,42,73,0,0,compressorCoolOff,Sleep,
2026-07-22T08:45:00.000Z,Hall AC,72.6,82.5,42,73,0,0,compressorCoolOff,Sleep,
2026-07-22T08:50:00.000Z,Hall AC,72.7,82.5,42,73,0,0,compressorCoolOff,Sleep,
2026-07-22T08:55:00.000Z,Hall AC,72.7,82.5,42,73,0,0,compressorCoolOff,Sleep,
2026-07-22T09:00:00.000Z,Hall AC,72.8,81,42,73,0,0,compressorCoolOff,Sleep,
2026-07-22T09:05:00.000Z,Hall AC,73.3,81,42,73,285,285,compressorCoolOff,Sleep,
2026-07-22T09:10:00.000Z,Hall AC,73.2,81,42,73,240,285,compressorCoolStage1On,Sleep,
2026-07-22T09:15:00.000Z,Hall AC,72.2,81,42,73,0,0,compressorCoolOff,Sleep,
2026-07-22T09:20:00.000Z,Hall AC,72,81,42,73,0,0,compressorCoolOff,Sleep,
2026-07-22T09:25:00.000Z,Hall AC,71.9,81,42,73,0,0,compressorCoolOff,Sleep,
2026-07-22T09:30:00.000Z,Hall AC,72.2,82.4,42,73,0,0,compressorCoolOff,Sleep,
2026-07-22T09:35:00.000Z,Hall AC,72.4,82.4,42,73,0,0,compressorCoolOff,Sleep,
2026-07-22T09:40:00.000Z,Hall AC,72.6,82.4,42,73,0,0,compressorCoolOff,Sleep,
2026-07-22T09:45:00.000Z,Hall AC,72.7,82.4,42,73,0,0,compressorCoolOff,Sleep,
2026-07-22T09:50:00.000Z,Hall AC,72.7,82.4,42,73,0,0,compressorCoolOff,Sleep,
2026-07-22T09:55:00.000Z,Hall AC,72.8,82.4,42,73,0,0,compressorCoolOff,Sleep,
2026-07-22T10:00:00.000Z,Hall AC,73.1,81.8,42,73,210,210,compressorCoolOff,Sleep,
2026-07-22T10:05:00.000Z,Hall AC,73.2,81.8,42,73,300,300,compressorCoolStage1On,Sleep,
2026-07-22T10:10:00.000Z,Hall AC,72.8,81.8,42,73,90,135,compressorCoolStage1On,Sleep,
2026-07-22T10:15:00.000Z,Hall AC,71.9,81.8,42,73,0,0,compressorCoolOff,Sleep,
2026-07-22T10:20:00.000Z,Hall AC,71.8,81.8,42,73,0,0,compressorCoolOff,Sleep,
2026-07-22T10:25:00.000Z,Hall AC,71.9,81.8,42,73,0,0,compressorCoolOff,Sleep,
2026-07-22T10:30:00.000Z,Hall AC,72.2,81.6,42,73,0,0,compressorCoolOff,Sleep,
2026-07-22T10:35:00.000Z,Hall AC,72.5,81.6,42,73,0,0,compressorCoolOff,Sleep,
2026-07-22T10:40:00.000Z,Hall AC,72.6,81.6,42,73,0,0,compressorCoolOff,Sleep,
2026-07-22T10:45:00.000Z,Hall AC,72.7,81.6,42,73,0,0,compressorCoolOff,Sleep,
2026-07-22T10:50:00.000Z,Hall AC,72.8,81.6,42,73,0,0,compressorCoolOff,Sleep,
2026-07-22T10:55:00.000Z,Hall AC,72.9,81.6,42,73,15,15,compressorCoolOff,Sleep,
2026-07-22T11:00:00.000Z,Hall AC,73.2,81,42,73,300,300,compressorCoolStage1On,Sleep,
2026-07-22T11:05:00.000Z,Hall AC,72.9,81,42,73,120,165,compressorCoolStage1On,Sleep,
2026-07-22T11:10:00.000Z,Hall AC,72.2,81,42,73,0,0,compressorCoolOff,Sleep,
2026-07-22T11:15:00.000Z,Hall AC,71.9,81,42,73,0,0,compressorCoolOff,Sleep,
2026-07-22T11:20:00.000Z,Hall AC,72.2,81,42,73,0,0,compressorCoolOff,Sleep,
2026-07-22T11:25:00.000Z,Hall AC,72.5,81,42,73,0,0,compressorCoolOff,Sleep,
2026-07-22T11:30:00.000Z,Hall AC,72.6,81,42,73,0,0,compressorCoolOff,Sleep,
2026-07-22T11:35:00.000Z,Hall AC,72.7,81,42,73,0,0,compressorCoolOff,Sleep,
2026-07-22T11:40:00.000Z,Hall AC,72.7,81,42,73,0,0,compressorCoolOff,Sleep,
2026-07-22T11:45:00.000Z,Hall AC,72.8,81,42,73,0,0,compressorCoolOff,Sleep,
2026-07-22T11:50:00.000Z,Hall AC,72.9,81,42,73,0,0,compressorCoolOff,Sleep,
2026-07-22T11:55:00.000Z,Hall AC,73.3,81,42,73,300,300,compressorCoolStage1On,Sleep,
2026-07-22T12:00:00.000Z,Hall AC,73.1,79.6,42,73,195,240,compressorCoolStage1On,Sleep,
2026-07-22T12:05:00.000Z,Hall AC,72.2,79.6,42,73,0,0,compressorCoolOff,Sleep,
2026-07-22T12:10:00.000Z,Hall AC,71.9,79.6,42,73,0,0,compressorCoolOff,Sleep,
2026-07-22T12:15:00.000Z,Hall AC,71.9,79.6,42,73,0,0,compressorCoolOff,Sleep,
2026-07-22T12:20:00.000Z,Hall AC,72.3,79.6,42,73,0,0,compressorCoolOff,Sleep,
2026-07-22T12:25:00.000Z,Hall AC,72.6,79.6,42,73,0,0,compressorCoolOff,Sleep,
2026-07-22T12:30:00.000Z,Hall AC,72.7,79.6,42,73,0,0,compressorCoolOff,Sleep,
2026-07-22T12:35:00.000Z,Hall AC,72.7,79.6,42,73,0,0,compressorCoolOff,Sleep,
2026-07-22T12:40:00.000Z,Hall AC,72.7,79.6,42,73,0,0,compressorCoolOff,Sleep,
2026-07-22T12:45:00.000Z,Hall AC,72.8,79.6,42,73,0,0,compressorCoolOff,Sleep,
2026-07-22T12:50:00.000Z,Hall AC,72.9,79.6,42,73,0,0,compressorCoolOff,Sleep,
2026-07-22T12:55:00.000Z,Hall AC,73.2,79.6,42,73,285,285,compressorCoolOff,Sleep,
2026-07-22T13:00:00.000Z,Hall AC,73,79.8,42,73,180,225,compressorCoolStage1On,Sleep,
2026-07-22T13:05:00.000Z,Hall AC,72.2,79.8,42,73,0,0,compressorCoolOff,Sleep,
2026-07-22T13:10:00.000Z,Hall AC,71.9,79.8,42,73,0,0,compressorCoolOff,Sleep,
2026-07-22T13:15:00.000Z,Hall AC,72,79.8,42,73,0,0,compressorCoolOff,Sleep,
2026-07-22T13:20:00.000Z,Hall AC,72.3,79.8,42,73,0,0,compressorCoolOff,Sleep,
2026-07-22T13:25:00.000Z,Hall AC,72.6,79.8,42,73,0,0,compressorCoolOff,Sleep,
2026-07-22T13:30:00.000Z,Hall AC,72.7,79.8,42,73,0,0,compressorCoolOff,Sleep,
2026-07-22T13:35:00.000Z,Hall AC,72.7,79.8,42,73,0,0,compressorCoolOff,Sleep,
2026-07-22T13:40:00.000Z,Hall AC,72.9,79.8,42,73,195,195,compressorCoolOff,Sleep,
2026-07-22T13:45:00.000Z,Hall AC,72.7,79.8,42,73,105,150,compressorCoolStage1On,Sleep,
2026-07-22T13:50:00.000Z,Hall AC,72.7,79.8,43,73,0,0,compressorCoolOff,Sleep,
2026-07-22T13:55:00.000Z,Hall AC,72.9,79.8,44,73,0,0,compressorCoolOff,Sleep,
2026-07-22T14:00:00.000Z,Hall AC,73.1,82.2,44,73,210,210,compressorCoolOff,Sleep,
2026-07-22T14:05:00.000Z,Hall AC,73.4,82.2,43,73,300,300,compressorCoolStage1On,Sleep,
2026-07-22T14:10:00.000Z,Hall AC,72.9,82.2,42,73,75,120,compressorCoolStage1On,Sleep,
2026-07-22T14:15:00.000Z,Hall AC,72.4,82.2,43,73,0,0,compressorCoolOff,Sleep,
2026-07-22T14:20:00.000Z,Hall AC,72.4,82.2,44,73,0,0,compressorCoolOff,Sleep,
2026-07-22T14:25:00.000Z,Hall AC,72.8,82.2,44,74.1,0,0,compressorCoolOff,Sleep,
2026-07-22T14:30:00.000Z,Hall AC,73.2,84.1,45,75,0,0,compressorCoolOff,WFH,
2026-07-22T14:35:00.000Z,Hall AC,73.4,84.1,45,75,0,0,compressorCoolOff,WFH,
2026-07-22T14:40:00.000Z,Hall AC,73.8,84.1,45,75,0,0,compressorCoolOff,WFH,
2026-07-22T14:45:00.000Z,Hall AC,74,84.1,45,75,0,0,compressorCoolOff,WFH,
2026-07-22T14:50:00.000Z,Hall AC,74.2,84.1,44,75,0,0,compressorCoolOff,WFH,
2026-07-22T14:55:00.000Z,Hall AC,74.1,84.1,44,75,0,0,compressorCoolOff,WFH,
2026-07-22T15:00:00.000Z,Hall AC,74.2,85.6,44,75,0,0,compressorCoolOff,WFH,
2026-07-22T15:05:00.000Z,Hall AC,74.3,85.6,44,75,0,0,compressorCoolOff,WFH,
2026-07-22T15:10:00.000Z,Hall AC,74.6,85.6,44,75,0,0,compressorCoolOff,WFH,
2026-07-22T15:15:00.000Z,Hall AC,74.8,85.6,45,75,0,0,compressorCoolOff,WFH,
2026-07-22T15:20:00.000Z,Hall AC,75.1,85.6,45,75,165,165,compressorCoolOff,WFH,
2026-07-22T15:25:00.000Z,Hall AC,75.2,85.6,43,75,195,240,compressorCoolStage1On,WFH,
2026-07-22T15:30:00.000Z,Hall AC,74.6,85.6,44,75,0,0,compressorCoolOff,WFH,
2026-07-22T15:35:00.000Z,Hall AC,74.5,85.6,45,75,0,0,compressorCoolOff,WFH,
2026-07-22T15:40:00.000Z,Hall AC,74.8,85.6,46,75,0,0,compressorCoolOff,WFH,
2026-07-22T15:45:00.000Z,Hall AC,75.3,85.6,44,75,270,270,compressorCoolOff,WFH,
2026-07-22T15:50:00.000Z,Hall AC,75.3,85.6,43,75,300,300,compressorCoolStage1On,WFH,
2026-07-22T15:55:00.000Z,Hall AC,74.8,85.6,44,75,75,120,compressorCoolStage1On,WFH,
2026-07-22T16:00:00.000Z,Hall AC,74.4,88.6,45,75.9,0,0,compressorCoolOff,WFH,
2026-07-22T16:05:00.000Z,Hall AC,74.6,88.6,47,76,0,0,compressorCoolOff,WFH,
2026-07-22T16:10:00.000Z,Hall AC,75,88.6,47,76,0,0,compressorCoolOff,WFH,
2026-07-22T16:15:00.000Z,Hall AC,75.4,88.6,46,76,0,0,compressorCoolOff,WFH,
2026-07-22T16:20:00.000Z,Hall AC,75.8,88.6,46,76,0,0,compressorCoolOff,WFH,
2026-07-22T16:25:00.000Z,Hall AC,76.3,88.6,45,76,255,255,compressorCoolOff,WFH,
2026-07-22T16:30:00.000Z,Hall AC,76.3,88.6,43,76,300,300,compressorCoolStage1On,WFH,
2026-07-22T16:35:00.000Z,Hall AC,75.8,88.6,43,76,45,90,compressorCoolStage1On,WFH,
2026-07-22T16:40:00.000Z,Hall AC,75.5,88.6,45,76,0,0,compressorCoolOff,WFH,
2026-07-22T16:45:00.000Z,Hall AC,75.7,88.6,46,76,0,0,compressorCoolOff,WFH,
2026-07-22T16:50:00.000Z,Hall AC,76.3,88.6,45,76,225,225,compressorCoolOff,WFH,
2026-07-22T16:55:00.000Z,Hall AC,77,88.6,42,76,300,300,compressorCoolStage1On,WFH,
2026-07-22T17:00:00.000Z,Hall AC,76.2,91.3,42,76,195,240,compressorCoolStage1On,WFH,
2026-07-22T17:05:00.000Z,Hall AC,74.9,91.3,44,76,0,0,compressorCoolOff,WFH,
2026-07-22T17:10:00.000Z,Hall AC,74.6,91.3,46,76,0,0,compressorCoolOff,WFH,
2026-07-22T17:15:00.000Z,Hall AC,75.1,91.3,47,76,0,0,compressorCoolOff,WFH,
2026-07-22T17:20:00.000Z,Hall AC,75.8,91.3,47,76,75,75,compressorCoolOff,WFH,
2026-07-22T17:25:00.000Z,Hall AC,77,91.3,44,76,300,300,compressorCoolStage1On,WFH,
2026-07-22T17:30:00.000Z,Hall AC,76.8,91.3,42,76,300,300,compressorCoolStage1On,WFH,
2026-07-22T17:35:00.000Z,Hall AC,75.7,91.3,43,76,45,90,compressorCoolStage1On,WFH,
2026-07-22T17:40:00.000Z,Hall AC,74.8,91.3,46,76,0,0,compressorCoolOff,WFH,
2026-07-22T17:45:00.000Z,Hall AC,75.3,91.3,46,75,240,240,compressorCoolOff,WFH,
2026-07-22T17:50:00.000Z,Hall AC,76.1,91.3,44,75,300,300,compressorCoolStage1On,WFH,auto
2026-07-22T17:55:00.000Z,Hall AC,76.4,91.3,43,75,300,300,compressorCoolStage1On,WFH,auto
2026-07-22T18:00:00.000Z,Hall AC,75.9,93.7,43,75,300,300,compressorCoolStage1On,WFH,auto
2026-07-22T18:05:00.000Z,Hall AC,74.9,93.7,44,75,105,150,compressorCoolStage1On,WFH,auto
2026-07-22T18:10:00.000Z,Hall AC,74.5,93.7,45,75,0,0,compressorCoolOff,WFH,auto
2026-07-22T18:15:00.000Z,Hall AC,75,93.7,46,75,120,120,compressorCoolOff,WFH,auto
2026-07-22T18:20:00.000Z,Hall AC,76.2,93.7,44,75,300,300,compressorCoolStage1On,WFH,auto
2026-07-22T18:25:00.000Z,Hall AC,76.3,93.7,42,75,300,300,compressorCoolStage1On,WFH,auto
2026-07-22T18:30:00.000Z,Hall AC,75.4,93.7,42,75,240,285,compressorCoolStage1On,WFH,auto
2026-07-22T18:35:00.000Z,Hall AC,74.7,93.7,44,75,0,0,compressorCoolOff,WFH,auto
2026-07-22T18:40:00.000Z,Hall AC,74.6,93.7,46,75,0,0,compressorCoolOff,WFH,auto
2026-07-22T18:45:00.000Z,Hall AC,75.4,93.7,46,75,225,225,compressorCoolOff,WFH,auto
2026-07-22T18:50:00.000Z,Hall AC,76.5,93.7,43,75,300,300,compressorCoolStage1On,WFH,auto
2026-07-22T18:55:00.000Z,Hall AC,76.3,93.7,42,75,300,300,compressorCoolStage1On,WFH,auto
2026-07-22T19:00:00.000Z,Hall AC,75.6,96,43,75,300,300,compressorCoolStage1On,WFH,auto
2026-07-22T19:05:00.000Z,Hall AC,74.8,96,43,75,30,75,compressorCoolStage1On,WFH,auto
2026-07-22T19:10:00.000Z,Hall AC,74.1,96,45,75,0,0,compressorCoolOff,WFH,auto
2026-07-22T19:15:00.000Z,Hall AC,74.4,96,47,75,0,0,compressorCoolOff,WFH,auto
2026-07-22T19:20:00.000Z,Hall AC,75.7,96,45,75.1,45,75,compressorCoolOff,WFH,auto
2026-07-22T19:25:00.000Z,Hall AC,76.6,96,44,75,210,210,compressorCoolOff,WFH,hold
2026-07-22T19:30:00.000Z,Hall AC,77,96,45,75,300,300,compressorCoolStage1On,WFH,hold
2026-07-22T19:35:00.000Z,Hall AC,76.4,96,44,75,300,300,compressorCoolStage1On,WFH,hold
2026-07-22T19:40:00.000Z,Hall AC,75.6,96,44,75,300,300,compressorCoolStage1On,WFH,hold
2026-07-22T19:45:00.000Z,Hall AC,74.7,96,45,75,60,105,compressorCoolStage1On,WFH,hold
2026-07-22T19:50:00.000Z,Hall AC,74.3,96,46,75.1,0,0,compressorCoolOff,WFH,hold
2026-07-22T19:55:00.000Z,Hall AC,75,96,47,76,0,0,compressorCoolOff,WFH,
2026-07-22T20:00:00.000Z,Hall AC,76,98,47,76,135,135,compressorCoolOff,WFH,
2026-07-22T20:05:00.000Z,Hall AC,77.6,98,44,76,300,300,compressorCoolStage1On,WFH,
2026-07-22T20:10:00.000Z,Hall AC,77.2,98,42,76,300,300,compressorCoolStage1On,WFH,
2026-07-22T20:15:00.000Z,Hall AC,76.5,98,43,76,300,300,compressorCoolStage1On,WFH,
2026-07-22T20:20:00.000Z,Hall AC,75.6,98,44,76,45,90,compressorCoolStage1On,WFH,
2026-07-22T20:25:00.000Z,Hall AC,74.8,98,46,76,0,0,compressorCoolOff,WFH,
2026-07-22T20:30:00.000Z,Hall AC,75.4,98,47,76,0,0,compressorCoolOff,WFH,
2026-07-22T20:35:00.000Z,Hall AC,76.8,98,45,76,270,270,compressorCoolOff,WFH,
2026-07-22T20:40:00.000Z,Hall AC,77.5,98,44,76,300,300,compressorCoolStage1On,WFH,
2026-07-22T20:45:00.000Z,Hall AC,77,98,44,76,300,300,compressorCoolStage1On,WFH,
2026-07-22T20:50:00.000Z,Hall AC,76.2,98,44,76,210,255,compressorCoolStage1On,WFH,
2026-07-22T20:55:00.000Z,Hall AC,75.4,98,44,76,0,0,compressorCoolOff,WFH,
2026-07-22T21:00:00.000Z,Hall AC,75,99.6,45,76,0,0,compressorCoolOff,WFH,
2026-07-22T21:05:00.000Z,Hall AC,75.2,99.6,46,76,0,0,compressorCoolOff,WFH,
2026-07-22T21:10:00.000Z,Hall AC,75.5,99.6,46,76,0,0,compressorCoolOff,WFH,
2026-07-22T21:15:00.000Z,Hall AC,75.8,99.6,46,76,0,0,compressorCoolOff,WFH,
2026-07-22T21:20:00.000Z,Hall AC,76.4,99.6,46,76,270,270,compressorCoolOff,WFH,
2026-07-22T21:25:00.000Z,Hall AC,76.6,99.6,48,76,300,300,compressorCoolStage1On,WFH,
2026-07-22T21:30:00.000Z,Hall AC,76.2,100,48,76,300,300,compressorCoolStage1On,WFH,
2026-07-22T21:35:00.000Z,Hall AC,75.9,100,47,76,105,150,compressorCoolStage1On,WFH,
2026-07-22T21:40:00.000Z,Hall AC,74.9,100,48,76,0,0,compressorCoolOff,WFH,
2026-07-22T21:45:00.000Z,Hall AC,74.9,100,49,76,0,0,compressorCoolOff,WFH,
2026-07-22T21:50:00.000Z,Hall AC,75.2,100,48,76,0,0,compressorCoolOff,WFH,
2026-07-22T21:55:00.000Z,Hall AC,75.5,100,48,76,0,0,compressorCoolOff,WFH,
2026-07-22T22:00:00.000Z,Hall AC,75.8,100.5,48,76,0,0,compressorCoolOff,WFH,
2026-07-22T22:05:00.000Z,Hall AC,76,100.5,49,76,135,135,compressorCoolOff,WFH,
2026-07-22T22:10:00.000Z,Hall AC,76.9,100.5,51,76,300,300,compressorCoolStage1On,WFH,
2026-07-22T22:15:00.000Z,Hall AC,76.7,100.5,51,76,300,300,compressorCoolStage1On,WFH,
2026-07-22T22:20:00.000Z,Hall AC,76.1,100.5,50,76,180,225,compressorCoolStage1On,WFH,
2026-07-22T22:25:00.000Z,Hall AC,75,100.5,50,76,0,0,compressorCoolOff,WFH,
2026-07-22T22:30:00.000Z,Hall AC,74.7,100.5,51,76,0,0,compressorCoolOff,WFH,
2026-07-22T22:35:00.000Z,Hall AC,75,100.5,50,76,0,0,compressorCoolOff,WFH,
2026-07-22T22:40:00.000Z,Hall AC,75,100.5,48,76,0,0,compressorCoolOff,WFH,
2026-07-22T22:45:00.000Z,Hall AC,75.8,100.5,49,76,105,105,compressorCoolOff,WFH,
2026-07-22T22:50:00.000Z,Hall AC,77.2,100.5,49,76,300,300,compressorCoolStage1On,WFH,
2026-07-22T22:55:00.000Z,Hall AC,77.2,100.5,49,76,300,300,compressorCoolStage1On,WFH,
2026-07-22T23:00:00.000Z,Hall AC,76.5,100.5,49,76,300,300,compressorCoolStage1On,WFH,
2026-07-22T23:05:00.000Z,Hall AC,75.8,100.5,48,76,75,120,compressorCoolStage1On,WFH,
2026-07-22T23:10:00.000Z,Hall AC,74.8,100.5,49,76,0,0,compressorCoolOff,WFH,
2026-07-22T23:15:00.000Z,Hall AC,74.9,100.5,50,76,0,0,compressorCoolOff,WFH,
2026-07-22T23:20:00.000Z,Hall AC,75.3,100.5,51,76,0,0,compressorCoolOff,WFH,
2026-07-22T23:25:00.000Z,Hall AC,75.7,100.5,50,76,0,0,compressorCoolOff,WFH,
2026-07-22T23:30:00.000Z,Hall AC,75.7,100.5,49,76,0,0,compressorCoolOff,WFH,
2026-07-22T23:35:00.000Z,Hall AC,75.9,100.5,49,76,90,90,compressorCoolOff,WFH,
2026-07-22T23:40:00.000Z,Hall AC,77.5,100.5,49,76,300,300,compressorCoolStage1On,WFH,
2026-07-22T23:45:00.000Z,Hall AC,77.7,100.5,49,76,300,300,compressorCoolStage1On,WFH,
2026-07-22T23:50:00.000Z,Hall AC,76.9,100.5,48,76,300,300,compressorCoolStage1On,WFH,
2026-07-22T23:55:00.000Z,Hall AC,76.2,100.5,47,75.4,300,300,compressorCoolStage1On,WFH,
2026-07-23T00:00:00.000Z,Hall AC,75.6,100.4,47,75,300,300,compressorCoolStage1On,Home,
2026-07-23T00:05:00.000Z,Hall AC,75.3,100.4,47,75,300,300,compressorCoolStage1On,Home,
2026-07-23T00:10:00.000Z,Hall AC,75,100.4,46,75,255,300,compressorCoolStage1On,Home,
2026-07-23T00:15:00.000Z,Hall AC,74.6,100.4,46,75,0,0,compressorCoolOff,Home,
2026-07-23T00:20:00.000Z,Hall AC,74.2,100.4,48,75,0,0,compressorCoolOff,Home,
2026-07-23T00:25:00.000Z,Hall AC,74.2,100.4,49,75,0,0,compressorCoolOff,Home,
2026-07-23T00:30:00.000Z,Hall AC,74.7,100.4,48,75,75,75,compressorCoolOff,Home,
2026-07-23T00:35:00.000Z,Hall AC,76.4,100.4,47,75,300,300,compressorCoolStage1On,Home,
2026-07-23T00:40:00.000Z,Hall AC,76.8,100.4,46,75,300,300,compressorCoolStage1On,Home,
2026-07-23T00:45:00.000Z,Hall AC,76.2,100.4,45,75,300,300,compressorCoolStage1On,Home,
2026-07-23T00:50:00.000Z,Hall AC,75.6,100.4,45,75,300,300,compressorCoolStage1On,Home,
2026-07-23T00:55:00.000Z,Hall AC,74.6,100.4,45,75,60,105,compressorCoolStage1On,Home,
2026-07-23T01:00:00.000Z,Hall AC,73.8,100.1,48,75,0,0,compressorCoolOff,Home,
2026-07-23T01:05:00.000Z,Hall AC,74.6,100.1,47,75,0,0,compressorCoolOff,Home,
2026-07-23T01:10:00.000Z,Hall AC,75.4,100.1,46,75,135,135,compressorCoolOff,Home,
2026-07-23T01:15:00.000Z,Hall AC,76.3,100.1,45,75,300,300,compressorCoolStage1On,Home,
2026-07-23T01:20:00.000Z,Hall AC,76.1,100.1,45,75,300,300,compressorCoolStage1On,Home,
2026-07-23T01:25:00.000Z,Hall AC,75.5,100.1,45,75,300,300,compressorCoolStage1On,Home,
2026-07-23T01:30:00.000Z,Hall AC,74.7,100,45,75,105,150,compressorCoolStage1On,Home,
2026-07-23T01:35:00.000Z,Hall AC,73.6,100,47,75,0,0,compressorCoolOff,Home,
2026-07-23T01:40:00.000Z,Hall AC,74.2,100,47,75,0,0,compressorCoolOff,Home,
2026-07-23T01:45:00.000Z,Hall AC,75.1,100,47,75,15,15,compressorCoolOff,Home,
2026-07-23T01:50:00.000Z,Hall AC,76,100,46,75,300,300,compressorCoolStage1On,Home,
2026-07-23T01:55:00.000Z,Hall AC,76.3,100,45,75,300,300,compressorCoolStage1On,Home,
2026-07-23T02:00:00.000Z,Hall AC,75.6,98.7,44,75,300,300,compressorCoolStage1On,Home,
2026-07-23T02:05:00.000Z,Hall AC,74.3,98.7,46,75,15,60,compressorCoolStage1On,Home,
2026-07-23T02:10:00.000Z,Hall AC,73.6,98.7,47,75,0,0,compressorCoolOff,Home,
2026-07-23T02:15:00.000Z,Hall AC,74.3,98.7,47,75,0,0,compressorCoolOff,Home,
2026-07-23T02:20:00.000Z,Hall AC,75.3,98.7,46,75,75,75,compressorCoolOff,Home,
2026-07-23T02:25:00.000Z,Hall AC,76.1,98.7,44,75,300,300,compressorCoolStage1On,Home,
2026-07-23T02:30:00.000Z,Hall AC,75.7,99.1,44,75,300,300,compressorCoolStage1On,Home,
2026-07-23T02:35:00.000Z,Hall AC,74.9,99.1,44,75,135,180,compressorCoolStage1On,Home,
2026-07-23T02:40:00.000Z,Hall AC,73.8,99.1,46,75,0,0,compressorCoolOff,Home,
2026-07-23T02:45:00.000Z,Hall AC,73.9,99.1,47,75,0,0,compressorCoolOff,Home,
2026-07-23T02:50:00.000Z,Hall AC,74.6,99.1,47,75,0,0,compressorCoolOff,Home,
2026-07-23T02:55:00.000Z,Hall AC,75.2,99.1,46,75,60,60,compressorCoolOff,Home,
2026-07-23T03:00:00.000Z,Hall AC,76.2,96.6,45,75,300,300,compressorCoolStage1On,Home,
2026-07-23T03:05:00.000Z,Hall AC,76.2,96.6,44,75,300,300,compressorCoolStage1On,Home,
2026-07-23T03:10:00.000Z,Hall AC,75.7,96.6,44,75,300,300,compressorCoolStage1On,Home,
2026-07-23T03:15:00.000Z,Hall AC,74.9,96.6,45,75,135,180,compressorCoolStage1On,Home,
2026-07-23T03:20:00.000Z,Hall AC,73.9,96.6,45,75,0,0,compressorCoolOff,Home,
2026-07-23T03:25:00.000Z,Hall AC,74.2,96.6,46,75,0,0,compressorCoolOff,Home,
2026-07-23T03:30:00.000Z,Hall AC,74.8,97.3,46,75,0,0,compressorCoolOff,Home,
2026-07-23T03:35:00.000Z,Hall AC,75.2,97.3,45,75,0,0,compressorCoolOff,Home,
2026-07-23T03:40:00.000Z,Hall AC,75.2,97.3,44,75,0,0,compressorCoolOff,Home,
2026-07-23T03:45:00.000Z,Hall AC,75.2,97.3,43,75,0,0,compressorCoolOff,Home,
2026-07-23T03:50:00.000Z,Hall AC,75.6,97.3,43,75,240,240,compressorCoolOff,Home,
2026-07-23T03:55:00.000Z,Hall AC,75.8,97.3,43,75,300,300,compressorCoolStage1On,Home,
2026-07-23T04:00:00.000Z,Hall AC,75.3,95.2,43,75,300,300,compressorCoolStage1On,Home,
2026-07-23T04:05:00.000Z,Hall AC,74.4,95.2,44,75,300,300,compressorCoolStage1On,Home,(SmartRecovery)
2026-07-23T04:10:00.000Z,Hall AC,73.5,95.2,44,75,300,300,compressorCoolStage1On,Home,(SmartRecovery)
2026-07-23T04:15:00.000Z,Hall AC,73,95.2,44,75,165,210,compressorCoolStage1On,Home,(SmartRecovery)
2026-07-23T04:20:00.000Z,Hall AC,72.3,95.2,44,75,0,0,compressorCoolOff,Home,
2026-07-23T04:25:00.000Z,Hall AC,72.4,95.2,44,73.9,0,0,compressorCoolOff,Home,
2026-07-23T04:30:00.000Z,Hall AC,73,96.6,44,73,0,0,compressorCoolOff,Sleep,
2026-07-23T04:35:00.000Z,Hall AC,73.7,96.6,44,73,225,225,compressorCoolOff,Sleep,
2026-07-23T04:40:00.000Z,Hall AC,73.9,96.6,44,73,300,300,compressorCoolStage1On,Sleep,
2026-07-23T04:45:00.000Z,Hall AC,73.3,96.6,44,73,300,300,compressorCoolStage1On,Sleep,
2026-07-23T04:50:00.000Z,Hall AC,72.6,96.6,44,73,30,75,compressorCoolStage1On,Sleep,
2026-07-23T04:55:00.000Z,Hall AC,72.1,96.6,44,73,0,0,compressorCoolOff,Sleep,
2026-07-23T05:00:00.000Z,Hall AC,72.5,94.7,44,73,0,0,compressorCoolOff,Sleep,
2026-07-23T05:05:00.000Z,Hall AC,73.1,94.7,43,73,0,0,compressorCoolOff,Sleep,
2026-07-23T05:10:00.000Z,Hall AC,73.1,94.7,42,73,0,0,compressorCoolOff,Sleep,
2026-07-23T05:15:00.000Z,Hall AC,73.3,94.7,42,73,195,195,compressorCoolOff,Sleep,
2026-07-23T05:20:00.000Z,Hall AC,73.4,94.7,42,73,300,300,compressorCoolStage1On,Sleep,
2026-07-23T05:25:00.000Z,Hall AC,72.8,94.7,42,73,75,120,compressorCoolStage1On,Sleep,
2026-07-23T05:30:00.000Z,Hall AC,72.5,94.7,43,73,0,0,compressorCoolOff,Sleep,
2026-07-23T05:35:00.000Z,Hall AC,72.6,94.7,42,73,0,0,compressorCoolOff,Sleep,
2026-07-23T05:40:00.000Z,Hall AC,72.7,94.7,42,73,0,0,compressorCoolOff,Sleep,
2026-07-23T05:45:00.000Z,Hall AC,73.2,94.7,42,73,225,225,compressorCoolOff,Sleep,
2026-07-23T05:50:00.000Z,Hall AC,73.4,94.7,42,73,300,300,compressorCoolStage1On,Sleep,
2026-07-23T05:55:00.000Z,Hall AC,72.5,94.7,42,73,15,60,compressorCoolStage1On,Sleep,
2026-07-23T06:00:00.000Z,Hall AC,71.9,93.2,42,73,0,0,compressorCoolOff,Sleep,
2026-07-23T06:05:00.000Z,Hall AC,72.2,93.2,42,73,0,0,compressorCoolOff,Sleep,
2026-07-23T06:10:00.000Z,Hall AC,72.7,93.2,42,73,0,0,compressorCoolOff,Sleep,
2026-07-23T06:15:00.000Z,Hall AC,72.8,93.2,41,73,0,0,compressorCoolOff,Sleep,
2026-07-23T06:20:00.000Z,Hall AC,73.2,93.2,41,73,255,255,compressorCoolOff,Sleep,
2026-07-23T06:25:00.000Z,Hall AC,73.4,93.2,42,73,300,300,compressorCoolStage1On,Sleep,
2026-07-23T06:30:00.000Z,Hall AC,72.5,93.2,42,73,0,45,compressorCoolOff,Sleep,
2026-07-23T06:35:00.000Z,Hall AC,71.9,93.2,42,73,0,0,compressorCoolOff,Sleep,
2026-07-23T06:40:00.000Z,Hall AC,72.2,93.2,42,73,0,0,compressorCoolOff,Sleep,
2026-07-23T06:45:00.000Z,Hall AC,72.6,93.2,42,73,0,0,compressorCoolOff,Sleep,
2026-07-23T06:50:00.000Z,Hall AC,72.8,93.2,42,73,45,45,compressorCoolOff,Sleep,
2026-07-23T06:55:00.000Z,Hall AC,73.3,93.2,42,73,300,300,compressorCoolStage1On,Sleep,
2026-07-23T07:00:00.000Z,Hall AC,72.8,91.9,42,73,90,135,compressorCoolStage1On,Sleep,
2026-07-23T07:05:00.000Z,Hall AC,72.4,91.9,43,73,0,0,compressorCoolOff,Sleep,
2026-07-23T07:10:00.000Z,Hall AC,72.5,91.9,43,73,0,0,compressorCoolOff,Sleep,
2026-07-23T07:15:00.000Z,Hall AC,72.6,91.9,42,73,0,0,compressorCoolOff,Sleep,
2026-07-23T07:20:00.000Z,Hall AC,72.8,91.9,42,73,30,30,compressorCoolOff,Sleep,
2026-07-23T07:25:00.000Z,Hall AC,73.2,91.9,42,73,300,300,compressorCoolStage1On,Sleep,
2026-07-23T07:30:00.000Z,Hall AC,72.8,93.2,42,73,45,90,compressorCoolStage1On,Sleep,
2026-07-23T07:35:00.000Z,Hall AC,72.5,93.2,43,73,0,0,compressorCoolOff,Sleep,
2026-07-23T07:40:00.000Z,Hall AC,72.3,93.2,42,73,0,0,compressorCoolOff,Sleep,
2026-07-23T07:45:00.000Z,Hall AC,72.6,93.2,42,73,0,0,compressorCoolOff,Sleep,
2026-07-23T07:50:00.000Z,Hall AC,72.8,93.2,42,73,0,0,compressorCoolOff,Sleep,
2026-07-23T07:55:00.000Z,Hall AC,73.2,93.2,42,73,225,225,compressorCoolOff,Sleep,
2026-07-23T08:00:00.000Z,Hall AC,73.2,92.3,42,73,255,300,compressorCoolStage1On,Sleep,
2026-07-23T08:05:00.000Z,Hall AC,72.3,92.3,42,73,0,0,compressorCoolOff,Sleep,
2026-07-23T08:10:00.000Z,Hall AC,72,92.3,42,73,0,0,compressorCoolOff,Sleep,
2026-07-23T08:15:00.000Z,Hall AC,72.3,92.3,42,73,0,0,compressorCoolOff,Sleep,
2026-07-23T08:20:00.000Z,Hall AC,72.5,92.3,42,73,0,0,compressorCoolOff,Sleep,
2026-07-23T08:25:00.000Z,Hall AC,72.7,92.3,42,73,0,0,compressorCoolOff,Sleep,
2026-07-23T08:30:00.000Z,Hall AC,73,91.1,42,73,120,120,compressorCoolOff,Sleep,
2026-07-23T08:35:00.000Z,Hall AC,73.3,91.1,42,73,300,300,compressorCoolStage1On,Sleep,
2026-07-23T08:40:00.000Z,Hall AC,72.5,91.1,42,73,30,75,compressorCoolStage1On,Sleep,
2026-07-23T08:45:00.000Z,Hall AC,71.8,91.1,42,73,0,0,compressorCoolOff,Sleep,
2026-07-23T08:50:00.000Z,Hall AC,72.3,91.1,42,73,0,0,compressorCoolOff,Sleep,
2026-07-23T08:55:00.000Z,Hall AC,72.4,91.1,42,73,0,0,compressorCoolOff,Sleep,
2026-07-23T09:00:00.000Z,Hall AC,72.7,90.9,42,73,0,0,compressorCoolOff,Sleep,
2026-07-23T09:05:00.000Z,Hall AC,72.8,90.9,42,73,0,0,compressorCoolOff,Sleep,
2026-07-23T09:10:00.000Z,Hall AC,73.1,90.9,42,73,240,240,compressorCoolOff,Sleep,
2026-07-23T09:15:00.000Z,Hall AC,73,90.9,42,73,165,210,compressorCoolStage1On,Sleep,
2026-07-23T09:20:00.000Z,Hall AC,72.3,90.9,42,73,0,0,compressorCoolOff,Sleep,
2026-07-23T09:25:00.000Z,Hall AC,72.4,90.9,43,73,0,0,compressorCoolOff,Sleep,
2026-07-23T09:30:00.000Z,Hall AC,72.4,90.9,42,73,0,0,compressorCoolOff,Sleep,
2026-07-23T09:35:00.000Z,Hall AC,72.7,90.9,42,73,0,0,compressorCoolOff,Sleep,
2026-07-23T09:40:00.000Z,Hall AC,72.9,90.9,42,73,75,75,compressorCoolOff,Sleep,
2026-07-23T09:45:00.000Z,Hall AC,73.3,90.9,42,73,300,300,compressorCoolStage1On,Sleep,
2026-07-23T09:50:00.000Z,Hall AC,72.9,90.9,42,73,105,150,compressorCoolStage1On,Sleep,
2026-07-23T09:55:00.000Z,Hall AC,72.2,90.9,43,73,0,0,compressorCoolOff,Sleep,
2026-07-23T10:00:00.000Z,Hall AC,72.4,90.2,43,73,0,0,compressorCoolOff,Sleep,
2026-07-23T10:05:00.000Z,Hall AC,72.5,90.2,42,73,0,0,compressorCoolOff,Sleep,
2026-07-23T10:10:00.000Z,Hall AC,72.7,90.2,42,73,0,0,compressorCoolOff,Sleep,
2026-07-23T10:15:00.000Z,Hall AC,72.9,90.2,42,73,30,30,compressorCoolOff,Sleep,
2026-07-23T10:20:00.000Z,Hall AC,73.2,90.2,42,73,300,300,compressorCoolStage1On,Sleep,
2026-07-23T10:25:00.000Z,Hall AC,72.9,90.2,42,73,120,165,compressorCoolStage1On,Sleep,
2026-07-23T10:30:00.000Z,Hall AC,72.2,90.2,42,73,0,0,compressorCoolOff,Sleep,
2026-07-23T10:35:00.000Z,Hall AC,72.4,90.2,43,73,0,0,compressorCoolOff,Sleep,
2026-07-23T10:40:00.000Z,Hall AC,72.4,90.2,42,73,0,0,compressorCoolOff,Sleep,
2026-07-23T10:45:00.000Z,Hall AC,72.7,90.2,42,73,0,0,compressorCoolOff,Sleep,
2026-07-23T10:50:00.000Z,Hall AC,72.8,90.2,42,73,0,0,compressorCoolOff,Sleep,
2026-07-23T10:55:00.000Z,Hall AC,73.2,90.2,42,73,255,255,compressorCoolOff,Sleep,
2026-07-23T11:00:00.000Z,Hall AC,73,89.4,42,73,180,225,compressorCoolStage1On,Sleep,
2026-07-23T11:05:00.000Z,Hall AC,72.3,89.4,42,73,0,0,compressorCoolOff,Sleep,
2026-07-23T11:10:00.000Z,Hall AC,72.4,89.4,44,73,0,0,compressorCoolOff,Sleep,
2026-07-23T11:15:00.000Z,Hall AC,72.6,89.4,43,73,0,0,compressorCoolOff,Sleep,
2026-07-23T11:20:00.000Z,Hall AC,72.8,89.4,43,73,0,0,compressorCoolOff,Sleep,
2026-07-23T11:25:00.000Z,Hall AC,72.7,89.4,42,73,0,0,compressorCoolOff,Sleep,
2026-07-23T11:30:00.000Z,Hall AC,73,89.4,42,73,120,120,compressorCoolOff,Sleep,
2026-07-23T11:35:00.000Z,Hall AC,73.2,89.4,42,73,270,300,compressorCoolStage1On,Sleep,
2026-07-23T11:40:00.000Z,Hall AC,72.4,89.4,42,73,0,15,compressorCoolOff,Sleep,
2026-07-23T11:45:00.000Z,Hall AC,72.3,89.4,43,73,0,0,compressorCoolOff,Sleep,
2026-07-23T11:50:00.000Z,Hall AC,72.6,89.4,43,73,0,0,compressorCoolOff,Sleep,
2026-07-23T11:55:00.000Z,Hall AC,72.6,89.4,42,73,0,0,compressorCoolOff,Sleep,
2026-07-23T12:00:00.000Z,Hall AC,72.7,88.9,42,73,0,0,compressorCoolOff,Sleep,
2026-07-23T12:05:00.000Z,Hall AC,72.9,88.9,42,73,45,45,compressorCoolOff,Sleep,
2026-07-23T12:10:00.000Z,Hall AC,73.2,88.9,42,73,300,300,compressorCoolStage1On,Sleep,
2026-07-23T12:15:00.000Z,Hall AC,72.9,88.9,42,73,120,165,compressorCoolStage1On,Sleep,
2026-07-23T12:20:00.000Z,Hall AC,72.1,88.9,42,73,0,0,compressorCoolOff,Sleep,
2026-07-23T12:25:00.000Z,Hall AC,72.4,88.9,44,73,0,0,compressorCoolOff,Sleep,
2026-07-23T12:30:00.000Z,Hall AC,72.5,89.1,42,73,0,0,compressorCoolOff,Sleep,
2026-07-23T12:35:00.000Z,Hall AC,72.7,89.1,42,73,0,0,compressorCoolOff,Sleep,
2026-07-23T12:40:00.000Z,Hall AC,72.8,89.1,42,73,0,0,compressorCoolOff,Sleep,
2026-07-23T12:45:00.000Z,Hall AC,73.2,89.1,42,73,285,285,compressorCoolOff,Sleep,
2026-07-23T12:50:00.000Z,Hall AC,73,89.1,42,73,165,210,compressorCoolStage1On,Sleep,
2026-07-23T12:55:00.000Z,Hall AC,72.2,89.1,42,73,0,0,compressorCoolOff,Sleep,
2026-07-23T13:00:00.000Z,Hall AC,72.3,88.9,44,73,0,0,compressorCoolOff,Sleep,
2026-07-23T13:05:00.000Z,Hall AC,72.6,88.9,44,73,0,0,compressorCoolOff,Sleep,
2026-07-23T13:10:00.000Z,Hall AC,72.8,88.9,44,73,30,30,compressorCoolOff,Sleep,
2026-07-23T13:15:00.000Z,Hall AC,73,88.9,43,73,270,300,compressorCoolStage1On,Sleep,
2026-07-23T13:20:00.000Z,Hall AC,72.4,88.9,42,73,0,15,compressorCoolOff,Sleep,
2026-07-23T13:25:00.000Z,Hall AC,72.3,88.9,44,73,0,0,compressorCoolOff,Sleep,
2026-07-23T13:30:00.000Z,Hall AC,72.5,88.9,44,73,0,0,compressorCoolOff,Sleep,
2026-07-23T13:35:00.000Z,Hall AC,72.8,88.9,44,73,90,90,compressorCoolOff,Sleep,
2026-07-23T13:40:00.000Z,Hall AC,73.1,88.9,44,73,210,255,compressorCoolStage1On,Sleep,
2026-07-23T13:45:00.000Z,Hall AC,72.3,88.9,44,73,0,0,compressorCoolOff,Sleep,
2026-07-23T13:50:00.000Z,Hall AC,72.6,88.9,44,73,0,0,compressorCoolOff,Sleep,
2026-07-23T13:55:00.000Z,Hall AC,73.1,88.9,45,73,210,210,compressorCoolOff,Sleep,
2026-07-23T14:00:00.000Z,Hall AC,72.9,93,44,73,150,195,compressorCoolStage1On,Sleep,
2026-07-23T14:05:00.000Z,Hall AC,72.3,93,45,73,0,0,compressorCoolOff,Sleep,
2026-07-23T14:10:00.000Z,Hall AC,72.6,93,45,73,0,0,compressorCoolOff,Sleep,
2026-07-23T14:15:00.000Z,Hall AC,73.1,93,45,73,210,210,compressorCoolOff,Sleep,
2026-07-23T14:20:00.000Z,Hall AC,72.8,93,44,73,90,135,compressorCoolStage1On,Sleep,
2026-07-23T14:25:00.000Z,Hall AC,72.6,93,45,74.6,0,0,compressorCoolOff,Sleep,
2026-07-23T14:30:00.000Z,Hall AC,73,93,45,76,0,0,compressorCoolOff,WFH,
2026-07-23T14:35:00.000Z,Hall AC,73.3,93,44,76,0,0,compressorCoolOff,WFH,
2026-07-23T14:40:00.000Z,Hall AC,73.7,93,44,76,0,0,compressorCoolOff,WFH,
2026-07-23T14:45:00.000Z,Hall AC,74,93,44,76,0,0,compressorCoolOff,WFH,
2026-07-23T14:50:00.000Z,Hall AC,74.3,93,44,76,0,0,compressorCoolOff,WFH,
2026-07-23T14:55:00.000Z,Hall AC,74.6,93,44,76,0,0,compressorCoolOff,WFH,
2026-07-23T15:00:00.000Z,Hall AC,74.8,96.3,44,76,0,0,compressorCoolOff,WFH,
2026-07-23T15:05:00.000Z,Hall AC,75.1,96.3,44,76,0,0,compressorCoolOff,WFH,
2026-07-23T15:10:00.000Z,Hall AC,75.4,96.3,45,76,0,0,compressorCoolOff,WFH,
2026-07-23T15:15:00.000Z,Hall AC,75.5,96.3,45,76,0,0,compressorCoolOff,WFH,
2026-07-23T15:20:00.000Z,Hall AC,75.7,96.3,45,76,0,0,compressorCoolOff,WFH,
2026-07-23T15:25:00.000Z,Hall AC,75.8,96.3,45,76,0,0,compressorCoolOff,WFH,
2026-07-23T15:30:00.000Z,Hall AC,76,96.3,45,74.8,180,180,compressorCoolOff,WFH,
2026-07-23T15:35:00.000Z,Hall AC,76.1,96.3,45,74,300,300,compressorCoolStage1On,WFH,auto
2026-07-23T15:40:00.000Z,Hall AC,75,96.3,43,74,300,300,compressorCoolStage1On,WFH,auto
2026-07-23T15:45:00.000Z,Hall AC,74.2,96.3,43,74,270,300,compressorCoolStage1On,WFH,auto
2026-07-23T15:50:00.000Z,Hall AC,73.8,96.3,43,74,0,15,compressorCoolOff,WFH,auto
2026-07-23T15:55:00.000Z,Hall AC,73.9,96.3,46,74,0,0,compressorCoolOff,WFH,auto
2026-07-23T16:00:00.000Z,Hall AC,74.3,98.8,47,74,105,105,compressorCoolOff,WFH,auto
2026-07-23T16:05:00.000Z,Hall AC,75.2,98.8,46,74,300,300,compressorCoolStage1On,WFH,auto
2026-07-23T16:10:00.000Z,Hall AC,75.5,98.8,45,74,300,300,compressorCoolStage1On,WFH,auto
2026-07-23T16:15:00.000Z,Hall AC,75,98.8,45,74,300,300,compressorCoolStage1On,WFH,auto
2026-07-23T16:20:00.000Z,Hall AC,74.8,98.8,45,74,300,300,compressorCoolStage1On,WFH,auto
2026-07-23T16:25:00.000Z,Hall AC,74.7,98.8,45,74,300,300,compressorCoolStage1On,WFH,auto
2026-07-23T16:30:00.000Z,Hall AC,74.4,99.4,45,74,300,300,compressorCoolStage1On,WFH,auto
2026-07-23T16:35:00.000Z,Hall AC,74.1,99.4,44,74,300,300,compressorCoolStage1On,WFH,auto
2026-07-23T16:40:00.000Z,Hall AC,74,99.4,44,74,120,165,compressorCoolStage1On,WFH,auto
2026-07-23T16:45:00.000Z,Hall AC,73.7,99.4,45,74,0,0,compressorCoolOff,WFH,auto
2026-07-23T16:50:00.000Z,Hall AC,73.7,99.4,46,74,0,0,compressorCoolOff,WFH,auto
2026-07-23T16:55:00.000Z,Hall AC,74.3,99.4,46,74,75,75,compressorCoolOff,WFH,auto
2026-07-23T17:00:00.000Z,Hall AC,75,100.6,45,74,300,300,compressorCoolStage1On,WFH,auto
2026-07-23T17:05:00.000Z,Hall AC,75,100.6,44,74,300,300,compressorCoolStage1On,WFH,auto
2026-07-23T17:10:00.000Z,Hall AC,74.9,100.6,45,74,300,300,compressorCoolStage1On,WFH,auto
2026-07-23T17:15:00.000Z,Hall AC,74.8,100.6,44,74,300,300,compressorCoolStage1On,WFH,auto
2026-07-23T17:20:00.000Z,Hall AC,74.5,100.6,44,74,300,300,compressorCoolStage1On,WFH,auto
2026-07-23T17:25:00.000Z,Hall AC,74.2,100.6,44,74,300,300,compressorCoolStage1On,WFH,auto
2026-07-23T17:30:00.000Z,Hall AC,74.1,101.7,44,75.5,75,105,compressorCoolStage1On,WFH,auto
2026-07-23T17:35:00.000Z,Hall AC,73.8,101.7,45,76,0,0,compressorCoolOff,WFH,
2026-07-23T17:40:00.000Z,Hall AC,74.2,101.7,46,76,0,0,compressorCoolOff,WFH,
2026-07-23T17:45:00.000Z,Hall AC,74.6,101.7,46,76,0,0,compressorCoolOff,WFH,
2026-07-23T17:50:00.000Z,Hall AC,74.7,101.7,46,76,0,0,compressorCoolOff,WFH,
2026-07-23T17:55:00.000Z,Hall AC,75.2,101.7,46,76,0,0,compressorCoolOff,WFH,
2026-07-23T18:00:00.000Z,Hall AC,75.5,102.8,47,76,0,0,compressorCoolOff,WFH,
2026-07-23T18:05:00.000Z,Hall AC,75.4,102.8,47,76,0,0,compressorCoolOff,WFH,
2026-07-23T18:10:00.000Z,Hall AC,75.6,102.8,47,76,0,0,compressorCoolOff,WFH,
2026-07-23T18:15:00.000Z,Hall AC,75.6,102.8,48,76,0,0,compressorCoolOff,WFH,
2026-07-23T18:20:00.000Z,Hall AC,75.8,102.8,48,76,0,0,compressorCoolOff,WFH,
2026-07-23T18:25:00.000Z,Hall AC,75.9,102.8,49,76,0,0,compressorCoolOff,WFH,
2026-07-23T18:30:00.000Z,Hall AC,75.9,102.8,49,76,0,0,compressorCoolOff,WFH,
2026-07-23T18:35:00.000Z,Hall AC,76.3,102.8,48,76,90,90,compressorCoolOff,WFH,
2026-07-23T18:40:00.000Z,Hall AC,76.7,102.8,48,75.1,300,300,compressorCoolStage1On,WFH,
2026-07-23T18:45:00.000Z,Hall AC,76.8,102.8,46,75,300,300,compressorCoolStage1On,WFH,auto
2026-07-23T18:50:00.000Z,Hall AC,76.9,102.8,45,75,300,300,compressorCoolStage1On,WFH,auto
2026-07-23T18:55:00.000Z,Hall AC,76.3,102.8,46,75,300,300,compressorCoolStage1On,WFH,auto
2026-07-23T19:00:00.000Z,Hall AC,75.6,105.1,46,75,300,300,compressorCoolStage1On,WFH,auto
2026-07-23T19:05:00.000Z,Hall AC,75.4,105.1,46,75,300,300,compressorCoolStage1On,WFH,auto
2026-07-23T19:10:00.000Z,Hall AC,75.5,105.1,45,75,300,300,compressorCoolStage1On,WFH,auto
2026-07-23T19:15:00.000Z,Hall AC,75.2,105.1,46,75,240,285,compressorCoolStage1On,WFH,auto
2026-07-23T19:20:00.000Z,Hall AC,74.7,105.1,46,75,0,0,compressorCoolOff,WFH,auto
2026-07-23T19:25:00.000Z,Hall AC,74.7,105.1,48,75,0,0,compressorCoolOff,WFH,auto
2026-07-23T19:30:00.000Z,Hall AC,75,105.1,47,75,0,0,compressorCoolOff,WFH,auto
2026-07-23T19:35:00.000Z,Hall AC,75.3,105.1,47,75.8,0,0,compressorCoolOff,WFH,auto
2026-07-23T19:40:00.000Z,Hall AC,75.8,105.1,47,76,0,0,compressorCoolOff,WFH,
2026-07-23T19:45:00.000Z,Hall AC,76.3,105.1,47,76,75,75,compressorCoolOff,WFH,
2026-07-23T19:50:00.000Z,Hall AC,77,105.1,45,76,300,300,compressorCoolStage1On,WFH,
2026-07-23T19:55:00.000Z,Hall AC,77.2,105.1,45,76,300,300,compressorCoolStage1On,WFH,
2026-07-23T20:00:00.000Z,Hall AC,76.9,106.7,45,76,300,300,compressorCoolStage1On,WFH,
2026-07-23T20:05:00.000Z,Hall AC,76.6,106.7,45,76,300,300,compressorCoolStage1On,WFH,
2026-07-23T20:10:00.000Z,Hall AC,76.2,106.7,46,76,255,300,compressorCoolStage1On,WFH,
2026-07-23T20:15:00.000Z,Hall AC,75.7,106.7,46,76,0,0,compressorCoolOff,WFH,
2026-07-23T20:20:00.000Z,Hall AC,75.7,106.7,48,76,0,0,compressorCoolOff,WFH,
2026-07-23T20:25:00.000Z,Hall AC,75.9,106.7,48,76,0,0,compressorCoolOff,WFH,
2026-07-23T20:30:00.000Z,Hall AC,76.4,107.2,47,75,300,300,compressorCoolStage1On,WFH,auto
2026-07-23T20:35:00.000Z,Hall AC,76.7,107.2,44,75,300,300,compressorCoolStage1On,WFH,auto
2026-07-23T20:40:00.000Z,Hall AC,76.2,107.2,44,75,300,300,compressorCoolStage1On,WFH,auto
2026-07-23T20:45:00.000Z,Hall AC,75.7,107.2,44,75,300,300,compressorCoolStage1On,WFH,auto
2026-07-23T20:50:00.000Z,Hall AC,75.3,107.2,44,75,300,300,compressorCoolStage1On,WFH,auto
2026-07-23T20:55:00.000Z,Hall AC,75.2,107.2,45,75,300,300,compressorCoolStage1On,WFH,auto
2026-07-23T21:00:00.000Z,Hall AC,74.9,107.4,45,75,180,225,compressorCoolStage1On,WFH,auto
2026-07-23T21:05:00.000Z,Hall AC,74.6,107.4,45,75,0,0,compressorCoolOff,WFH,auto
2026-07-23T21:10:00.000Z,Hall AC,74.6,107.4,47,75,0,0,compressorCoolOff,WFH,auto
2026-07-23T21:15:00.000Z,Hall AC,75,107.4,47,75,0,0,compressorCoolOff,WFH,auto
2026-07-23T21:20:00.000Z,Hall AC,75.7,107.4,47,75,225,225,compressorCoolOff,WFH,auto
2026-07-23T21:25:00.000Z,Hall AC,76.4,107.4,44,75,300,300,compressorCoolStage1On,WFH,auto
2026-07-23T21:30:00.000Z,Hall AC,76.2,107.4,44,75,300,300,compressorCoolStage1On,WFH,auto
2026-07-23T21:35:00.000Z,Hall AC,75.6,107.4,44,75,300,300,compressorCoolStage1On,WFH,auto
2026-07-23T21:40:00.000Z,Hall AC,75.3,107.4,44,75,300,300,compressorCoolStage1On,WFH,auto
2026-07-23T21:45:00.000Z,Hall AC,74.9,107.4,44,75,90,135,compressorCoolStage1On,WFH,auto
2026-07-23T21:50:00.000Z,Hall AC,74.2,107.4,46,75.8,0,0,compressorCoolOff,WFH,auto
2026-07-23T21:55:00.000Z,Hall AC,74.2,107.4,47,76,0,0,compressorCoolOff,WFH,
2026-07-23T22:00:00.000Z,Hall AC,74.6,108.1,47,76,0,0,compressorCoolOff,WFH,
2026-07-23T22:05:00.000Z,Hall AC,75,108.1,47,76,0,0,compressorCoolOff,WFH,
2026-07-23T22:10:00.000Z,Hall AC,75.4,108.1,45,76,0,0,compressorCoolOff,WFH,
2026-07-23T22:15:00.000Z,Hall AC,75.8,108.1,45,76,0,0,compressorCoolOff,WFH,
2026-07-23T22:20:00.000Z,Hall AC,76,108.1,45,76,0,0,compressorCoolOff,WFH,
2026-07-23T22:25:00.000Z,Hall AC,76.5,108.1,44,76,195,195,compressorCoolOff,WFH,
2026-07-23T22:30:00.000Z,Hall AC,76.7,108.1,43,76,300,300,compressorCoolStage1On,WFH,
2026-07-23T22:35:00.000Z,Hall AC,76.6,108.1,43,76,300,300,compressorCoolStage1On,WFH,
2026-07-23T22:40:00.000Z,Hall AC,75.9,108.1,45,76,120,165,compressorCoolStage1On,WFH,
2026-07-23T22:45:00.000Z,Hall AC,75,108.1,46,76,0,0,compressorCoolOff,WFH,
2026-07-23T22:50:00.000Z,Hall AC,74.9,108.1,47,76,0,0,compressorCoolOff,WFH,
2026-07-23T22:55:00.000Z,Hall AC,75.1,108.1,46,76,0,0,compressorCoolOff,WFH,
2026-07-23T23:00:00.000Z,Hall AC,75.5,108.1,46,76,0,0,compressorCoolOff,WFH,
2026-07-23T23:05:00.000Z,Hall AC,75.9,108.1,45,76,0,0,compressorCoolOff,WFH,
2026-07-23T23:10:00.000Z,Hall AC,76.1,108.1,44,76,0,0,compressorCoolOff,WFH,
2026-07-23T23:15:00.000Z,Hall AC,76.2,108.1,44,76,0,0,compressorCoolOff,WFH,
2026-07-23T23:20:00.000Z,Hall AC,76.6,108.1,44,76,210,210,compressorCoolOff,WFH,
2026-07-23T23:25:00.000Z,Hall AC,77.3,108.1,44,76,300,300,compressorCoolStage1On,WFH,
2026-07-23T23:30:00.000Z,Hall AC,76.7,108.1,44,76,300,300,compressorCoolStage1On,WFH,
2026-07-23T23:35:00.000Z,Hall AC,76.2,108.1,45,76,300,300,compressorCoolStage1On,WFH,
2026-07-23T23:40:00.000Z,Hall AC,75.7,108.1,46,76,300,300,compressorCoolStage1On,WFH,(SmartRecovery)
2026-07-23T23:45:00.000Z,Hall AC,75.2,108.1,46,76,300,300,compressorCoolStage1On,WFH,(SmartRecovery)
2026-07-23T23:50:00.000Z,Hall AC,74.9,108.1,46,76,120,165,compressorCoolStage1On,WFH,(SmartRecovery)
2026-07-23T23:55:00.000Z,Hall AC,74.4,108.1,46,75.5,0,0,compressorCoolOff,WFH,
2026-07-24T00:00:00.000Z,Hall AC,74.6,108.4,47,75,0,0,compressorCoolOff,Home,
2026-07-24T00:05:00.000Z,Hall AC,75.5,108.4,46,75,270,270,compressorCoolOff,Home,
2026-07-24T00:10:00.000Z,Hall AC,76,108.4,45,75,300,300,compressorCoolStage1On,Home,
2026-07-24T00:15:00.000Z,Hall AC,75.7,108.4,45,75,300,300,compressorCoolStage1On,Home,
2026-07-24T00:20:00.000Z,Hall AC,75.3,108.4,45,75,300,300,compressorCoolStage1On,Home,
2026-07-24T00:25:00.000Z,Hall AC,75.1,108.4,46,75,270,300,compressorCoolStage1On,Home,
2026-07-24T00:30:00.000Z,Hall AC,74.6,107.9,47,75,0,15,compressorCoolOff,Home,
2026-07-24T00:35:00.000Z,Hall AC,74.3,107.9,47,75,0,0,compressorCoolOff,Home,
2026-07-24T00:40:00.000Z,Hall AC,74.7,107.9,48,75,0,0,compressorCoolOff,Home,
2026-07-24T00:45:00.000Z,Hall AC,75.4,107.9,47,75,255,255,compressorCoolOff,Home,
2026-07-24T00:50:00.000Z,Hall AC,76.2,107.9,46,75,300,300,compressorCoolStage1On,Home,
2026-07-24T00:55:00.000Z,Hall AC,76.1,107.9,46,75,300,300,compressorCoolStage1On,Home,
2026-07-24T01:00:00.000Z,Hall AC,75.7,106.9,46,75,300,300,compressorCoolStage1On,Home,
2026-07-24T01:05:00.000Z,Hall AC,75.3,106.9,47,75,300,300,compressorCoolStage1On,Home,
2026-07-24T01:10:00.000Z,Hall AC,74.9,106.9,46,75,105,150,compressorCoolStage1On,Home,
2026-07-24T01:15:00.000Z,Hall AC,74.4,106.9,48,75,0,0,compressorCoolOff,Home,
2026-07-24T01:20:00.000Z,Hall AC,74.4,106.9,49,75,0,0,compressorCoolOff,Home,
2026-07-24T01:25:00.000Z,Hall AC,75.2,106.9,48,75,180,180,compressorCoolOff,Home,
2026-07-24T01:30:00.000Z,Hall AC,76,106.9,46,75,300,300,compressorCoolStage1On,Home,
2026-07-24T01:35:00.000Z,Hall AC,75.8,106.9,45,75.1,255,285,compressorCoolStage1On,Home,
2026-07-24T01:40:00.000Z,Hall AC,75.2,106.9,45,76,0,0,compressorCoolOff,Home,auto
2026-07-24T01:45:00.000Z,Hall AC,74.7,106.9,45,76,0,0,compressorCoolOff,Home,auto
2026-07-24T01:50:00.000Z,Hall AC,75.2,106.9,44,76,0,0,compressorCoolOff,Home,auto
2026-07-24T01:55:00.000Z,Hall AC,75.6,106.9,44,75.8,45,45,compressorCoolOff,Home,auto
2026-07-24T02:00:00.000Z,Hall AC,76,106.1,43,75,300,300,compressorCoolStage1On,Home,auto
2026-07-24T02:05:00.000Z,Hall AC,76,106.1,42,75,300,300,compressorCoolStage1On,Home,auto
2026-07-24T02:10:00.000Z,Hall AC,75.8,106.1,43,75,300,300,compressorCoolStage1On,Home,auto
2026-07-24T02:15:00.000Z,Hall AC,75.3,106.1,43,75,300,300,compressorCoolStage1On,Home,auto
2026-07-24T02:20:00.000Z,Hall AC,74.9,106.1,43,75,15,60,compressorCoolStage1On,Home,auto
2026-07-24T02:25:00.000Z,Hall AC,74.6,106.1,44,75,0,0,compressorCoolOff,Home,
2026-07-24T02:30:00.000Z,Hall AC,74.7,106.1,44,75,0,0,compressorCoolOff,Home,
2026-07-24T02:35:00.000Z,Hall AC,75.1,106.1,44,75,0,0,compressorCoolOff,Home,
2026-07-24T02:40:00.000Z,Hall AC,75.6,106.1,43,75,255,255,compressorCoolOff,Home,
2026-07-24T02:45:00.000Z,Hall AC,75.6,106.1,42,75,300,300,compressorCoolStage1On,Home,
2026-07-24T02:50:00.000Z,Hall AC,75.5,106.1,43,75,300,300,compressorCoolStage1On,Home,
2026-07-24T02:55:00.000Z,Hall AC,74.8,106.1,43,75,60,105,compressorCoolStage1On,Home,
2026-07-24T03:00:00.000Z,Hall AC,74.5,103.3,44,75,0,0,compressorCoolOff,Home,
2026-07-24T03:05:00.000Z,Hall AC,74.7,103.3,44,75,0,0,compressorCoolOff,Home,
2026-07-24T03:10:00.000Z,Hall AC,75.2,103.3,44,75,45,45,compressorCoolOff,Home,
2026-07-24T03:15:00.000Z,Hall AC,75.8,103.3,43,75,300,300,compressorCoolStage1On,Home,
2026-07-24T03:20:00.000Z,Hall AC,75.6,103.3,43,75,300,300,compressorCoolStage1On,Home,
2026-07-24T03:25:00.000Z,Hall AC,74.9,103.3,43,75,45,90,compressorCoolStage1On,Home,
2026-07-24T03:30:00.000Z,Hall AC,74.3,103.6,44,75,0,0,compressorCoolOff,Home,
2026-07-24T03:35:00.000Z,Hall AC,74.6,103.6,44,75,0,0,compressorCoolOff,Home,
2026-07-24T03:40:00.000Z,Hall AC,74.8,103.6,44,75,0,0,compressorCoolOff,Home,
2026-07-24T03:45:00.000Z,Hall AC,75.1,103.6,44,75,0,0,compressorCoolOff,Home,
2026-07-24T03:50:00.000Z,Hall AC,75.3,103.6,44,75,60,60,compressorCoolOff,Home,
2026-07-24T03:55:00.000Z,Hall AC,75.1,103.6,42,75,300,300,compressorCoolStage1On,Home,
2026-07-24T04:00:00.000Z,Hall AC,74.5,101.6,43,75,300,300,compressorCoolStage1On,Home,(SmartRecovery)
2026-07-24T04:05:00.000Z,Hall AC,73.2,101.6,42,75,225,270,compressorCoolStage1On,Home,(SmartRecovery)
2026-07-24T04:10:00.000Z,Hall AC,72.7,101.6,42,75,0,0,compressorCoolOff,Home,
2026-07-24T04:15:00.000Z,Hall AC,73.2,101.6,43,75,0,0,compressorCoolOff,Home,
2026-07-24T04:20:00.000Z,Hall AC,74.2,101.6,42,75,300,300,compressorCoolStage1On,Home,(SmartRecovery)
2026-07-24T04:25:00.000Z,Hall AC,74.5,101.6,40,74,300,300,compressorCoolStage1On,Home,(SmartRecovery)
2026-07-24T04:30:00.000Z,Hall AC,74,101.6,41,73,300,300,compressorCoolStage1On,Sleep,
2026-07-24T04:35:00.000Z,Hall AC,73.1,101.6,41,73,195,240,compressorCoolStage1On,Sleep,
2026-07-24T04:40:00.000Z,Hall AC,72.4,101.6,42,73,0,0,compressorCoolOff,Sleep,
2026-07-24T04:45:00.000Z,Hall AC,72.4,101.6,43,73,0,0,compressorCoolOff,Sleep,
2026-07-24T04:50:00.000Z,Hall AC,72.8,101.6,44,73,15,15,compressorCoolOff,Sleep,
2026-07-24T04:55:00.000Z,Hall AC,73.3,101.6,43,73,300,300,compressorCoolStage1On,Sleep,
2026-07-24T05:00:00.000Z,Hall AC,73.4,102,42,73,300,300,compressorCoolStage1On,Sleep,
2026-07-24T05:05:00.000Z,Hall AC,72.8,102,42,73,75,120,compressorCoolStage1On,Sleep,
2026-07-24T05:10:00.000Z,Hall AC,72.2,102,43,73,0,0,compressorCoolOff,Sleep,
2026-07-24T05:15:00.000Z,Hall AC,72.4,102,44,73,0,0,compressorCoolOff,Sleep,
2026-07-24T05:20:00.000Z,Hall AC,72.8,102,44,73,60,60,compressorCoolOff,Sleep,
2026-07-24T05:25:00.000Z,Hall AC,73.4,102,42,73,300,300,compressorCoolStage1On,Sleep,
2026-07-24T05:30:00.000Z,Hall AC,73.3,102,42,73,285,300,compressorCoolStage1On,Sleep,
2026-07-24T05:35:00.000Z,Hall AC,72.5,102,42,73,0,30,compressorCoolOff,Sleep,
2026-07-24T05:40:00.000Z,Hall AC,72.1,102,43,73,0,0,compressorCoolOff,Sleep,
2026-07-24T05:45:00.000Z,Hall AC,72.2,102,44,73,0,0,compressorCoolOff,Sleep,
2026-07-24T05:50:00.000Z,Hall AC,72.9,102,43,73,105,105,compressorCoolOff,Sleep,
2026-07-24T05:55:00.000Z,Hall AC,73.5,102,42,73,300,300,compressorCoolStage1On,Sleep,
2026-07-24T06:00:00.000Z,Hall AC,73.2,100.7,42,73,255,300,compressorCoolStage1On,Sleep,
2026-07-24T06:05:00.000Z,Hall AC,72.4,100.7,42,73,0,0,compressorCoolOff,Sleep,
2026-07-24T06:10:00.000Z,Hall AC,72.1,100.7,43,73,0,0,compressorCoolOff,Sleep,
2026-07-24T06:15:00.000Z,Hall AC,72.4,100.7,44,73,0,0,compressorCoolOff,Sleep,
2026-07-24T06:20:00.000Z,Hall AC,72.3,100.7,43,73,0,0,compressorCoolOff,Sleep,
2026-07-24T06:25:00.000Z,Hall AC,72.8,100.7,43,73,75,75,compressorCoolOff,Sleep,
2026-07-24T06:30:00.000Z,Hall AC,73.3,100.7,41,73,300,300,compressorCoolStage1On,Sleep,
2026-07-24T06:35:00.000Z,Hall AC,73.2,100.7,40,73,285,300,compressorCoolStage1On,Sleep,
2026-07-24T06:40:00.000Z,Hall AC,72.4,100.7,41,73,0,30,compressorCoolOff,Sleep,
2026-07-24T06:45:00.000Z,Hall AC,71.8,100.7,43,73,0,0,compressorCoolOff,Sleep,
2026-07-24T06:50:00.000Z,Hall AC,72,100.7,44,73,0,0,compressorCoolOff,Sleep,
2026-07-24T06:55:00.000Z,Hall AC,72.6,100.7,42,73,0,0,compressorCoolOff,Sleep,
2026-07-24T07:00:00.000Z,Hall AC,72.9,98.9,42,73,90,90,compressorCoolOff,Sleep,
2026-07-24T07:05:00.000Z,Hall AC,73.3,98.9,40,73,300,300,compressorCoolStage1On,Sleep,
2026-07-24T07:10:00.000Z,Hall AC,73,98.9,40,73,180,225,compressorCoolStage1On,Sleep,
2026-07-24T07:15:00.000Z,Hall AC,72,98.9,42,73,0,0,compressorCoolOff,Sleep,
2026-07-24T07:20:00.000Z,Hall AC,72.2,98.9,42,73,0,0,compressorCoolOff,Sleep,
2026-07-24T07:25:00.000Z,Hall AC,72.5,98.9,42,73,0,0,compressorCoolOff,Sleep,
2026-07-24T07:30:00.000Z,Hall AC,72.4,98.9,42,73,0,0,compressorCoolOff,Sleep,
2026-07-24T07:35:00.000Z,Hall AC,72.8,98.9,42,73,45,45,compressorCoolOff,Sleep,
2026-07-24T07:40:00.000Z,Hall AC,73.5,98.9,40,73,300,300,compressorCoolStage1On,Sleep,
2026-07-24T07:45:00.000Z,Hall AC,73.3,98.9,40,73,300,300,compressorCoolStage1On,Sleep,
2026-07-24T07:50:00.000Z,Hall AC,72.3,98.9,41,73,45,90,compressorCoolStage1On,Sleep,
2026-07-24T07:55:00.000Z,Hall AC,71.6,98.9,43,73,0,0,compressorCoolOff,Sleep,
2026-07-24T08:00:00.000Z,Hall AC,72.1,96.9,42,73,0,0,compressorCoolOff,Sleep,
2026-07-24T08:05:00.000Z,Hall AC,72.6,96.9,42,73,0,0,compressorCoolOff,Sleep,
2026-07-24T08:10:00.000Z,Hall AC,72.7,96.9,42,73,0,0,compressorCoolOff,Sleep,
2026-07-24T08:15:00.000Z,Hall AC,72.6,96.9,42,73,0,0,compressorCoolOff,Sleep,
2026-07-24T08:20:00.000Z,Hall AC,73.2,96.9,41,73,240,240,compressorCoolOff,Sleep,
2026-07-24T08:25:00.000Z,Hall AC,73.4,96.9,40,73,300,300,compressorCoolStage1On,Sleep,
2026-07-24T08:30:00.000Z,Hall AC,72.8,97.3,41,73,135,180,compressorCoolStage1On,Sleep,
2026-07-24T08:35:00.000Z,Hall AC,71.6,97.3,42,73,0,0,compressorCoolOff,Sleep,
2026-07-24T08:40:00.000Z,Hall AC,72,97.3,43,73,0,0,compressorCoolOff,Sleep,
2026-07-24T08:45:00.000Z,Hall AC,72.4,97.3,42,73,0,0,compressorCoolOff,Sleep,
2026-07-24T08:50:00.000Z,Hall AC,72.7,97.3,42,73,0,0,compressorCoolOff,Sleep,
2026-07-24T08:55:00.000Z,Hall AC,72.7,97.3,42,73,0,0,compressorCoolOff,Sleep,
2026-07-24T09:00:00.000Z,Hall AC,72.8,96.7,42,73,0,0,compressorCoolOff,Sleep,
2026-07-24T09:05:00.000Z,Hall AC,73.4,96.7,41,73,180,180,compressorCoolOff,Sleep,
2026-07-24T09:10:00.000Z,Hall AC,73.4,96.7,41,73,255,300,compressorCoolStage1On,Sleep,
2026-07-24T09:15:00.000Z,Hall AC,72.9,96.7,42,73,0,0,compressorCoolOff,Sleep,
2026-07-24T09:20:00.000Z,Hall AC,72.6,96.7,42,73,0,0,compressorCoolOff,Sleep,
2026-07-24T09:25:00.000Z,Hall AC,72.3,96.7,42,73,0,0,compressorCoolOff,Sleep,
2026-07-24T09:30:00.000Z,Hall AC,72.7,95.7,42,73,0,0,compressorCoolOff,Sleep,
2026-07-24T09:35:00.000Z,Hall AC,73.2,95.7,42,73,0,0,compressorCoolOff,Sleep,
2026-07-24T09:40:00.000Z,Hall AC,73.3,95.7,42,73,0,0,compressorCoolOff,Sleep,
2026-07-24T09:45:00.000Z,Hall AC,73,95.7,42,73,0,0,compressorCoolOff,Sleep,
2026-07-24T09:50:00.000Z,Hall AC,73.7,95.7,41,73,255,255,compressorCoolOff,Sleep,
2026-07-24T09:55:00.000Z,Hall AC,73.8,95.7,40,73,300,300,compressorCoolStage1On,Sleep,
2026-07-24T10:00:00.000Z,Hall AC,73,94.8,41,73,165,210,compressorCoolStage1On,Sleep,
2026-07-24T10:05:00.000Z,Hall AC,71.8,94.8,42,73,0,0,compressorCoolOff,Sleep,
2026-07-24T10:10:00.000Z,Hall AC,72,94.8,43,73,0,0,compressorCoolOff,Sleep,
2026-07-24T10:15:00.000Z,Hall AC,72.6,94.8,42,73,0,0,compressorCoolOff,Sleep,
2026-07-24T10:20:00.000Z,Hall AC,72.7,94.8,42,73,0,0,compressorCoolOff,Sleep,
2026-07-24T10:25:00.000Z,Hall AC,72.7,94.8,42,73,0,0,compressorCoolOff,Sleep,
2026-07-24T10:30:00.000Z,Hall AC,72.7,94.8,42,73,30,30,compressorCoolOff,Sleep,
2026-07-24T10:35:00.000Z,Hall AC,73.6,94.8,41,73,300,300,compressorCoolStage1On,Sleep,
2026-07-24T10:40:00.000Z,Hall AC,73.5,94.8,40,73,300,300,compressorCoolStage1On,Sleep,
2026-07-24T10:45:00.000Z,Hall AC,72.6,94.8,41,73,90,135,compressorCoolStage1On,Sleep,
2026-07-24T10:50:00.000Z,Hall AC,71.5,94.8,43,73,0,0,compressorCoolOff,Sleep,
2026-07-24T10:55:00.000Z,Hall AC,72,94.8,43,73,0,0,compressorCoolOff,Sleep,
2026-07-24T11:00:00.000Z,Hall AC,72.5,93.4,42,73,0,0,compressorCoolOff,Sleep,
2026-07-24T11:05:00.000Z,Hall AC,72.7,93.4,42,73,0,0,compressorCoolOff,Sleep,
2026-07-24T11:10:00.000Z,Hall AC,72.6,93.4,42,73,0,0,compressorCoolOff,Sleep,
2026-07-24T11:15:00.000Z,Hall AC,72.9,93.4,42,73,120,120,compressorCoolOff,Sleep,
2026-07-24T11:20:00.000Z,Hall AC,73.5,93.4,40,73,300,300,compressorCoolStage1On,Sleep,
2026-07-24T11:25:00.000Z,Hall AC,73.1,93.4,41,73,180,225,compressorCoolStage1On,Sleep,
2026-07-24T11:30:00.000Z,Hall AC,71.8,93.4,42,73,0,0,compressorCoolOff,Sleep,
2026-07-24T11:35:00.000Z,Hall AC,71.9,93.4,44,73,0,0,compressorCoolOff,Sleep,
2026-07-24T11:40:00.000Z,Hall AC,72.5,93.4,42,73,0,0,compressorCoolOff,Sleep,
2026-07-24T11:45:00.000Z,Hall AC,72.7,93.4,42,73,0,0,compressorCoolOff,Sleep,
2026-07-24T11:50:00.000Z,Hall AC,72.6,93.4,42,73,0,0,compressorCoolOff,Sleep,
2026-07-24T11:55:00.000Z,Hall AC,72.6,93.4,42,73,0,0,compressorCoolOff,Sleep,
2026-07-24T12:00:00.000Z,Hall AC,73.5,92.8,41,73,285,285,compressorCoolOff,Sleep,
2026-07-24T12:05:00.000Z,Hall AC,73.7,92.8,41,73,300,300,compressorCoolStage1On,Sleep,
2026-07-24T12:10:00.000Z,Hall AC,72.5,92.8,43,73,45,90,compressorCoolStage1On,Sleep,
2026-07-24T12:15:00.000Z,Hall AC,71.7,92.8,46,73,0,0,compressorCoolOff,Sleep,
2026-07-24T12:20:00.000Z,Hall AC,72.5,92.8,45,73,0,0,compressorCoolOff,Sleep,
2026-07-24T12:25:00.000Z,Hall AC,73.1,92.8,44,73,225,225,compressorCoolOff,Sleep,
2026-07-24T12:30:00.000Z,Hall AC,72.7,92.8,44,73.7,75,120,compressorCoolStage1On,Sleep,
2026-07-24T12:35:00.000Z,Hall AC,72.5,92.8,45,74,0,0,compressorCoolOff,Sleep,
2026-07-24T12:40:00.000Z,Hall AC,72.2,92.8,45,74,0,0,compressorCoolOff,Sleep,
2026-07-24T12:45:00.000Z,Hall AC,72.3,92.8,45,74,0,0,compressorCoolOff,Sleep,
2026-07-24T12:50:00.000Z,Hall AC,72.6,92.8,46,74,0,0,compressorCoolOff,Sleep,
2026-07-24T12:55:00.000Z,Hall AC,73.1,92.8,46,74,0,0,compressorCoolOff,Sleep,
2026-07-24T13:00:00.000Z,Hall AC,73.7,92,45,74,0,0,compressorCoolOff,Sleep,
2026-07-24T13:05:00.000Z,Hall AC,73.9,92,44,74,90,90,compressorCoolOff,Sleep,
2026-07-24T13:10:00.000Z,Hall AC,73.9,92,41,74,210,255,compressorCoolStage1On,Sleep,
2026-07-24T13:15:00.000Z,Hall AC,73.2,92,42,74,0,0,compressorCoolOff,Sleep,
2026-07-24T13:20:00.000Z,Hall AC,73.1,92,43,74,0,0,compressorCoolOff,Sleep,
2026-07-24T13:25:00.000Z,Hall AC,73.3,92,42,74,0,0,compressorCoolOff,Sleep,
2026-07-24T13:30:00.000Z,Hall AC,73.7,93.1,42,74,0,0,compressorCoolOff,Sleep,
2026-07-24T13:35:00.000Z,Hall AC,74.1,93.1,43,74,210,210,compressorCoolOff,Sleep,
2026-07-24T13:40:00.000Z,Hall AC,74.1,93.1,42,74,90,135,compressorCoolStage1On,Sleep,
2026-07-24T13:45:00.000Z,Hall AC,74,93.1,43,74,195,195,compressorCoolOff,Sleep,
2026-07-24T13:50:00.000Z,Hall AC,73.6,93.1,43,74,105,150,compressorCoolStage1On,Sleep,
2026-07-24T13:55:00.000Z,Hall AC,73.3,93.1,44,74,0,0,compressorCoolOff,Sleep,
2026-07-24T14:00:00.000Z,Hall AC,73.4,94.6,45,74,0,0,compressorCoolOff,Sleep,
2026-07-24T14:05:00.000Z,Hall AC,73.8,94.6,45,74,0,0,compressorCoolOff,Sleep,
2026-07-24T14:10:00.000Z,Hall AC,74.2,94.6,44,74,255,255,compressorCoolOff,Sleep,
2026-07-24T14:15:00.000Z,Hall AC,74,94.6,42,74,165,210,compressorCoolStage1On,Sleep,
2026-07-24T14:20:00.000Z,Hall AC,73.3,94.6,44,74,0,0,compressorCoolOff,Sleep,
2026-07-24T14:25:00.000Z,Hall AC,73.4,94.6,45,75,0,0,compressorCoolOff,Sleep,
2026-07-24T14:30:00.000Z,Hall AC,73.8,94.6,46,76,0,0,compressorCoolOff,WFH,
2026-07-24T14:35:00.000Z,Hall AC,74.3,94.6,45,76,0,0,compressorCoolOff,WFH,
2026-07-24T14:40:00.000Z,Hall AC,74.7,94.6,46,76,0,0,compressorCoolOff,WFH,
2026-07-24T14:45:00.000Z,Hall AC,74.9,94.6,46,76,0,0,compressorCoolOff,WFH,
2026-07-24T14:50:00.000Z,Hall AC,75.3,94.6,46,76,0,0,compressorCoolOff,WFH,
2026-07-24T14:55:00.000Z,Hall AC,75.4,94.6,46,76,0,0,compressorCoolOff,WFH,
2026-07-24T15:00:00.000Z,Hall AC,75.5,97.3,45,76,0,0,compressorCoolOff,WFH,
2026-07-24T15:05:00.000Z,Hall AC,75.6,97.3,45,76,0,0,compressorCoolOff,WFH,
2026-07-24T15:10:00.000Z,Hall AC,75.8,97.3,44,75.2,225,225,compressorCoolOff,WFH,
2026-07-24T15:15:00.000Z,Hall AC,75.5,97.3,41,75,300,300,compressorCoolStage1On,WFH,hold
2026-07-24T15:20:00.000Z,Hall AC,75.1,97.3,41,75,270,300,compressorCoolStage1On,WFH,hold
2026-07-24T15:25:00.000Z,Hall AC,74.7,97.3,41,75,0,15,compressorCoolOff,WFH,hold
2026-07-24T15:30:00.000Z,Hall AC,74.6,97.3,43,75,0,0,compressorCoolOff,WFH,hold
2026-07-24T15:35:00.000Z,Hall AC,74.9,97.3,44,75,0,0,compressorCoolOff,WFH,hold
2026-07-24T15:40:00.000Z,Hall AC,75.2,97.3,43,75,0,0,compressorCoolOff,WFH,hold
2026-07-24T15:45:00.000Z,Hall AC,75.5,97.3,42,75,270,270,compressorCoolOff,WFH,hold
2026-07-24T15:50:00.000Z,Hall AC,75.5,97.3,39,75,300,300,compressorCoolStage1On,WFH,hold
2026-07-24T15:55:00.000Z,Hall AC,75.2,97.3,40,75,300,300,compressorCoolStage1On,WFH,hold
2026-07-24T16:00:00.000Z,Hall AC,74.8,99.4,41,75,60,105,compressorCoolStage1On,WFH,hold
2026-07-24T16:05:00.000Z,Hall AC,74.4,99.4,42,75,0,0,compressorCoolOff,WFH,hold
2026-07-24T16:10:00.000Z,Hall AC,75,99.4,43,75,0,0,compressorCoolOff,WFH,hold
2026-07-24T16:15:00.000Z,Hall AC,75.5,99.4,44,75,150,150,compressorCoolOff,WFH,hold
2026-07-24T16:20:00.000Z,Hall AC,75.9,99.4,42,75,300,300,compressorCoolStage1On,WFH,hold
2026-07-24T16:25:00.000Z,Hall AC,75.4,99.4,41,75,300,300,compressorCoolStage1On,WFH,hold
2026-07-24T16:30:00.000Z,Hall AC,74.9,101.2,42,75,30,75,compressorCoolStage1On,WFH,hold
2026-07-24T16:35:00.000Z,Hall AC,74.9,101.2,44,75,0,0,compressorCoolOff,WFH,hold
2026-07-24T16:40:00.000Z,Hall AC,75.2,101.2,44,75,0,0,compressorCoolOff,WFH,hold
2026-07-24T16:45:00.000Z,Hall AC,75.6,101.2,43,75,270,270,compressorCoolOff,WFH,hold
2026-07-24T16:50:00.000Z,Hall AC,75.4,101.2,42,75,300,300,compressorCoolStage1On,WFH,hold
2026-07-24T16:55:00.000Z,Hall AC,75.1,101.2,41,75,255,300,compressorCoolStage1On,WFH,hold
2026-07-24T17:00:00.000Z,Hall AC,74.9,102.2,42,75,0,0,compressorCoolOff,WFH,hold
2026-07-24T17:05:00.000Z,Hall AC,75.3,102.2,44,75,15,15,compressorCoolOff,WFH,hold
2026-07-24T17:10:00.000Z,Hall AC,75.6,102.2,43,75,300,300,compressorCoolStage1On,WFH,hold
2026-07-24T17:15:00.000Z,Hall AC,75.6,102.2,42,75,300,300,compressorCoolStage1On,WFH,hold
2026-07-24T17:20:00.000Z,Hall AC,75.3,102.2,42,75,270,300,compressorCoolStage1On,WFH,hold
2026-07-24T17:25:00.000Z,Hall AC,75,102.2,42,75,0,15,compressorCoolOff,WFH,hold
2026-07-24T17:30:00.000Z,Hall AC,75.1,103.4,44,75,0,0,compressorCoolOff,WFH,hold
2026-07-24T17:35:00.000Z,Hall AC,75.4,103.4,45,75,150,150,compressorCoolOff,WFH,hold
2026-07-24T17:40:00.000Z,Hall AC,75.7,103.4,43,75,300,300,compressorCoolStage1On,WFH,hold
2026-07-24T17:45:00.000Z,Hall AC,75.2,103.4,42,75,180,225,compressorCoolStage1On,WFH,hold
2026-07-24T17:50:00.000Z,Hall AC,74.8,103.4,43,75,0,0,compressorCoolOff,WFH,hold
2026-07-24T17:55:00.000Z,Hall AC,74.8,103.4,44,75,0,0,compressorCoolOff,WFH,hold
2026-07-24T18:00:00.000Z,Hall AC,75.3,104.6,45,75,75,75,compressorCoolOff,WFH,hold
2026-07-24T18:05:00.000Z,Hall AC,75.7,104.6,43,75,300,300,compressorCoolStage1On,WFH,hold
2026-07-24T18:10:00.000Z,Hall AC,75.1,104.6,42,75,135,180,compressorCoolStage1On,WFH,hold
2026-07-24T18:15:00.000Z,Hall AC,74.9,104.6,44,75,0,0,compressorCoolOff,WFH,hold
2026-07-24T18:20:00.000Z,Hall AC,75.2,104.6,45,75,15,15,compressorCoolOff,WFH,hold
2026-07-24T18:25:00.000Z,Hall AC,75.7,104.6,43,75,300,300,compressorCoolStage1On,WFH,hold
2026-07-24T18:30:00.000Z,Hall AC,75.7,104.6,42,75,300,300,compressorCoolStage1On,WFH,hold
2026-07-24T18:35:00.000Z,Hall AC,75.5,104.6,42,75,300,300,compressorCoolStage1On,WFH,hold
2026-07-24T18:40:00.000Z,Hall AC,75,104.6,42,75,105,150,compressorCoolStage1On,WFH,hold
2026-07-24T18:45:00.000Z,Hall AC,74.8,104.6,44,75,0,0,compressorCoolOff,WFH,hold
2026-07-24T18:50:00.000Z,Hall AC,75.3,104.6,44,75,120,120,compressorCoolOff,WFH,hold
2026-07-24T18:55:00.000Z,Hall AC,76.4,104.6,44,75,300,300,compressorCoolStage1On,WFH,hold
2026-07-24T19:00:00.000Z,Hall AC,76.3,107.1,44,75,300,300,compressorCoolStage1On,WFH,hold
2026-07-24T19:05:00.000Z,Hall AC,75.5,107.1,44,75,270,300,compressorCoolStage1On,WFH,hold
2026-07-24T19:10:00.000Z,Hall AC,74.4,107.1,45,75,0,15,compressorCoolOff,WFH,hold
2026-07-24T19:15:00.000Z,Hall AC,74,107.1,47,75,0,0,compressorCoolOff,WFH,hold
2026-07-24T19:20:00.000Z,Hall AC,74.7,107.1,47,74.9,0,30,compressorCoolOff,WFH,hold
2026-07-24T19:25:00.000Z,Hall AC,75.8,107.1,44,73.3,30,30,compressorCoolOff,WFH,auto
2026-07-24T19:30:00.000Z,Hall AC,76.5,107.1,45,73,300,300,compressorCoolStage1On,WFH,auto
2026-07-24T19:35:00.000Z,Hall AC,76.8,107.1,45,73,300,300,compressorCoolStage1On,WFH,auto
2026-07-24T19:40:00.000Z,Hall AC,76.1,107.1,45,73,300,300,compressorCoolStage1On,WFH,auto
2026-07-24T19:45:00.000Z,Hall AC,75.3,107.1,46,73,300,300,compressorCoolStage1On,WFH,auto
2026-07-24T19:50:00.000Z,Hall AC,74.4,107.1,46,73,300,300,compressorCoolStage1On,WFH,auto
2026-07-24T19:55:00.000Z,Hall AC,73.9,107.1,47,73,300,300,compressorCoolStage1On,WFH,auto
2026-07-24T20:00:00.000Z,Hall AC,74.1,108.7,47,73,300,300,compressorCoolStage1On,WFH,auto
2026-07-24T20:05:00.000Z,Hall AC,74.8,108.7,45,73.7,195,225,compressorCoolStage1On,WFH,auto
2026-07-24T20:10:00.000Z,Hall AC,74.7,108.7,44,75,0,0,compressorCoolOff,WFH,auto
2026-07-24T20:15:00.000Z,Hall AC,74.7,108.7,44,75,0,0,compressorCoolOff,WFH,auto
2026-07-24T20:20:00.000Z,Hall AC,75.2,108.7,44,75,0,0,compressorCoolOff,WFH,auto
2026-07-24T20:25:00.000Z,Hall AC,75.6,108.7,44,75,300,300,compressorCoolStage1On,WFH,auto
2026-07-24T20:30:00.000Z,Hall AC,76.2,108.7,45,74.2,300,300,compressorCoolStage1On,WFH,auto
2026-07-24T20:35:00.000Z,Hall AC,76.3,108.7,45,73,300,300,compressorCoolStage1On,WFH,auto
2026-07-24T20:40:00.000Z,Hall AC,75.9,108.7,45,73,300,300,compressorCoolStage1On,WFH,auto
2026-07-24T20:45:00.000Z,Hall AC,75.5,108.7,46,73,300,300,compressorCoolStage1On,WFH,auto
2026-07-24T20:50:00.000Z,Hall AC,75,108.7,45,73,300,300,compressorCoolStage1On,WFH,auto
2026-07-24T20:55:00.000Z,Hall AC,74.5,108.7,45,73,300,300,compressorCoolStage1On,WFH,auto
2026-07-24T21:00:00.000Z,Hall AC,74.5,0,45,73,300,300,compressorCoolStage1On,WFH,auto
2026-07-24T21:05:00.000Z,Hall AC,74.5,0,45,73,300,300,compressorCoolStage1On,WFH,auto
2026-07-24T21:10:00.000Z,Hall AC,74.5,0,45,73,300,300,compressorCoolStage1On,WFH,auto
2026-07-24T21:15:00.000Z,Hall AC,74.6,0,45,73,300,300,compressorCoolStage1On,WFH,auto
2026-07-24T21:20:00.000Z,Hall AC,74.4,0,44,73,300,300,compressorCoolStage1On,WFH,auto
2026-07-24T21:25:00.000Z,Hall AC,74.4,0,44,73,300,300,compressorCoolStage1On,WFH,auto
2026-07-24T21:30:00.000Z,Hall AC,74.5,0,44,73,300,300,compressorCoolStage1On,WFH,auto
2026-07-24T21:35:00.000Z,Hall AC,74.2,0,44,73,300,300,compressorCoolStage1On,WFH,auto
2026-07-24T21:40:00.000Z,Hall AC,74.1,0,44,73,300,300,compressorCoolStage1On,WFH,auto
2026-07-24T21:45:00.000Z,Hall AC,74.1,0,44,73,300,300,compressorCoolStage1On,WFH,auto
2026-07-24T21:50:00.000Z,Hall AC,74,0,43,73,300,300,compressorCoolStage1On,WFH,auto
2026-07-24T21:55:00.000Z,Hall AC,73.7,0,43,73,300,300,compressorCoolStage1On,WFH,auto
2026-07-24T22:00:00.000Z,Hall AC,73.7,0,43,73,300,300,compressorCoolStage1On,WFH,auto
2026-07-24T22:05:00.000Z,Hall AC,73.7,0,43,73,300,300,compressorCoolStage1On,WFH,auto
2026-07-24T22:10:00.000Z,Hall AC,73.7,0,43,73,300,300,compressorCoolStage1On,WFH,auto
2026-07-24T22:15:00.000Z,Hall AC,73.9,0,44,73,300,300,compressorCoolStage1On,WFH,auto
2026-07-24T22:20:00.000Z,Hall AC,73.8,0,44,73,300,300,compressorCoolStage1On,WFH,auto
2026-07-24T22:25:00.000Z,Hall AC,73.8,0,44,73,300,300,compressorCoolStage1On,WFH,auto
2026-07-24T22:30:00.000Z,Hall AC,73.5,0,43,73,300,300,compressorCoolStage1On,WFH,auto
2026-07-24T22:35:00.000Z,Hall AC,73.4,0,43,73,300,300,compressorCoolStage1On,WFH,auto
2026-07-24T22:40:00.000Z,Hall AC,73.4,0,43,72.1,300,300,compressorCoolStage1On,WFH,auto
2026-07-24T22:45:00.000Z,Hall AC,73.4,0,44,71,300,300,compressorCoolStage1On,WFH,auto
2026-07-24T22:50:00.000Z,Hall AC,73.6,0,43,73.2,165,195,compressorCoolStage1On,WFH,auto
2026-07-24T22:55:00.000Z,Hall AC,73.2,0,42,76,0,0,compressorCoolOff,WFH,
2026-07-24T23:00:00.000Z,Hall AC,73.2,0,43,76,0,0,compressorCoolOff,WFH,
2026-07-24T23:05:00.000Z,Hall AC,73.6,0,43,76,0,0,compressorCoolOff,WFH,
2026-07-24T23:10:00.000Z,Hall AC,74,0,44,76,0,0,compressorCoolOff,WFH,
2026-07-24T23:15:00.000Z,Hall AC,74.3,0,45,76,0,0,compressorCoolOff,WFH,
2026-07-24T23:20:00.000Z,Hall AC,74.8,0,44,76,0,0,compressorCoolOff,WFH,
2026-07-24T23:25:00.000Z,Hall AC,75.3,0,44,76,0,0,compressorCoolOff,WFH,
2026-07-24T23:30:00.000Z,Hall AC,75.6,0,44,76,0,0,compressorCoolOff,WFH,
2026-07-24T23:35:00.000Z,Hall AC,75.8,0,44,76,0,0,compressorCoolOff,WFH,
2026-07-24T23:40:00.000Z,Hall AC,76,0,43,76,165,165,compressorCoolOff,WFH,
2026-07-24T23:45:00.000Z,Hall AC,76.4,0,42,76,300,300,compressorCoolStage1On,WFH,
2026-07-24T23:50:00.000Z,Hall AC,76.1,0,43,76,300,300,compressorCoolStage1On,WFH,
2026-07-24T23:55:00.000Z,Hall AC,75.8,0,44,75.5,300,300,compressorCoolStage1On,WFH,(SmartRecovery)
2026-07-25T00:00:00.000Z,Hall AC,75.6,0,44,75,300,300,compressorCoolStage1On,Home,
2026-07-25T00:05:00.000Z,Hall AC,75.3,0,44,75,300,300,compressorCoolStage1On,Home,
2026-07-25T00:10:00.000Z,Hall AC,75.1,0,44,75.6,120,150,compressorCoolStage1On,Home,
2026-07-25T00:15:00.000Z,Hall AC,74.7,0,45,75.3,0,0,compressorCoolOff,Home,auto
2026-07-25T00:20:00.000Z,Hall AC,74.9,0,46,75,60,60,compressorCoolOff,Home,auto
2026-07-25T00:25:00.000Z,Hall AC,75.7,0,44,75,300,300,compressorCoolStage1On,Home,auto
2026-07-25T00:30:00.000Z,Hall AC,75.7,0,43,75,300,300,compressorCoolStage1On,Home,auto
2026-07-25T00:35:00.000Z,Hall AC,75.6,0,43,75,300,300,compressorCoolStage1On,Home,auto
2026-07-25T00:40:00.000Z,Hall AC,75.5,0,43,75,300,300,compressorCoolStage1On,Home,auto
2026-07-25T00:45:00.000Z,Hall AC,75.5,0,43,75,300,300,compressorCoolStage1On,Home,auto
2026-07-25T00:50:00.000Z,Hall AC,74.8,0,43,75,0,45,compressorCoolOff,Home,auto
2026-07-25T00:55:00.000Z,Hall AC,74.5,0,45,75,0,0,compressorCoolOff,Home,auto
2026-07-25T01:00:00.000Z,Hall AC,74.7,0,45,75,0,0,compressorCoolOff,Home,auto
2026-07-25T01:05:00.000Z,Hall AC,75.2,0,45,75,225,225,compressorCoolOff,Home,auto
2026-07-25T01:10:00.000Z,Hall AC,75.8,0,45,75,300,300,compressorCoolStage1On,Home,auto
2026-07-25T01:15:00.000Z,Hall AC,75.6,0,45,75,300,300,compressorCoolStage1On,Home,auto
2026-07-25T01:20:00.000Z,Hall AC,75.2,0,45,75,300,300,compressorCoolStage1On,Home,auto
2026-07-25T01:25:00.000Z,Hall AC,75,0,45,75,240,285,compressorCoolStage1On,Home,auto
2026-07-25T01:30:00.000Z,Hall AC,74.6,0,45,75,0,0,compressorCoolOff,Home,auto
2026-07-25T01:35:00.000Z,Hall AC,74.4,0,45,75,0,0,compressorCoolOff,Home,auto
2026-07-25T01:40:00.000Z,Hall AC,74.8,0,45,75,45,45,compressorCoolOff,Home,auto
2026-07-25T01:45:00.000Z,Hall AC,75.4,0,44,75,300,300,compressorCoolStage1On,Home,auto
2026-07-25T01:50:00.000Z,Hall AC,75.6,0,44,75,300,300,compressorCoolStage1On,Home,auto
2026-07-25T01:55:00.000Z,Hall AC,75.3,0,44,75,300,300,compressorCoolStage1On,Home,auto
2026-07-25T02:00:00.000Z,Hall AC,74.7,109.9,44,75,15,60,compressorCoolStage1On,Home,auto
2026-07-25T02:05:00.000Z,Hall AC,74.6,109.9,46,75,0,0,compressorCoolOff,Home,
2026-07-25T02:10:00.000Z,Hall AC,75.2,109.9,45,75,0,0,compressorCoolOff,Home,
2026-07-25T02:15:00.000Z,Hall AC,75.6,109.9,44,75,270,270,compressorCoolOff,Home,
2026-07-25T02:20:00.000Z,Hall AC,75.9,109.9,44,75,300,300,compressorCoolStage1On,Home,
2026-07-25T02:25:00.000Z,Hall AC,75.5,109.9,44,75,300,300,compressorCoolStage1On,Home,
2026-07-25T02:30:00.000Z,Hall AC,75.2,109.9,44,75,300,300,compressorCoolStage1On,Home,
2026-07-25T02:35:00.000Z,Hall AC,74.8,109.9,44,75,15,60,compressorCoolStage1On,Home,
2026-07-25T02:40:00.000Z,Hall AC,74.3,109.9,44,75,0,0,compressorCoolOff,Home,
2026-07-25T02:45:00.000Z,Hall AC,74.6,109.9,44,75,0,0,compressorCoolOff,Home,
2026-07-25T02:50:00.000Z,Hall AC,75,109.9,44,75,0,0,compressorCoolOff,Home,
2026-07-25T02:55:00.000Z,Hall AC,75.4,109.9,44,75,90,90,compressorCoolOff,Home,
2026-07-25T03:00:00.000Z,Hall AC,75.8,107.3,43,75,300,300,compressorCoolStage1On,Home,
2026-07-25T03:05:00.000Z,Hall AC,75.7,107.3,43,75,300,300,compressorCoolStage1On,Home,
2026-07-25T03:10:00.000Z,Hall AC,75.1,107.3,44,75,165,210,compressorCoolStage1On,Home,
2026-07-25T03:15:00.000Z,Hall AC,74.3,107.3,46,75,0,0,compressorCoolOff,Home,
2026-07-25T03:20:00.000Z,Hall AC,74.5,107.3,47,75,0,0,compressorCoolOff,Home,
2026-07-25T03:25:00.000Z,Hall AC,75,107.3,47,75,0,0,compressorCoolOff,Home,
2026-07-25T03:30:00.000Z,Hall AC,75.6,105.4,46,75,225,225,compressorCoolOff,Home,
2026-07-25T03:35:00.000Z,Hall AC,75.7,105.4,44,75,300,300,compressorCoolStage1On,Home,
2026-07-25T03:40:00.000Z,Hall AC,75,105.4,43,75,180,225,compressorCoolStage1On,Home,
2026-07-25T03:45:00.000Z,Hall AC,74.6,105.4,43,75,0,0,compressorCoolOff,Home,
2026-07-25T03:50:00.000Z,Hall AC,75.2,105.4,44,75,15,15,compressorCoolOff,Home,
2026-07-25T03:55:00.000Z,Hall AC,75.5,105.4,43,75,300,300,compressorCoolStage1On,Home,
2026-07-25T04:00:00.000Z,Hall AC,75.1,103.4,42,75,300,300,compressorCoolStage1On,Home,
2026-07-25T04:05:00.000Z,Hall AC,74.8,103.4,42,75,300,300,compressorCoolStage1On,Home,(SmartRecovery)
2026-07-25T04:10:00.000Z,Hall AC,74.5,103.4,43,75,300,300,compressorCoolStage1On,Home,(SmartRecovery)
2026-07-25T04:15:00.000Z,Hall AC,74.2,103.4,43,75,300,300,compressorCoolStage1On,Home,(SmartRecovery)
2026-07-25T04:20:00.000Z,Hall AC,73.7,103.4,42,75,60,105,compressorCoolStage1On,Home,(SmartRecovery)
2026-07-25T04:25:00.000Z,Hall AC,73.4,103.4,43,74.5,0,0,compressorCoolOff,Home,
2026-07-25T04:30:00.000Z,Hall AC,73.6,103.4,43,74,0,0,compressorCoolOff,Sleep,
2026-07-25T04:35:00.000Z,Hall AC,74.2,103.4,43,74,210,210,compressorCoolOff,Sleep,
2026-07-25T04:40:00.000Z,Hall AC,74.5,103.4,43,74,300,300,compressorCoolStage1On,Sleep,
2026-07-25T04:45:00.000Z,Hall AC,74.2,103.4,42,74,195,240,compressorCoolStage1On,Sleep,
2026-07-25T04:50:00.000Z,Hall AC,73.6,103.4,42,74,0,0,compressorCoolOff,Sleep,
2026-07-25T04:55:00.000Z,Hall AC,73.5,103.4,43,74,0,0,compressorCoolOff,Sleep,
2026-07-25T05:00:00.000Z,Hall AC,74,101.8,43,74,120,120,compressorCoolOff,Sleep,
2026-07-25T05:05:00.000Z,Hall AC,74.1,101.8,41,74,195,240,compressorCoolStage1On,Sleep,
2026-07-25T05:10:00.000Z,Hall AC,73.8,101.8,42,74,0,0,compressorCoolOff,Sleep,
2026-07-25T05:15:00.000Z,Hall AC,73.9,101.8,43,74,45,45,compressorCoolOff,Sleep,
2026-07-25T05:20:00.000Z,Hall AC,74.2,101.8,42,74,255,300,compressorCoolStage1On,Sleep,
2026-07-25T05:25:00.000Z,Hall AC,73.7,101.8,43,74,0,0,compressorCoolOff,Sleep,
2026-07-25T05:30:00.000Z,Hall AC,73.3,101.8,43,74,0,0,compressorCoolOff,Sleep,
2026-07-25T05:35:00.000Z,Hall AC,73.6,101.8,43,74,0,0,compressorCoolOff,Sleep,
2026-07-25T05:40:00.000Z,Hall AC,74.2,101.8,43,74,270,270,compressorCoolOff,Sleep,
2026-07-25T05:45:00.000Z,Hall AC,74.3,101.8,43,74,300,300,compressorCoolStage1On,Sleep,
2026-07-25T05:50:00.000Z,Hall AC,73.5,101.8,43,74,0,45,compressorCoolOff,Sleep,
2026-07-25T05:55:00.000Z,Hall AC,73.3,101.8,43,74,0,0,compressorCoolOff,Sleep,
2026-07-25T06:00:00.000Z,Hall AC,73.7,99.9,42,74,45,45,compressorCoolOff,Sleep,
2026-07-25T06:05:00.000Z,Hall AC,74.1,99.9,42,74,255,300,compressorCoolStage1On,Sleep,
2026-07-25T06:10:00.000Z,Hall AC,73.6,99.9,42,74,0,0,compressorCoolOff,Sleep,
2026-07-25T06:15:00.000Z,Hall AC,73.9,99.9,43,74,60,60,compressorCoolOff,Sleep,
2026-07-25T06:20:00.000Z,Hall AC,74.2,99.9,43,74,300,300,compressorCoolStage1On,Sleep,
2026-07-25T06:25:00.000Z,Hall AC,73.8,99.9,42,74,105,150,compressorCoolStage1On,Sleep,
2026-07-25T06:30:00.000Z,Hall AC,73.4,99.9,43,74,0,0,compressorCoolOff,Sleep,
2026-07-25T06:35:00.000Z,Hall AC,73.6,99.9,42,74,0,0,compressorCoolOff,Sleep,
2026-07-25T06:40:00.000Z,Hall AC,73.5,99.9,41,74,0,0,compressorCoolOff,Sleep,
2026-07-25T06:45:00.000Z,Hall AC,73.9,99.9,41,74,0,0,compressorCoolOff,Sleep,
2026-07-25T06:50:00.000Z,Hall AC,74.1,99.9,41,74,255,255,compressorCoolOff,Sleep,
2026-07-25T06:55:00.000Z,Hall AC,74.1,99.9,41,74,150,195,compressorCoolStage1On,Sleep,
2026-07-25T07:00:00.000Z,Hall AC,73.5,98.6,41,74,0,0,compressorCoolOff,Sleep,
2026-07-25T07:05:00.000Z,Hall AC,73.8,98.6,41,74,0,0,compressorCoolOff,Sleep,
2026-07-25T07:10:00.000Z,Hall AC,74.1,98.6,41,74,225,225,compressorCoolOff,Sleep,
2026-07-25T07:15:00.000Z,Hall AC,74,98.6,41,74,195,240,compressorCoolStage1On,Sleep,
2026-07-25T07:20:00.000Z,Hall AC,73.7,98.6,41,74,0,0,compressorCoolOff,Sleep,
2026-07-25T07:25:00.000Z,Hall AC,73.8,98.6,41,74,0,0,compressorCoolOff,Sleep,
2026-07-25T07:30:00.000Z,Hall AC,73.7,99.4,41,74,0,0,compressorCoolOff,Sleep,
2026-07-25T07:35:00.000Z,Hall AC,74.1,99.4,41,74,255,255,compressorCoolOff,Sleep,
2026-07-25T07:40:00.000Z,Hall AC,74.3,99.4,41,74,300,300,compressorCoolStage1On,Sleep,
2026-07-25T07:45:00.000Z,Hall AC,73.5,99.4,41,74,15,60,compressorCoolStage1On,Sleep,
2026-07-25T07:50:00.000Z,Hall AC,72.9,99.4,41,74,0,0,compressorCoolOff,Sleep,
2026-07-25T07:55:00.000Z,Hall AC,73.3,99.4,41,74,0,0,compressorCoolOff,Sleep,
2026-07-25T08:00:00.000Z,Hall AC,73.7,97.7,41,74,0,0,compressorCoolOff,Sleep,
2026-07-25T08:05:00.000Z,Hall AC,74,97.7,41,74,165,165,compressorCoolOff,Sleep,
2026-07-25T08:10:00.000Z,Hall AC,74.2,97.7,41,74,300,300,compressorCoolStage1On,Sleep,
2026-07-25T08:15:00.000Z,Hall AC,73.6,97.7,41,74,45,90,compressorCoolStage1On,Sleep,
2026-07-25T08:20:00.000Z,Hall AC,73.1,97.7,41,74,0,0,compressorCoolOff,Sleep,
2026-07-25T08:25:00.000Z,Hall AC,73.5,97.7,41,74,0,0,compressorCoolOff,Sleep,
2026-07-25T08:30:00.000Z,Hall AC,73.7,0,41,74,0,0,compressorCoolOff,Sleep,
2026-07-25T08:35:00.000Z,Hall AC,73.8,0,41,74,105,105,compressorCoolOff,Sleep,
2026-07-25T08:40:00.000Z,Hall AC,74.2,0,41,74,300,300,compressorCoolStage1On,Sleep,
2026-07-25T08:45:00.000Z,Hall AC,73.7,0,41,74,75,120,compressorCoolStage1On,Sleep,
2026-07-25T08:50:00.000Z,Hall AC,73.2,0,42,74,0,0,compressorCoolOff,Sleep,
2026-07-25T08:55:00.000Z,Hall AC,73.6,0,42,74,0,0,compressorCoolOff,Sleep,
2026-07-25T09:00:00.000Z,Hall AC,73.6,0,41,74,0,0,compressorCoolOff,Sleep,
2026-07-25T09:05:00.000Z,Hall AC,73.8,0,41,74,60,60,compressorCoolOff,Sleep,
2026-07-25T09:10:00.000Z,Hall AC,74.2,0,41,74,300,300,compressorCoolStage1On,Sleep,
2026-07-25T09:15:00.000Z,Hall AC,73.8,0,41,74,105,150,compressorCoolStage1On,Sleep,
2026-07-25T09:20:00.000Z,Hall AC,73.2,0,42,74,0,0,compressorCoolOff,Sleep,
2026-07-25T09:25:00.000Z,Hall AC,73.5,0,42,74,0,0,compressorCoolOff,Sleep,
2026-07-25T09:30:00.000Z,Hall AC,73.4,0,41,74,0,0,compressorCoolOff,Sleep,
2026-07-25T09:35:00.000Z,Hall AC,73.8,0,41,74,45,45,compressorCoolOff,Sleep,
2026-07-25T09:40:00.000Z,Hall AC,74.2,0,41,74,300,300,compressorCoolStage1On,Sleep,
2026-07-25T09:45:00.000Z,Hall AC,73.8,0,41,74,105,150,compressorCoolStage1On,Sleep,
2026-07-25T09:50:00.000Z,Hall AC,73.1,0,42,74,0,0,compressorCoolOff,Sleep,
2026-07-25T09:55:00.000Z,Hall AC,73.3,0,41,74,0,0,compressorCoolOff,Sleep,
2026-07-25T10:00:00.000Z,Hall AC,73.4,0,41,74,0,0,compressorCoolOff,Sleep,
2026-07-25T10:05:00.000Z,Hall AC,73.7,0,41,74,0,0,compressorCoolOff,Sleep,
2026-07-25T10:10:00.000Z,Hall AC,73.9,0,41,74,120,120,compressorCoolOff,Sleep,
2026-07-25T10:15:00.000Z,Hall AC,74.2,0,41,74,300,300,compressorCoolStage1On,Sleep,
2026-07-25T10:20:00.000Z,Hall AC,73.3,0,41,74,0,45,compressorCoolOff,Sleep,
2026-07-25T10:25:00.000Z,Hall AC,72.9,0,41,74,0,0,compressorCoolOff,Sleep,
2026-07-25T10:30:00.000Z,Hall AC,73.1,0,41,74,0,0,compressorCoolOff,Sleep,
2026-07-25T10:35:00.000Z,Hall AC,73.4,0,41,74,0,0,compressorCoolOff,Sleep,
2026-07-25T10:40:00.000Z,Hall AC,73.7,0,41,74,0,0,compressorCoolOff,Sleep,
2026-07-25T10:45:00.000Z,Hall AC,73.8,0,41,74,105,105,compressorCoolOff,Sleep,
2026-07-25T10:50:00.000Z,Hall AC,74.1,0,41,74,300,300,compressorCoolStage1On,Sleep,
2026-07-25T10:55:00.000Z,Hall AC,73.6,0,41,74,30,75,compressorCoolStage1On,Sleep,
2026-07-25T11:00:00.000Z,Hall AC,72.9,0,41,74,0,0,compressorCoolOff,Sleep,
2026-07-25T11:05:00.000Z,Hall AC,73.1,0,41,74,0,0,compressorCoolOff,Sleep,
2026-07-25T11:10:00.000Z,Hall AC,73.6,0,41,74,0,0,compressorCoolOff,Sleep,
2026-07-25T11:15:00.000Z,Hall AC,73.7,0,41,74,0,0,compressorCoolOff,Sleep,
2026-07-25T11:20:00.000Z,Hall AC,73.9,0,41,74,135,135,compressorCoolOff,Sleep,
2026-07-25T11:25:00.000Z,Hall AC,73.9,0,41,74,165,210,compressorCoolStage1On,Sleep,
2026-07-25T11:30:00.000Z,Hall AC,73.3,0,41,74,0,0,compressorCoolOff,Sleep,
2026-07-25T11:35:00.000Z,Hall AC,73.3,0,41,74,0,0,compressorCoolOff,Sleep,
2026-07-25T11:40:00.000Z,Hall AC,73.5,0,41,74,0,0,compressorCoolOff,Sleep,
2026-07-25T11:45:00.000Z,Hall AC,73.7,0,41,74,0,0,compressorCoolOff,Sleep,
2026-07-25T11:50:00.000Z,Hall AC,73.7,0,41,74,15,15,compressorCoolOff,Sleep,
2026-07-25T11:55:00.000Z,Hall AC,74.2,0,41,74,300,300,compressorCoolStage1On,Sleep,
2026-07-25T12:00:00.000Z,Hall AC,73.9,0,41,74,135,180,compressorCoolStage1On,Sleep,
2026-07-25T12:05:00.000Z,Hall AC,72.9,0,41,74,0,0,compressorCoolOff,Sleep,
2026-07-25T12:10:00.000Z,Hall AC,72.9,0,41,74,0,0,compressorCoolOff,Sleep,
2026-07-25T12:15:00.000Z,Hall AC,73.2,0,41,74,0,0,compressorCoolOff,Sleep,
2026-07-25T12:20:00.000Z,Hall AC,73.5,0,41,74,0,0,compressorCoolOff,Sleep,
2026-07-25T12:25:00.000Z,Hall AC,73.7,0,41,74,0,0,compressorCoolOff,Sleep,
2026-07-25T12:30:00.000Z,Hall AC,73.7,0,41,74,0,0,compressorCoolOff,Sleep,
2026-07-25T12:35:00.000Z,Hall AC,74.1,0,41,74,255,255,compressorCoolOff,Sleep,
2026-07-25T12:40:00.000Z,Hall AC,73.9,0,41,74,135,180,compressorCoolStage1On,Sleep,
2026-07-25T12:45:00.000Z,Hall AC,73.2,0,41,74,0,0,compressorCoolOff,Sleep,
2026-07-25T12:50:00.000Z,Hall AC,73.7,0,40,74,0,0,compressorCoolOff,Sleep,
2026-07-25T12:55:00.000Z,Hall AC,73.6,0,41,74,0,0,compressorCoolOff,Sleep,
2026-07-25T13:00:00.000Z,Hall AC,73.3,0,41,74,0,0,compressorCoolOff,Sleep,
2026-07-25T13:05:00.000Z,Hall AC,73.5,0,41,74,0,0,compressorCoolOff,Sleep,
2026-07-25T13:10:00.000Z,Hall AC,73.7,0,41,74,0,0,compressorCoolOff,Sleep,
2026-07-25T13:15:00.000Z,Hall AC,74,0,41,74,195,195,compressorCoolOff,Sleep,
2026-07-25T13:20:00.000Z,Hall AC,74.2,0,41,74,300,300,compressorCoolStage1On,Sleep,
2026-07-25T13:25:00.000Z,Hall AC,74,0,41,74,195,240,compressorCoolStage1On,Sleep,
2026-07-25T13:30:00.000Z,Hall AC,73.5,0,41,74,0,0,compressorCoolOff,Sleep,
2026-07-25T13:35:00.000Z,Hall AC,73.6,0,41,74,0,0,compressorCoolOff,Sleep,
2026-07-25T13:40:00.000Z,Hall AC,73.8,0,42,74,0,0,compressorCoolOff,Sleep,
2026-07-25T13:45:00.000Z,Hall AC,74.2,0,41,74,255,255,compressorCoolOff,Sleep,
2026-07-25T13:50:00.000Z,Hall AC,74.6,0,41,74,300,300,compressorCoolStage1On,Sleep,
2026-07-25T13:55:00.000Z,Hall AC,74.2,0,41,74,300,300,compressorCoolStage1On,Sleep,
2026-07-25T14:00:00.000Z,Hall AC,73.6,0,41,74,0,45,compressorCoolOff,Sleep,
2026-07-25T14:05:00.000Z,Hall AC,73.4,0,41,74,0,0,compressorCoolOff,Sleep,
2026-07-25T14:10:00.000Z,Hall AC,73.6,0,42,74,0,0,compressorCoolOff,Sleep,
2026-07-25T14:15:00.000Z,Hall AC,73.9,0,42,74,75,75,compressorCoolOff,Sleep,
2026-07-25T14:20:00.000Z,Hall AC,74.3,0,41,74,300,300,compressorCoolStage1On,Sleep,
2026-07-25T14:25:00.000Z,Hall AC,74.4,0,41,74,300,300,compressorCoolStage1On,Sleep,
2026-07-25T14:30:00.000Z,Hall AC,73.6,96.4,41,74,60,105,compressorCoolStage1On,Sleep,
2026-07-25T14:35:00.000Z,Hall AC,73.2,96.4,42,74,0,0,compressorCoolOff,Sleep,
2026-07-25T14:40:00.000Z,Hall AC,73.5,96.4,42,74,0,0,compressorCoolOff,Sleep,
2026-07-25T14:45:00.000Z,Hall AC,73.7,96.4,41,74,0,0,compressorCoolOff,Sleep,
2026-07-25T14:50:00.000Z,Hall AC,74,96.4,41,74,165,165,compressorCoolOff,Sleep,
2026-07-25T14:55:00.000Z,Hall AC,74.5,96.4,41,74.4,165,210,compressorCoolStage1On,Sleep,
2026-07-25T15:00:00.000Z,Hall AC,74.2,98,41,75,0,0,compressorCoolOff,Home,
2026-07-25T15:05:00.000Z,Hall AC,73.9,98,42,75,0,0,compressorCoolOff,Home,
2026-07-25T15:10:00.000Z,Hall AC,74.3,98,42,75,0,0,compressorCoolOff,Home,
2026-07-25T15:15:00.000Z,Hall AC,74.7,98,43,75,0,0,compressorCoolOff,Home,
2026-07-25T15:20:00.000Z,Hall AC,74.7,98,42,75,0,0,compressorCoolOff,Home,
2026-07-25T15:25:00.000Z,Hall AC,74.9,98,41,75,30,30,compressorCoolOff,Home,
2026-07-25T15:30:00.000Z,Hall AC,75.1,98,41,75,300,300,compressorCoolStage1On,Home,
2026-07-25T15:35:00.000Z,Hall AC,75.1,98,40,75,165,210,compressorCoolStage1On,Home,
2026-07-25T15:40:00.000Z,Hall AC,74.6,98,41,75,0,0,compressorCoolOff,Home,
2026-07-25T15:45:00.000Z,Hall AC,74.7,98,43,75,0,0,compressorCoolOff,Home,
2026-07-25T15:50:00.000Z,Hall AC,74.8,98,43,75,0,0,compressorCoolOff,Home,
2026-07-25T15:55:00.000Z,Hall AC,75,98,42,75,300,300,compressorCoolStage1On,Home,
2026-07-25T16:00:00.000Z,Hall AC,75,101.6,41,75,0,45,compressorCoolOff,Home,
2026-07-25T16:05:00.000Z,Hall AC,74.9,101.6,43,75,195,195,compressorCoolOff,Home,
2026-07-25T16:10:00.000Z,Hall AC,75,101.6,43,75,300,300,compressorCoolStage1On,Home,
2026-07-25T16:15:00.000Z,Hall AC,74.7,101.6,43,75,15,60,compressorCoolStage1On,Home,
2026-07-25T16:20:00.000Z,Hall AC,74.5,101.6,44,75,0,0,compressorCoolOff,Home,
2026-07-25T16:25:00.000Z,Hall AC,74.9,101.6,45,75,0,0,compressorCoolOff,Home,
2026-07-25T16:30:00.000Z,Hall AC,75.3,101.6,44,75,285,285,compressorCoolOff,Home,
2026-07-25T16:35:00.000Z,Hall AC,75.1,101.6,43,75,165,210,compressorCoolStage1On,Home,
2026-07-25T16:40:00.000Z,Hall AC,75,101.6,44,75,0,0,compressorCoolOff,Home,
2026-07-25T16:45:00.000Z,Hall AC,75.1,101.6,45,75,180,180,compressorCoolOff,Home,
2026-07-25T16:50:00.000Z,Hall AC,75.4,101.6,43,75,300,300,compressorCoolStage1On,Home,
2026-07-25T16:55:00.000Z,Hall AC,74.9,101.6,43,75,0,45,compressorCoolOff,Home,
2026-07-25T17:00:00.000Z,Hall AC,74.6,103.2,44,75,0,0,compressorCoolOff,Home,
2026-07-25T17:05:00.000Z,Hall AC,74.7,103.2,46,75,0,0,compressorCoolOff,Home,
2026-07-25T17:10:00.000Z,Hall AC,75.1,103.2,45,75,180,180,compressorCoolOff,Home,
2026-07-25T17:15:00.000Z,Hall AC,75.4,103.2,42,75,300,300,compressorCoolStage1On,Home,
2026-07-25T17:20:00.000Z,Hall AC,74.9,103.2,41,75,150,195,compressorCoolStage1On,Home,
2026-07-25T17:25:00.000Z,Hall AC,74.8,103.2,43,75,0,0,compressorCoolOff,Home,
2026-07-25T17:30:00.000Z,Hall AC,74.8,103.2,45,75,0,0,compressorCoolOff,Home,
2026-07-25T17:35:00.000Z,Hall AC,75,103.2,45,75,120,120,compressorCoolOff,Home,
2026-07-25T17:40:00.000Z,Hall AC,75.4,103.2,44,75,300,300,compressorCoolStage1On,Home,
2026-07-25T17:45:00.000Z,Hall AC,75.1,103.2,43,75,195,240,compressorCoolStage1On,Home,
2026-07-25T17:50:00.000Z,Hall AC,75,103.2,44,75,0,0,compressorCoolOff,Home,
2026-07-25T17:55:00.000Z,Hall AC,74.9,103.2,45,75,0,0,compressorCoolOff,Home,
2026-07-25T18:00:00.000Z,Hall AC,75.2,105.8,45,75,195,195,compressorCoolOff,Home,
2026-07-25T18:05:00.000Z,Hall AC,75.7,105.8,43,75,300,300,compressorCoolStage1On,Home,
2026-07-25T18:10:00.000Z,Hall AC,75.3,105.8,43,75,255,300,compressorCoolStage1On,Home,
2026-07-25T18:15:00.000Z,Hall AC,74.8,105.8,43,75,0,0,compressorCoolOff,Home,
2026-07-25T18:20:00.000Z,Hall AC,74.6,105.8,45,75,0,0,compressorCoolOff,Home,
2026-07-25T18:25:00.000Z,Hall AC,74.9,105.8,46,75,0,0,compressorCoolOff,Home,
2026-07-25T18:30:00.000Z,Hall AC,75.1,106.7,46,75,0,0,compressorCoolOff,Home,
2026-07-25T18:35:00.000Z,Hall AC,75.5,106.7,45,75,180,180,compressorCoolOff,Home,
2026-07-25T18:40:00.000Z,Hall AC,75.8,106.7,43,75,300,300,compressorCoolStage1On,Home,
2026-07-25T18:45:00.000Z,Hall AC,75.4,106.7,43,75,300,300,compressorCoolStage1On,Home,
2026-07-25T18:50:00.000Z,Hall AC,75.1,106.7,43,75,105,150,compressorCoolStage1On,Home,
2026-07-25T18:55:00.000Z,Hall AC,74.9,106.7,43,74.8,45,45,compressorCoolOff,Home,
2026-07-25T19:00:00.000Z,Hall AC,75.3,107.8,44,74,300,300,compressorCoolStage1On,Home,hold
2026-07-25T19:05:00.000Z,Hall AC,75.1,107.8,43,74,300,300,compressorCoolStage1On,Home,hold
2026-07-25T19:10:00.000Z,Hall AC,74.9,107.8,43,74,300,300,compressorCoolStage1On,Home,hold
2026-07-25T19:15:00.000Z,Hall AC,74.7,107.8,44,74,300,300,compressorCoolStage1On,Home,hold
2026-07-25T19:20:00.000Z,Hall AC,74.4,107.8,44,74,300,300,compressorCoolStage1On,Home,hold
2026-07-25T19:25:00.000Z,Hall AC,74.2,107.8,44,74,300,300,compressorCoolStage1On,Home,hold
2026-07-25T19:30:00.000Z,Hall AC,74.1,107.8,43,73.2,75,105,compressorCoolStage1On,Home,hold
2026-07-25T19:35:00.000Z,Hall AC,73.9,107.8,44,73,225,225,compressorCoolOff,Home,auto
2026-07-25T19:40:00.000Z,Hall AC,74.2,107.8,44,73,300,300,compressorCoolStage1On,Home,auto
2026-07-25T19:45:00.000Z,Hall AC,74.2,107.8,44,73,300,300,compressorCoolStage1On,Home,auto
2026-07-25T19:50:00.000Z,Hall AC,74.1,107.8,44,73,300,300,compressorCoolStage1On,Home,auto
2026-07-25T19:55:00.000Z,Hall AC,73.9,107.8,43,73,300,300,compressorCoolStage1On,Home,auto
2026-07-25T20:00:00.000Z,Hall AC,73.5,109.2,43,73,300,300,compressorCoolStage1On,Home,auto
2026-07-25T20:05:00.000Z,Hall AC,73.4,109.2,43,73,300,300,compressorCoolStage1On,Home,auto
2026-07-25T20:10:00.000Z,Hall AC,73.3,109.2,43,73,300,300,compressorCoolStage1On,Home,auto
2026-07-25T20:15:00.000Z,Hall AC,73.2,109.2,43,73,300,300,compressorCoolStage1On,Home,auto
2026-07-25T20:20:00.000Z,Hall AC,72.9,109.2,43,73,180,225,compressorCoolStage1On,Home,auto
2026-07-25T20:25:00.000Z,Hall AC,72.8,109.2,43,73,0,0,compressorCoolOff,Home,auto
2026-07-25T20:30:00.000Z,Hall AC,73,109.2,44,73,120,120,compressorCoolOff,Home,auto
2026-07-25T20:35:00.000Z,Hall AC,73.7,109.2,43,73,300,300,compressorCoolStage1On,Home,auto
2026-07-25T20:40:00.000Z,Hall AC,73.7,109.2,43,73,300,300,compressorCoolStage1On,Home,auto
2026-07-25T20:45:00.000Z,Hall AC,73.5,109.2,43,73,300,300,compressorCoolStage1On,Home,auto
2026-07-25T20:50:00.000Z,Hall AC,73.2,109.2,43,73,300,300,compressorCoolStage1On,Home,auto
2026-07-25T20:55:00.000Z,Hall AC,73.1,109.2,43,74.6,60,90,compressorCoolStage1On,Home,auto
2026-07-25T21:00:00.000Z,Hall AC,72.9,110.3,44,75,0,0,compressorCoolOff,Home,
2026-07-25T21:05:00.000Z,Hall AC,73.2,110.3,44,75,0,0,compressorCoolOff,Home,
2026-07-25T21:10:00.000Z,Hall AC,73.7,110.3,45,75,0,0,compressorCoolOff,Home,
2026-07-25T21:15:00.000Z,Hall AC,74.2,110.3,44,75,0,0,compressorCoolOff,Home,
2026-07-25T21:20:00.000Z,Hall AC,74.6,110.3,44,75,0,0,compressorCoolOff,Home,
2026-07-25T21:25:00.000Z,Hall AC,74.9,110.3,44,75,60,60,compressorCoolOff,Home,
2026-07-25T21:30:00.000Z,Hall AC,75.2,110.3,43,75,300,300,compressorCoolStage1On,Home,
2026-07-25T21:35:00.000Z,Hall AC,75.1,110.3,42,75,60,105,compressorCoolStage1On,Home,
2026-07-25T21:40:00.000Z,Hall AC,74.9,110.3,43,75,0,0,compressorCoolOff,Home,
2026-07-25T21:45:00.000Z,Hall AC,75.1,110.3,44,75,180,180,compressorCoolOff,Home,
2026-07-25T21:50:00.000Z,Hall AC,75.2,110.3,43,75,300,300,compressorCoolStage1On,Home,
2026-07-25T21:55:00.000Z,Hall AC,75.1,110.3,43,75,120,165,compressorCoolStage1On,Home,
2026-07-25T22:00:00.000Z,Hall AC,74.7,111.3,44,75,0,0,compressorCoolOff,Home,
2026-07-25T22:05:00.000Z,Hall AC,74.7,111.3,45,75,0,0,compressorCoolOff,Home,
2026-07-25T22:10:00.000Z,Hall AC,75.2,111.3,44,75,225,225,compressorCoolOff,Home,
2026-07-25T22:15:00.000Z,Hall AC,75.8,111.3,43,75,300,300,compressorCoolStage1On,Home,
2026-07-25T22:20:00.000Z,Hall AC,75.6,111.3,44,75,300,300,compressorCoolStage1On,Home,
2026-07-25T22:25:00.000Z,Hall AC,75.1,111.3,44,75,225,270,compressorCoolStage1On,Home,
2026-07-25T22:30:00.000Z,Hall AC,74.6,111.6,44,75,0,0,compressorCoolOff,Home,
2026-07-25T22:35:00.000Z,Hall AC,74.4,111.6,45,75,0,0,compressorCoolOff,Home,
2026-07-25T22:40:00.000Z,Hall AC,74.8,111.6,45,75,45,45,compressorCoolOff,Home,
2026-07-25T22:45:00.000Z,Hall AC,75.4,111.6,44,75,300,300,compressorCoolStage1On,Home,
2026-07-25T22:50:00.000Z,Hall AC,75.3,111.6,43,75,300,300,compressorCoolStage1On,Home,
2026-07-25T22:55:00.000Z,Hall AC,75,111.6,43,75,15,60,compressorCoolStage1On,Home,
2026-07-25T23:00:00.000Z,Hall AC,74.9,111.6,44,75,0,0,compressorCoolOff,Home,
2026-07-25T23:05:00.000Z,Hall AC,75.5,111.6,44,75,270,270,compressorCoolOff,Home,
2026-07-25T23:10:00.000Z,Hall AC,75.9,111.6,43,75,300,300,compressorCoolStage1On,Home,
2026-07-25T23:15:00.000Z,Hall AC,75.7,111.6,44,75,300,300,compressorCoolStage1On,Home,
2026-07-25T23:20:00.000Z,Hall AC,74.9,111.6,43,75,60,105,compressorCoolStage1On,Home,
2026-07-25T23:25:00.000Z,Hall AC,74.1,111.6,44,75,0,0,compressorCoolOff,Home,
2026-07-25T23:30:00.000Z,Hall AC,74.1,111.6,45,75,0,0,compressorCoolOff,Home,
2026-07-25T23:35:00.000Z,Hall AC,74.4,111.6,45,75,0,0,compressorCoolOff,Home,
2026-07-25T23:40:00.000Z,Hall AC,74.8,111.6,46,75,0,0,compressorCoolOff,Home,
2026-07-25T23:45:00.000Z,Hall AC,75,111.6,46,75,0,0,compressorCoolOff,Home,
2026-07-25T23:50:00.000Z,Hall AC,74.9,111.6,46,75,0,0,compressorCoolOff,Home,
2026-07-25T23:55:00.000Z,Hall AC,75.4,111.6,46,75,135,135,compressorCoolOff,Home,
2026-07-26T00:00:00.000Z,Hall AC,76.4,98.3,47,75,300,300,compressorCoolStage1On,Home,
2026-07-26T00:05:00.000Z,Hall AC,76.3,98.3,48,75,300,300,compressorCoolStage1On,Home,
2026-07-26T00:10:00.000Z,Hall AC,75.5,98.3,47,75,300,300,compressorCoolStage1On,Home,
2026-07-26T00:15:00.000Z,Hall AC,74.9,98.3,47,75,120,165,compressorCoolStage1On,Home,
2026-07-26T00:20:00.000Z,Hall AC,73.8,98.3,47,75,0,0,compressorCoolOff,Home,
2026-07-26T00:25:00.000Z,Hall AC,73.3,98.3,47,75,0,0,compressorCoolOff,Home,
2026-07-26T00:30:00.000Z,Hall AC,74.1,98.3,47,75,0,0,compressorCoolOff,Home,
2026-07-26T00:35:00.000Z,Hall AC,74.9,98.3,46,75,0,0,compressorCoolOff,Home,
2026-07-26T00:40:00.000Z,Hall AC,75.4,98.3,45,75,120,120,compressorCoolOff,Home,
2026-07-26T00:45:00.000Z,Hall AC,76,98.3,45,75,300,300,compressorCoolStage1On,Home,
2026-07-26T00:50:00.000Z,Hall AC,75.5,98.3,46,75,300,300,compressorCoolStage1On,Home,
2026-07-26T00:55:00.000Z,Hall AC,75,98.3,46,75,75,120,compressorCoolStage1On,Home,
2026-07-26T01:00:00.000Z,Hall AC,74.5,100.1,47,75,0,0,compressorCoolOff,Home,
2026-07-26T01:05:00.000Z,Hall AC,74.5,100.1,47,75,0,0,compressorCoolOff,Home,
2026-07-26T01:10:00.000Z,Hall AC,74.4,100.1,46,75,0,0,compressorCoolOff,Home,
2026-07-26T01:15:00.000Z,Hall AC,74.6,100.1,46,75,0,0,compressorCoolOff,Home,
2026-07-26T01:20:00.000Z,Hall AC,75.7,100.1,45,75,285,285,compressorCoolOff,Home,
2026-07-26T01:25:00.000Z,Hall AC,76.2,100.1,45,75,300,300,compressorCoolStage1On,Home,
2026-07-26T01:30:00.000Z,Hall AC,75.5,100.1,46,75,300,300,compressorCoolStage1On,Home,
2026-07-26T01:35:00.000Z,Hall AC,74.3,100.1,46,75,0,45,compressorCoolOff,Home,
2026-07-26T01:40:00.000Z,Hall AC,73.4,100.1,46,75,0,0,compressorCoolOff,Home,
2026-07-26T01:45:00.000Z,Hall AC,73.8,100.1,46,75,0,0,compressorCoolOff,Home,
2026-07-26T01:50:00.000Z,Hall AC,74.7,100.1,45,75,0,0,compressorCoolOff,Home,
2026-07-26T01:55:00.000Z,Hall AC,75.1,100.1,45,75,0,0,compressorCoolOff,Home,
2026-07-26T02:00:00.000Z,Hall AC,75.2,100.5,44,75,0,0,compressorCoolOff,Home,
2026-07-26T02:05:00.000Z,Hall AC,74.9,100.5,44,75,0,0,compressorCoolOff,Home,
2026-07-26T02:10:00.000Z,Hall AC,75.1,100.5,44,75,0,0,compressorCoolOff,Home,
2026-07-26T02:15:00.000Z,Hall AC,75.5,100.5,44,75,150,150,compressorCoolOff,Home,
2026-07-26T02:20:00.000Z,Hall AC,76.2,100.5,44,75,300,300,compressorCoolStage1On,Home,
2026-07-26T02:25:00.000Z,Hall AC,76.1,100.5,44,75,300,300,compressorCoolStage1On,Home,
2026-07-26T02:30:00.000Z,Hall AC,75.8,98.2,45,75,300,300,compressorCoolStage1On,Home,
2026-07-26T02:35:00.000Z,Hall AC,75.5,98.2,45,75,300,300,compressorCoolStage1On,Home,
2026-07-26T02:40:00.000Z,Hall AC,75.2,98.2,46,75,300,300,compressorCoolStage1On,Home,
2026-07-26T02:45:00.000Z,Hall AC,74.8,98.2,45,75,45,90,compressorCoolStage1On,Home,
2026-07-26T02:50:00.000Z,Hall AC,74.1,98.2,45,75,0,0,compressorCoolOff,Home,
2026-07-26T02:55:00.000Z,Hall AC,74.2,98.2,45,75,0,0,compressorCoolOff,Home,
2026-07-26T03:00:00.000Z,Hall AC,74.5,98,44,75,0,0,compressorCoolOff,Home,
2026-07-26T03:05:00.000Z,Hall AC,75,98,44,75,0,0,compressorCoolOff,Home,
2026-07-26T03:10:00.000Z,Hall AC,75.4,98,44,75,120,120,compressorCoolOff,Home,
2026-07-26T03:15:00.000Z,Hall AC,76.1,98,43,75,300,300,compressorCoolStage1On,Home,
2026-07-26T03:20:00.000Z,Hall AC,76,98,43,75,300,300,compressorCoolStage1On,Home,
2026-07-26T03:25:00.000Z,Hall AC,74.9,98,43,75,150,195,compressorCoolStage1On,Home,
2026-07-26T03:30:00.000Z,Hall AC,73.7,97.2,44,75,0,0,compressorCoolOff,Home,
2026-07-26T03:35:00.000Z,Hall AC,73.9,97.2,45,75,0,0,compressorCoolOff,Home,
2026-07-26T03:40:00.000Z,Hall AC,74.4,97.2,45,75,0,0,compressorCoolOff,Home,
2026-07-26T03:45:00.000Z,Hall AC,74.8,97.2,44,75,0,0,compressorCoolOff,Home,
2026-07-26T03:50:00.000Z,Hall AC,74.8,97.2,42,75,0,0,compressorCoolOff,Home,
2026-07-26T03:55:00.000Z,Hall AC,74.8,97.2,40,75,0,0,compressorCoolOff,Home,
2026-07-26T04:00:00.000Z,Hall AC,74.8,97,40,75,0,0,compressorCoolOff,Home,
2026-07-26T04:05:00.000Z,Hall AC,74.9,97,39,75,0,0,compressorCoolOff,Home,
2026-07-26T04:10:00.000Z,Hall AC,75,97,39,75,0,0,compressorCoolOff,Home,
2026-07-26T04:15:00.000Z,Hall AC,75.1,97,39,75,0,0,compressorCoolOff,Home,
2026-07-26T04:20:00.000Z,Hall AC,75.3,97,39,75,0,0,compressorCoolOff,Home,
2026-07-26T04:25:00.000Z,Hall AC,75.3,97,39,75,0,0,compressorCoolOff,Home,
2026-07-26T04:30:00.000Z,Hall AC,75,0,38,75,0,0,compressorCoolOff,Home,
2026-07-26T04:35:00.000Z,Hall AC,75,0,38,75,0,0,compressorCoolOff,Home,
2026-07-26T04:40:00.000Z,Hall AC,75.4,0,38,75,270,270,compressorCoolOff,Home,
2026-07-26T04:45:00.000Z,Hall AC,75.3,0,39,75,300,300,compressorCoolStage1On,Home,
2026-07-26T04:50:00.000Z,Hall AC,73.7,0,39,75,75,120,compressorCoolStage1On,Home,(SmartRecovery)
2026-07-26T04:55:00.000Z,Hall AC,73.5,0,40,74.5,0,0,compressorCoolOff,Home,
2026-07-26T05:00:00.000Z,Hall AC,74.2,0,41,74,195,195,compressorCoolOff,Sleep,
2026-07-26T05:05:00.000Z,Hall AC,74.8,0,42,74,300,300,compressorCoolStage1On,Sleep,
2026-07-26T05:10:00.000Z,Hall AC,74.3,0,42,74,300,300,compressorCoolStage1On,Sleep,
2026-07-26T05:15:00.000Z,Hall AC,74.1,0,43,74,195,240,compressorCoolStage1On,Sleep,
2026-07-26T05:20:00.000Z,Hall AC,73.2,0,43,74,0,0,compressorCoolOff,Sleep,
2026-07-26T05:25:00.000Z,Hall AC,72.7,0,42,74,0,0,compressorCoolOff,Sleep,
2026-07-26T05:30:00.000Z,Hall AC,73,0,42,74,0,0,compressorCoolOff,Sleep,
2026-07-26T05:35:00.000Z,Hall AC,73.4,0,42,74,0,0,compressorCoolOff,Sleep,
2026-07-26T05:40:00.000Z,Hall AC,73.8,0,41,74,0,0,compressorCoolOff,Sleep,
2026-07-26T05:45:00.000Z,Hall AC,73.7,0,41,74,0,0,compressorCoolOff,Sleep,
2026-07-26T05:50:00.000Z,Hall AC,74.2,0,41,74,270,270,compressorCoolOff,Sleep,
2026-07-26T05:55:00.000Z,Hall AC,74.3,0,41,74,300,300,compressorCoolStage1On,Sleep,
2026-07-26T06:00:00.000Z,Hall AC,73.8,0,42,74,75,120,compressorCoolStage1On,Sleep,
2026-07-26T06:05:00.000Z,Hall AC,73.1,0,42,74,0,0,compressorCoolOff,Sleep,
2026-07-26T06:10:00.000Z,Hall AC,73.2,0,42,74,0,0,compressorCoolOff,Sleep,
2026-07-26T06:15:00.000Z,Hall AC,73.6,0,43,74,0,0,compressorCoolOff,Sleep,
2026-07-26T06:20:00.000Z,Hall AC,73.9,0,42,74,0,0,compressorCoolOff,Sleep,
2026-07-26T06:25:00.000Z,Hall AC,73.8,0,41,74,0,0,compressorCoolOff,Sleep,
2026-07-26T06:30:00.000Z,Hall AC,74,91,42,74,180,180,compressorCoolOff,Sleep,
2026-07-26T06:35:00.000Z,Hall AC,74.3,91,41,74,300,300,compressorCoolStage1On,Sleep,
2026-07-26T06:40:00.000Z,Hall AC,73.9,91,42,74,75,120,compressorCoolStage1On,Sleep,
2026-07-26T06:45:00.000Z,Hall AC,73.3,91,43,74,0,0,compressorCoolOff,Sleep,
2026-07-26T06:50:00.000Z,Hall AC,73.3,91,43,74,0,0,compressorCoolOff,Sleep,
2026-07-26T06:55:00.000Z,Hall AC,73.5,91,43,74,0,0,compressorCoolOff,Sleep,
2026-07-26T07:00:00.000Z,Hall AC,73.7,90.4,42,74,0,0,compressorCoolOff,Sleep,
2026-07-26T07:05:00.000Z,Hall AC,73.8,90.4,42,74,0,0,compressorCoolOff,Sleep,
2026-07-26T07:10:00.000Z,Hall AC,73.8,90.4,41,74,0,0,compressorCoolOff,Sleep,
2026-07-26T07:15:00.000Z,Hall AC,74,90.4,41,74,135,135,compressorCoolOff,Sleep,
2026-07-26T07:20:00.000Z,Hall AC,74.3,90.4,41,74,300,300,compressorCoolStage1On,Sleep,
2026-07-26T07:25:00.000Z,Hall AC,73.9,90.4,41,74,135,180,compressorCoolStage1On,Sleep,
2026-07-26T07:30:00.000Z,Hall AC,73.1,90.4,42,74,0,0,compressorCoolOff,Sleep,
2026-07-26T07:35:00.000Z,Hall AC,73.1,90.4,43,74,0,0,compressorCoolOff,Sleep,
2026-07-26T07:40:00.000Z,Hall AC,73.3,90.4,43,74,0,0,compressorCoolOff,Sleep,
2026-07-26T07:45:00.000Z,Hall AC,73.6,90.4,42,74,0,0,compressorCoolOff,Sleep,
2026-07-26T07:50:00.000Z,Hall AC,73.6,90.4,42,74,0,0,compressorCoolOff,Sleep,
2026-07-26T07:55:00.000Z,Hall AC,74.1,90.4,42,74,240,240,compressorCoolOff,Sleep,
2026-07-26T08:00:00.000Z,Hall AC,73.8,90.5,41,74,120,165,compressorCoolStage1On,Sleep,
2026-07-26T08:05:00.000Z,Hall AC,73.3,90.5,42,74,0,0,compressorCoolOff,Sleep,
2026-07-26T08:10:00.000Z,Hall AC,73.3,90.5,43,74,0,0,compressorCoolOff,Sleep,
2026-07-26T08:15:00.000Z,Hall AC,73.5,90.5,43,74,0,0,compressorCoolOff,Sleep,
2026-07-26T08:20:00.000Z,Hall AC,73.6,90.5,42,74,0,0,compressorCoolOff,Sleep,
2026-07-26T08:25:00.000Z,Hall AC,73.8,90.5,42,74,30,30,compressorCoolOff,Sleep,
2026-07-26T08:30:00.000Z,Hall AC,74.1,90.5,42,74,300,300,compressorCoolStage1On,Sleep,
2026-07-26T08:35:00.000Z,Hall AC,73.8,90.5,41,74,60,105,compressorCoolStage1On,Sleep,
2026-07-26T08:40:00.000Z,Hall AC,73.3,90.5,43,74,0,0,compressorCoolOff,Sleep,
2026-07-26T08:45:00.000Z,Hall AC,73.3,90.5,43,74,0,0,compressorCoolOff,Sleep,
2026-07-26T08:50:00.000Z,Hall AC,73.5,90.5,43,74,0,0,compressorCoolOff,Sleep,
2026-07-26T08:55:00.000Z,Hall AC,73.6,90.5,42,74,0,0,compressorCoolOff,Sleep,
2026-07-26T09:00:00.000Z,Hall AC,73.8,88.8,42,74,0,0,compressorCoolOff,Sleep,
2026-07-26T09:05:00.000Z,Hall AC,74.1,88.8,42,74,285,285,compressorCoolOff,Sleep,
2026-07-26T09:10:00.000Z,Hall AC,73.9,88.8,42,74,30,75,compressorCoolStage1On,Sleep,
2026-07-26T09:15:00.000Z,Hall AC,73.4,88.8,43,74,0,0,compressorCoolOff,Sleep,
2026-07-26T09:20:00.000Z,Hall AC,73.4,88.8,43,74,0,0,compressorCoolOff,Sleep,
2026-07-26T09:25:00.000Z,Hall AC,73.6,88.8,43,74,0,0,compressorCoolOff,Sleep,
2026-07-26T09:30:00.000Z,Hall AC,73.7,88.5,42,74,0,0,compressorCoolOff,Sleep,
2026-07-26T09:35:00.000Z,Hall AC,73.8,88.5,42,74,0,0,compressorCoolOff,Sleep,
2026-07-26T09:40:00.000Z,Hall AC,74.1,88.5,42,74,285,285,compressorCoolOff,Sleep,
2026-07-26T09:45:00.000Z,Hall AC,73.7,88.5,41,74,60,105,compressorCoolStage1On,Sleep,
2026-07-26T09:50:00.000Z,Hall AC,73.1,88.5,42,74,0,0,compressorCoolOff,Sleep,
2026-07-26T09:55:00.000Z,Hall AC,73.2,88.5,43,74,0,0,compressorCoolOff,Sleep,
2026-07-26T10:00:00.000Z,Hall AC,73.4,87.7,43,74,0,0,compressorCoolOff,Sleep,
2026-07-26T10:05:00.000Z,Hall AC,73.6,87.7,42,74,0,0,compressorCoolOff,Sleep,
2026-07-26T10:10:00.000Z,Hall AC,73.4,87.7,41,74,0,0,compressorCoolOff,Sleep,
2026-07-26T10:15:00.000Z,Hall AC,73.8,87.7,42,74,0,0,compressorCoolOff,Sleep,
2026-07-26T10:20:00.000Z,Hall AC,73.7,87.7,41,74,0,0,compressorCoolOff,Sleep,
2026-07-26T10:25:00.000Z,Hall AC,73.7,87.7,41,74,0,0,compressorCoolOff,Sleep,
2026-07-26T10:30:00.000Z,Hall AC,73.7,87,41,74,0,0,compressorCoolOff,Sleep,
2026-07-26T10:35:00.000Z,Hall AC,73.7,87,41,74,0,0,compressorCoolOff,Sleep,
2026-07-26T10:40:00.000Z,Hall AC,73.8,87,41,74,0,0,compressorCoolOff,Sleep,
2026-07-26T10:45:00.000Z,Hall AC,73.9,87,41,74,105,105,compressorCoolOff,Sleep,
2026-07-26T10:50:00.000Z,Hall AC,74.2,87,41,74,300,300,compressorCoolStage1On,Sleep,
2026-07-26T10:55:00.000Z,Hall AC,73.7,87,41,74,90,135,compressorCoolStage1On,Sleep,
2026-07-26T11:00:00.000Z,Hall AC,73,86,42,74,0,0,compressorCoolOff,Sleep,
2026-07-26T11:05:00.000Z,Hall AC,73,86,42,74,0,0,compressorCoolOff,Sleep,
2026-07-26T11:10:00.000Z,Hall AC,72.8,86,41,74,0,0,compressorCoolOff,Sleep,
2026-07-26T11:15:00.000Z,Hall AC,73.2,86,41,74,0,0,compressorCoolOff,Sleep,
2026-07-26T11:20:00.000Z,Hall AC,73.2,86,41,74,0,0,compressorCoolOff,Sleep,
2026-07-26T11:25:00.000Z,Hall AC,73.4,86,41,74,0,0,compressorCoolOff,Sleep,
2026-07-26T11:30:00.000Z,Hall AC,73.6,86,41,74,0,0,compressorCoolOff,Sleep,
2026-07-26T11:35:00.000Z,Hall AC,73.7,86,41,74,0,0,compressorCoolOff,Sleep,
2026-07-26T11:40:00.000Z,Hall AC,73.7,86,41,74,0,0,compressorCoolOff,Sleep,
2026-07-26T11:45:00.000Z,Hall AC,73.7,86,41,74,0,0,compressorCoolOff,Sleep,
2026-07-26T11:50:00.000Z,Hall AC,73.7,86,41,74,0,0,compressorCoolOff,Sleep,
2026-07-26T11:55:00.000Z,Hall AC,73.7,86,41,74,0,0,compressorCoolOff,Sleep,
2026-07-26T12:00:00.000Z,Hall AC,73.7,84.2,41,74,0,0,compressorCoolOff,Sleep,
2026-07-26T12:05:00.000Z,Hall AC,73.7,84.2,41,74,0,0,compressorCoolOff,Sleep,
2026-07-26T12:10:00.000Z,Hall AC,73.7,84.2,41,74,0,0,compressorCoolOff,Sleep,
2026-07-26T12:15:00.000Z,Hall AC,73.7,84.2,41,74,0,0,compressorCoolOff,Sleep,
2026-07-26T12:20:00.000Z,Hall AC,73.8,84.2,41,74,0,0,compressorCoolOff,Sleep,
2026-07-26T12:25:00.000Z,Hall AC,73.8,84.2,41,74,75,75,compressorCoolOff,Sleep,
2026-07-26T12:30:00.000Z,Hall AC,74.3,84.2,41,74,300,300,compressorCoolStage1On,Sleep,
2026-07-26T12:35:00.000Z,Hall AC,73.9,84.2,41,74,135,180,compressorCoolStage1On,Sleep,
2026-07-26T12:40:00.000Z,Hall AC,73,84.2,41,74,0,0,compressorCoolOff,Sleep,
2026-07-26T12:45:00.000Z,Hall AC,72.6,84.2,41,74,0,0,compressorCoolOff,Sleep,
2026-07-26T12:50:00.000Z,Hall AC,72.9,84.2,41,74,0,0,compressorCoolOff,Sleep,
2026-07-26T12:55:00.000Z,Hall AC,72.9,84.2,41,74,0,0,compressorCoolOff,Sleep,
2026-07-26T13:00:00.000Z,Hall AC,73.2,82.9,41,74,0,0,compressorCoolOff,Sleep,
2026-07-26T13:05:00.000Z,Hall AC,73.5,82.9,41,74,0,0,compressorCoolOff,Sleep,
2026-07-26T13:10:00.000Z,Hall AC,74,82.9,42,74,195,195,compressorCoolOff,Sleep,
2026-07-26T13:15:00.000Z,Hall AC,74.3,82.9,42,74,300,300,compressorCoolStage1On,Sleep,
2026-07-26T13:20:00.000Z,Hall AC,73.1,82.9,42,74,30,75,compressorCoolStage1On,Sleep,
2026-07-26T13:25:00.000Z,Hall AC,72.7,82.9,43,74,0,0,compressorCoolOff,Sleep,
2026-07-26T13:30:00.000Z,Hall AC,72.8,85.6,44,74,0,0,compressorCoolOff,Sleep,
2026-07-26T13:35:00.000Z,Hall AC,73.2,85.6,44,74,0,0,compressorCoolOff,Sleep,
2026-07-26T13:40:00.000Z,Hall AC,74.1,85.6,43,74,270,270,compressorCoolOff,Sleep,
2026-07-26T13:45:00.000Z,Hall AC,73.5,85.6,42,74,30,75,compressorCoolStage1On,Sleep,
2026-07-26T13:50:00.000Z,Hall AC,72.6,85.6,43,74,0,0,compressorCoolOff,Sleep,
2026-07-26T13:55:00.000Z,Hall AC,72.8,85.6,43,74,0,0,compressorCoolOff,Sleep,
2026-07-26T14:00:00.000Z,Hall AC,73.3,87.2,43,74,0,0,compressorCoolOff,Sleep,
2026-07-26T14:05:00.000Z,Hall AC,73.8,87.2,42,74,240,240,compressorCoolOff,Sleep,
2026-07-26T14:10:00.000Z,Hall AC,72.8,87.2,42,74,60,105,compressorCoolStage1On,Sleep,
2026-07-26T14:15:00.000Z,Hall AC,72.7,87.2,43,74,0,0,compressorCoolOff,Sleep,
2026-07-26T14:20:00.000Z,Hall AC,73.1,87.2,42,74,0,0,compressorCoolOff,Sleep,
2026-07-26T14:25:00.000Z,Hall AC,73.6,87.2,42,74,0,0,compressorCoolOff,Sleep,
2026-07-26T14:30:00.000Z,Hall AC,73.8,87.2,41,74,30,30,compressorCoolOff,Sleep,
2026-07-26T14:35:00.000Z,Hall AC,73.9,87.2,41,74,270,300,compressorCoolStage1On,Sleep,
2026-07-26T14:40:00.000Z,Hall AC,73.2,87.2,41,74,0,15,compressorCoolOff,Sleep,
2026-07-26T14:45:00.000Z,Hall AC,73.7,87.2,43,74,60,60,compressorCoolOff,Sleep,
2026-07-26T14:50:00.000Z,Hall AC,74,87.2,43,74,240,285,compressorCoolStage1On,Sleep,
2026-07-26T14:55:00.000Z,Hall AC,73.4,87.2,43,74.9,0,0,compressorCoolOff,Sleep,
2026-07-26T15:00:00.000Z,Hall AC,73.6,90,44,76,0,0,compressorCoolOff,Away,
2026-07-26T15:05:00.000Z,Hall AC,74.2,90,44,76,0,0,compressorCoolOff,Away,
2026-07-26T15:10:00.000Z,Hall AC,74.7,90,44,76,0,0,compressorCoolOff,Away,
2026-07-26T15:15:00.000Z,Hall AC,75.1,90,44,76,0,0,compressorCoolOff,Away,
2026-07-26T15:20:00.000Z,Hall AC,75.4,90,44,76,0,0,compressorCoolOff,Away,
2026-07-26T15:25:00.000Z,Hall AC,75.6,90,44,76,0,0,compressorCoolOff,Away,
2026-07-26T15:30:00.000Z,Hall AC,75.7,90,45,76,0,0,compressorCoolOff,Away,
2026-07-26T15:35:00.000Z,Hall AC,76,90,45,76,0,0,compressorCoolOff,Away,
2026-07-26T15:40:00.000Z,Hall AC,76.3,90,45,76,0,0,compressorCoolOff,Away,
2026-07-26T15:45:00.000Z,Hall AC,76.4,90,44,76,0,0,compressorCoolOff,Away,
2026-07-26T15:50:00.000Z,Hall AC,76.4,90,44,76,0,0,compressorCoolOff,Away,
2026-07-26T15:55:00.000Z,Hall AC,76.5,90,44,76,0,0,compressorCoolOff,Away,
2026-07-26T16:00:00.000Z,Hall AC,76.9,92.3,43,75.6,270,270,compressorCoolOff,Away,
2026-07-26T16:05:00.000Z,Hall AC,76.5,92.3,44,75,300,300,compressorCoolStage1On,Away,smartHome
2026-07-26T16:10:00.000Z,Hall AC,74,92.3,45,75,15,60,compressorCoolStage1On,Away,smartHome
2026-07-26T16:15:00.000Z,Hall AC,73.5,92.3,46,75,0,0,compressorCoolOff,Away,smartHome
2026-07-26T16:20:00.000Z,Hall AC,74.1,92.3,47,75,0,0,compressorCoolOff,Away,smartHome
2026-07-26T16:25:00.000Z,Hall AC,74.7,92.3,47,74.8,45,45,compressorCoolOff,Away,smartHome
2026-07-26T16:30:00.000Z,Hall AC,75.2,93.9,46,74,300,300,compressorCoolStage1On,Away,hold
2026-07-26T16:35:00.000Z,Hall AC,75.1,93.9,45,74,300,300,compressorCoolStage1On,Away,hold
2026-07-26T16:40:00.000Z,Hall AC,74.5,93.9,44,74,300,300,compressorCoolStage1On,Away,hold
2026-07-26T16:45:00.000Z,Hall AC,73.4,93.9,45,74,0,45,compressorCoolOff,Away,hold
2026-07-26T16:50:00.000Z,Hall AC,73.3,93.9,50,74,0,0,compressorCoolOff,Away,hold
2026-07-26T16:55:00.000Z,Hall AC,74.2,93.9,53,74,210,210,compressorCoolOff,Away,hold
2026-07-26T17:00:00.000Z,Hall AC,74.2,94.6,49,74,210,255,compressorCoolStage1On,Away,hold
2026-07-26T17:05:00.000Z,Hall AC,73.7,94.6,50,74,0,0,compressorCoolOff,Away,hold
2026-07-26T17:10:00.000Z,Hall AC,74.4,94.6,50,74,285,285,compressorCoolOff,Away,hold
2026-07-26T17:15:00.000Z,Hall AC,74.4,94.6,48,74,300,300,compressorCoolStage1On,Away,hold
2026-07-26T17:20:00.000Z,Hall AC,74.1,94.6,46,74,210,255,compressorCoolStage1On,Away,hold
2026-07-26T17:25:00.000Z,Hall AC,73.6,94.6,47,74,0,0,compressorCoolOff,Away,hold
2026-07-26T17:30:00.000Z,Hall AC,74.2,94.6,47,74,195,195,compressorCoolOff,Away,hold
2026-07-26T17:35:00.000Z,Hall AC,74.7,94.6,46,74,300,300,compressorCoolStage1On,Away,hold
2026-07-26T17:40:00.000Z,Hall AC,74.1,94.6,44,74,300,300,compressorCoolStage1On,Away,hold
2026-07-26T17:45:00.000Z,Hall AC,73.9,94.6,44,74,75,120,compressorCoolStage1On,Away,hold
2026-07-26T17:50:00.000Z,Hall AC,73.7,94.6,45,74,15,15,compressorCoolOff,Away,hold
2026-07-26T17:55:00.000Z,Hall AC,74.5,94.6,45,74,300,300,compressorCoolStage1On,Away,hold
2026-07-26T18:00:00.000Z,Hall AC,74.5,97.1,44,74,300,300,compressorCoolStage1On,Away,hold
2026-07-26T18:05:00.000Z,Hall AC,74,97.1,43,74,135,180,compressorCoolStage1On,Away,hold
2026-07-26T18:10:00.000Z,Hall AC,73.9,97.1,45,74,75,75,compressorCoolOff,Away,hold
2026-07-26T18:15:00.000Z,Hall AC,74.4,97.1,45,74,300,300,compressorCoolStage1On,Away,hold
2026-07-26T18:20:00.000Z,Hall AC,74.3,97.1,43,74,285,300,compressorCoolStage1On,Away,hold
2026-07-26T18:25:00.000Z,Hall AC,73.8,97.1,44,74,0,30,compressorCoolOff,Away,hold
2026-07-26T18:30:00.000Z,Hall AC,73.9,97.1,46,74,120,120,compressorCoolOff,Away,hold
2026-07-26T18:35:00.000Z,Hall AC,74.6,97.1,45,74,300,300,compressorCoolStage1On,Away,hold
2026-07-26T18:40:00.000Z,Hall AC,74.3,97.1,44,74,300,300,compressorCoolStage1On,Away,hold
2026-07-26T18:45:00.000Z,Hall AC,74,97.1,44,74,165,210,compressorCoolStage1On,Away,hold
2026-07-26T18:50:00.000Z,Hall AC,73.6,97.1,45,74,0,0,compressorCoolOff,Away,hold
2026-07-26T18:55:00.000Z,Hall AC,74,97.1,46,74,135,135,compressorCoolOff,Away,hold
2026-07-26T19:00:00.000Z,Hall AC,74.5,99.4,45,74,300,300,compressorCoolStage1On,Away,hold
2026-07-26T19:05:00.000Z,Hall AC,74.3,99.4,44,74,300,300,compressorCoolStage1On,Away,hold
2026-07-26T19:10:00.000Z,Hall AC,73.9,99.4,43,74,30,75,compressorCoolStage1On,Away,hold
2026-07-26T19:15:00.000Z,Hall AC,73.6,99.4,46,74,0,0,compressorCoolOff,Away,hold
2026-07-26T19:20:00.000Z,Hall AC,74.3,99.4,45,74,270,270,compressorCoolOff,Away,hold
2026-07-26T19:25:00.000Z,Hall AC,74.6,99.4,45,74,300,300,compressorCoolStage1On,Away,hold
2026-07-26T19:30:00.000Z,Hall AC,74.1,99.4,44,74,255,300,compressorCoolStage1On,Away,hold
2026-07-26T19:35:00.000Z,Hall AC,73.7,99.4,44,74,0,0,compressorCoolOff,Away,hold
2026-07-26T19:40:00.000Z,Hall AC,73.8,99.4,46,74,45,45,compressorCoolOff,Away,hold
2026-07-26T19:45:00.000Z,Hall AC,74.5,99.4,45,74,300,300,compressorCoolStage1On,Away,hold
2026-07-26T19:50:00.000Z,Hall AC,74.3,99.4,44,74,300,300,compressorCoolStage1On,Away,hold
2026-07-26T19:55:00.000Z,Hall AC,73.7,99.4,45,74.4,0,45,compressorCoolOff,Away,hold
2026-07-26T20:00:00.000Z,Hall AC,73.8,102,47,75,0,0,compressorCoolOff,Home,
2026-07-26T20:05:00.000Z,Hall AC,74.4,102,47,75,0,0,compressorCoolOff,Home,
2026-07-26T20:10:00.000Z,Hall AC,74.9,102,47,75,90,90,compressorCoolOff,Home,
2026-07-26T20:15:00.000Z,Hall AC,75.1,102,47,75,300,300,compressorCoolStage1On,Home,
2026-07-26T20:20:00.000Z,Hall AC,75.3,102,46,75,300,300,compressorCoolStage1On,Home,
2026-07-26T20:25:00.000Z,Hall AC,75.2,102,44,75,300,300,compressorCoolStage1On,Home,
2026-07-26T20:30:00.000Z,Hall AC,74.7,102,44,75,0,45,compressorCoolOff,Home,
2026-07-26T20:35:00.000Z,Hall AC,74.5,102,45,75,0,0,compressorCoolOff,Home,
2026-07-26T20:40:00.000Z,Hall AC,74.9,102,46,75,45,45,compressorCoolOff,Home,
2026-07-26T20:45:00.000Z,Hall AC,75.4,102,45,75,300,300,compressorCoolStage1On,Home,
2026-07-26T20:50:00.000Z,Hall AC,75.5,102,44,75,300,300,compressorCoolStage1On,Home,
2026-07-26T20:55:00.000Z,Hall AC,75.4,102,44,75,300,300,compressorCoolStage1On,Home,
2026-07-26T21:00:00.000Z,Hall AC,75.1,0,44,75,240,285,compressorCoolStage1On,Home,
2026-07-26T21:05:00.000Z,Hall AC,74.6,0,45,75,0,0,compressorCoolOff,Home,
2026-07-26T21:10:00.000Z,Hall AC,74.4,0,46,75,0,0,compressorCoolOff,Home,
2026-07-26T21:15:00.000Z,Hall AC,74.8,0,45,75,0,0,compressorCoolOff,Home,
2026-07-26T21:20:00.000Z,Hall AC,75.2,0,44,75,240,240,compressorCoolOff,Home,
2026-07-26T21:25:00.000Z,Hall AC,75.5,0,43,75,300,300,compressorCoolStage1On,Home,
2026-07-26T21:30:00.000Z,Hall AC,75,0,42,75,195,240,compressorCoolStage1On,Home,
2026-07-26T21:35:00.000Z,Hall AC,74.8,0,43,75,0,0,compressorCoolOff,Home,
2026-07-26T21:40:00.000Z,Hall AC,74.6,0,45,75,0,0,compressorCoolOff,Home,
2026-07-26T21:45:00.000Z,Hall AC,75,0,45,75,150,150,compressorCoolOff,Home,
2026-07-26T21:50:00.000Z,Hall AC,75.5,0,43,75,300,300,compressorCoolStage1On,Home,
2026-07-26T21:55:00.000Z,Hall AC,75.3,0,43,75,300,300,compressorCoolStage1On,Home,
2026-07-26T22:00:00.000Z,Hall AC,75.2,0,43,75,270,300,compressorCoolStage1On,Home,
2026-07-26T22:05:00.000Z,Hall AC,74.7,0,43,75,0,15,compressorCoolOff,Home,
2026-07-26T22:10:00.000Z,Hall AC,74.4,0,45,75,0,0,compressorCoolOff,Home,
2026-07-26T22:15:00.000Z,Hall AC,74.6,0,46,75,0,0,compressorCoolOff,Home,
2026-07-26T22:20:00.000Z,Hall AC,75.1,0,47,75,225,225,compressorCoolOff,Home,
2026-07-26T22:25:00.000Z,Hall AC,75.4,0,47,75,300,300,compressorCoolStage1On,Home,
2026-07-26T22:30:00.000Z,Hall AC,74.9,0,46,75,120,165,compressorCoolStage1On,Home,
2026-07-26T22:35:00.000Z,Hall AC,74.2,0,48,75,0,0,compressorCoolOff,Home,
2026-07-26T22:40:00.000Z,Hall AC,74.6,0,49,75,0,0,compressorCoolOff,Home,
2026-07-26T22:45:00.000Z,Hall AC,75.1,0,49,75,195,195,compressorCoolOff,Home,
2026-07-26T22:50:00.000Z,Hall AC,75.5,0,47,75,300,300,compressorCoolStage1On,Home,
2026-07-26T22:55:00.000Z,Hall AC,74.9,0,47,75,105,150,compressorCoolStage1On,Home,
2026-07-26T23:00:00.000Z,Hall AC,74.5,0,48,73,195,195,compressorCoolOff,Home,auto
2026-07-26T23:05:00.000Z,Hall AC,75.5,0,46,72.4,300,300,compressorCoolStage1On,Home,auto
2026-07-26T23:10:00.000Z,Hall AC,75.3,0,46,72,300,300,compressorCoolStage1On,Home,auto
2026-07-26T23:15:00.000Z,Hall AC,74.5,0,46,72,300,300,compressorCoolStage1On,Home,auto
2026-07-26T23:20:00.000Z,Hall AC,73.8,0,47,72,300,300,compressorCoolStage1On,Home,auto
2026-07-26T23:25:00.000Z,Hall AC,73.3,0,47,72,300,300,compressorCoolStage1On,Home,auto
2026-07-26T23:30:00.000Z,Hall AC,73,0,47,72,300,300,compressorCoolStage1On,Home,auto
2026-07-26T23:35:00.000Z,Hall AC,72.3,0,47,72,225,270,compressorCoolStage1On,Home,auto
2026-07-26T23:40:00.000Z,Hall AC,71.4,0,49,72,0,0,compressorCoolOff,Home,auto
2026-07-26T23:45:00.000Z,Hall AC,71.7,0,50,72,60,60,compressorCoolOff,Home,auto
2026-07-26T23:50:00.000Z,Hall AC,73.1,0,49,72,300,300,compressorCoolStage1On,Home,auto
2026-07-26T23:55:00.000Z,Hall AC,73.7,0,47,72,300,300,compressorCoolStage1On,Home,auto
2026-07-27T00:00:00.000Z,Hall AC,73.6,104.3,47,72,300,300,compressorCoolStage1On,Home,auto
2026-07-27T00:05:00.000Z,Hall AC,73.5,104.3,47,72,300,300,compressorCoolStage1On,Home,auto
2026-07-27T00:10:00.000Z,Hall AC,73.2,104.3,47,72,300,300,compressorCoolStage1On,Home,auto
2026-07-27T00:15:00.000Z,Hall AC,72.8,104.3,47,72,300,300,compressorCoolStage1On,Home,auto
2026-07-27T00:20:00.000Z,Hall AC,72.4,104.3,46,72,300,300,compressorCoolStage1On,Home,auto
2026-07-27T00:25:00.000Z,Hall AC,72.2,104.3,46,72,300,300,compressorCoolStage1On,Home,auto
2026-07-27T00:30:00.000Z,Hall AC,72.1,104.3,46,72,300,300,compressorCoolStage1On,Home,auto
2026-07-27T00:35:00.000Z,Hall AC,72,104.3,46,72,195,240,compressorCoolStage1On,Home,auto
2026-07-27T00:40:00.000Z,Hall AC,71.8,104.3,48,72,0,0,compressorCoolOff,Home,auto
2026-07-27T00:45:00.000Z,Hall AC,72.5,104.3,49,72,255,255,compressorCoolOff,Home,auto
2026-07-27T00:50:00.000Z,Hall AC,73.3,104.3,47,72,300,300,compressorCoolStage1On,Home,auto
2026-07-27T00:55:00.000Z,Hall AC,73.1,104.3,46,72,300,300,compressorCoolStage1On,Home,auto
2026-07-27T01:00:00.000Z,Hall AC,72.7,103.4,46,72,300,300,compressorCoolStage1On,Home,auto
2026-07-27T01:05:00.000Z,Hall AC,72.7,103.4,45,72,300,300,compressorCoolStage1On,Home,auto
2026-07-27T01:10:00.000Z,Hall AC,73.1,103.4,44,72,300,300,compressorCoolStage1On,Home,auto
2026-07-27T01:15:00.000Z,Hall AC,72.7,103.4,44,72,300,300,compressorCoolStage1On,Home,auto
2026-07-27T01:20:00.000Z,Hall AC,71.5,103.4,46,72,0,45,compressorCoolOff,Home,auto
2026-07-27T01:25:00.000Z,Hall AC,71.3,103.4,48,72,0,0,compressorCoolOff,Home,auto
2026-07-27T01:30:00.000Z,Hall AC,72.3,103.4,48,72,225,225,compressorCoolOff,Home,auto
2026-07-27T01:35:00.000Z,Hall AC,73.1,103.4,46,72,300,300,compressorCoolStage1On,Home,auto
2026-07-27T01:40:00.000Z,Hall AC,72.7,103.4,46,72,300,300,compressorCoolStage1On,Home,auto
2026-07-27T01:45:00.000Z,Hall AC,72.6,103.4,46,72,300,300,compressorCoolStage1On,Home,auto
2026-07-27T01:50:00.000Z,Hall AC,72.4,103.4,45,72,300,300,compressorCoolStage1On,Home,auto
2026-07-27T01:55:00.000Z,Hall AC,72.1,103.4,45,72,225,270,compressorCoolStage1On,Home,auto
2026-07-27T02:00:00.000Z,Hall AC,71.8,102.3,46,72,0,0,compressorCoolOff,Home,auto
2026-07-27T02:05:00.000Z,Hall AC,72.4,102.3,47,72,225,225,compressorCoolOff,Home,auto
2026-07-27T02:10:00.000Z,Hall AC,73.7,102.3,44,72,300,300,compressorCoolStage1On,Home,auto
2026-07-27T02:15:00.000Z,Hall AC,73.8,102.3,43,72,300,300,compressorCoolStage1On,Home,auto
2026-07-27T02:20:00.000Z,Hall AC,73.4,102.3,44,72,300,300,compressorCoolStage1On,Home,auto
2026-07-27T02:25:00.000Z,Hall AC,73,102.3,44,72,300,300,compressorCoolStage1On,Home,auto
2026-07-27T02:30:00.000Z,Hall AC,72.9,102.3,44,72,300,300,compressorCoolStage1On,Home,auto
2026-07-27T02:35:00.000Z,Hall AC,72.7,102.3,44,72,300,300,compressorCoolStage1On,Home,auto
2026-07-27T02:40:00.000Z,Hall AC,72.5,102.3,44,72,300,300,compressorCoolStage1On,Home,auto
2026-07-27T02:45:00.000Z,Hall AC,72.3,102.3,44,72,300,300,compressorCoolStage1On,Home,auto
2026-07-27T02:50:00.000Z,Hall AC,72.1,102.3,44,72,300,300,compressorCoolStage1On,Home,auto
2026-07-27T02:55:00.000Z,Hall AC,72.2,102.3,44,72,300,300,compressorCoolStage1On,Home,auto
2026-07-27T03:00:00.000Z,Hall AC,71.9,99.5,44,72,105,150,compressorCoolStage1On,Home,auto
2026-07-27T03:05:00.000Z,Hall AC,71.5,99.5,45,72,0,0,compressorCoolOff,Home,auto
2026-07-27T03:10:00.000Z,Hall AC,71.9,99.5,46,72,75,75,compressorCoolOff,Home,auto
2026-07-27T03:15:00.000Z,Hall AC,72.9,99.5,44,72,300,300,compressorCoolStage1On,Home,auto
2026-07-27T03:20:00.000Z,Hall AC,73.3,99.5,43,72,300,300,compressorCoolStage1On,Home,auto
2026-07-27T03:25:00.000Z,Hall AC,72.7,99.5,44,72,300,300,compressorCoolStage1On,Home,auto
2026-07-27T03:30:00.000Z,Hall AC,72.1,99.5,44,72,195,240,compressorCoolStage1On,Home,auto
2026-07-27T03:35:00.000Z,Hall AC,71.2,99.5,44,72,0,0,compressorCoolOff,Home,auto
2026-07-27T03:40:00.000Z,Hall AC,71.4,99.5,46,72,0,0,compressorCoolOff,Home,auto
2026-07-27T03:45:00.000Z,Hall AC,72.2,99.5,45,72,195,195,compressorCoolOff,Home,auto
2026-07-27T03:50:00.000Z,Hall AC,72.8,99.5,43,72,300,300,compressorCoolStage1On,Home,auto
2026-07-27T03:55:00.000Z,Hall AC,72.5,99.5,42,72,300,300,compressorCoolStage1On,Home,auto
2026-07-27T04:00:00.000Z,Hall AC,71.9,97.1,42,72,60,105,compressorCoolStage1On,Home,auto
2026-07-27T04:05:00.000Z,Hall AC,71.4,97.1,42,72,0,0,compressorCoolOff,Home,auto
2026-07-27T04:10:00.000Z,Hall AC,71.8,97.1,42,72,30,30,compressorCoolOff,Home,auto
2026-07-27T04:15:00.000Z,Hall AC,72.5,97.1,41,72,300,300,compressorCoolStage1On,Home,auto
2026-07-27T04:20:00.000Z,Hall AC,72.6,97.1,41,72,300,300,compressorCoolStage1On,Home,auto
2026-07-27T04:25:00.000Z,Hall AC,72.3,97.1,41,72,300,300,compressorCoolStage1On,Home,auto
2026-07-27T04:30:00.000Z,Hall AC,71.9,99.2,42,72,75,120,compressorCoolStage1On,Home,auto
2026-07-27T04:35:00.000Z,Hall AC,71.7,99.2,43,72,0,0,compressorCoolOff,Home,auto
2026-07-27T04:40:00.000Z,Hall AC,72.5,99.2,42,72,180,180,compressorCoolOff,Home,auto
2026-07-27T04:45:00.000Z,Hall AC,72.9,99.2,41,72,300,300,compressorCoolStage1On,Home,auto
2026-07-27T04:50:00.000Z,Hall AC,72.4,99.2,41,72,255,300,compressorCoolStage1On,Home,auto
2026-07-27T04:55:00.000Z,Hall AC,71.6,99.2,42,72.8,0,0,compressorCoolOff,Home,auto
2026-07-27T05:00:00.000Z,Hall AC,71.3,97,42,74,0,0,compressorCoolOff,Sleep,
2026-07-27T05:05:00.000Z,Hall AC,71.7,97,43,74,0,0,compressorCoolOff,Sleep,
2026-07-27T05:10:00.000Z,Hall AC,72.1,97,43,74,0,0,compressorCoolOff,Sleep,
2026-07-27T05:15:00.000Z,Hall AC,72.5,97,43,74,0,0,compressorCoolOff,Sleep,
2026-07-27T05:20:00.000Z,Hall AC,72.8,97,43,74,0,0,compressorCoolOff,Sleep,
2026-07-27T05:25:00.000Z,Hall AC,73,97,43,74,0,0,compressorCoolOff,Sleep,
2026-07-27T05:30:00.000Z,Hall AC,73.2,97,43,74,0,0,compressorCoolOff,Sleep,
2026-07-27T05:35:00.000Z,Hall AC,73.4,97,42,74,0,0,compressorCoolOff,Sleep,
2026-07-27T05:40:00.000Z,Hall AC,73.4,97,42,74,0,0,compressorCoolOff,Sleep,
2026-07-27T05:45:00.000Z,Hall AC,73.8,97,43,74,0,0,compressorCoolOff,Sleep,
2026-07-27T05:50:00.000Z,Hall AC,73.9,97,44,74,0,0,compressorCoolOff,Sleep,
2026-07-27T05:55:00.000Z,Hall AC,74,97,44,74,0,0,compressorCoolOff,Sleep,
2026-07-27T06:00:00.000Z,Hall AC,74.1,96.4,44,74,0,0,compressorCoolOff,Sleep,
2026-07-27T06:05:00.000Z,Hall AC,74.2,96.4,44,74,0,0,compressorCoolOff,Sleep,
2026-07-27T06:10:00.000Z,Hall AC,74.3,96.4,44,74,0,0,compressorCoolOff,Sleep,
2026-07-27T06:15:00.000Z,Hall AC,74.1,96.4,43,74,0,0,compressorCoolOff,Sleep,
2026-07-27T06:20:00.000Z,Hall AC,73.9,96.4,43,74,0,0,compressorCoolOff,Sleep,
2026-07-27T06:25:00.000Z,Hall AC,74.6,96.4,44,74,225,225,compressorCoolOff,Sleep,
2026-07-27T06:30:00.000Z,Hall AC,75.1,96.4,45,74,300,300,compressorCoolStage1On,Sleep,
2026-07-27T06:35:00.000Z,Hall AC,74.5,96.4,44,74,300,300,compressorCoolStage1On,Sleep,
2026-07-27T06:40:00.000Z,Hall AC,73.7,96.4,44,74,60,105,compressorCoolStage1On,Sleep,
2026-07-27T06:45:00.000Z,Hall AC,72.7,96.4,45,74,0,0,compressorCoolOff,Sleep,
2026-07-27T06:50:00.000Z,Hall AC,72.7,96.4,45,74,0,0,compressorCoolOff,Sleep,
2026-07-27T06:55:00.000Z,Hall AC,72.8,96.4,44,74,0,0,compressorCoolOff,Sleep,
2026-07-27T07:00:00.000Z,Hall AC,73.4,95.3,44,74,0,0,compressorCoolOff,Sleep,
2026-07-27T07:05:00.000Z,Hall AC,73.9,95.3,44,74,0,0,compressorCoolOff,Sleep,
2026-07-27T07:10:00.000Z,Hall AC,74.3,95.3,44,74,300,300,compressorCoolStage1On,Sleep,
2026-07-27T07:15:00.000Z,Hall AC,74.4,95.3,44,74,300,300,compressorCoolStage1On,Sleep,
2026-07-27T07:20:00.000Z,Hall AC,73.9,95.3,44,74,105,150,compressorCoolStage1On,Sleep,
2026-07-27T07:25:00.000Z,Hall AC,72.7,95.3,44,74,0,0,compressorCoolOff,Sleep,
2026-07-27T07:30:00.000Z,Hall AC,72.3,96.4,44,74,0,0,compressorCoolOff,Sleep,
2026-07-27T07:35:00.000Z,Hall AC,73,96.4,44,74,0,0,compressorCoolOff,Sleep,
2026-07-27T07:40:00.000Z,Hall AC,73.7,96.4,44,74,0,0,compressorCoolOff,Sleep,
2026-07-27T07:45:00.000Z,Hall AC,74,96.4,44,74,120,120,compressorCoolOff,Sleep,
2026-07-27T07:50:00.000Z,Hall AC,74.4,96.4,44,74,300,300,compressorCoolStage1On,Sleep,
2026-07-27T07:55:00.000Z,Hall AC,74.1,96.4,44,74,210,255,compressorCoolStage1On,Sleep,
2026-07-27T08:00:00.000Z,Hall AC,72.9,95,44,74,0,0,compressorCoolOff,Sleep,
2026-07-27T08:05:00.000Z,Hall AC,72.2,95,44,74,0,0,compressorCoolOff,Sleep,
2026-07-27T08:10:00.000Z,Hall AC,72.9,95,44,74,0,0,compressorCoolOff,Sleep,
2026-07-27T08:15:00.000Z,Hall AC,73.6,95,44,74,0,0,compressorCoolOff,Sleep,
2026-07-27T08:20:00.000Z,Hall AC,73.9,95,44,74,0,0,compressorCoolOff,Sleep,
2026-07-27T08:25:00.000Z,Hall AC,74,95,44,74,105,105,compressorCoolOff,Sleep,
2026-07-27T08:30:00.000Z,Hall AC,74.1,95,44,74,210,255,compressorCoolStage1On,Sleep,
2026-07-27T08:35:00.000Z,Hall AC,73.3,95,44,74,0,0,compressorCoolOff,Sleep,
2026-07-27T08:40:00.000Z,Hall AC,73.4,95,44,74,0,0,compressorCoolOff,Sleep,
2026-07-27T08:45:00.000Z,Hall AC,73.8,95,44,74,0,0,compressorCoolOff,Sleep,
2026-07-27T08:50:00.000Z,Hall AC,74,95,44,74,60,60,compressorCoolOff,Sleep,
2026-07-27T08:55:00.000Z,Hall AC,74.3,95,44,74,300,300,compressorCoolStage1On,Sleep,
2026-07-27T09:00:00.000Z,Hall AC,73.6,93.5,44,74,75,120,compressorCoolStage1On,Sleep,
2026-07-27T09:05:00.000Z,Hall AC,72.6,93.5,44,74,0,0,compressorCoolOff,Sleep,
2026-07-27T09:10:00.000Z,Hall AC,73.3,93.5,44,74,0,0,compressorCoolOff,Sleep,
2026-07-27T09:15:00.000Z,Hall AC,73.8,93.5,44,74,0,0,compressorCoolOff,Sleep,
2026-07-27T09:20:00.000Z,Hall AC,73.9,93.5,44,74,0,0,compressorCoolOff,Sleep,
2026-07-27T09:25:00.000Z,Hall AC,74.1,93.5,44,74,225,225,compressorCoolOff,Sleep,
2026-07-27T09:30:00.000Z,Hall AC,74,93.5,44,74,150,195,compressorCoolStage1On,Sleep,
2026-07-27T09:35:00.000Z,Hall AC,73.1,93.5,44,74,0,0,compressorCoolOff,Sleep,
2026-07-27T09:40:00.000Z,Hall AC,73.5,93.5,45,74,0,0,compressorCoolOff,Sleep,
2026-07-27T09:45:00.000Z,Hall AC,73.8,93.5,44,74,0,0,compressorCoolOff,Sleep,
2026-07-27T09:50:00.000Z,Hall AC,74.1,93.5,44,74,165,165,compressorCoolOff,Sleep,
2026-07-27T09:55:00.000Z,Hall AC,74.2,93.5,44,74,225,270,compressorCoolStage1On,Sleep,
2026-07-27T10:00:00.000Z,Hall AC,73.1,91.8,44,74,0,0,compressorCoolOff,Sleep,
2026-07-27T10:05:00.000Z,Hall AC,73,91.8,45,74,0,0,compressorCoolOff,Sleep,
2026-07-27T10:10:00.000Z,Hall AC,73.6,91.8,45,74,0,0,compressorCoolOff,Sleep,
2026-07-27T10:15:00.000Z,Hall AC,73.8,91.8,45,74,0,0,compressorCoolOff,Sleep,
2026-07-27T10:20:00.000Z,Hall AC,73.5,91.8,43,74,0,0,compressorCoolOff,Sleep,
2026-07-27T10:25:00.000Z,Hall AC,73.6,91.8,43,74,0,0,compressorCoolOff,Sleep,
2026-07-27T10:30:00.000Z,Hall AC,74.6,92,44,74,300,300,compressorCoolStage1On,Sleep,
2026-07-27T10:35:00.000Z,Hall AC,74.8,92,44,74,300,300,compressorCoolStage1On,Sleep,
2026-07-27T10:40:00.000Z,Hall AC,74.1,92,44,74,180,225,compressorCoolStage1On,Sleep,
2026-07-27T10:45:00.000Z,Hall AC,72.6,92,44,74,0,0,compressorCoolOff,Sleep,
2026-07-27T10:50:00.000Z,Hall AC,72.2,92,44,74,0,0,compressorCoolOff,Sleep,
2026-07-27T10:55:00.000Z,Hall AC,73,92,44,74,0,0,compressorCoolOff,Sleep,
2026-07-27T11:00:00.000Z,Hall AC,73.6,90.6,44,74,0,0,compressorCoolOff,Sleep,
2026-07-27T11:05:00.000Z,Hall AC,73.7,90.6,43,74,0,0,compressorCoolOff,Sleep,
2026-07-27T11:10:00.000Z,Hall AC,73.3,90.6,42,74,0,0,compressorCoolOff,Sleep,
2026-07-27T11:15:00.000Z,Hall AC,72.9,90.6,42,74,0,0,compressorCoolOff,Sleep,
2026-07-27T11:20:00.000Z,Hall AC,73.8,90.6,43,74,90,90,compressorCoolOff,Sleep,
2026-07-27T11:25:00.000Z,Hall AC,75,90.6,44,74,300,300,compressorCoolStage1On,Sleep,
2026-07-27T11:30:00.000Z,Hall AC,74.8,90.6,44,74,300,300,compressorCoolStage1On,Sleep,
2026-07-27T11:35:00.000Z,Hall AC,73.9,90.6,43,74,135,180,compressorCoolStage1On,Sleep,
2026-07-27T11:40:00.000Z,Hall AC,72.6,90.6,43,74,0,0,compressorCoolOff,Sleep,
2026-07-27T11:45:00.000Z,Hall AC,72.1,90.6,44,74,0,0,compressorCoolOff,Sleep,
2026-07-27T11:50:00.000Z,Hall AC,72.4,90.6,44,74,0,0,compressorCoolOff,Sleep,
2026-07-27T11:55:00.000Z,Hall AC,73.3,90.6,44,74,0,0,compressorCoolOff,Sleep,
2026-07-27T12:00:00.000Z,Hall AC,73.7,89,44,74,0,0,compressorCoolOff,Sleep,
2026-07-27T12:05:00.000Z,Hall AC,73.6,89,43,74,0,0,compressorCoolOff,Sleep,
2026-07-27T12:10:00.000Z,Hall AC,73.2,89,43,74,0,0,compressorCoolOff,Sleep,
2026-07-27T12:15:00.000Z,Hall AC,73.3,89,43,74,0,0,compressorCoolOff,Sleep,
2026-07-27T12:20:00.000Z,Hall AC,74.3,89,43,74,225,225,compressorCoolOff,Sleep,
2026-07-27T12:25:00.000Z,Hall AC,75,89,44,74,300,300,compressorCoolStage1On,Sleep,
2026-07-27T12:30:00.000Z,Hall AC,74.4,89,44,74,270,300,compressorCoolStage1On,Sleep,
2026-07-27T12:35:00.000Z,Hall AC,73.3,89,43,74,0,15,compressorCoolOff,Sleep,
2026-07-27T12:40:00.000Z,Hall AC,72.2,89,44,74,0,0,compressorCoolOff,Sleep,
2026-07-27T12:45:00.000Z,Hall AC,72.2,89,44,74,0,0,compressorCoolOff,Sleep,
2026-07-27T12:50:00.000Z,Hall AC,72.7,89,44,74,0,0,compressorCoolOff,Sleep,
2026-07-27T12:55:00.000Z,Hall AC,73.7,89,44,74,75,75,compressorCoolOff,Sleep,
2026-07-27T13:00:00.000Z,Hall AC,74.4,87.8,44,74,300,300,compressorCoolStage1On,Sleep,
2026-07-27T13:05:00.000Z,Hall AC,73.9,87.8,44,74,120,165,compressorCoolStage1On,Sleep,
2026-07-27T13:10:00.000Z,Hall AC,72.9,87.8,45,74,0,0,compressorCoolOff,Sleep,
2026-07-27T13:15:00.000Z,Hall AC,72.5,87.8,46,74,0,0,compressorCoolOff,Sleep,
2026-07-27T13:20:00.000Z,Hall AC,72.9,87.8,44,74,0,0,compressorCoolOff,Sleep,
2026-07-27T13:25:00.000Z,Hall AC,73.8,87.8,44,74,90,90,compressorCoolOff,Sleep,
2026-07-27T13:30:00.000Z,Hall AC,74.5,89.9,43,74,285,300,compressorCoolStage1On,Sleep,
2026-07-27T13:35:00.000Z,Hall AC,72.8,89.9,43,74,0,30,compressorCoolOff,Sleep,
2026-07-27T13:40:00.000Z,Hall AC,72.4,89.9,45,74,0,0,compressorCoolOff,Sleep,
2026-07-27T13:45:00.000Z,Hall AC,73.1,89.9,44,74,0,0,compressorCoolOff,Sleep,
2026-07-27T13:50:00.000Z,Hall AC,73.7,89.9,43,74,45,45,compressorCoolOff,Sleep,
2026-07-27T13:55:00.000Z,Hall AC,74,89.9,42,74,255,300,compressorCoolStage1On,Sleep,
2026-07-27T14:00:00.000Z,Hall AC,73.4,89.7,43,74,0,0,compressorCoolOff,Sleep,
2026-07-27T14:05:00.000Z,Hall AC,73.2,89.7,43,74,0,0,compressorCoolOff,Sleep,
2026-07-27T14:10:00.000Z,Hall AC,73.6,89.7,43,74,0,0,compressorCoolOff,Sleep,
2026-07-27T14:15:00.000Z,Hall AC,74,89.7,43,74,135,135,compressorCoolOff,Sleep,
2026-07-27T14:20:00.000Z,Hall AC,74.1,89.7,42,74,210,255,compressorCoolStage1On,Sleep,
2026-07-27T14:25:00.000Z,Hall AC,73.4,89.7,42,74.8,0,0,compressorCoolOff,Sleep,
2026-07-27T14:30:00.000Z,Hall AC,73.6,89.7,43,76,0,0,compressorCoolOff,WFH,
2026-07-27T14:35:00.000Z,Hall AC,74.2,89.7,43,76,0,0,compressorCoolOff,WFH,
2026-07-27T14:40:00.000Z,Hall AC,74.6,89.7,43,76,0,0,compressorCoolOff,WFH,
2026-07-27T14:45:00.000Z,Hall AC,74.7,89.7,43,76,0,0,compressorCoolOff,WFH,
2026-07-27T14:50:00.000Z,Hall AC,75.1,89.7,44,76,0,0,compressorCoolOff,WFH,
2026-07-27T14:55:00.000Z,Hall AC,75.3,89.7,44,76,0,0,compressorCoolOff,WFH,
2026-07-27T15:00:00.000Z,Hall AC,75.5,92.4,43,76,0,0,compressorCoolOff,WFH,
2026-07-27T15:05:00.000Z,Hall AC,75.6,92.4,43,75.4,90,90,compressorCoolOff,WFH,
2026-07-27T15:10:00.000Z,Hall AC,75.5,92.4,42,74,300,300,compressorCoolStage1On,WFH,hold
2026-07-27T15:15:00.000Z,Hall AC,74.7,92.4,41,74,300,300,compressorCoolStage1On,WFH,hold
2026-07-27T15:20:00.000Z,Hall AC,73.8,92.4,41,74,90,135,compressorCoolStage1On,WFH,hold
2026-07-27T15:25:00.000Z,Hall AC,73.7,92.4,43,74,0,0,compressorCoolOff,WFH,hold
2026-07-27T15:30:00.000Z,Hall AC,74.3,92.4,43,74,285,285,compressorCoolOff,WFH,hold
2026-07-27T15:35:00.000Z,Hall AC,74.2,92.4,43,74.7,195,225,compressorCoolStage1On,WFH,hold
2026-07-27T15:40:00.000Z,Hall AC,73.8,92.4,44,76,0,0,compressorCoolOff,WFH,
2026-07-27T15:45:00.000Z,Hall AC,74.1,92.4,44,76,0,0,compressorCoolOff,WFH,
2026-07-27T15:50:00.000Z,Hall AC,74.6,92.4,44,76,0,0,compressorCoolOff,WFH,
2026-07-27T15:55:00.000Z,Hall AC,74.8,92.4,43,76,0,0,compressorCoolOff,WFH,
2026-07-27T16:00:00.000Z,Hall AC,75.1,94.6,43,76,0,0,compressorCoolOff,WFH,
2026-07-27T16:05:00.000Z,Hall AC,75.4,94.6,43,76,0,0,compressorCoolOff,WFH,
2026-07-27T16:10:00.000Z,Hall AC,75.7,94.6,43,76,0,0,compressorCoolOff,WFH,
2026-07-27T16:15:00.000Z,Hall AC,75.8,94.6,43,76,0,0,compressorCoolOff,WFH,
2026-07-27T16:20:00.000Z,Hall AC,75.8,94.6,42,76,0,0,compressorCoolOff,WFH,
2026-07-27T16:25:00.000Z,Hall AC,75.8,94.6,42,76,0,0,compressorCoolOff,WFH,
2026-07-27T16:30:00.000Z,Hall AC,76.2,94.6,42,76,270,270,compressorCoolOff,WFH,
2026-07-27T16:35:00.000Z,Hall AC,76.1,94.6,42,76,195,240,compressorCoolStage1On,WFH,
2026-07-27T16:40:00.000Z,Hall AC,75.4,94.6,43,76,0,0,compressorCoolOff,WFH,
2026-07-27T16:45:00.000Z,Hall AC,75.5,94.6,44,76,0,0,compressorCoolOff,WFH,
2026-07-27T16:50:00.000Z,Hall AC,75.9,94.6,44,76,120,120,compressorCoolOff,WFH,
2026-07-27T16:55:00.000Z,Hall AC,76.3,94.6,43,76,300,300,compressorCoolStage1On,WFH,
2026-07-27T17:00:00.000Z,Hall AC,75.7,97.1,43,76,30,75,compressorCoolStage1On,WFH,
2026-07-27T17:05:00.000Z,Hall AC,75.4,97.1,44,76,0,0,compressorCoolOff,WFH,
2026-07-27T17:10:00.000Z,Hall AC,75.7,97.1,45,76,0,0,compressorCoolOff,WFH,
2026-07-27T17:15:00.000Z,Hall AC,76.2,97.1,44,76,270,270,compressorCoolOff,WFH,
2026-07-27T17:20:00.000Z,Hall AC,76,97.1,43,76,165,210,compressorCoolStage1On,WFH,
2026-07-27T17:25:00.000Z,Hall AC,75.5,97.1,44,76,0,0,compressorCoolOff,WFH,
2026-07-27T17:30:00.000Z,Hall AC,75.7,0,45,76,0,0,compressorCoolOff,WFH,
2026-07-27T17:35:00.000Z,Hall AC,76.5,0,43,76,300,300,compressorCoolStage1On,WFH,
2026-07-27T17:40:00.000Z,Hall AC,76.1,0,43,76,150,195,compressorCoolStage1On,WFH,
2026-07-27T17:45:00.000Z,Hall AC,75.2,0,45,76,0,0,compressorCoolOff,WFH,
2026-07-27T17:50:00.000Z,Hall AC,75.2,0,46,76,0,0,compressorCoolOff,WFH,
2026-07-27T17:55:00.000Z,Hall AC,75.8,0,45,76,60,60,compressorCoolOff,WFH,
2026-07-27T18:00:00.000Z,Hall AC,76.7,0,44,76,300,300,compressorCoolStage1On,WFH,
2026-07-27T18:05:00.000Z,Hall AC,76.4,0,44,76,240,285,compressorCoolStage1On,WFH,
2026-07-27T18:10:00.000Z,Hall AC,75.1,0,45,76,0,0,compressorCoolOff,WFH,
2026-07-27T18:15:00.000Z,Hall AC,74.9,0,46,76,0,0,compressorCoolOff,WFH,
2026-07-27T18:20:00.000Z,Hall AC,75.5,0,47,76,0,0,compressorCoolOff,WFH,
2026-07-27T18:25:00.000Z,Hall AC,76.2,0,45,76,90,90,compressorCoolOff,WFH,
2026-07-27T18:30:00.000Z,Hall AC,76.8,0,44,76,300,300,compressorCoolStage1On,WFH,
2026-07-27T18:35:00.000Z,Hall AC,76.1,0,44,76,210,255,compressorCoolStage1On,WFH,
2026-07-27T18:40:00.000Z,Hall AC,75.3,0,45,76,0,0,compressorCoolOff,WFH,
2026-07-27T18:45:00.000Z,Hall AC,75.5,0,46,76,0,0,compressorCoolOff,WFH,
2026-07-27T18:50:00.000Z,Hall AC,76.3,0,45,76,75,75,compressorCoolOff,WFH,
2026-07-27T18:55:00.000Z,Hall AC,76.5,0,46,76,300,300,compressorCoolStage1On,WFH,
2026-07-27T19:00:00.000Z,Hall AC,76,0,45,76,150,195,compressorCoolStage1On,WFH,
2026-07-27T19:05:00.000Z,Hall AC,75.4,0,46,76,0,0,compressorCoolOff,WFH,
2026-07-27T19:10:00.000Z,Hall AC,76,0,46,76,0,0,compressorCoolOff,WFH,
2026-07-27T19:15:00.000Z,Hall AC,76.5,0,46,76,240,240,compressorCoolOff,WFH,
2026-07-27T19:20:00.000Z,Hall AC,76.1,0,46,76,225,270,compressorCoolStage1On,WFH,
2026-07-27T19:25:00.000Z,Hall AC,75.6,0,47,76,0,0,compressorCoolOff,WFH,
2026-07-27T19:30:00.000Z,Hall AC,76,0,49,76,0,0,compressorCoolOff,WFH,
2026-07-27T19:35:00.000Z,Hall AC,76.8,0,49,76,300,300,compressorCoolStage1On,WFH,
2026-07-27T19:40:00.000Z,Hall AC,76.3,0,48,76,210,255,compressorCoolStage1On,WFH,
2026-07-27T19:45:00.000Z,Hall AC,75.2,0,48,76,0,0,compressorCoolOff,WFH,
2026-07-27T19:50:00.000Z,Hall AC,75.4,0,49,76,0,0,compressorCoolOff,WFH,
2026-07-27T19:55:00.000Z,Hall AC,76.5,0,48,76,165,165,compressorCoolOff,WFH,
2026-07-27T20:00:00.000Z,Hall AC,77.1,104.2,49,76,300,300,compressorCoolStage1On,WFH,
2026-07-27T20:05:00.000Z,Hall AC,76.4,104.2,48,76,225,270,compressorCoolStage1On,WFH,
2026-07-27T20:10:00.000Z,Hall AC,75.2,104.2,48,76,0,0,compressorCoolOff,WFH,
2026-07-27T20:15:00.000Z,Hall AC,75.3,104.2,49,76,0,0,compressorCoolOff,WFH,
2026-07-27T20:20:00.000Z,Hall AC,76.5,104.2,49,76,255,255,compressorCoolOff,WFH,
2026-07-27T20:25:00.000Z,Hall AC,77,104.2,49,76,300,300,compressorCoolStage1On,WFH,
2026-07-27T20:30:00.000Z,Hall AC,76.5,104.2,49,76,300,300,compressorCoolStage1On,WFH,
2026-07-27T20:35:00.000Z,Hall AC,75.7,104.2,49,76,45,90,compressorCoolStage1On,WFH,
2026-07-27T20:40:00.000Z,Hall AC,75.2,104.2,50,76,0,0,compressorCoolOff,WFH,
2026-07-27T20:45:00.000Z,Hall AC,75.6,104.2,50,76,0,0,compressorCoolOff,WFH,
2026-07-27T20:50:00.000Z,Hall AC,76.1,104.2,50,76,225,225,compressorCoolOff,WFH,
2026-07-27T20:55:00.000Z,Hall AC,76,104.2,49,76,150,195,compressorCoolStage1On,WFH,
2026-07-27T21:00:00.000Z,Hall AC,75.1,105.7,49,76,0,0,compressorCoolOff,WFH,
2026-07-27T21:05:00.000Z,Hall AC,75.4,105.7,50,76,0,0,compressorCoolOff,WFH,
2026-07-27T21:10:00.000Z,Hall AC,76.5,105.7,50,76,285,285,compressorCoolOff,WFH,
2026-07-27T21:15:00.000Z,Hall AC,76.9,105.7,51,76,300,300,compressorCoolStage1On,WFH,
2026-07-27T21:20:00.000Z,Hall AC,76.4,105.7,51,76,300,300,compressorCoolStage1On,WFH,
2026-07-27T21:25:00.000Z,Hall AC,75.9,105.7,51,76,120,165,compressorCoolStage1On,WFH,
2026-07-27T21:30:00.000Z,Hall AC,75.3,106.4,51,76,0,0,compressorCoolOff,WFH,
2026-07-27T21:35:00.000Z,Hall AC,75.5,106.4,50,76,0,0,compressorCoolOff,WFH,
2026-07-27T21:40:00.000Z,Hall AC,75.9,106.4,51,76,120,120,compressorCoolOff,WFH,
2026-07-27T21:45:00.000Z,Hall AC,76.5,106.4,53,76,300,300,compressorCoolStage1On,WFH,
2026-07-27T21:50:00.000Z,Hall AC,76.3,106.4,53,76,300,300,compressorCoolStage1On,WFH,
2026-07-27T21:55:00.000Z,Hall AC,76,106.4,52,76,135,180,compressorCoolStage1On,WFH,
2026-07-27T22:00:00.000Z,Hall AC,75.7,106.1,53,76,0,0,compressorCoolOff,WFH,
2026-07-27T22:05:00.000Z,Hall AC,75.9,106.1,52,76,0,0,compressorCoolOff,WFH,
2026-07-27T22:10:00.000Z,Hall AC,76.3,106.1,51,76,75,75,compressorCoolOff,WFH,
2026-07-27T22:15:00.000Z,Hall AC,77,106.1,52,76,300,300,compressorCoolStage1On,WFH,
2026-07-27T22:20:00.000Z,Hall AC,77,106.1,51,76,300,300,compressorCoolStage1On,WFH,
2026-07-27T22:25:00.000Z,Hall AC,76.5,106.1,50,76,300,300,compressorCoolStage1On,WFH,
2026-07-27T22:30:00.000Z,Hall AC,76.1,106.7,49,76,210,255,compressorCoolStage1On,WFH,
2026-07-27T22:35:00.000Z,Hall AC,75.4,106.7,49,76,0,0,compressorCoolOff,WFH,
2026-07-27T22:40:00.000Z,Hall AC,74.8,106.7,49,76,0,0,compressorCoolOff,WFH,
2026-07-27T22:45:00.000Z,Hall AC,75.5,106.7,49,76,0,0,compressorCoolOff,WFH,
2026-07-27T22:50:00.000Z,Hall AC,76.7,106.7,50,76,210,210,compressorCoolOff,WFH,
2026-07-27T22:55:00.000Z,Hall AC,77.4,106.7,49,76,300,300,compressorCoolStage1On,WFH,
2026-07-27T23:00:00.000Z,Hall AC,77.1,106.7,49,76,300,300,compressorCoolStage1On,WFH,
2026-07-27T23:05:00.000Z,Hall AC,76.6,106.7,47,76,300,300,compressorCoolStage1On,WFH,
2026-07-27T23:10:00.000Z,Hall AC,76.2,106.7,47,76,285,300,compressorCoolStage1On,WFH,
2026-07-27T23:15:00.000Z,Hall AC,75.6,106.7,47,76,0,30,compressorCoolOff,WFH,
2026-07-27T23:20:00.000Z,Hall AC,75.3,106.7,48,76,0,0,compressorCoolOff,WFH,
2026-07-27T23:25:00.000Z,Hall AC,75.7,106.7,48,76,0,0,compressorCoolOff,WFH,
2026-07-27T23:30:00.000Z,Hall AC,76.2,106.7,48,76,0,0,compressorCoolOff,WFH,
2026-07-27T23:35:00.000Z,Hall AC,76.8,106.7,48,76,300,300,compressorCoolStage1On,WFH,
2026-07-27T23:40:00.000Z,Hall AC,77.1,106.7,48,76,300,300,compressorCoolStage1On,WFH,
2026-07-27T23:45:00.000Z,Hall AC,76.8,106.7,47,76,300,300,compressorCoolStage1On,WFH,
2026-07-27T23:50:00.000Z,Hall AC,76.2,106.7,47,76,300,300,compressorCoolStage1On,WFH,
2026-07-27T23:55:00.000Z,Hall AC,75.9,106.7,46,75.6,300,300,compressorCoolStage1On,WFH,
2026-07-28T00:00:00.000Z,Hall AC,75.6,106.1,46,75,300,300,compressorCoolStage1On,Home,
2026-07-28T00:05:00.000Z,Hall AC,75.4,106.1,45,75,300,300,compressorCoolStage1On,Home,
2026-07-28T00:10:00.000Z,Hall AC,75.2,106.1,45,75,300,300,compressorCoolStage1On,Home,
2026-07-28T00:15:00.000Z,Hall AC,74.9,106.1,46,75,30,75,compressorCoolStage1On,Home,
2026-07-28T00:20:00.000Z,Hall AC,74.6,106.1,46,75,0,0,compressorCoolOff,Home,
2026-07-28T00:25:00.000Z,Hall AC,75,106.1,47,75,0,0,compressorCoolOff,Home,
2026-07-28T00:30:00.000Z,Hall AC,75.6,106.1,47,75,225,225,compressorCoolOff,Home,
2026-07-28T00:35:00.000Z,Hall AC,76.2,106.1,46,75,300,300,compressorCoolStage1On,Home,
2026-07-28T00:40:00.000Z,Hall AC,76,106.1,46,75,300,300,compressorCoolStage1On,Home,
2026-07-28T00:45:00.000Z,Hall AC,75.6,106.1,46,75,300,300,compressorCoolStage1On,Home,
2026-07-28T00:50:00.000Z,Hall AC,75.2,106.1,45,75,300,300,compressorCoolStage1On,Home,
2026-07-28T00:55:00.000Z,Hall AC,74.9,106.1,44,75,105,150,compressorCoolStage1On,Home,
2026-07-28T01:00:00.000Z,Hall AC,74.4,105.4,45,75,0,0,compressorCoolOff,Home,
2026-07-28T01:05:00.000Z,Hall AC,74.4,105.4,47,75,0,0,compressorCoolOff,Home,
2026-07-28T01:10:00.000Z,Hall AC,75.1,105.4,46,75,60,60,compressorCoolOff,Home,
2026-07-28T01:15:00.000Z,Hall AC,75.8,105.4,46,75,300,300,compressorCoolStage1On,Home,
2026-07-28T01:20:00.000Z,Hall AC,75.6,105.4,46,75,300,300,compressorCoolStage1On,Home,
2026-07-28T01:25:00.000Z,Hall AC,75.5,105.4,46,75,300,300,compressorCoolStage1On,Home,
2026-07-28T01:30:00.000Z,Hall AC,75.4,105.6,46,75,300,300,compressorCoolStage1On,Home,
2026-07-28T01:35:00.000Z,Hall AC,75.1,105.6,46,75,300,300,compressorCoolStage1On,Home,
2026-07-28T01:40:00.000Z,Hall AC,75.2,105.6,44,75,300,300,compressorCoolStage1On,Home,
2026-07-28T01:45:00.000Z,Hall AC,75,105.6,44,75,150,195,compressorCoolStage1On,Home,
2026-07-28T01:50:00.000Z,Hall AC,74.6,105.6,46,75,0,0,compressorCoolOff,Home,
2026-07-28T01:55:00.000Z,Hall AC,74.8,105.6,46,75,0,0,compressorCoolOff,Home,
2026-07-28T02:00:00.000Z,Hall AC,75.3,104.3,45,75,90,90,compressorCoolOff,Home,
2026-07-28T02:05:00.000Z,Hall AC,76.2,104.3,44,75,300,300,compressorCoolStage1On,Home,
2026-07-28T02:10:00.000Z,Hall AC,76.3,104.3,44,75,300,300,compressorCoolStage1On,Home,
2026-07-28T02:15:00.000Z,Hall AC,75.7,104.3,44,75,300,300,compressorCoolStage1On,Home,
2026-07-28T02:20:00.000Z,Hall AC,75.2,104.3,45,75,300,300,compressorCoolStage1On,Home,
2026-07-28T02:25:00.000Z,Hall AC,75.1,104.3,44,75,300,300,compressorCoolStage1On,Home,
2026-07-28T02:30:00.000Z,Hall AC,74.9,104.3,44,75,60,105,compressorCoolStage1On,Home,
2026-07-28T02:35:00.000Z,Hall AC,74.4,104.3,44,75,0,0,compressorCoolOff,Home,
2026-07-28T02:40:00.000Z,Hall AC,74.7,104.3,45,75,0,0,compressorCoolOff,Home,
2026-07-28T02:45:00.000Z,Hall AC,75.1,104.3,45,75,0,0,compressorCoolOff,Home,
2026-07-28T02:50:00.000Z,Hall AC,75.7,104.3,44,75,255,255,compressorCoolOff,Home,
2026-07-28T02:55:00.000Z,Hall AC,76,104.3,43,75,300,300,compressorCoolStage1On,Home,
2026-07-28T03:00:00.000Z,Hall AC,75.7,101.8,43,75,300,300,compressorCoolStage1On,Home,
2026-07-28T03:05:00.000Z,Hall AC,75.3,101.8,43,75,210,255,compressorCoolStage1On,Home,
2026-07-28T03:10:00.000Z,Hall AC,74.9,101.8,43,75,0,0,compressorCoolOff,Home,
2026-07-28T03:15:00.000Z,Hall AC,74.7,101.8,44,75,0,0,compressorCoolOff,Home,
2026-07-28T03:20:00.000Z,Hall AC,75.1,101.8,44,75,0,0,compressorCoolOff,Home,
2026-07-28T03:25:00.000Z,Hall AC,75.6,101.8,44,75,240,240,compressorCoolOff,Home,
2026-07-28T03:30:00.000Z,Hall AC,75.7,101.8,43,75,300,300,compressorCoolStage1On,Home,
2026-07-28T03:35:00.000Z,Hall AC,75.3,101.8,43,75,300,300,compressorCoolStage1On,Home,
2026-07-28T03:40:00.000Z,Hall AC,75,101.8,43,75,135,180,compressorCoolStage1On,Home,
2026-07-28T03:45:00.000Z,Hall AC,74.4,101.8,44,75,0,0,compressorCoolOff,Home,
2026-07-28T03:50:00.000Z,Hall AC,74.4,101.8,44,75,0,0,compressorCoolOff,Home,
2026-07-28T03:55:00.000Z,Hall AC,74.8,101.8,44,75,0,0,compressorCoolOff,Home,
2026-07-28T04:00:00.000Z,Hall AC,75.1,100.4,43,75,0,0,compressorCoolOff,Home,
2026-07-28T04:05:00.000Z,Hall AC,75.2,100.4,42,75,210,210,compressorCoolOff,Home,
2026-07-28T04:10:00.000Z,Hall AC,75.6,100.4,43,75,300,300,compressorCoolStage1On,Home,
2026-07-28T04:15:00.000Z,Hall AC,75.2,100.4,44,75,300,300,compressorCoolStage1On,Home,
2026-07-28T04:20:00.000Z,Hall AC,74.3,100.4,43,75,285,300,compressorCoolStage1On,Home,(SmartRecovery)
2026-07-28T04:25:00.000Z,Hall AC,73.6,100.4,43,74.6,0,30,compressorCoolOff,Home,
2026-07-28T04:30:00.000Z,Hall AC,73.4,100.4,43,74,0,0,compressorCoolOff,Sleep,
2026-07-28T04:35:00.000Z,Hall AC,73.9,100.4,43,74,0,0,compressorCoolOff,Sleep,
2026-07-28T04:40:00.000Z,Hall AC,74.4,100.4,43,74,135,135,compressorCoolOff,Sleep,
2026-07-28T04:45:00.000Z,Hall AC,74.8,100.4,43,74,300,300,compressorCoolStage1On,Sleep,
2026-07-28T04:50:00.000Z,Hall AC,74.5,100.4,43,74,300,300,compressorCoolStage1On,Sleep,
2026-07-28T04:55:00.000Z,Hall AC,73.9,100.4,43,74,135,180,compressorCoolStage1On,Sleep,
2026-07-28T05:00:00.000Z,Hall AC,73.3,98.4,43,74,0,0,compressorCoolOff,Sleep,
2026-07-28T05:05:00.000Z,Hall AC,73.5,98.4,43,74,0,0,compressorCoolOff,Sleep,
2026-07-28T05:10:00.000Z,Hall AC,74,98.4,43,74,0,0,compressorCoolOff,Sleep,
2026-07-28T05:15:00.000Z,Hall AC,74.2,98.4,42,74,0,0,compressorCoolOff,Sleep,
2026-07-28T05:20:00.000Z,Hall AC,74.2,98.4,41,74,0,0,compressorCoolOff,Sleep,
2026-07-28T05:25:00.000Z,Hall AC,74.5,98.4,41,74,255,255,compressorCoolOff,Sleep,
2026-07-28T05:30:00.000Z,Hall AC,74.8,99.4,42,74,300,300,compressorCoolStage1On,Sleep,
2026-07-28T05:35:00.000Z,Hall AC,74.4,99.4,43,74,300,300,compressorCoolStage1On,Sleep,
2026-07-28T05:40:00.000Z,Hall AC,74.1,99.4,43,74,225,270,compressorCoolStage1On,Sleep,
2026-07-28T05:45:00.000Z,Hall AC,73.4,99.4,43,74,0,0,compressorCoolOff,Sleep,
2026-07-28T05:50:00.000Z,Hall AC,73.2,99.4,43,74,0,0,compressorCoolOff,Sleep,
2026-07-28T05:55:00.000Z,Hall AC,73.5,99.4,42,74,0,0,compressorCoolOff,Sleep,
2026-07-28T06:00:00.000Z,Hall AC,73.6,97.9,42,74,0,0,compressorCoolOff,Sleep,
2026-07-28T06:05:00.000Z,Hall AC,74,97.9,42,74,0,0,compressorCoolOff,Sleep,
2026-07-28T06:10:00.000Z,Hall AC,74.2,97.9,41,74,0,0,compressorCoolOff,Sleep,
2026-07-28T06:15:00.000Z,Hall AC,74.3,97.9,41,74,120,120,compressorCoolOff,Sleep,
2026-07-28T06:20:00.000Z,Hall AC,74.5,97.9,41,74,300,300,compressorCoolStage1On,Sleep,
2026-07-28T06:25:00.000Z,Hall AC,74.5,97.9,42,74,300,300,compressorCoolStage1On,Sleep,
2026-07-28T06:30:00.000Z,Hall AC,74.2,98.5,43,74,255,300,compressorCoolStage1On,Sleep,
2026-07-28T06:35:00.000Z,Hall AC,73.4,98.5,42,74,0,0,compressorCoolOff,Sleep,
2026-07-28T06:40:00.000Z,Hall AC,73,98.5,42,74,0,0,compressorCoolOff,Sleep,
2026-07-28T06:45:00.000Z,Hall AC,73.1,98.5,41,74,0,0,compressorCoolOff,Sleep,
2026-07-28T06:50:00.000Z,Hall AC,73.7,98.5,42,74,0,0,compressorCoolOff,Sleep,
2026-07-28T06:55:00.000Z,Hall AC,73.7,98.5,41,74,0,0,compressorCoolOff,Sleep,
2026-07-28T07:00:00.000Z,Hall AC,74,96.7,41,74,0,0,compressorCoolOff,Sleep,
2026-07-28T07:05:00.000Z,Hall AC,74.2,96.7,41,74,45,45,compressorCoolOff,Sleep,
2026-07-28T07:10:00.000Z,Hall AC,74.6,96.7,41,74,300,300,compressorCoolStage1On,Sleep,
2026-07-28T07:15:00.000Z,Hall AC,74.3,96.7,41,74,300,300,compressorCoolStage1On,Sleep,
2026-07-28T07:20:00.000Z,Hall AC,74.1,96.7,42,74,90,135,compressorCoolStage1On,Sleep,
2026-07-28T07:25:00.000Z,Hall AC,73.5,96.7,43,74,0,0,compressorCoolOff,Sleep,
2026-07-28T07:30:00.000Z,Hall AC,73.6,96.7,42,74,0,0,compressorCoolOff,Sleep,
2026-07-28T07:35:00.000Z,Hall AC,73.6,96.7,42,74,0,0,compressorCoolOff,Sleep,
2026-07-28T07:40:00.000Z,Hall AC,74.1,96.7,42,74,0,0,compressorCoolOff,Sleep,
2026-07-28T07:45:00.000Z,Hall AC,74.1,96.7,41,74,0,0,compressorCoolOff,Sleep,
2026-07-28T07:50:00.000Z,Hall AC,74.2,96.7,41,74,0,0,compressorCoolOff,Sleep,
2026-07-28T07:55:00.000Z,Hall AC,74.4,96.7,41,74,210,210,compressorCoolOff,Sleep,
2026-07-28T08:00:00.000Z,Hall AC,74.7,95.9,41,74,300,300,compressorCoolStage1On,Sleep,
2026-07-28T08:05:00.000Z,Hall AC,74.1,95.9,41,74,225,270,compressorCoolStage1On,Sleep,
2026-07-28T08:10:00.000Z,Hall AC,73.5,95.9,42,74,0,0,compressorCoolOff,Sleep,
2026-07-28T08:15:00.000Z,Hall AC,73.4,95.9,43,74,0,0,compressorCoolOff,Sleep,
2026-07-28T08:20:00.000Z,Hall AC,73.7,95.9,42,74,0,0,compressorCoolOff,Sleep,
2026-07-28T08:25:00.000Z,Hall AC,73.8,95.9,42,74,0,0,compressorCoolOff,Sleep,
2026-07-28T08:30:00.000Z,Hall AC,74,95.9,41,74,0,0,compressorCoolOff,Sleep,
2026-07-28T08:35:00.000Z,Hall AC,74.1,95.9,41,74,0,0,compressorCoolOff,Sleep,
2026-07-28T08:40:00.000Z,Hall AC,74.3,95.9,41,74,0,0,compressorCoolOff,Sleep,
2026-07-28T08:45:00.000Z,Hall AC,74.3,95.9,41,74,165,165,compressorCoolOff,Sleep,
2026-07-28T08:50:00.000Z,Hall AC,74.6,95.9,41,74,300,300,compressorCoolStage1On,Sleep,
2026-07-28T08:55:00.000Z,Hall AC,74.1,95.9,41,74,210,255,compressorCoolStage1On,Sleep,
2026-07-28T09:00:00.000Z,Hall AC,73.6,94.4,42,74,0,0,compressorCoolOff,Sleep,
2026-07-28T09:05:00.000Z,Hall AC,73.5,94.4,43,74,0,0,compressorCoolOff,Sleep,
2026-07-28T09:10:00.000Z,Hall AC,73.5,94.4,42,74,0,0,compressorCoolOff,Sleep,
2026-07-28T09:15:00.000Z,Hall AC,73.7,94.4,41,74,0,0,compressorCoolOff,Sleep,
2026-07-28T09:20:00.000Z,Hall AC,73.9,94.4,41,74,90,90,compressorCoolOff,Sleep,
2026-07-28T09:25:00.000Z,Hall AC,74.3,94.4,41,74,300,300,compressorCoolStage1On,Sleep,
2026-07-28T09:30:00.000Z,Hall AC,74.1,95.1,41,74,255,300,compressorCoolStage1On,Sleep,
2026-07-28T09:35:00.000Z,Hall AC,73.7,95.1,42,74,0,0,compressorCoolOff,Sleep,
2026-07-28T09:40:00.000Z,Hall AC,73.3,95.1,43,74,0,0,compressorCoolOff,Sleep,
2026-07-28T09:45:00.000Z,Hall AC,73.3,95.1,42,74,0,0,compressorCoolOff,Sleep,
2026-07-28T09:50:00.000Z,Hall AC,73.6,95.1,41,74,0,0,compressorCoolOff,Sleep,
2026-07-28T09:55:00.000Z,Hall AC,73.7,95.1,41,74,0,0,compressorCoolOff,Sleep,
2026-07-28T10:00:00.000Z,Hall AC,73.9,93.3,41,74,0,0,compressorCoolOff,Sleep,
2026-07-28T10:05:00.000Z,Hall AC,74.2,93.3,41,74,0,0,compressorCoolOff,Sleep,
2026-07-28T10:10:00.000Z,Hall AC,74.3,93.3,41,74,0,0,compressorCoolOff,Sleep,
2026-07-28T10:15:00.000Z,Hall AC,74.3,93.3,41,74,105,105,compressorCoolOff,Sleep,
2026-07-28T10:20:00.000Z,Hall AC,74.5,93.3,41,74,300,300,compressorCoolStage1On,Sleep,
2026-07-28T10:25:00.000Z,Hall AC,74.1,93.3,41,74,225,270,compressorCoolStage1On,Sleep,
2026-07-28T10:30:00.000Z,Hall AC,73.5,88.7,42,74,0,0,compressorCoolOff,Sleep,
2026-07-28T10:35:00.000Z,Hall AC,73.5,88.7,43,74,0,0,compressorCoolOff,Sleep,
2026-07-28T10:40:00.000Z,Hall AC,73.9,88.7,43,74,105,105,compressorCoolOff,Sleep,
2026-07-28T10:45:00.000Z,Hall AC,74.1,88.7,41,74,300,300,compressorCoolStage1On,Sleep,
2026-07-28T10:50:00.000Z,Hall AC,74,88.7,42,74,75,120,compressorCoolStage1On,Sleep,
2026-07-28T10:55:00.000Z,Hall AC,73.3,88.7,43,74,0,0,compressorCoolOff,Sleep,
2026-07-28T11:00:00.000Z,Hall AC,73.3,85.8,43,74,0,0,compressorCoolOff,Sleep,
2026-07-28T11:05:00.000Z,Hall AC,73.6,85.8,43,74,0,0,compressorCoolOff,Sleep,
2026-07-28T11:10:00.000Z,Hall AC,73.8,85.8,43,74,0,0,compressorCoolOff,Sleep,
2026-07-28T11:15:00.000Z,Hall AC,74.2,85.8,42,74,285,285,compressorCoolOff,Sleep,
2026-07-28T11:20:00.000Z,Hall AC,74.3,85.8,43,74,270,300,compressorCoolStage1On,Sleep,
2026-07-28T11:25:00.000Z,Hall AC,73.3,85.8,42,74,0,15,compressorCoolOff,Sleep,
2026-07-28T11:30:00.000Z,Hall AC,72.8,85.8,43,74,0,0,compressorCoolOff,Sleep,
2026-07-28T11:35:00.000Z,Hall AC,73.3,85.8,43,74,0,0,compressorCoolOff,Sleep,
2026-07-28T11:40:00.000Z,Hall AC,73.7,85.8,43,74,0,0,compressorCoolOff,Sleep,
2026-07-28T11:45:00.000Z,Hall AC,74.6,85.8,43,74,300,300,compressorCoolStage1On,Sleep,
2026-07-28T11:50:00.000Z,Hall AC,74.8,85.8,43,74,300,300,compressorCoolStage1On,Sleep,
2026-07-28T11:55:00.000Z,Hall AC,73.9,85.8,43,74,135,180,compressorCoolStage1On,Sleep,
2026-07-28T12:00:00.000Z,Hall AC,72.9,86.1,43,74,0,0,compressorCoolOff,Sleep,
2026-07-28T12:05:00.000Z,Hall AC,72.6,86.1,43,74,0,0,compressorCoolOff,Sleep,
2026-07-28T12:10:00.000Z,Hall AC,72.5,86.1,44,74,0,0,compressorCoolOff,Sleep,
2026-07-28T12:15:00.000Z,Hall AC,73.2,86.1,44,74,0,0,compressorCoolOff,Sleep,
2026-07-28T12:20:00.000Z,Hall AC,73.8,86.1,44,74,0,0,compressorCoolOff,Sleep,
2026-07-28T12:25:00.000Z,Hall AC,74.2,86.1,44,74,270,270,compressorCoolOff,Sleep,
2026-07-28T12:30:00.000Z,Hall AC,73.9,86.1,45,74,90,135,compressorCoolStage1On,Sleep,
2026-07-28T12:35:00.000Z,Hall AC,73.4,86.1,46,74,0,0,compressorCoolOff,Sleep,
2026-07-28T12:40:00.000Z,Hall AC,73.3,86.1,45,74,0,0,compressorCoolOff,Sleep,
2026-07-28T12:45:00.000Z,Hall AC,73.5,86.1,44,74,0,0,compressorCoolOff,Sleep,
2026-07-28T12:50:00.000Z,Hall AC,74.1,86.1,45,74,150,150,compressorCoolOff,Sleep,
2026-07-28T12:55:00.000Z,Hall AC,74.6,86.1,46,74,300,300,compressorCoolStage1On,Sleep,
2026-07-28T13:00:00.000Z,Hall AC,74.1,84.7,46,74,180,225,compressorCoolStage1On,Sleep,
2026-07-28T13:05:00.000Z,Hall AC,72.7,84.7,46,74,0,0,compressorCoolOff,Sleep,
2026-07-28T13:10:00.000Z,Hall AC,72.3,84.7,46,74,0,0,compressorCoolOff,Sleep,
2026-07-28T13:15:00.000Z,Hall AC,73.1,84.7,45,74,0,0,compressorCoolOff,Sleep,
2026-07-28T13:20:00.000Z,Hall AC,73.6,84.7,45,74,0,0,compressorCoolOff,Sleep,
2026-07-28T13:25:00.000Z,Hall AC,73.8,84.7,44,74,0,0,compressorCoolOff,Sleep,
2026-07-28T13:30:00.000Z,Hall AC,73.5,87.3,44,74,0,0,compressorCoolOff,Sleep,
2026-07-28T13:35:00.000Z,Hall AC,74.1,87.3,45,74,180,180,compressorCoolOff,Sleep,
2026-07-28T13:40:00.000Z,Hall AC,74.6,87.3,46,74,300,300,compressorCoolStage1On,Sleep,
2026-07-28T13:45:00.000Z,Hall AC,73.3,87.3,46,74,0,45,compressorCoolOff,Sleep,
2026-07-28T13:50:00.000Z,Hall AC,72.7,87.3,46,74,0,0,compressorCoolOff,Sleep,
2026-07-28T13:55:00.000Z,Hall AC,72.9,87.3,44,74,0,0,compressorCoolOff,Sleep,
2026-07-28T14:00:00.000Z,Hall AC,73.2,86.5,44,74,0,0,compressorCoolOff,Sleep,
2026-07-28T14:05:00.000Z,Hall AC,73.5,86.5,43,74,0,0,compressorCoolOff,Sleep,
2026-07-28T14:10:00.000Z,Hall AC,73.6,86.5,43,74,0,0,compressorCoolOff,Sleep,
2026-07-28T14:15:00.000Z,Hall AC,74,86.5,43,74,120,120,compressorCoolOff,Sleep,
2026-07-28T14:20:00.000Z,Hall AC,75,86.5,44,74,300,300,compressorCoolStage1On,Sleep,
2026-07-28T14:25:00.000Z,Hall AC,74.4,86.5,44,74.7,195,240,compressorCoolStage1On,Sleep,
2026-07-28T14:30:00.000Z,Hall AC,72.9,89,43,76,0,0,compressorCoolOff,WFH,
2026-07-28T14:35:00.000Z,Hall AC,72.7,89,44,76,0,0,compressorCoolOff,WFH,
2026-07-28T14:40:00.000Z,Hall AC,73.3,89,43,76,0,0,compressorCoolOff,WFH,
2026-07-28T14:45:00.000Z,Hall AC,73.9,89,44,76,0,0,compressorCoolOff,WFH,
2026-07-28T14:50:00.000Z,Hall AC,74.3,89,44,76,0,0,compressorCoolOff,WFH,
2026-07-28T14:55:00.000Z,Hall AC,74.6,89,44,76,0,0,compressorCoolOff,WFH,
2026-07-28T15:00:00.000Z,Hall AC,74.7,89.8,43,76,0,0,compressorCoolOff,WFH,
2026-07-28T15:05:00.000Z,Hall AC,75,89.8,43,76,0,0,compressorCoolOff,WFH,
2026-07-28T15:10:00.000Z,Hall AC,75.1,89.8,43,76,0,0,compressorCoolOff,WFH,
2026-07-28T15:15:00.000Z,Hall AC,75.2,89.8,43,76,0,0,compressorCoolOff,WFH,
2026-07-28T15:20:00.000Z,Hall AC,75.5,89.8,43,76,0,0,compressorCoolOff,WFH,
2026-07-28T15:25:00.000Z,Hall AC,75.6,89.8,43,76,0,0,compressorCoolOff,WFH,
2026-07-28T15:30:00.000Z,Hall AC,75.7,89.8,43,76,0,0,compressorCoolOff,WFH,
2026-07-28T15:35:00.000Z,Hall AC,75.7,89.8,42,76,0,0,compressorCoolOff,WFH,
2026-07-28T15:40:00.000Z,Hall AC,75.8,89.8,42,76,75,75,compressorCoolOff,WFH,
2026-07-28T15:45:00.000Z,Hall AC,75.9,89.8,42,76,225,270,compressorCoolStage1On,WFH,
2026-07-28T15:50:00.000Z,Hall AC,75.5,89.8,42,76,0,0,compressorCoolOff,WFH,
2026-07-28T15:55:00.000Z,Hall AC,75.5,89.8,44,76,0,0,compressorCoolOff,WFH,
2026-07-28T16:00:00.000Z,Hall AC,75.8,90.5,44,76,0,0,compressorCoolOff,WFH,
2026-07-28T16:05:00.000Z,Hall AC,76,90.5,44,76,210,210,compressorCoolOff,WFH,
2026-07-28T16:10:00.000Z,Hall AC,75.8,90.5,42,76,90,135,compressorCoolStage1On,WFH,
2026-07-28T16:15:00.000Z,Hall AC,75.4,90.5,43,76,0,0,compressorCoolOff,WFH,
2026-07-28T16:20:00.000Z,Hall AC,75.5,90.5,44,76,0,0,compressorCoolOff,WFH,
2026-07-28T16:25:00.000Z,Hall AC,75.8,90.5,44,76,0,0,compressorCoolOff,WFH,
2026-07-28T16:30:00.000Z,Hall AC,75.9,90.5,44,76,150,150,compressorCoolOff,WFH,
2026-07-28T16:35:00.000Z,Hall AC,76,90.5,42,76,210,255,compressorCoolStage1On,WFH,
2026-07-28T16:40:00.000Z,Hall AC,75.4,90.5,43,76,0,0,compressorCoolOff,WFH,
2026-07-28T16:45:00.000Z,Hall AC,75.3,90.5,44,76,0,0,compressorCoolOff,WFH,
2026-07-28T16:50:00.000Z,Hall AC,75.7,90.5,45,76,0,0,compressorCoolOff,WFH,
2026-07-28T16:55:00.000Z,Hall AC,76,90.5,45,76,120,120,compressorCoolOff,WFH,
2026-07-28T17:00:00.000Z,Hall AC,76.3,92.3,43,76,300,300,compressorCoolStage1On,WFH,
2026-07-28T17:05:00.000Z,Hall AC,75.7,92.3,43,76,15,60,compressorCoolStage1On,WFH,
2026-07-28T17:10:00.000Z,Hall AC,75.4,92.3,45,76,0,0,compressorCoolOff,WFH,
2026-07-28T17:15:00.000Z,Hall AC,75.5,92.3,46,76,0,0,compressorCoolOff,WFH,
2026-07-28T17:20:00.000Z,Hall AC,75.8,92.3,45,76,0,0,compressorCoolOff,WFH,
2026-07-28T17:25:00.000Z,Hall AC,76.2,92.3,44,76,285,285,compressorCoolOff,WFH,
2026-07-28T17:30:00.000Z,Hall AC,76.1,93.7,43,76,195,240,compressorCoolStage1On,WFH,
2026-07-28T17:35:00.000Z,Hall AC,75.4,93.7,44,76,0,0,compressorCoolOff,WFH,
2026-07-28T17:40:00.000Z,Hall AC,75.4,93.7,45,76,0,0,compressorCoolOff,WFH,
2026-07-28T17:45:00.000Z,Hall AC,75.7,93.7,45,76,0,0,compressorCoolOff,WFH,
2026-07-28T17:50:00.000Z,Hall AC,76.1,93.7,45,76,180,180,compressorCoolOff,WFH,
2026-07-28T17:55:00.000Z,Hall AC,76.3,93.7,44,76,300,300,compressorCoolStage1On,WFH,
2026-07-28T18:00:00.000Z,Hall AC,75.7,95.4,43,76,30,75,compressorCoolStage1On,WFH,
2026-07-28T18:05:00.000Z,Hall AC,75.3,95.4,45,76,0,0,compressorCoolOff,WFH,
2026-07-28T18:10:00.000Z,Hall AC,75.6,95.4,45,76,0,0,compressorCoolOff,WFH,
2026-07-28T18:15:00.000Z,Hall AC,76,95.4,45,76,0,0,compressorCoolOff,WFH,
2026-07-28T18:20:00.000Z,Hall AC,76.8,95.4,44,76,285,285,compressorCoolOff,WFH,
2026-07-28T18:25:00.000Z,Hall AC,76.4,95.4,44,76,255,300,compressorCoolStage1On,WFH,
2026-07-28T18:30:00.000Z,Hall AC,75.3,94.8,45,76,0,0,compressorCoolOff,WFH,
2026-07-28T18:35:00.000Z,Hall AC,75.1,94.8,46,76,0,0,compressorCoolOff,WFH,
2026-07-28T18:40:00.000Z,Hall AC,75.6,94.8,46,76,0,0,compressorCoolOff,WFH,
2026-07-28T18:45:00.000Z,Hall AC,76.4,94.8,46,76,165,165,compressorCoolOff,WFH,
2026-07-28T18:50:00.000Z,Hall AC,76.5,94.8,46,76,300,300,compressorCoolStage1On,WFH,
2026-07-28T18:55:00.000Z,Hall AC,75.7,94.8,46,76,75,120,compressorCoolStage1On,WFH,
2026-07-28T19:00:00.000Z,Hall AC,75,96.4,48,76,0,0,compressorCoolOff,WFH,
2026-07-28T19:05:00.000Z,Hall AC,75.4,96.4,49,76,0,0,compressorCoolOff,WFH,
2026-07-28T19:10:00.000Z,Hall AC,76,96.4,48,76,120,120,compressorCoolOff,WFH,
2026-07-28T19:15:00.000Z,Hall AC,77,96.4,47,76,300,300,compressorCoolStage1On,WFH,
2026-07-28T19:20:00.000Z,Hall AC,77,96.4,47,76,300,300,compressorCoolStage1On,WFH,
2026-07-28T19:25:00.000Z,Hall AC,75.9,96.4,47,76,150,195,compressorCoolStage1On,WFH,
2026-07-28T19:30:00.000Z,Hall AC,74.4,96.4,47,76,0,0,compressorCoolOff,WFH,
2026-07-28T19:35:00.000Z,Hall AC,74.6,96.4,48,76,0,0,compressorCoolOff,WFH,
2026-07-28T19:40:00.000Z,Hall AC,75.3,96.4,48,76,0,0,compressorCoolOff,WFH,
2026-07-28T19:45:00.000Z,Hall AC,76.2,96.4,48,76,75,75,compressorCoolOff,WFH,
2026-07-28T19:50:00.000Z,Hall AC,76.8,96.4,47,76,300,300,compressorCoolStage1On,WFH,
2026-07-28T19:55:00.000Z,Hall AC,76,96.4,46,76,135,180,compressorCoolStage1On,WFH,
2026-07-28T20:00:00.000Z,Hall AC,75.3,99.1,48,76,0,0,compressorCoolOff,WFH,
2026-07-28T20:05:00.000Z,Hall AC,75.8,99.1,48,76,0,0,compressorCoolOff,WFH,
2026-07-28T20:10:00.000Z,Hall AC,76.7,99.1,47,76,270,270,compressorCoolOff,WFH,
2026-07-28T20:15:00.000Z,Hall AC,76.8,99.1,48,76,300,300,compressorCoolStage1On,WFH,
2026-07-28T20:20:00.000Z,Hall AC,75.6,99.1,47,76,60,105,compressorCoolStage1On,WFH,
2026-07-28T20:25:00.000Z,Hall AC,75,99.1,49,76,0,0,compressorCoolOff,WFH,
2026-07-28T20:30:00.000Z,Hall AC,75.5,99.1,49,76,0,0,compressorCoolOff,WFH,
2026-07-28T20:35:00.000Z,Hall AC,76.4,99.1,49,76,135,135,compressorCoolOff,WFH,
2026-07-28T20:40:00.000Z,Hall AC,77.3,99.1,48,76,300,300,compressorCoolStage1On,WFH,
2026-07-28T20:45:00.000Z,Hall AC,76.9,99.1,49,76,300,300,compressorCoolStage1On,WFH,
2026-07-28T20:50:00.000Z,Hall AC,76.1,99.1,49,76,210,255,compressorCoolStage1On,WFH,
2026-07-28T20:55:00.000Z,Hall AC,75.3,99.1,49,76,0,0,compressorCoolOff,WFH,
2026-07-28T21:00:00.000Z,Hall AC,75.1,100.8,50,76,0,0,compressorCoolOff,WFH,
2026-07-28T21:05:00.000Z,Hall AC,75.6,100.8,49,76,0,0,compressorCoolOff,WFH,
2026-07-28T21:10:00.000Z,Hall AC,76,100.8,49,76,0,0,compressorCoolOff,WFH,
2026-07-28T21:15:00.000Z,Hall AC,76.3,100.8,50,76,75,75,compressorCoolOff,WFH,
2026-07-28T21:20:00.000Z,Hall AC,76.7,100.8,51,76,300,300,compressorCoolStage1On,WFH,
2026-07-28T21:25:00.000Z,Hall AC,76.4,100.8,52,76,300,300,compressorCoolStage1On,WFH,
2026-07-28T21:30:00.000Z,Hall AC,75.9,99.8,53,76,105,150,compressorCoolStage1On,WFH,
2026-07-28T21:35:00.000Z,Hall AC,75.3,99.8,53,76,0,0,compressorCoolOff,WFH,
2026-07-28T21:40:00.000Z,Hall AC,75.4,99.8,51,76,0,0,compressorCoolOff,WFH,
2026-07-28T21:45:00.000Z,Hall AC,75.7,99.8,49,76,0,0,compressorCoolOff,WFH,
2026-07-28T21:50:00.000Z,Hall AC,76.7,99.8,51,76,240,240,compressorCoolOff,WFH,
2026-07-28T21:55:00.000Z,Hall AC,76.9,99.8,52,76,300,300,compressorCoolStage1On,WFH,
2026-07-28T22:00:00.000Z,Hall AC,76.3,101.3,53,76,300,300,compressorCoolStage1On,WFH,
2026-07-28T22:05:00.000Z,Hall AC,75.6,101.3,53,76,0,45,compressorCoolOff,WFH,
2026-07-28T22:10:00.000Z,Hall AC,75.3,101.3,53,76,0,0,compressorCoolOff,WFH,
2026-07-28T22:15:00.000Z,Hall AC,75.6,101.3,51,76,0,0,compressorCoolOff,WFH,
2026-07-28T22:20:00.000Z,Hall AC,75.9,101.3,50,76,0,0,compressorCoolOff,WFH,
2026-07-28T22:25:00.000Z,Hall AC,76.7,101.3,51,76,270,270,compressorCoolOff,WFH,
2026-07-28T22:30:00.000Z,Hall AC,76.9,101.8,52,76,300,300,compressorCoolStage1On,WFH,
2026-07-28T22:35:00.000Z,Hall AC,76.5,101.8,53,76,300,300,compressorCoolStage1On,WFH,
2026-07-28T22:40:00.000Z,Hall AC,75.8,101.8,52,76,75,120,compressorCoolStage1On,WFH,
2026-07-28T22:45:00.000Z,Hall AC,75.2,101.8,53,76,0,0,compressorCoolOff,WFH,
2026-07-28T22:50:00.000Z,Hall AC,75.3,101.8,51,76,0,0,compressorCoolOff,WFH,
2026-07-28T22:55:00.000Z,Hall AC,75.9,101.8,50,76,0,0,compressorCoolOff,WFH,
2026-07-28T23:00:00.000Z,Hall AC,76.7,101.8,52,76,270,270,compressorCoolOff,WFH,
2026-07-28T23:05:00.000Z,Hall AC,77,101.8,52,76,300,300,compressorCoolStage1On,WFH,
2026-07-28T23:10:00.000Z,Hall AC,76.4,101.8,52,76,300,300,compressorCoolStage1On,WFH,
2026-07-28T23:15:00.000Z,Hall AC,75.6,101.8,52,76,15,60,compressorCoolStage1On,WFH,
2026-07-28T23:20:00.000Z,Hall AC,75.3,101.8,52,76,0,0,compressorCoolOff,WFH,
2026-07-28T23:25:00.000Z,Hall AC,75.5,101.8,51,76,0,0,compressorCoolOff,WFH,
2026-07-28T23:30:00.000Z,Hall AC,76.4,101.8,52,76,150,150,compressorCoolOff,WFH,
2026-07-28T23:35:00.000Z,Hall AC,76.9,101.8,52,76,300,300,compressorCoolStage1On,WFH,
2026-07-28T23:40:00.000Z,Hall AC,76.4,101.8,52,76,300,300,compressorCoolStage1On,WFH,
2026-07-28T23:45:00.000Z,Hall AC,75.9,101.8,52,76,300,300,compressorCoolStage1On,WFH,
2026-07-28T23:50:00.000Z,Hall AC,75.6,101.8,50,76,300,300,compressorCoolStage1On,WFH,(SmartRecovery)
2026-07-28T23:55:00.000Z,Hall AC,75.3,101.8,50,75.6,300,300,compressorCoolStage1On,WFH,(SmartRecovery)
2026-07-29T00:00:00.000Z,Hall AC,75.6,101.9,48,75,300,300,compressorCoolStage1On,Home,
2026-07-29T00:05:00.000Z,Hall AC,75.5,101.9,47,75,300,300,compressorCoolStage1On,Home,
2026-07-29T00:10:00.000Z,Hall AC,74.9,101.9,47,75,90,135,compressorCoolStage1On,Home,
2026-07-29T00:15:00.000Z,Hall AC,74,101.9,48,75,0,0,compressorCoolOff,Home,
2026-07-29T00:20:00.000Z,Hall AC,74.5,101.9,49,75,0,0,compressorCoolOff,Home,
2026-07-29T00:25:00.000Z,Hall AC,75.3,101.9,49,75,240,240,compressorCoolOff,Home,
2026-07-29T00:30:00.000Z,Hall AC,75.9,101.9,48,75,300,300,compressorCoolStage1On,Home,
2026-07-29T00:35:00.000Z,Hall AC,75.6,101.9,47,75,300,300,compressorCoolStage1On,Home,
2026-07-29T00:40:00.000Z,Hall AC,74.9,101.9,47,75,135,180,compressorCoolStage1On,Home,
2026-07-29T00:45:00.000Z,Hall AC,74.1,101.9,48,75,0,0,compressorCoolOff,Home,
2026-07-29T00:50:00.000Z,Hall AC,74.6,101.9,49,75,0,0,compressorCoolOff,Home,
2026-07-29T00:55:00.000Z,Hall AC,75.4,101.9,48,75,285,285,compressorCoolOff,Home,
2026-07-29T01:00:00.000Z,Hall AC,75.9,101.3,47,75,300,300,compressorCoolStage1On,Home,
2026-07-29T01:05:00.000Z,Hall AC,75.7,101.3,46,75,300,300,compressorCoolStage1On,Home,
2026-07-29T01:10:00.000Z,Hall AC,75.1,101.3,46,75,210,255,compressorCoolStage1On,Home,
2026-07-29T01:15:00.000Z,Hall AC,74.2,101.3,47,75,0,0,compressorCoolOff,Home,
2026-07-29T01:20:00.000Z,Hall AC,74.6,101.3,48,75,0,0,compressorCoolOff,Home,
2026-07-29T01:25:00.000Z,Hall AC,75.5,101.3,47,75,300,300,compressorCoolStage1On,Home,
2026-07-29T01:30:00.000Z,Hall AC,75.9,101.7,46,75,300,300,compressorCoolStage1On,Home,
2026-07-29T01:35:00.000Z,Hall AC,75,101.7,47,75,135,180,compressorCoolStage1On,Home,
2026-07-29T01:40:00.000Z,Hall AC,74.6,101.7,48,75,0,0,compressorCoolOff,Home,
2026-07-29T01:45:00.000Z,Hall AC,75.1,101.7,47,75,195,195,compressorCoolOff,Home,
2026-07-29T01:50:00.000Z,Hall AC,75.7,101.7,46,75,300,300,compressorCoolStage1On,Home,
2026-07-29T01:55:00.000Z,Hall AC,75.3,101.7,46,75,240,285,compressorCoolStage1On,Home,
2026-07-29T02:00:00.000Z,Hall AC,74.4,100,46,75,0,0,compressorCoolOff,Home,
2026-07-29T02:05:00.000Z,Hall AC,74.6,100,47,75,0,0,compressorCoolOff,Home,
2026-07-29T02:10:00.000Z,Hall AC,75.3,100,46,75,270,270,compressorCoolOff,Home,
2026-07-29T02:15:00.000Z,Hall AC,75.8,100,45,75,300,300,compressorCoolStage1On,Home,
2026-07-29T02:20:00.000Z,Hall AC,75,100,45,75,135,180,compressorCoolStage1On,Home,
2026-07-29T02:25:00.000Z,Hall AC,74.5,100,46,75,0,0,compressorCoolOff,Home,
2026-07-29T02:30:00.000Z,Hall AC,74.9,99.6,45,75,30,30,compressorCoolOff,Home,
2026-07-29T02:35:00.000Z,Hall AC,75.3,99.6,45,75,300,300,compressorCoolStage1On,Home,
2026-07-29T02:40:00.000Z,Hall AC,74.9,99.6,45,75,105,150,compressorCoolStage1On,Home,
2026-07-29T02:45:00.000Z,Hall AC,74.8,99.6,46,75,0,0,compressorCoolOff,Home,
2026-07-29T02:50:00.000Z,Hall AC,75.2,99.6,45,75,210,210,compressorCoolOff,Home,
2026-07-29T02:55:00.000Z,Hall AC,75.4,99.6,44,75,300,300,compressorCoolStage1On,Home,
2026-07-29T03:00:00.000Z,Hall AC,74.6,97.9,45,75,15,60,compressorCoolStage1On,Home,
2026-07-29T03:05:00.000Z,Hall AC,74.5,97.9,46,75,0,0,compressorCoolOff,Home,
2026-07-29T03:10:00.000Z,Hall AC,75,97.9,45,75,120,120,compressorCoolOff,Home,
2026-07-29T03:15:00.000Z,Hall AC,75.4,97.9,45,75,300,300,compressorCoolStage1On,Home,
2026-07-29T03:20:00.000Z,Hall AC,74.9,97.9,46,75,75,120,compressorCoolStage1On,Home,
2026-07-29T03:25:00.000Z,Hall AC,74.7,97.9,46,75,0,0,compressorCoolOff,Home,
2026-07-29T03:30:00.000Z,Hall AC,75,98.1,46,75,120,120,compressorCoolOff,Home,
2026-07-29T03:35:00.000Z,Hall AC,75.6,98.1,45,75,300,300,compressorCoolStage1On,Home,
2026-07-29T03:40:00.000Z,Hall AC,75.3,98.1,44,75,270,300,compressorCoolStage1On,Home,
2026-07-29T03:45:00.000Z,Hall AC,74.4,98.1,44,75,0,15,compressorCoolOff,Home,
2026-07-29T03:50:00.000Z,Hall AC,73.9,98.1,45,75,0,0,compressorCoolOff,Home,
2026-07-29T03:55:00.000Z,Hall AC,74.1,98.1,46,75,0,0,compressorCoolOff,Home,
2026-07-29T04:00:00.000Z,Hall AC,74.3,96.8,45,75,0,0,compressorCoolOff,Home,
2026-07-29T04:05:00.000Z,Hall AC,74.4,96.8,44,75,0,0,compressorCoolOff,Home,
2026-07-29T04:10:00.000Z,Hall AC,74.4,96.8,43,75,0,0,compressorCoolOff,Home,
2026-07-29T04:15:00.000Z,Hall AC,74.6,96.8,43,75,135,135,compressorCoolOff,Home,
2026-07-29T04:20:00.000Z,Hall AC,75.3,96.8,43,75,300,300,compressorCoolStage1On,Home,(SmartRecovery)
2026-07-29T04:25:00.000Z,Hall AC,75,96.8,44,74.6,300,300,compressorCoolStage1On,Home,
2026-07-29T04:30:00.000Z,Hall AC,74.3,96.8,44,74,270,300,compressorCoolStage1On,Sleep,
2026-07-29T04:35:00.000Z,Hall AC,73.7,96.8,44,74,0,15,compressorCoolOff,Sleep,
2026-07-29T04:40:00.000Z,Hall AC,73.5,96.8,44,74,0,0,compressorCoolOff,Sleep,
2026-07-29T04:45:00.000Z,Hall AC,73.7,96.8,43,74,0,0,compressorCoolOff,Sleep,
2026-07-29T04:50:00.000Z,Hall AC,73.8,96.8,42,74,0,0,compressorCoolOff,Sleep,
2026-07-29T04:55:00.000Z,Hall AC,74.1,96.8,42,74,165,165,compressorCoolOff,Sleep,
2026-07-29T05:00:00.000Z,Hall AC,74.9,95.5,43,74,300,300,compressorCoolStage1On,Sleep,
2026-07-29T05:05:00.000Z,Hall AC,74.5,95.5,44,74,300,300,compressorCoolStage1On,Sleep,
2026-07-29T05:10:00.000Z,Hall AC,73.9,95.5,44,74,75,120,compressorCoolStage1On,Sleep,
2026-07-29T05:15:00.000Z,Hall AC,73.2,95.5,43,74,0,0,compressorCoolOff,Sleep,
2026-07-29T05:20:00.000Z,Hall AC,73.3,95.5,42,74,0,0,compressorCoolOff,Sleep,
2026-07-29T05:25:00.000Z,Hall AC,73.6,95.5,42,74,0,0,compressorCoolOff,Sleep,
2026-07-29T05:30:00.000Z,Hall AC,74.1,95.5,42,74,225,225,compressorCoolOff,Sleep,
2026-07-29T05:35:00.000Z,Hall AC,74.4,95.5,43,74,300,300,compressorCoolStage1On,Sleep,
2026-07-29T05:40:00.000Z,Hall AC,73.8,95.5,43,74,90,135,compressorCoolStage1On,Sleep,
2026-07-29T05:45:00.000Z,Hall AC,73,95.5,43,74,0,0,compressorCoolOff,Sleep,
2026-07-29T05:50:00.000Z,Hall AC,73.2,95.5,43,74,0,0,compressorCoolOff,Sleep,
2026-07-29T05:55:00.000Z,Hall AC,73.6,95.5,43,74,0,0,compressorCoolOff,Sleep,
2026-07-29T06:00:00.000Z,Hall AC,73.8,94,42,74,0,0,compressorCoolOff,Sleep,
2026-07-29T06:05:00.000Z,Hall AC,73.7,94,41,74,0,0,compressorCoolOff,Sleep,
2026-07-29T06:10:00.000Z,Hall AC,73.9,94,41,74,150,150,compressorCoolOff,Sleep,
2026-07-29T06:15:00.000Z,Hall AC,74.5,94,42,74,300,300,compressorCoolStage1On,Sleep,
2026-07-29T06:20:00.000Z,Hall AC,74.2,94,42,74,255,300,compressorCoolStage1On,Sleep,
2026-07-29T06:25:00.000Z,Hall AC,73.7,94,43,74,0,0,compressorCoolOff,Sleep,
2026-07-29T06:30:00.000Z,Hall AC,73.2,94.6,43,74,0,0,compressorCoolOff,Sleep,
2026-07-29T06:35:00.000Z,Hall AC,73.4,94.6,43,74,0,0,compressorCoolOff,Sleep,
2026-07-29T06:40:00.000Z,Hall AC,73.7,94.6,42,74,0,0,compressorCoolOff,Sleep,
2026-07-29T06:45:00.000Z,Hall AC,73.7,94.6,41,74,0,0,compressorCoolOff,Sleep,
2026-07-29T06:50:00.000Z,Hall AC,74,94.6,41,74,135,135,compressorCoolOff,Sleep,
2026-07-29T06:55:00.000Z,Hall AC,74.4,94.6,42,74,300,300,compressorCoolStage1On,Sleep,
2026-07-29T07:00:00.000Z,Hall AC,74.2,93.3,43,74,195,240,compressorCoolStage1On,Sleep,
2026-07-29T07:05:00.000Z,Hall AC,73.4,93.3,43,74,0,0,compressorCoolOff,Sleep,
2026-07-29T07:10:00.000Z,Hall AC,73.2,93.3,43,74,0,0,compressorCoolOff,Sleep,
2026-07-29T07:15:00.000Z,Hall AC,73.4,93.3,43,74,0,0,compressorCoolOff,Sleep,
2026-07-29T07:20:00.000Z,Hall AC,73.7,93.3,43,74,0,0,compressorCoolOff,Sleep,
2026-07-29T07:25:00.000Z,Hall AC,73.7,93.3,41,74,0,0,compressorCoolOff,Sleep,
2026-07-29T07:30:00.000Z,Hall AC,73.7,93.3,41,74,0,0,compressorCoolOff,Sleep,
2026-07-29T07:35:00.000Z,Hall AC,73.8,93.3,41,74,30,30,compressorCoolOff,Sleep,
2026-07-29T07:40:00.000Z,Hall AC,74.4,93.3,41,74,300,300,compressorCoolStage1On,Sleep,
2026-07-29T07:45:00.000Z,Hall AC,74.3,93.3,42,74,300,300,compressorCoolStage1On,Sleep,
2026-07-29T07:50:00.000Z,Hall AC,73.8,93.3,43,74,75,120,compressorCoolStage1On,Sleep,
2026-07-29T07:55:00.000Z,Hall AC,72.9,93.3,42,74,0,0,compressorCoolOff,Sleep,
2026-07-29T08:00:00.000Z,Hall AC,72.6,92.2,41,74,0,0,compressorCoolOff,Sleep,
2026-07-29T08:05:00.000Z,Hall AC,73.2,92.2,42,74,0,0,compressorCoolOff,Sleep,
2026-07-29T08:10:00.000Z,Hall AC,73.2,92.2,41,74,0,0,compressorCoolOff,Sleep,
2026-07-29T08:15:00.000Z,Hall AC,73.3,92.2,41,74,0,0,compressorCoolOff,Sleep,
2026-07-29T08:20:00.000Z,Hall AC,73.6,92.2,41,74,0,0,compressorCoolOff,Sleep,
2026-07-29T08:25:00.000Z,Hall AC,73.7,92.2,41,74,0,0,compressorCoolOff,Sleep,
2026-07-29T08:30:00.000Z,Hall AC,73.7,92.2,41,74,0,0,compressorCoolOff,Sleep,
2026-07-29T08:35:00.000Z,Hall AC,73.9,92.2,41,74,150,150,compressorCoolOff,Sleep,
2026-07-29T08:40:00.000Z,Hall AC,74.2,92.2,41,74,300,300,compressorCoolStage1On,Sleep,
2026-07-29T08:45:00.000Z,Hall AC,74,92.2,42,74,90,135,compressorCoolStage1On,Sleep,
2026-07-29T08:50:00.000Z,Hall AC,73.4,92.2,42,74,0,0,compressorCoolOff,Sleep,
2026-07-29T08:55:00.000Z,Hall AC,73,92.2,42,74,0,0,compressorCoolOff,Sleep,
2026-07-29T09:00:00.000Z,Hall AC,73.6,91.2,42,74,0,0,compressorCoolOff,Sleep,
2026-07-29T09:05:00.000Z,Hall AC,73.3,91.2,41,74,0,0,compressorCoolOff,Sleep,
2026-07-29T09:10:00.000Z,Hall AC,73.5,91.2,41,74,0,0,compressorCoolOff,Sleep,
2026-07-29T09:15:00.000Z,Hall AC,73.7,91.2,41,74,0,0,compressorCoolOff,Sleep,
2026-07-29T09:20:00.000Z,Hall AC,73.7,91.2,41,74,0,0,compressorCoolOff,Sleep,
2026-07-29T09:25:00.000Z,Hall AC,73.9,91.2,41,74,105,105,compressorCoolOff,Sleep,
2026-07-29T09:30:00.000Z,Hall AC,74.3,91.3,41,74,300,300,compressorCoolStage1On,Sleep,
2026-07-29T09:35:00.000Z,Hall AC,73.8,91.3,41,74,90,135,compressorCoolStage1On,Sleep,
2026-07-29T09:40:00.000Z,Hall AC,73.3,91.3,43,74,0,0,compressorCoolOff,Sleep,
2026-07-29T09:45:00.000Z,Hall AC,73.1,91.3,42,74,0,0,compressorCoolOff,Sleep,
2026-07-29T09:50:00.000Z,Hall AC,73,91.3,41,74,0,0,compressorCoolOff,Sleep,
2026-07-29T09:55:00.000Z,Hall AC,73.4,91.3,41,74,0,0,compressorCoolOff,Sleep,
2026-07-29T10:00:00.000Z,Hall AC,73.6,90,41,74,0,0,compressorCoolOff,Sleep,
2026-07-29T10:05:00.000Z,Hall AC,73.7,90,41,74,0,0,compressorCoolOff,Sleep,
2026-07-29T10:10:00.000Z,Hall AC,73.7,90,41,74,0,0,compressorCoolOff,Sleep,
2026-07-29T10:15:00.000Z,Hall AC,73.8,90,41,74,0,0,compressorCoolOff,Sleep,
2026-07-29T10:20:00.000Z,Hall AC,74.1,90,41,74,300,300,compressorCoolStage1On,Sleep,
2026-07-29T10:25:00.000Z,Hall AC,74,90,41,74,225,270,compressorCoolStage1On,Sleep,
2026-07-29T10:30:00.000Z,Hall AC,73.3,90.3,41,74,0,0,compressorCoolOff,Sleep,
2026-07-29T10:35:00.000Z,Hall AC,73.3,90.3,43,74,0,0,compressorCoolOff,Sleep,
2026-07-29T10:40:00.000Z,Hall AC,73,90.3,41,74,0,0,compressorCoolOff,Sleep,
2026-07-29T10:45:00.000Z,Hall AC,73.1,90.3,41,74,0,0,compressorCoolOff,Sleep,
2026-07-29T10:50:00.000Z,Hall AC,73.4,90.3,41,74,0,0,compressorCoolOff,Sleep,
2026-07-29T10:55:00.000Z,Hall AC,73.6,90.3,41,74,0,0,compressorCoolOff,Sleep,
2026-07-29T11:00:00.000Z,Hall AC,73.7,89.2,41,74,0,0,compressorCoolOff,Sleep,
2026-07-29T11:05:00.000Z,Hall AC,73.8,89.2,41,74,0,0,compressorCoolOff,Sleep,
2026-07-29T11:10:00.000Z,Hall AC,73.8,89.2,41,74,0,0,compressorCoolOff,Sleep,
2026-07-29T11:15:00.000Z,Hall AC,74.1,89.2,41,74,300,300,compressorCoolStage1On,Sleep,
2026-07-29T11:20:00.000Z,Hall AC,74,89.2,41,74,210,255,compressorCoolStage1On,Sleep,
2026-07-29T11:25:00.000Z,Hall AC,73.1,89.2,41,74,0,0,compressorCoolOff,Sleep,
2026-07-29T11:30:00.000Z,Hall AC,73,89.2,42,74,0,0,compressorCoolOff,Sleep,
2026-07-29T11:35:00.000Z,Hall AC,72.9,89.2,41,74,0,0,compressorCoolOff,Sleep,
2026-07-29T11:40:00.000Z,Hall AC,73.1,89.2,41,74,0,0,compressorCoolOff,Sleep,
2026-07-29T11:45:00.000Z,Hall AC,73.3,89.2,41,74,0,0,compressorCoolOff,Sleep,
2026-07-29T11:50:00.000Z,Hall AC,73.6,89.2,41,74,0,0,compressorCoolOff,Sleep,
2026-07-29T11:55:00.000Z,Hall AC,73.7,89.2,41,74,0,0,compressorCoolOff,Sleep,
2026-07-29T12:00:00.000Z,Hall AC,73.7,88.5,41,74,0,0,compressorCoolOff,Sleep,
2026-07-29T12:05:00.000Z,Hall AC,73.7,88.5,40,74,0,0,compressorCoolOff,Sleep,
2026-07-29T12:10:00.000Z,Hall AC,73.8,88.5,41,74,0,0,compressorCoolOff,Sleep,
2026-07-29T12:15:00.000Z,Hall AC,73.8,88.5,40,74,15,15,compressorCoolOff,Sleep,
2026-07-29T12:20:00.000Z,Hall AC,74.1,88.5,41,74,300,300,compressorCoolStage1On,Sleep,
2026-07-29T12:25:00.000Z,Hall AC,74,88.5,41,74,195,240,compressorCoolStage1On,Sleep,
2026-07-29T12:30:00.000Z,Hall AC,73.1,88.5,41,74,0,0,compressorCoolOff,Sleep,
2026-07-29T12:35:00.000Z,Hall AC,72.9,88.5,42,74,0,0,compressorCoolOff,Sleep,
2026-07-29T12:40:00.000Z,Hall AC,73.3,88.5,42,74,0,0,compressorCoolOff,Sleep,
2026-07-29T12:45:00.000Z,Hall AC,73.5,88.5,41,74,0,0,compressorCoolOff,Sleep,
2026-07-29T12:50:00.000Z,Hall AC,73.7,88.5,41,74,0,0,compressorCoolOff,Sleep,
2026-07-29T12:55:00.000Z,Hall AC,73.9,88.5,41,74,225,225,compressorCoolOff,Sleep,
2026-07-29T13:00:00.000Z,Hall AC,73.3,87.6,40,74,75,120,compressorCoolStage1On,Sleep,
2026-07-29T13:05:00.000Z,Hall AC,73.1,87.6,42,74,0,0,compressorCoolOff,Sleep,
2026-07-29T13:10:00.000Z,Hall AC,73.5,87.6,42,74,0,0,compressorCoolOff,Sleep,
2026-07-29T13:15:00.000Z,Hall AC,73.8,87.6,42,74,0,0,compressorCoolOff,Sleep,
2026-07-29T13:20:00.000Z,Hall AC,74,87.6,42,74,195,195,compressorCoolOff,Sleep,
2026-07-29T13:25:00.000Z,Hall AC,73.6,87.6,41,74,105,150,compressorCoolStage1On,Sleep,
2026-07-29T13:30:00.000Z,Hall AC,73.2,89.5,42,74,0,0,compressorCoolOff,Sleep,
2026-07-29T13:35:00.000Z,Hall AC,73.6,89.5,42,74,0,0,compressorCoolOff,Sleep,
2026-07-29T13:40:00.000Z,Hall AC,73.9,89.5,42,74,135,135,compressorCoolOff,Sleep,
2026-07-29T13:45:00.000Z,Hall AC,73.7,89.5,41,74,165,210,compressorCoolStage1On,Sleep,
2026-07-29T13:50:00.000Z,Hall AC,73.4,89.5,42,74,0,0,compressorCoolOff,Sleep,
2026-07-29T13:55:00.000Z,Hall AC,73.6,89.5,43,74,0,0,compressorCoolOff,Sleep,
2026-07-29T14:00:00.000Z,Hall AC,73.9,90.6,43,74,45,45,compressorCoolOff,Sleep,
2026-07-29T14:05:00.000Z,Hall AC,74.1,90.6,42,74,255,300,compressorCoolStage1On,Sleep,
2026-07-29T14:10:00.000Z,Hall AC,73.6,90.6,42,74,0,0,compressorCoolOff,Sleep,
2026-07-29T14:15:00.000Z,Hall AC,73.6,90.6,43,74,0,0,compressorCoolOff,Sleep,
2026-07-29T14:20:00.000Z,Hall AC,74,90.6,43,74,120,120,compressorCoolOff,Sleep,
2026-07-29T14:25:00.000Z,Hall AC,74,90.6,42,74.7,180,225,compressorCoolStage1On,Sleep,
2026-07-29T14:30:00.000Z,Hall AC,73.5,90.6,43,76,0,0,compressorCoolOff,WFH,
2026-07-29T14:35:00.000Z,Hall AC,73.7,90.6,43,76,0,0,compressorCoolOff,WFH,
2026-07-29T14:40:00.000Z,Hall AC,74.2,90.6,44,76,0,0,compressorCoolOff,WFH,
2026-07-29T14:45:00.000Z,Hall AC,74.6,90.6,45,76,0,0,compressorCoolOff,WFH,
2026-07-29T14:50:00.000Z,Hall AC,75,90.6,43,76,0,0,compressorCoolOff,WFH,
2026-07-29T14:55:00.000Z,Hall AC,75,90.6,43,76,0,0,compressorCoolOff,WFH,
2026-07-29T15:00:00.000Z,Hall AC,75.3,93.4,43,76,0,0,compressorCoolOff,WFH,
2026-07-29T15:05:00.000Z,Hall AC,75.6,93.4,43,76,0,0,compressorCoolOff,WFH,
2026-07-29T15:10:00.000Z,Hall AC,75.4,93.4,42,76,0,0,compressorCoolOff,WFH,
2026-07-29T15:15:00.000Z,Hall AC,75.7,93.4,42,76,0,0,compressorCoolOff,WFH,
2026-07-29T15:20:00.000Z,Hall AC,75.7,93.4,42,76,0,0,compressorCoolOff,WFH,
2026-07-29T15:25:00.000Z,Hall AC,76.2,93.4,42,76,225,225,compressorCoolOff,WFH,
2026-07-29T15:30:00.000Z,Hall AC,76,93.4,42,76,75,120,compressorCoolStage1On,WFH,
2026-07-29T15:35:00.000Z,Hall AC,75.7,93.4,43,76,0,0,compressorCoolOff,WFH,
2026-07-29T15:40:00.000Z,Hall AC,75.9,93.4,44,76,60,60,compressorCoolOff,WFH,
2026-07-29T15:45:00.000Z,Hall AC,76.2,93.4,43,76,300,300,compressorCoolStage1On,WFH,
2026-07-29T15:50:00.000Z,Hall AC,75.7,93.4,43,76,30,75,compressorCoolStage1On,WFH,
2026-07-29T15:55:00.000Z,Hall AC,75.4,93.4,45,76,0,0,compressorCoolOff,WFH,
2026-07-29T16:00:00.000Z,Hall AC,75.7,95.9,45,76,0,0,compressorCoolOff,WFH,
2026-07-29T16:05:00.000Z,Hall AC,76.2,95.9,44,76,240,240,compressorCoolOff,WFH,
2026-07-29T16:10:00.000Z,Hall AC,76.3,95.9,43,76,255,300,compressorCoolStage1On,WFH,
2026-07-29T16:15:00.000Z,Hall AC,75.6,95.9,43,76,0,0,compressorCoolOff,WFH,
2026-07-29T16:20:00.000Z,Hall AC,75.4,95.9,45,76,0,0,compressorCoolOff,WFH,
2026-07-29T16:25:00.000Z,Hall AC,75.9,95.9,45,76,60,60,compressorCoolOff,WFH,
2026-07-29T16:30:00.000Z,Hall AC,76.6,96.7,43,76,300,300,compressorCoolStage1On,WFH,
2026-07-29T16:35:00.000Z,Hall AC,76.2,96.7,43,76,210,255,compressorCoolStage1On,WFH,
2026-07-29T16:40:00.000Z,Hall AC,74.9,96.7,44,76,0,0,compressorCoolOff,WFH,
2026-07-29T16:45:00.000Z,Hall AC,74.7,96.7,45,76,0,0,compressorCoolOff,WFH,
2026-07-29T16:50:00.000Z,Hall AC,75.3,96.7,45,76,0,0,compressorCoolOff,WFH,
2026-07-29T16:55:00.000Z,Hall AC,75.8,96.7,45,76,45,45,compressorCoolOff,WFH,
2026-07-29T17:00:00.000Z,Hall AC,76.6,98.8,43,76,300,300,compressorCoolStage1On,WFH,
2026-07-29T17:05:00.000Z,Hall AC,76.6,98.8,43,76,285,300,compressorCoolStage1On,WFH,
2026-07-29T17:10:00.000Z,Hall AC,75.3,98.8,43,76,0,30,compressorCoolOff,WFH,
2026-07-29T17:15:00.000Z,Hall AC,74.8,98.8,46,76,0,0,compressorCoolOff,WFH,
2026-07-29T17:20:00.000Z,Hall AC,75.3,98.8,46,76,0,0,compressorCoolOff,WFH,
2026-07-29T17:25:00.000Z,Hall AC,75.9,98.8,46,76,105,105,compressorCoolOff,WFH,
2026-07-29T17:30:00.000Z,Hall AC,76.9,99.3,44,76,300,300,compressorCoolStage1On,WFH,
2026-07-29T17:35:00.000Z,Hall AC,76.3,99.3,44,76,225,270,compressorCoolStage1On,WFH,
2026-07-29T17:40:00.000Z,Hall AC,75,99.3,45,76,0,0,compressorCoolOff,WFH,
2026-07-29T17:45:00.000Z,Hall AC,74.9,99.3,46,76,0,0,compressorCoolOff,WFH,
2026-07-29T17:50:00.000Z,Hall AC,75.5,99.3,46,76,0,0,compressorCoolOff,WFH,
2026-07-29T17:55:00.000Z,Hall AC,76.6,99.3,44,76,285,285,compressorCoolOff,WFH,
2026-07-29T18:00:00.000Z,Hall AC,76.9,100.6,44,76,300,300,compressorCoolStage1On,WFH,
2026-07-29T18:05:00.000Z,Hall AC,75.7,100.6,44,76,90,135,compressorCoolStage1On,WFH,
2026-07-29T18:10:00.000Z,Hall AC,74.8,100.6,46,76,0,0,compressorCoolOff,WFH,
2026-07-29T18:15:00.000Z,Hall AC,75.2,100.6,46,76,0,0,compressorCoolOff,WFH,
2026-07-29T18:20:00.000Z,Hall AC,76.2,100.6,45,76,180,180,compressorCoolOff,WFH,
2026-07-29T18:25:00.000Z,Hall AC,76.9,100.6,45,76,300,300,compressorCoolStage1On,WFH,
2026-07-29T18:30:00.000Z,Hall AC,75.9,100.6,45,76,120,165,compressorCoolStage1On,WFH,
2026-07-29T18:35:00.000Z,Hall AC,74.9,100.6,46,76,0,0,compressorCoolOff,WFH,
2026-07-29T18:40:00.000Z,Hall AC,75.3,100.6,47,76,0,0,compressorCoolOff,WFH,
2026-07-29T18:45:00.000Z,Hall AC,76.2,100.6,46,76,180,180,compressorCoolOff,WFH,
2026-07-29T18:50:00.000Z,Hall AC,77,100.6,45,76,300,300,compressorCoolStage1On,WFH,
2026-07-29T18:55:00.000Z,Hall AC,76.2,100.6,45,76,195,240,compressorCoolStage1On,WFH,
2026-07-29T19:00:00.000Z,Hall AC,75,102.6,45,76,0,0,compressorCoolOff,WFH,
2026-07-29T19:05:00.000Z,Hall AC,75.1,102.6,47,76,0,0,compressorCoolOff,WFH,
2026-07-29T19:10:00.000Z,Hall AC,76.2,102.6,46,76,180,180,compressorCoolOff,WFH,
2026-07-29T19:15:00.000Z,Hall AC,76.9,102.6,46,76,300,300,compressorCoolStage1On,WFH,
2026-07-29T19:20:00.000Z,Hall AC,76,102.6,45,76,150,195,compressorCoolStage1On,WFH,
2026-07-29T19:25:00.000Z,Hall AC,75,102.6,47,76,0,0,compressorCoolOff,WFH,
2026-07-29T19:30:00.000Z,Hall AC,75.3,102.6,48,76,0,0,compressorCoolOff,WFH,
2026-07-29T19:35:00.000Z,Hall AC,76.4,102.6,46,76,255,255,compressorCoolOff,WFH,
2026-07-29T19:40:00.000Z,Hall AC,77,102.6,46,76,300,300,compressorCoolStage1On,WFH,
2026-07-29T19:45:00.000Z,Hall AC,75.9,102.6,45,76,120,165,compressorCoolStage1On,WFH,
2026-07-29T19:50:00.000Z,Hall AC,75.1,102.6,47,76,0,0,compressorCoolOff,WFH,
2026-07-29T19:55:00.000Z,Hall AC,75.7,102.6,48,76,75,75,compressorCoolOff,WFH,
2026-07-29T20:00:00.000Z,Hall AC,76.9,103.6,47,76,300,300,compressorCoolStage1On,WFH,
2026-07-29T20:05:00.000Z,Hall AC,76.6,103.6,46,76,285,300,compressorCoolStage1On,WFH,
2026-07-29T20:10:00.000Z,Hall AC,75.4,103.6,46,76,0,30,compressorCoolOff,WFH,
2026-07-29T20:15:00.000Z,Hall AC,75.2,103.6,48,76,0,0,compressorCoolOff,WFH,
2026-07-29T20:20:00.000Z,Hall AC,76.4,103.6,48,76,225,225,compressorCoolOff,WFH,
2026-07-29T20:25:00.000Z,Hall AC,77.3,103.6,46,76,300,300,compressorCoolStage1On,WFH,
2026-07-29T20:30:00.000Z,Hall AC,76.9,103.6,47,76,300,300,compressorCoolStage1On,WFH,
2026-07-29T20:35:00.000Z,Hall AC,76.3,103.6,47,76,300,300,compressorCoolStage1On,WFH,
2026-07-29T20:40:00.000Z,Hall AC,75.9,103.6,46,76,300,300,compressorCoolStage1On,WFH,
2026-07-29T20:45:00.000Z,Hall AC,75.5,103.6,46,76,300,300,compressorCoolStage1On,WFH,(SmartRecovery)
2026-07-29T20:50:00.000Z,Hall AC,75.2,103.6,46,76,300,300,compressorCoolStage1On,WFH,(SmartRecovery)
2026-07-29T20:55:00.000Z,Hall AC,74.9,103.6,46,75.4,300,300,compressorCoolStage1On,WFH,(SmartRecovery)
2026-07-29T21:00:00.000Z,Hall AC,74.7,104.6,46,74,300,300,compressorCoolStage1On,Cooldown,
2026-07-29T21:05:00.000Z,Hall AC,75,104.6,45,74,300,300,compressorCoolStage1On,Cooldown,
2026-07-29T21:10:00.000Z,Hall AC,74.8,104.6,45,74,300,300,compressorCoolStage1On,Cooldown,
2026-07-29T21:15:00.000Z,Hall AC,74.3,104.6,45,74,300,300,compressorCoolStage1On,Cooldown,
2026-07-29T21:20:00.000Z,Hall AC,74.7,104.6,44,74,300,300,compressorCoolStage1On,Cooldown,
2026-07-29T21:25:00.000Z,Hall AC,74.5,104.6,44,74,300,300,compressorCoolStage1On,Cooldown,
2026-07-29T21:30:00.000Z,Hall AC,74.4,104.8,44,74,300,300,compressorCoolStage1On,Cooldown,
2026-07-29T21:35:00.000Z,Hall AC,74.2,104.8,45,74,285,300,compressorCoolStage1On,Cooldown,
2026-07-29T21:40:00.000Z,Hall AC,73.6,104.8,45,74,0,30,compressorCoolOff,Cooldown,
2026-07-29T21:45:00.000Z,Hall AC,73.6,104.8,46,74,30,30,compressorCoolOff,Cooldown,
2026-07-29T21:50:00.000Z,Hall AC,74.8,104.8,45,74,300,300,compressorCoolStage1On,Cooldown,
2026-07-29T21:55:00.000Z,Hall AC,75.4,104.8,44,74,300,300,compressorCoolStage1On,Cooldown,
2026-07-29T22:00:00.000Z,Hall AC,75.1,105.1,44,74,300,300,compressorCoolStage1On,Cooldown,
2026-07-29T22:05:00.000Z,Hall AC,74.3,105.1,45,74,300,300,compressorCoolStage1On,Cooldown,
2026-07-29T22:10:00.000Z,Hall AC,74.5,105.1,45,74,300,300,compressorCoolStage1On,Cooldown,
2026-07-29T22:15:00.000Z,Hall AC,74.7,105.1,45,74,300,300,compressorCoolStage1On,Cooldown,
2026-07-29T22:20:00.000Z,Hall AC,74.5,105.1,45,74,300,300,compressorCoolStage1On,Cooldown,
2026-07-29T22:25:00.000Z,Hall AC,73.9,105.1,45,74,60,105,compressorCoolStage1On,Cooldown,
2026-07-29T22:30:00.000Z,Hall AC,73.9,105.1,46,74,30,30,compressorCoolOff,Cooldown,
2026-07-29T22:35:00.000Z,Hall AC,74.6,105.1,44,74,300,300,compressorCoolStage1On,Cooldown,
2026-07-29T22:40:00.000Z,Hall AC,75,105.1,44,74,300,300,compressorCoolStage1On,Cooldown,
2026-07-29T22:45:00.000Z,Hall AC,74.9,105.1,44,74,300,300,compressorCoolStage1On,Cooldown,
2026-07-29T22:50:00.000Z,Hall AC,74.7,105.1,44,74,300,300,compressorCoolStage1On,Cooldown,
2026-07-29T22:55:00.000Z,Hall AC,74.4,105.1,44,74.3,210,255,compressorCoolStage1On,Cooldown,
2026-07-29T23:00:00.000Z,Hall AC,73.9,105.1,44,75,0,0,compressorCoolOff,Home,
2026-07-29T23:05:00.000Z,Hall AC,73.6,105.1,45,75,0,0,compressorCoolOff,Home,
2026-07-29T23:10:00.000Z,Hall AC,74,105.1,46,75,0,0,compressorCoolOff,Home,
2026-07-29T23:15:00.000Z,Hall AC,74.5,105.1,46,75,0,0,compressorCoolOff,Home,
2026-07-29T23:20:00.000Z,Hall AC,75,105.1,46,75,135,135,compressorCoolOff,Home,
2026-07-29T23:25:00.000Z,Hall AC,75.8,105.1,46,75,300,300,compressorCoolStage1On,Home,
2026-07-29T23:30:00.000Z,Hall AC,75.7,105.1,46,75,300,300,compressorCoolStage1On,Home,
2026-07-29T23:35:00.000Z,Hall AC,75.1,105.1,46,75,195,240,compressorCoolStage1On,Home,
2026-07-29T23:40:00.000Z,Hall AC,74.2,105.1,47,75,0,0,compressorCoolOff,Home,
2026-07-29T23:45:00.000Z,Hall AC,74.2,105.1,48,75,0,0,compressorCoolOff,Home,
2026-07-29T23:50:00.000Z,Hall AC,74.9,105.1,48,75,105,105,compressorCoolOff,Home,
2026-07-29T23:55:00.000Z,Hall AC,76.2,105.1,45,75,300,300,compressorCoolStage1On,Home,
2026-07-30T00:00:00.000Z,Hall AC,76.3,104.2,45,75,300,300,compressorCoolStage1On,Home,
2026-07-30T00:05:00.000Z,Hall AC,75.8,104.2,45,75,300,300,compressorCoolStage1On,Home,
2026-07-30T00:10:00.000Z,Hall AC,75.1,104.2,45,75,195,240,compressorCoolStage1On,Home,
2026-07-30T00:15:00.000Z,Hall AC,74.1,104.2,46,75,0,0,compressorCoolOff,Home,
2026-07-30T00:20:00.000Z,Hall AC,74,104.2,47,75,0,0,compressorCoolOff,Home,
2026-07-30T00:25:00.000Z,Hall AC,74.6,104.2,47,75,0,0,compressorCoolOff,Home,
2026-07-30T00:30:00.000Z,Hall AC,75.5,104.2,48,75,300,300,compressorCoolStage1On,Home,
2026-07-30T00:35:00.000Z,Hall AC,75.6,104.2,48,75,300,300,compressorCoolStage1On,Home,
2026-07-30T00:40:00.000Z,Hall AC,75.2,104.2,47,75,300,300,compressorCoolStage1On,Home,
2026-07-30T00:45:00.000Z,Hall AC,74.7,104.2,47,75,0,45,compressorCoolOff,Home,
2026-07-30T00:50:00.000Z,Hall AC,74.5,104.2,46,75,0,0,compressorCoolOff,Home,
2026-07-30T00:55:00.000Z,Hall AC,75.1,104.2,46,75,165,165,compressorCoolOff,Home,
2026-07-30T01:00:00.000Z,Hall AC,75.8,103.3,44,75,300,300,compressorCoolStage1On,Home,
2026-07-30T01:05:00.000Z,Hall AC,75.7,103.3,44,75,300,300,compressorCoolStage1On,Home,
2026-07-30T01:10:00.000Z,Hall AC,75.2,103.3,45,75,300,300,compressorCoolStage1On,Home,
2026-07-30T01:15:00.000Z,Hall AC,74.9,103.3,45,75,105,150,compressorCoolStage1On,Home,
2026-07-30T01:20:00.000Z,Hall AC,74.6,103.3,45,75,0,0,compressorCoolOff,Home,
2026-07-30T01:25:00.000Z,Hall AC,74.9,103.3,44,75,60,60,compressorCoolOff,Home,
2026-07-30T01:30:00.000Z,Hall AC,75.6,103.3,44,75,300,300,compressorCoolStage1On,Home,
2026-07-30T01:35:00.000Z,Hall AC,75.7,103.3,44,75.3,210,240,compressorCoolStage1On,Home,
2026-07-30T01:40:00.000Z,Hall AC,75.2,103.3,44,76,0,0,compressorCoolOff,Home,auto
2026-07-30T01:45:00.000Z,Hall AC,75.2,103.3,45,76,0,0,compressorCoolOff,Home,auto
2026-07-30T01:50:00.000Z,Hall AC,75.7,103.3,45,76,0,0,compressorCoolOff,Home,auto
2026-07-30T01:55:00.000Z,Hall AC,76.2,103.3,44,76,270,270,compressorCoolOff,Home,auto
2026-07-30T02:00:00.000Z,Hall AC,76.4,102.1,44,76,300,300,compressorCoolStage1On,Home,auto
2026-07-30T02:05:00.000Z,Hall AC,76.2,102.1,44,76,300,300,compressorCoolStage1On,Home,auto
2026-07-30T02:10:00.000Z,Hall AC,75.6,102.1,44,76,15,60,compressorCoolStage1On,Home,auto
2026-07-30T02:15:00.000Z,Hall AC,75.2,102.1,44,76,0,0,compressorCoolOff,Home,auto
2026-07-30T02:20:00.000Z,Hall AC,75.5,102.1,44,76,0,0,compressorCoolOff,Home,auto
2026-07-30T02:25:00.000Z,Hall AC,75.9,102.1,44,76,105,105,compressorCoolOff,Home,auto
2026-07-30T02:30:00.000Z,Hall AC,76.4,102.1,44,76,300,300,compressorCoolStage1On,Home,auto
2026-07-30T02:35:00.000Z,Hall AC,76.2,102.1,43,76,225,270,compressorCoolStage1On,Home,auto
2026-07-30T02:40:00.000Z,Hall AC,75.5,102.1,44,76,0,0,compressorCoolOff,Home,auto
2026-07-30T02:45:00.000Z,Hall AC,75.4,102.1,44,76,0,0,compressorCoolOff,Home,auto
2026-07-30T02:50:00.000Z,Hall AC,75.8,102.1,44,76,45,45,compressorCoolOff,Home,auto
2026-07-30T02:55:00.000Z,Hall AC,76.3,102.1,44,76,300,300,compressorCoolStage1On,Home,auto
2026-07-30T03:00:00.000Z,Hall AC,76.2,100.1,43,76,300,300,compressorCoolStage1On,Home,auto
2026-07-30T03:05:00.000Z,Hall AC,75.7,100.1,43,76,0,45,compressorCoolOff,Home,auto
2026-07-30T03:10:00.000Z,Hall AC,75.4,100.1,44,76,0,0,compressorCoolOff,Home,auto
2026-07-30T03:15:00.000Z,Hall AC,75.7,100.1,44,76,0,0,compressorCoolOff,Home,auto
2026-07-30T03:20:00.000Z,Hall AC,76.1,100.1,44,76,225,225,compressorCoolOff,Home,auto
2026-07-30T03:25:00.000Z,Hall AC,76.1,100.1,43,76,300,300,compressorCoolStage1On,Home,auto
2026-07-30T03:30:00.000Z,Hall AC,75.8,100.1,43,76,60,105,compressorCoolStage1On,Home,auto
2026-07-30T03:35:00.000Z,Hall AC,75.4,100.1,44,75.6,105,105,compressorCoolOff,Home,auto
2026-07-30T03:40:00.000Z,Hall AC,75.8,100.1,44,75,300,300,compressorCoolStage1On,Home,
2026-07-30T03:45:00.000Z,Hall AC,75.6,100.1,44,75,300,300,compressorCoolStage1On,Home,
2026-07-30T03:50:00.000Z,Hall AC,74.8,100.1,44,75,90,135,compressorCoolStage1On,Home,
2026-07-30T03:55:00.000Z,Hall AC,74.2,100.1,44,75,0,0,compressorCoolOff,Home,
2026-07-30T04:00:00.000Z,Hall AC,74.5,98.2,44,75,0,0,compressorCoolOff,Home,
2026-07-30T04:05:00.000Z,Hall AC,74.7,98.2,43,75,0,0,compressorCoolOff,Home,
2026-07-30T04:10:00.000Z,Hall AC,75.2,98.2,43,75,270,270,compressorCoolOff,Home,
2026-07-30T04:15:00.000Z,Hall AC,75.2,98.2,43,75,300,300,compressorCoolStage1On,Home,
2026-07-30T04:20:00.000Z,Hall AC,74.6,98.2,43,75,300,300,compressorCoolStage1On,Home,(SmartRecovery)
2026-07-30T04:25:00.000Z,Hall AC,74.5,98.2,43,74.7,300,300,compressorCoolStage1On,Home,(SmartRecovery)
2026-07-30T04:30:00.000Z,Hall AC,74.1,99.3,43,74,180,225,compressorCoolStage1On,Sleep,
2026-07-30T04:35:00.000Z,Hall AC,73.4,99.3,43,74,0,0,compressorCoolOff,Sleep,
2026-07-30T04:40:00.000Z,Hall AC,73.6,99.3,43,74,0,0,compressorCoolOff,Sleep,
2026-07-30T04:45:00.000Z,Hall AC,74.3,99.3,43,74,255,255,compressorCoolOff,Sleep,
2026-07-30T04:50:00.000Z,Hall AC,74.4,99.3,43,74,300,300,compressorCoolStage1On,Sleep,
2026-07-30T04:55:00.000Z,Hall AC,74.1,99.3,43,74,300,300,compressorCoolStage1On,Sleep,
2026-07-30T05:00:00.000Z,Hall AC,74.1,97.7,43,74,300,300,compressorCoolStage1On,Sleep,
2026-07-30T05:05:00.000Z,Hall AC,74,97.7,43,74,195,240,compressorCoolStage1On,Sleep,
2026-07-30T05:10:00.000Z,Hall AC,73.4,97.7,43,74,0,0,compressorCoolOff,Sleep,
2026-07-30T05:15:00.000Z,Hall AC,73.3,97.7,43,74,0,0,compressorCoolOff,Sleep,
2026-07-30T05:20:00.000Z,Hall AC,73.8,97.7,43,74,30,30,compressorCoolOff,Sleep,
2026-07-30T05:25:00.000Z,Hall AC,74.2,97.7,42,74,300,300,compressorCoolStage1On,Sleep,
2026-07-30T05:30:00.000Z,Hall AC,74.2,97.7,43,74,240,285,compressorCoolStage1On,Sleep,
2026-07-30T05:35:00.000Z,Hall AC,73.5,97.7,43,74,0,0,compressorCoolOff,Sleep,
2026-07-30T05:40:00.000Z,Hall AC,73.4,97.7,43,74,0,0,compressorCoolOff,Sleep,
2026-07-30T05:45:00.000Z,Hall AC,73.9,97.7,42,74,120,120,compressorCoolOff,Sleep,
2026-07-30T05:50:00.000Z,Hall AC,74.2,97.7,42,74,300,300,compressorCoolStage1On,Sleep,
2026-07-30T05:55:00.000Z,Hall AC,73.8,97.7,43,74,75,120,compressorCoolStage1On,Sleep,
2026-07-30T06:00:00.000Z,Hall AC,73.2,96.8,43,74,0,0,compressorCoolOff,Sleep,
2026-07-30T06:05:00.000Z,Hall AC,73.3,96.8,42,74,0,0,compressorCoolOff,Sleep,
2026-07-30T06:10:00.000Z,Hall AC,73.3,96.8,41,74,0,0,compressorCoolOff,Sleep,
2026-07-30T06:15:00.000Z,Hall AC,73.7,96.8,41,74,0,0,compressorCoolOff,Sleep,
2026-07-30T06:20:00.000Z,Hall AC,73.7,96.8,40,74,0,0,compressorCoolOff,Sleep,
2026-07-30T06:25:00.000Z,Hall AC,73.7,96.8,39,74,0,0,compressorCoolOff,Sleep,
2026-07-30T06:30:00.000Z,Hall AC,73.7,96.8,39,74,0,0,compressorCoolOff,Sleep,
2026-07-30T06:35:00.000Z,Hall AC,73.8,96.8,39,74,0,0,compressorCoolOff,Sleep,
2026-07-30T06:40:00.000Z,Hall AC,73.9,96.8,39,74,0,0,compressorCoolOff,Sleep,
2026-07-30T06:45:00.000Z,Hall AC,74,96.8,39,74,105,105,compressorCoolOff,Sleep,
2026-07-30T06:50:00.000Z,Hall AC,74.3,96.8,40,74,300,300,compressorCoolStage1On,Sleep,
2026-07-30T06:55:00.000Z,Hall AC,73.8,96.8,41,74,90,135,compressorCoolStage1On,Sleep,
2026-07-30T07:00:00.000Z,Hall AC,72.9,95.1,41,74,0,0,compressorCoolOff,Sleep,
2026-07-30T07:05:00.000Z,Hall AC,73.1,95.1,41,74,0,0,compressorCoolOff,Sleep,
2026-07-30T07:10:00.000Z,Hall AC,73.5,95.1,41,74,0,0,compressorCoolOff,Sleep,
2026-07-30T07:15:00.000Z,Hall AC,73.7,95.1,41,74,0,0,compressorCoolOff,Sleep,
2026-07-30T07:20:00.000Z,Hall AC,73.7,95.1,40,74,0,0,compressorCoolOff,Sleep,
2026-07-30T07:25:00.000Z,Hall AC,73.7,95.1,40,74,0,0,compressorCoolOff,Sleep,
2026-07-30T07:30:00.000Z,Hall AC,73.7,96.2,40,74,0,0,compressorCoolOff,Sleep,
2026-07-30T07:35:00.000Z,Hall AC,74,96.2,40,74,15,15,compressorCoolOff,Sleep,
2026-07-30T07:40:00.000Z,Hall AC,74.1,96.2,40,74,300,300,compressorCoolStage1On,Sleep,
2026-07-30T07:45:00.000Z,Hall AC,74,96.2,41,74,165,210,compressorCoolStage1On,Sleep,
2026-07-30T07:50:00.000Z,Hall AC,73.2,96.2,41,74,0,0,compressorCoolOff,Sleep,
2026-07-30T07:55:00.000Z,Hall AC,73,96.2,41,74,0,0,compressorCoolOff,Sleep,
2026-07-30T08:00:00.000Z,Hall AC,73.5,94.9,41,74,0,0,compressorCoolOff,Sleep,
2026-07-30T08:05:00.000Z,Hall AC,73.7,94.9,41,74,0,0,compressorCoolOff,Sleep,
2026-07-30T08:10:00.000Z,Hall AC,73.7,94.9,40,74,0,0,compressorCoolOff,Sleep,
2026-07-30T08:15:00.000Z,Hall AC,73.7,94.9,40,74,0,0,compressorCoolOff,Sleep,
2026-07-30T08:20:00.000Z,Hall AC,73.9,94.9,39,74,0,0,compressorCoolOff,Sleep,
2026-07-30T08:25:00.000Z,Hall AC,73.9,94.9,39,74,75,75,compressorCoolOff,Sleep,
2026-07-30T08:30:00.000Z,Hall AC,74.3,94.9,40,74,300,300,compressorCoolStage1On,Sleep,
2026-07-30T08:35:00.000Z,Hall AC,73.8,94.9,41,74,120,165,compressorCoolStage1On,Sleep,
2026-07-30T08:40:00.000Z,Hall AC,72.9,94.9,40,74,0,0,compressorCoolOff,Sleep,
2026-07-30T08:45:00.000Z,Hall AC,72.9,94.9,40,74,0,0,compressorCoolOff,Sleep,
2026-07-30T08:50:00.000Z,Hall AC,73.3,94.9,40,74,0,0,compressorCoolOff,Sleep,
2026-07-30T08:55:00.000Z,Hall AC,73.4,94.9,40,74,0,0,compressorCoolOff,Sleep,
2026-07-30T09:00:00.000Z,Hall AC,73.7,92.7,40,74,0,0,compressorCoolOff,Sleep,
2026-07-30T09:05:00.000Z,Hall AC,73.7,92.7,40,74,0,0,compressorCoolOff,Sleep,
2026-07-30T09:10:00.000Z,Hall AC,74,92.7,40,74,105,105,compressorCoolOff,Sleep,
2026-07-30T09:15:00.000Z,Hall AC,74.3,92.7,40,74,300,300,compressorCoolStage1On,Sleep,
2026-07-30T09:20:00.000Z,Hall AC,73.6,92.7,41,74,75,120,compressorCoolStage1On,Sleep,
2026-07-30T09:25:00.000Z,Hall AC,72.9,92.7,41,74,0,0,compressorCoolOff,Sleep,
2026-07-30T09:30:00.000Z,Hall AC,73,93.5,40,74,0,0,compressorCoolOff,Sleep,
2026-07-30T09:35:00.000Z,Hall AC,73.2,93.5,40,74,0,0,compressorCoolOff,Sleep,
2026-07-30T09:40:00.000Z,Hall AC,73.4,93.5,40,74,0,0,compressorCoolOff,Sleep,
2026-07-30T09:45:00.000Z,Hall AC,73.7,93.5,40,74,0,0,compressorCoolOff,Sleep,
2026-07-30T09:50:00.000Z,Hall AC,73.7,93.5,40,74,0,0,compressorCoolOff,Sleep,
2026-07-30T09:55:00.000Z,Hall AC,73.5,93.5,38,74,0,0,compressorCoolOff,Sleep,
2026-07-30T10:00:00.000Z,Hall AC,73.5,91.8,38,74,0,0,compressorCoolOff,Sleep,
2026-07-30T10:05:00.000Z,Hall AC,74.1,91.8,39,74,225,225,compressorCoolOff,Sleep,
2026-07-30T10:10:00.000Z,Hall AC,73.9,91.8,40,74,150,195,compressorCoolStage1On,Sleep,
2026-07-30T10:15:00.000Z,Hall AC,72.9,91.8,40,74,0,0,compressorCoolOff,Sleep,
2026-07-30T10:20:00.000Z,Hall AC,72.9,91.8,40,74,0,0,compressorCoolOff,Sleep,
2026-07-30T10:25:00.000Z,Hall AC,73.3,91.8,40,74,0,0,compressorCoolOff,Sleep,
2026-07-30T10:30:00.000Z,Hall AC,73.2,91.8,39,74,0,0,compressorCoolOff,Sleep,
2026-07-30T10:35:00.000Z,Hall AC,73.4,91.8,39,74,0,0,compressorCoolOff,Sleep,
2026-07-30T10:40:00.000Z,Hall AC,73.7,91.8,39,74,0,0,compressorCoolOff,Sleep,
2026-07-30T10:45:00.000Z,Hall AC,73.5,91.8,38,74,0,0,compressorCoolOff,Sleep,
2026-07-30T10:50:00.000Z,Hall AC,73.9,91.8,39,74,90,90,compressorCoolOff,Sleep,
2026-07-30T10:55:00.000Z,Hall AC,74.1,91.8,40,74,255,300,compressorCoolStage1On,Sleep,
2026-07-30T11:00:00.000Z,Hall AC,73.3,90.6,40,74,0,0,compressorCoolOff,Sleep,
2026-07-30T11:05:00.000Z,Hall AC,72.8,90.6,40,74,0,0,compressorCoolOff,Sleep,
2026-07-30T11:10:00.000Z,Hall AC,73.3,90.6,40,74,0,0,compressorCoolOff,Sleep,
2026-07-30T11:15:00.000Z,Hall AC,73.3,90.6,39,74,0,0,compressorCoolOff,Sleep,
2026-07-30T11:20:00.000Z,Hall AC,73.2,90.6,38,74,0,0,compressorCoolOff,Sleep,
2026-07-30T11:25:00.000Z,Hall AC,73.6,90.6,39,74,0,0,compressorCoolOff,Sleep,
2026-07-30T11:30:00.000Z,Hall AC,73.4,90.6,38,74,0,0,compressorCoolOff,Sleep,
2026-07-30T11:35:00.000Z,Hall AC,73.3,90.6,38,74,0,0,compressorCoolOff,Sleep,
2026-07-30T11:40:00.000Z,Hall AC,73.4,90.6,38,74,0,0,compressorCoolOff,Sleep,
2026-07-30T11:45:00.000Z,Hall AC,73.6,90.6,38,74,0,0,compressorCoolOff,Sleep,
2026-07-30T11:50:00.000Z,Hall AC,73.6,90.6,38,74,0,0,compressorCoolOff,Sleep,
2026-07-30T11:55:00.000Z,Hall AC,73.7,90.6,38,74,0,0,compressorCoolOff,Sleep,
2026-07-30T12:00:00.000Z,Hall AC,73.6,91.7,38,74,0,0,compressorCoolOff,Sleep,
2026-07-30T12:05:00.000Z,Hall AC,73.7,91.7,38,74,0,0,compressorCoolOff,Sleep,
2026-07-30T12:10:00.000Z,Hall AC,73.8,91.7,38,74,0,0,compressorCoolOff,Sleep,
2026-07-30T12:15:00.000Z,Hall AC,73.7,91.7,38,74,0,0,compressorCoolOff,Sleep,
2026-07-30T12:20:00.000Z,Hall AC,73.8,91.7,38,74,0,0,compressorCoolOff,Sleep,
2026-07-30T12:25:00.000Z,Hall AC,73.8,91.7,38,74,0,0,compressorCoolOff,Sleep,
2026-07-30T12:30:00.000Z,Hall AC,73.7,91.7,37,74,0,0,compressorCoolOff,Sleep,
2026-07-30T12:35:00.000Z,Hall AC,73.8,91.7,38,74,0,0,compressorCoolOff,Sleep,
2026-07-30T12:40:00.000Z,Hall AC,73.9,91.7,38,74,45,45,compressorCoolOff,Sleep,
2026-07-30T12:45:00.000Z,Hall AC,74.6,91.7,39,74,300,300,compressorCoolStage1On,Sleep,
2026-07-30T12:50:00.000Z,Hall AC,74.7,91.7,40,74,300,300,compressorCoolStage1On,Sleep,
2026-07-30T12:55:00.000Z,Hall AC,73.9,91.7,40,74,135,180,compressorCoolStage1On,Sleep,
2026-07-30T13:00:00.000Z,Hall AC,72.5,90.6,40,74,0,0,compressorCoolOff,Sleep,
2026-07-30T13:05:00.000Z,Hall AC,71.8,90.6,40,74,0,0,compressorCoolOff,Sleep,
2026-07-30T13:10:00.000Z,Hall AC,72.4,90.6,40,74,0,0,compressorCoolOff,Sleep,
2026-07-30T13:15:00.000Z,Hall AC,72.9,90.6,40,74,0,0,compressorCoolOff,Sleep,
2026-07-30T13:20:00.000Z,Hall AC,72.7,90.6,40,74,0,0,compressorCoolOff,Sleep,
2026-07-30T13:25:00.000Z,Hall AC,72.9,90.6,40,74,0,0,compressorCoolOff,Sleep,
2026-07-30T13:30:00.000Z,Hall AC,73.4,92.8,40,74,0,0,compressorCoolOff,Sleep,
2026-07-30T13:35:00.000Z,Hall AC,73.6,92.8,40,74,0,0,compressorCoolOff,Sleep,
2026-07-30T13:40:00.000Z,Hall AC,73.9,92.8,40,74,75,75,compressorCoolOff,Sleep,
2026-07-30T13:45:00.000Z,Hall AC,74.5,92.8,41,74,300,300,compressorCoolStage1On,Sleep,
2026-07-30T13:50:00.000Z,Hall AC,74.4,92.8,41,74,300,300,compressorCoolStage1On,Sleep,
2026-07-30T13:55:00.000Z,Hall AC,74,92.8,41,74,195,240,compressorCoolStage1On,Sleep,
2026-07-30T14:00:00.000Z,Hall AC,73.2,93.9,41,74,0,0,compressorCoolOff,Sleep,
2026-07-30T14:05:00.000Z,Hall AC,73.2,93.9,42,74,0,0,compressorCoolOff,Sleep,
2026-07-30T14:10:00.000Z,Hall AC,73.9,93.9,43,74,45,45,compressorCoolOff,Sleep,
2026-07-30T14:15:00.000Z,Hall AC,74.1,93.9,41,74,300,300,compressorCoolStage1On,Sleep,
2026-07-30T14:20:00.000Z,Hall AC,74.1,93.9,41,74,300,300,compressorCoolStage1On,Sleep,
2026-07-30T14:25:00.000Z,Hall AC,73.7,93.9,41,74.6,60,105,compressorCoolStage1On,Sleep,
2026-07-30T14:30:00.000Z,Hall AC,73.3,93.9,41,76,0,0,compressorCoolOff,WFH,
2026-07-30T14:35:00.000Z,Hall AC,73.7,93.9,43,76,0,0,compressorCoolOff,WFH,
2026-07-30T14:40:00.000Z,Hall AC,73.9,93.9,42,76,0,0,compressorCoolOff,WFH,
2026-07-30T14:45:00.000Z,Hall AC,74,93.9,42,76,0,0,compressorCoolOff,WFH,
2026-07-30T14:50:00.000Z,Hall AC,74.3,93.9,42,76,0,0,compressorCoolOff,WFH,
2026-07-30T14:55:00.000Z,Hall AC,74.6,93.9,41,76,0,0,compressorCoolOff,WFH,
2026-07-30T15:00:00.000Z,Hall AC,74.6,96.1,41,76,0,0,compressorCoolOff,WFH,
2026-07-30T15:05:00.000Z,Hall AC,74.8,96.1,41,76,0,0,compressorCoolOff,WFH,
2026-07-30T15:10:00.000Z,Hall AC,74.9,96.1,41,76,0,0,compressorCoolOff,WFH,
2026-07-30T15:15:00.000Z,Hall AC,75.1,96.1,41,76,0,0,compressorCoolOff,WFH,
2026-07-30T15:20:00.000Z,Hall AC,75.3,96.1,41,76,0,0,compressorCoolOff,WFH,
2026-07-30T15:25:00.000Z,Hall AC,75.4,96.1,41,76,0,0,compressorCoolOff,WFH,
2026-07-30T15:30:00.000Z,Hall AC,75.4,96.1,41,76,0,0,compressorCoolOff,WFH,
2026-07-30T15:35:00.000Z,Hall AC,75.6,96.1,41,76,0,0,compressorCoolOff,WFH,
2026-07-30T15:40:00.000Z,Hall AC,75.8,96.1,41,76,0,0,compressorCoolOff,WFH,
2026-07-30T15:45:00.000Z,Hall AC,76.1,96.1,41,76,180,180,compressorCoolOff,WFH,
2026-07-30T15:50:00.000Z,Hall AC,76.2,96.1,41,76,300,300,compressorCoolStage1On,WFH,
2026-07-30T15:55:00.000Z,Hall AC,75.8,96.1,41,76,75,120,compressorCoolStage1On,WFH,
2026-07-30T16:00:00.000Z,Hall AC,75.5,98,42,76,0,0,compressorCoolOff,WFH,
2026-07-30T16:05:00.000Z,Hall AC,75.5,98,42,76,0,0,compressorCoolOff,WFH,
2026-07-30T16:10:00.000Z,Hall AC,75.7,98,42,76,0,0,compressorCoolOff,WFH,
2026-07-30T16:15:00.000Z,Hall AC,75.9,98,42,76,0,0,compressorCoolOff,WFH,
2026-07-30T16:20:00.000Z,Hall AC,76.2,98,41,76,300,300,compressorCoolStage1On,WFH,
2026-07-30T16:25:00.000Z,Hall AC,76.2,98,41,76,300,300,compressorCoolStage1On,WFH,
2026-07-30T16:30:00.000Z,Hall AC,76,98,41,76,150,195,compressorCoolStage1On,WFH,
2026-07-30T16:35:00.000Z,Hall AC,75.2,98,41,76,0,0,compressorCoolOff,WFH,
2026-07-30T16:40:00.000Z,Hall AC,75.3,98,42,76,0,0,compressorCoolOff,WFH,
2026-07-30T16:45:00.000Z,Hall AC,75.6,98,42,76,0,0,compressorCoolOff,WFH,
2026-07-30T16:50:00.000Z,Hall AC,75.9,98,42,76,90,90,compressorCoolOff,WFH,
2026-07-30T16:55:00.000Z,Hall AC,76.4,98,41,76,300,300,compressorCoolStage1On,WFH,
2026-07-30T17:00:00.000Z,Hall AC,76.3,100.1,41,76,300,300,compressorCoolStage1On,WFH,
2026-07-30T17:05:00.000Z,Hall AC,75.9,100.1,41,76,120,165,compressorCoolStage1On,WFH,
2026-07-30T17:10:00.000Z,Hall AC,75.7,100.1,42,76,0,0,compressorCoolOff,WFH,
2026-07-30T17:15:00.000Z,Hall AC,75.7,100.1,42,76,0,0,compressorCoolOff,WFH,
2026-07-30T17:35:00.000Z,Hall AC,76.1,101.1,41,76,180,225,compressorCoolStage1On,WFH,
2026-07-30T17:40:00.000Z,Hall AC,75.7,101.1,41,76,0,0,compressorCoolOff,WFH,
2026-07-30T17:45:00.000Z,Hall AC,76,101.1,43,76,105,105,compressorCoolOff,WFH,
2026-07-30T17:50:00.000Z,Hall AC,76.2,101.1,41,76,300,300,compressorCoolStage1On,WFH,
2026-07-30T17:55:00.000Z,Hall AC,76,101.1,41,76,165,210,compressorCoolStage1On,WFH,
2026-07-30T18:00:00.000Z,Hall AC,75.6,102.4,42,76,0,0,compressorCoolOff,WFH,
2026-07-30T18:05:00.000Z,Hall AC,75.9,102.4,43,76,135,135,compressorCoolOff,WFH,
2026-07-30T18:10:00.000Z,Hall AC,76.2,102.4,41,76,300,300,compressorCoolStage1On,WFH,
2026-07-30T18:15:00.000Z,Hall AC,75.8,102.4,41,76,30,75,compressorCoolStage1On,WFH,
2026-07-30T18:20:00.000Z,Hall AC,75.9,102.4,43,76,105,105,compressorCoolOff,WFH,
2026-07-30T18:25:00.000Z,Hall AC,76.1,102.4,42,76,300,300,compressorCoolStage1On,WFH,
2026-07-30T18:30:00.000Z,Hall AC,75.9,102.4,42,76,30,75,compressorCoolStage1On,WFH,
2026-07-30T18:35:00.000Z,Hall AC,75.9,102.4,43,76,270,270,compressorCoolOff,WFH,
2026-07-30T18:40:00.000Z,Hall AC,75.9,102.4,42,76,120,165,compressorCoolStage1On,WFH,
2026-07-30T18:45:00.000Z,Hall AC,75.8,102.4,43,76,0,0,compressorCoolOff,WFH,
2026-07-30T18:50:00.000Z,Hall AC,76.1,102.4,43,76,285,285,compressorCoolOff,WFH,
2026-07-30T18:55:00.000Z,Hall AC,75.9,102.4,42,76,30,75,compressorCoolStage1On,WFH,
2026-07-30T19:00:00.000Z,Hall AC,75.8,105.2,43,76,30,30,compressorCoolOff,WFH,
2026-07-30T19:05:00.000Z,Hall AC,76.3,105.2,43,76,300,300,compressorCoolStage1On,WFH,
2026-07-30T19:10:00.000Z,Hall AC,76.3,105.2,41,76,270,300,compressorCoolStage1On,WFH,
2026-07-30T19:15:00.000Z,Hall AC,75.9,105.2,43,76,0,15,compressorCoolOff,WFH,
2026-07-30T19:20:00.000Z,Hall AC,75.8,105.2,45,76,30,30,compressorCoolOff,WFH,
2026-07-30T19:25:00.000Z,Hall AC,76.5,105.2,44,76,300,300,compressorCoolStage1On,WFH,
2026-07-30T19:30:00.000Z,Hall AC,76.5,105.2,43,76,300,300,compressorCoolStage1On,WFH,
2026-07-30T19:35:00.000Z,Hall AC,76,105.2,43,76,120,165,compressorCoolStage1On,WFH,
2026-07-30T19:40:00.000Z,Hall AC,75.8,105.2,44,76,0,0,compressorCoolOff,WFH,
2026-07-30T19:45:00.000Z,Hall AC,76.3,105.2,43,76,255,255,compressorCoolOff,WFH,
2026-07-30T19:50:00.000Z,Hall AC,76.4,105.2,41,76,300,300,compressorCoolStage1On,WFH,
2026-07-30T19:55:00.000Z,Hall AC,76.2,105.2,41,76,225,270,compressorCoolStage1On,WFH,
2026-07-30T20:00:00.000Z,Hall AC,75.4,106.9,43,76,0,0,compressorCoolOff,WFH,
2026-07-30T20:05:00.000Z,Hall AC,75.2,106.9,45,76,0,0,compressorCoolOff,WFH,
2026-07-30T20:10:00.000Z,Hall AC,75.9,106.9,44,76,135,135,compressorCoolOff,WFH,
2026-07-30T20:15:00.000Z,Hall AC,76.5,106.9,43,76,300,300,compressorCoolStage1On,WFH,
2026-07-30T20:20:00.000Z,Hall AC,76.5,106.9,43,76,300,300,compressorCoolStage1On,WFH,
2026-07-30T20:25:00.000Z,Hall AC,76.1,106.9,43,76,180,225,compressorCoolStage1On,WFH,
2026-07-30T20:30:00.000Z,Hall AC,75.3,107.6,45,76,0,0,compressorCoolOff,WFH,
2026-07-30T20:35:00.000Z,Hall AC,75.4,107.6,45,73.8,270,270,compressorCoolOff,WFH,
2026-07-30T20:40:00.000Z,Hall AC,76,107.6,43,73,300,300,compressorCoolStage1On,WFH,auto
2026-07-30T20:45:00.000Z,Hall AC,75.9,107.6,43,73,300,300,compressorCoolStage1On,WFH,auto
2026-07-30T20:50:00.000Z,Hall AC,75.6,107.6,43,73,300,300,compressorCoolStage1On,WFH,auto
2026-07-30T20:55:00.000Z,Hall AC,75.3,107.6,44,73.3,300,300,compressorCoolStage1On,WFH,auto
2026-07-30T21:00:00.000Z,Hall AC,74.9,107.8,44,74,300,300,compressorCoolStage1On,Cooldown,
2026-07-30T21:05:00.000Z,Hall AC,74.7,107.8,43,74,300,300,compressorCoolStage1On,Cooldown,
2026-07-30T21:10:00.000Z,Hall AC,74.3,107.8,43,74,300,300,compressorCoolStage1On,Cooldown,
2026-07-30T21:15:00.000Z,Hall AC,74.1,107.8,43,74,300,300,compressorCoolStage1On,Cooldown,
2026-07-30T21:20:00.000Z,Hall AC,74,107.8,43,74,120,165,compressorCoolStage1On,Cooldown,
2026-07-30T21:25:00.000Z,Hall AC,73.8,107.8,43,74,0,0,compressorCoolOff,Cooldown,
2026-07-30T21:30:00.000Z,Hall AC,73.8,107.8,45,74,0,0,compressorCoolOff,Cooldown,
2026-07-30T21:35:00.000Z,Hall AC,74.6,107.8,45,74,255,255,compressorCoolOff,Cooldown,
2026-07-30T21:40:00.000Z,Hall AC,75.5,107.8,43,74,300,300,compressorCoolStage1On,Cooldown,
2026-07-30T21:45:00.000Z,Hall AC,75.3,107.8,43,74,300,300,compressorCoolStage1On,Cooldown,
2026-07-30T21:50:00.000Z,Hall AC,75,107.8,43,74,300,300,compressorCoolStage1On,Cooldown,
2026-07-30T21:55:00.000Z,Hall AC,74.7,107.8,43,74,300,300,compressorCoolStage1On,Cooldown,
2026-07-30T22:00:00.000Z,Hall AC,74.3,108.6,44,74,300,300,compressorCoolStage1On,Cooldown,
2026-07-30T22:05:00.000Z,Hall AC,74.4,108.6,43,74,300,300,compressorCoolStage1On,Cooldown,
2026-07-30T22:10:00.000Z,Hall AC,74.4,108.6,43,74,300,300,compressorCoolStage1On,Cooldown,
2026-07-30T22:15:00.000Z,Hall AC,74.3,108.6,43,74,300,300,compressorCoolStage1On,Cooldown,
2026-07-30T22:20:00.000Z,Hall AC,74.1,108.6,43,74,300,300,compressorCoolStage1On,Cooldown,
2026-07-30T22:25:00.000Z,Hall AC,74,108.6,43,74,105,150,compressorCoolStage1On,Cooldown,
2026-07-30T22:30:00.000Z,Hall AC,73.6,108.6,43,74,0,0,compressorCoolOff,Cooldown,
2026-07-30T22:35:00.000Z,Hall AC,73.9,108.6,44,74,0,0,compressorCoolOff,Cooldown,
2026-07-30T22:40:00.000Z,Hall AC,74.6,108.6,43,74,225,225,compressorCoolOff,Cooldown,
2026-07-30T22:45:00.000Z,Hall AC,75.2,108.6,43,74,300,300,compressorCoolStage1On,Cooldown,
2026-07-30T22:50:00.000Z,Hall AC,75.5,108.6,43,74,300,300,compressorCoolStage1On,Cooldown,
2026-07-30T22:55:00.000Z,Hall AC,75.1,108.6,43,74.3,255,300,compressorCoolStage1On,Cooldown,
2026-07-30T23:00:00.000Z,Hall AC,74.7,108.6,44,75,0,0,compressorCoolOff,Home,
2026-07-30T23:05:00.000Z,Hall AC,74.5,108.6,45,75,0,0,compressorCoolOff,Home,
2026-07-30T23:10:00.000Z,Hall AC,74.8,108.6,45,75,0,0,compressorCoolOff,Home,
2026-07-30T23:15:00.000Z,Hall AC,75.4,108.6,44,75,135,135,compressorCoolOff,Home,
2026-07-30T23:20:00.000Z,Hall AC,76.1,108.6,43,75,300,300,compressorCoolStage1On,Home,
2026-07-30T23:25:00.000Z,Hall AC,76.3,108.6,44,75,300,300,compressorCoolStage1On,Home,
2026-07-30T23:30:00.000Z,Hall AC,75.8,108.6,44,75,300,300,compressorCoolStage1On,Home,
2026-07-30T23:35:00.000Z,Hall AC,75.3,108.6,43,75,225,270,compressorCoolStage1On,Home,
2026-07-30T23:40:00.000Z,Hall AC,74.7,108.6,43,75,0,0,compressorCoolOff,Home,
2026-07-30T23:45:00.000Z,Hall AC,74.4,108.6,45,75,0,0,compressorCoolOff,Home,
2026-07-30T23:50:00.000Z,Hall AC,74.9,108.6,45,75,0,0,compressorCoolOff,Home,
2026-07-30T23:55:00.000Z,Hall AC,75.4,108.6,44,75,105,105,compressorCoolOff,Home,
2026-07-31T00:00:00.000Z,Hall AC,76.2,108.7,44,75,300,300,compressorCoolStage1On,Home,
2026-07-31T00:05:00.000Z,Hall AC,76.3,108.7,44,75,300,300,compressorCoolStage1On,Home,
2026-07-31T00:10:00.000Z,Hall AC,75.9,108.7,44,75,300,300,compressorCoolStage1On,Home,
2026-07-31T00:15:00.000Z,Hall AC,75.6,108.7,43,75,300,300,compressorCoolStage1On,Home,
2026-07-31T00:20:00.000Z,Hall AC,75.2,108.7,43,75,300,300,compressorCoolStage1On,Home,
2026-07-31T00:25:00.000Z,Hall AC,75.2,108.7,43,75,210,255,compressorCoolStage1On,Home,
2026-07-31T00:30:00.000Z,Hall AC,74.8,108.1,43,75,0,0,compressorCoolOff,Home,
2026-07-31T00:35:00.000Z,Hall AC,74.7,108.1,44,75,0,0,compressorCoolOff,Home,
2026-07-31T00:40:00.000Z,Hall AC,75.1,108.1,44,75,0,0,compressorCoolOff,Home,
2026-07-31T00:45:00.000Z,Hall AC,75.7,108.1,43,75,255,255,compressorCoolOff,Home,
2026-07-31T00:50:00.000Z,Hall AC,76.1,108.1,43,75,300,300,compressorCoolStage1On,Home,
2026-07-31T00:55:00.000Z,Hall AC,75.9,108.1,43,75,300,300,compressorCoolStage1On,Home,
2026-07-31T01:00:00.000Z,Hall AC,75.5,107.3,43,75,300,300,compressorCoolStage1On,Home,
2026-07-31T01:05:00.000Z,Hall AC,75.1,107.3,43,75,135,180,compressorCoolStage1On,Home,
2026-07-31T01:10:00.000Z,Hall AC,74.8,107.3,43,75,0,0,compressorCoolOff,Home,
2026-07-31T01:15:00.000Z,Hall AC,74.8,107.3,44,75,0,0,compressorCoolOff,Home,
2026-07-31T01:20:00.000Z,Hall AC,75.4,107.3,44,75,150,150,compressorCoolOff,Home,
2026-07-31T01:25:00.000Z,Hall AC,76.1,107.3,43,75,300,300,compressorCoolStage1On,Home,
2026-07-31T01:30:00.000Z,Hall AC,76.1,107.2,43,75,300,300,compressorCoolStage1On,Home,
2026-07-31T01:35:00.000Z,Hall AC,75.8,107.2,43,75,300,300,compressorCoolStage1On,Home,
2026-07-31T01:40:00.000Z,Hall AC,75.4,107.2,43,75,300,300,compressorCoolStage1On,Home,
2026-07-31T01:45:00.000Z,Hall AC,75.1,107.2,42,75,150,195,compressorCoolStage1On,Home,
2026-07-31T01:50:00.000Z,Hall AC,74.6,107.2,43,75,0,0,compressorCoolOff,Home,
2026-07-31T01:55:00.000Z,Hall AC,74.6,107.2,44,75,0,0,compressorCoolOff,Home,
2026-07-31T02:00:00.000Z,Hall AC,75.2,106,43,75,45,45,compressorCoolOff,Home,
2026-07-31T02:05:00.000Z,Hall AC,76,106,42,75,300,300,compressorCoolStage1On,Home,
2026-07-31T02:10:00.000Z,Hall AC,75.9,106,42,75,300,300,compressorCoolStage1On,Home,
2026-07-31T02:15:00.000Z,Hall AC,75.5,106,42,75,300,300,compressorCoolStage1On,Home,
2026-07-31T02:20:00.000Z,Hall AC,74.9,106,42,75,75,120,compressorCoolStage1On,Home,
2026-07-31T02:25:00.000Z,Hall AC,74.5,106,44,75,0,0,compressorCoolOff,Home,
2026-07-31T02:30:00.000Z,Hall AC,74.7,106,44,75,0,0,compressorCoolOff,Home,
2026-07-31T02:35:00.000Z,Hall AC,75.4,106,43,75,150,150,compressorCoolOff,Home,
2026-07-31T02:40:00.000Z,Hall AC,75.8,106,42,75,300,300,compressorCoolStage1On,Home,
2026-07-31T02:45:00.000Z,Hall AC,75.4,106,41,75,270,300,compressorCoolStage1On,Home,
2026-07-31T02:50:00.000Z,Hall AC,74.7,106,42,75,0,15,compressorCoolOff,Home,
2026-07-31T02:55:00.000Z,Hall AC,74.2,106,45,75,0,0,compressorCoolOff,Home,
2026-07-31T03:00:00.000Z,Hall AC,74.6,104,45,75,0,0,compressorCoolOff,Home,
2026-07-31T03:05:00.000Z,Hall AC,75.6,104,43,75,240,240,compressorCoolOff,Home,
2026-07-31T03:10:00.000Z,Hall AC,75.6,104,41,75,300,300,compressorCoolStage1On,Home,
2026-07-31T03:15:00.000Z,Hall AC,75.1,104,42,75,180,225,compressorCoolStage1On,Home,
2026-07-31T03:20:00.000Z,Hall AC,74.3,104,43,75,0,0,compressorCoolOff,Home,
2026-07-31T03:25:00.000Z,Hall AC,74.2,104,45,75,0,0,compressorCoolOff,Home,
2026-07-31T03:30:00.000Z,Hall AC,75.1,104,44,75,0,0,compressorCoolOff,Home,
2026-07-31T03:35:00.000Z,Hall AC,75.1,104,42,75,0,0,compressorCoolOff,Home,
2026-07-31T03:40:00.000Z,Hall AC,75.2,104,41,75,45,45,compressorCoolOff,Home,
2026-07-31T03:45:00.000Z,Hall AC,75.5,104,40,75,300,300,compressorCoolStage1On,Home,
2026-07-31T03:50:00.000Z,Hall AC,75.3,104,40,75,285,300,compressorCoolStage1On,Home,
2026-07-31T03:55:00.000Z,Hall AC,74.5,104,40,75,0,30,compressorCoolOff,Home,
2026-07-31T04:00:00.000Z,Hall AC,74.2,101.6,41,75,0,0,compressorCoolOff,Home,
2026-07-31T04:05:00.000Z,Hall AC,74.5,101.6,41,75,0,0,compressorCoolOff,Home,
2026-07-31T04:10:00.000Z,Hall AC,74.7,101.6,40,75,0,0,compressorCoolOff,Home,
2026-07-31T04:15:00.000Z,Hall AC,75.1,101.6,40,75,285,285,compressorCoolOff,Home,
2026-07-31T04:20:00.000Z,Hall AC,75.1,101.6,40,75,300,300,compressorCoolStage1On,Home,
2026-07-31T04:25:00.000Z,Hall AC,74.6,101.6,40,74.7,300,300,compressorCoolStage1On,Home,(SmartRecovery)
2026-07-31T04:30:00.000Z,Hall AC,74.2,102.8,40,74,255,300,compressorCoolStage1On,Sleep,
2026-07-31T04:35:00.000Z,Hall AC,73.5,102.8,40,74,0,0,compressorCoolOff,Sleep,
2026-07-31T04:40:00.000Z,Hall AC,73.1,102.8,42,74,0,0,compressorCoolOff,Sleep,
2026-07-31T04:45:00.000Z,Hall AC,73.4,102.8,41,74,0,0,compressorCoolOff,Sleep,
2026-07-31T04:50:00.000Z,Hall AC,74,102.8,41,74,0,0,compressorCoolOff,Sleep,
2026-07-31T04:55:00.000Z,Hall AC,74.3,102.8,40,74,30,30,compressorCoolOff,Sleep,
2026-07-31T05:00:00.000Z,Hall AC,74.7,100.8,40,74,300,300,compressorCoolStage1On,Sleep,
2026-07-31T05:05:00.000Z,Hall AC,74.5,100.8,40,74,300,300,compressorCoolStage1On,Sleep,
2026-07-31T05:10:00.000Z,Hall AC,73.8,100.8,40,74,90,135,compressorCoolStage1On,Sleep,
2026-07-31T05:15:00.000Z,Hall AC,73.4,100.8,40,74,0,0,compressorCoolOff,Sleep,
2026-07-31T05:20:00.000Z,Hall AC,73.7,100.8,40,74,0,0,compressorCoolOff,Sleep,
2026-07-31T05:25:00.000Z,Hall AC,74.2,100.8,40,74,0,0,compressorCoolOff,Sleep,
2026-07-31T05:30:00.000Z,Hall AC,74.7,100.7,40,74,300,300,compressorCoolStage1On,Sleep,
2026-07-31T05:35:00.000Z,Hall AC,74.4,100.7,40,74,300,300,compressorCoolStage1On,Sleep,
2026-07-31T05:40:00.000Z,Hall AC,73.6,100.7,40,74,0,45,compressorCoolOff,Sleep,
2026-07-31T05:45:00.000Z,Hall AC,73.6,100.7,40,74,0,0,compressorCoolOff,Sleep,
2026-07-31T05:50:00.000Z,Hall AC,73.9,100.7,40,74,0,0,compressorCoolOff,Sleep,
2026-07-31T05:55:00.000Z,Hall AC,74.3,100.7,40,74,0,0,compressorCoolOff,Sleep,
2026-07-31T06:00:00.000Z,Hall AC,74.6,99.2,40,74,255,255,compressorCoolOff,Sleep,
2026-07-31T06:05:00.000Z,Hall AC,74.5,99.2,40,74,300,300,compressorCoolStage1On,Sleep,
2026-07-31T06:10:00.000Z,Hall AC,73.7,99.2,40,74,75,120,compressorCoolStage1On,Sleep,
2026-07-31T06:15:00.000Z,Hall AC,73.3,99.2,40,74,0,0,compressorCoolOff,Sleep,
2026-07-31T06:20:00.000Z,Hall AC,73.6,99.2,40,74,0,0,compressorCoolOff,Sleep,
2026-07-31T06:25:00.000Z,Hall AC,74,99.2,40,74,135,135,compressorCoolOff,Sleep,
2026-07-31T06:30:00.000Z,Hall AC,74.3,98.9,40,74,300,300,compressorCoolStage1On,Sleep,
2026-07-31T06:35:00.000Z,Hall AC,73.6,98.9,40,74,15,60,compressorCoolStage1On,Sleep,
2026-07-31T06:40:00.000Z,Hall AC,73.3,98.9,40,74,0,0,compressorCoolOff,Sleep,
2026-07-31T06:45:00.000Z,Hall AC,73.6,98.9,40,74,0,0,compressorCoolOff,Sleep,
2026-07-31T06:50:00.000Z,Hall AC,74.1,98.9,40,74,210,210,compressorCoolOff,Sleep,
2026-07-31T06:55:00.000Z,Hall AC,74.2,98.9,40,74,240,285,compressorCoolStage1On,Sleep,
2026-07-31T07:00:00.000Z,Hall AC,73.3,97.5,40,74,0,0,compressorCoolOff,Sleep,
2026-07-31T07:05:00.000Z,Hall AC,73.3,97.5,40,74,0,0,compressorCoolOff,Sleep,
2026-07-31T07:10:00.000Z,Hall AC,73.6,97.5,40,74,0,0,compressorCoolOff,Sleep,
2026-07-31T07:15:00.000Z,Hall AC,74,97.5,40,74,165,165,compressorCoolOff,Sleep,
2026-07-31T07:20:00.000Z,Hall AC,74.2,97.5,40,74,240,285,compressorCoolStage1On,Sleep,
2026-07-31T07:25:00.000Z,Hall AC,73.5,97.5,40,74,0,0,compressorCoolOff,Sleep,
2026-07-31T07:30:00.000Z,Hall AC,73.4,97.5,40,74,0,0,compressorCoolOff,Sleep,
2026-07-31T07:35:00.000Z,Hall AC,73.7,97.5,40,74,0,0,compressorCoolOff,Sleep,
2026-07-31T07:40:00.000Z,Hall AC,74.1,97.5,40,74,195,195,compressorCoolOff,Sleep,
2026-07-31T07:45:00.000Z,Hall AC,74.2,97.5,40,74,300,300,compressorCoolStage1On,Sleep,
2026-07-31T07:50:00.000Z,Hall AC,73.7,97.5,40,74,60,105,compressorCoolStage1On,Sleep,
2026-07-31T07:55:00.000Z,Hall AC,73.2,97.5,40,74,0,0,compressorCoolOff,Sleep,
2026-07-31T08:00:00.000Z,Hall AC,73.3,96.2,40,74,0,0,compressorCoolOff,Sleep,
2026-07-31T08:05:00.000Z,Hall AC,73.6,96.2,40,74,0,0,compressorCoolOff,Sleep,
2026-07-31T08:10:00.000Z,Hall AC,74.1,96.2,40,74,210,210,compressorCoolOff,Sleep,
2026-07-31T08:15:00.000Z,Hall AC,74,96.2,40,74,165,210,compressorCoolStage1On,Sleep,
2026-07-31T08:20:00.000Z,Hall AC,73.1,96.2,40,74,0,0,compressorCoolOff,Sleep,
2026-07-31T08:25:00.000Z,Hall AC,73.2,96.2,40,74,0,0,compressorCoolOff,Sleep,
2026-07-31T08:30:00.000Z,Hall AC,73.6,96.2,40,74,0,0,compressorCoolOff,Sleep,
2026-07-31T08:35:00.000Z,Hall AC,74,96.2,40,74,135,135,compressorCoolOff,Sleep,
2026-07-31T08:40:00.000Z,Hall AC,74.1,96.2,40,74,225,270,compressorCoolStage1On,Sleep,
2026-07-31T08:45:00.000Z,Hall AC,73.5,96.2,40,74,0,0,compressorCoolOff,Sleep,
2026-07-31T08:50:00.000Z,Hall AC,73.4,96.2,40,74,0,0,compressorCoolOff,Sleep,
2026-07-31T08:55:00.000Z,Hall AC,73.7,96.2,40,74,0,0,compressorCoolOff,Sleep,
2026-07-31T09:00:00.000Z,Hall AC,73.9,94.8,40,74,0,0,compressorCoolOff,Sleep,
2026-07-31T09:05:00.000Z,Hall AC,74.2,94.8,39,74,300,300,compressorCoolStage1On,Sleep,
2026-07-31T09:10:00.000Z,Hall AC,74,94.8,40,74,165,210,compressorCoolStage1On,Sleep,
2026-07-31T09:15:00.000Z,Hall AC,73.1,94.8,40,74,0,0,compressorCoolOff,Sleep,
2026-07-31T09:20:00.000Z,Hall AC,73,94.8,40,74,0,0,compressorCoolOff,Sleep,
2026-07-31T09:25:00.000Z,Hall AC,73.4,94.8,40,74,0,0,compressorCoolOff,Sleep,
2026-07-31T09:30:00.000Z,Hall AC,73.7,94.8,40,74,0,0,compressorCoolOff,Sleep,
2026-07-31T09:35:00.000Z,Hall AC,73.9,94.8,39,74,0,0,compressorCoolOff,Sleep,
2026-07-31T09:40:00.000Z,Hall AC,73.8,94.8,38,74,0,0,compressorCoolOff,Sleep,
2026-07-31T09:45:00.000Z,Hall AC,74.2,94.8,39,74,300,300,compressorCoolStage1On,Sleep,
2026-07-31T09:50:00.000Z,Hall AC,73.8,94.8,39,74,105,150,compressorCoolStage1On,Sleep,
2026-07-31T09:55:00.000Z,Hall AC,73,94.8,40,74,0,0,compressorCoolOff,Sleep,
2026-07-31T10:00:00.000Z,Hall AC,73.3,93.7,40,74,0,0,compressorCoolOff,Sleep,
2026-07-31T10:05:00.000Z,Hall AC,73.5,93.7,40,74,0,0,compressorCoolOff,Sleep,
2026-07-31T10:10:00.000Z,Hall AC,73.8,93.7,40,74,0,0,compressorCoolOff,Sleep,
2026-07-31T10:15:00.000Z,Hall AC,74.1,93.7,39,74,255,255,compressorCoolOff,Sleep,
2026-07-31T10:20:00.000Z,Hall AC,73.7,93.7,39,74,45,90,compressorCoolStage1On,Sleep,
2026-07-31T10:25:00.000Z,Hall AC,73.4,93.7,40,74,0,0,compressorCoolOff,Sleep,
2026-07-31T10:30:00.000Z,Hall AC,73.6,93.7,40,74,0,0,compressorCoolOff,Sleep,
2026-07-31T10:35:00.000Z,Hall AC,73.7,93.7,40,74,0,0,compressorCoolOff,Sleep,
2026-07-31T10:40:00.000Z,Hall AC,74,93.7,40,74,150,150,compressorCoolOff,Sleep,
2026-07-31T10:45:00.000Z,Hall AC,74.1,93.7,40,74,225,270,compressorCoolStage1On,Sleep,
2026-07-31T10:50:00.000Z,Hall AC,73.1,93.7,40,74,0,0,compressorCoolOff,Sleep,
2026-07-31T10:55:00.000Z,Hall AC,72.9,93.7,40,74,0,0,compressorCoolOff,Sleep,
2026-07-31T11:00:00.000Z,Hall AC,73.3,92.7,40,74,0,0,compressorCoolOff,Sleep,
2026-07-31T11:05:00.000Z,Hall AC,73.6,92.7,40,74,0,0,compressorCoolOff,Sleep,
2026-07-31T11:10:00.000Z,Hall AC,73.7,92.7,39,74,0,0,compressorCoolOff,Sleep,
2026-07-31T11:15:00.000Z,Hall AC,73.8,92.7,39,74,60,60,compressorCoolOff,Sleep,
2026-07-31T11:20:00.000Z,Hall AC,74.3,92.7,40,74,300,300,compressorCoolStage1On,Sleep,
2026-07-31T11:25:00.000Z,Hall AC,73.4,92.7,39,74,45,90,compressorCoolStage1On,Sleep,
2026-07-31T11:30:00.000Z,Hall AC,72.8,91.4,40,74,0,0,compressorCoolOff,Sleep,
2026-07-31T11:35:00.000Z,Hall AC,73.2,91.4,40,74,0,0,compressorCoolOff,Sleep,
2026-07-31T11:40:00.000Z,Hall AC,73.4,91.4,39,74,0,0,compressorCoolOff,Sleep,
2026-07-31T11:45:00.000Z,Hall AC,73.7,91.4,40,74,0,0,compressorCoolOff,Sleep,
2026-07-31T11:50:00.000Z,Hall AC,73.7,91.4,38,74,0,0,compressorCoolOff,Sleep,
2026-07-31T11:55:00.000Z,Hall AC,73.7,91.4,38,74,0,0,compressorCoolOff,Sleep,
2026-07-31T12:00:00.000Z,Hall AC,73.9,90.7,38,74,0,0,compressorCoolOff,Sleep,
2026-07-31T12:05:00.000Z,Hall AC,73.9,90.7,38,74,0,0,compressorCoolOff,Sleep,
2026-07-31T12:10:00.000Z,Hall AC,73.9,90.7,38,74,15,15,compressorCoolOff,Sleep,
2026-07-31T12:15:00.000Z,Hall AC,74.2,90.7,38,74,300,300,compressorCoolStage1On,Sleep,
2026-07-31T12:20:00.000Z,Hall AC,73.6,90.7,38,74,60,105,compressorCoolStage1On,Sleep,
2026-07-31T12:25:00.000Z,Hall AC,73,90.7,38,74,0,0,compressorCoolOff,Sleep,
2026-07-31T12:30:00.000Z,Hall AC,73.3,91.2,39,74,0,0,compressorCoolOff,Sleep,
2026-07-31T12:35:00.000Z,Hall AC,73.2,91.2,38,74,0,0,compressorCoolOff,Sleep,
2026-07-31T12:40:00.000Z,Hall AC,73.4,91.2,38,74,0,0,compressorCoolOff,Sleep,
2026-07-31T12:45:00.000Z,Hall AC,73.6,91.2,38,74,0,0,compressorCoolOff,Sleep,
2026-07-31T12:50:00.000Z,Hall AC,73.9,91.2,38,74,105,105,compressorCoolOff,Sleep,
2026-07-31T12:55:00.000Z,Hall AC,74.4,91.2,38,74,300,300,compressorCoolStage1On,Sleep,
2026-07-31T13:00:00.000Z,Hall AC,73.2,90.3,39,74,0,45,compressorCoolOff,Sleep,
2026-07-31T13:05:00.000Z,Hall AC,72.7,90.3,39,74,0,0,compressorCoolOff,Sleep,
2026-07-31T13:10:00.000Z,Hall AC,72.7,90.3,39,74,0,0,compressorCoolOff,Sleep,
2026-07-31T13:15:00.000Z,Hall AC,73,90.3,39,74,0,0,compressorCoolOff,Sleep,
2026-07-31T13:20:00.000Z,Hall AC,73.4,90.3,39,74,0,0,compressorCoolOff,Sleep,
2026-07-31T13:25:00.000Z,Hall AC,73.6,90.3,39,74,0,0,compressorCoolOff,Sleep,
2026-07-31T13:30:00.000Z,Hall AC,73.7,90.3,39,74,0,0,compressorCoolOff,Sleep,
2026-07-31T13:35:00.000Z,Hall AC,73.7,90.3,39,74,0,0,compressorCoolOff,Sleep,
2026-07-31T13:40:00.000Z,Hall AC,73.8,90.3,39,74,0,0,compressorCoolOff,Sleep,
2026-07-31T13:45:00.000Z,Hall AC,73.7,90.3,38,74,0,0,compressorCoolOff,Sleep,
2026-07-31T13:50:00.000Z,Hall AC,73.8,90.3,38,74,0,0,compressorCoolOff,Sleep,
2026-07-31T13:55:00.000Z,Hall AC,73.9,90.3,38,74,60,60,compressorCoolOff,Sleep,
2026-07-31T14:00:00.000Z,Hall AC,73.8,92.9,39,74,240,285,compressorCoolStage1On,Sleep,
2026-07-31T14:05:00.000Z,Hall AC,73.1,92.9,39,74,0,0,compressorCoolOff,Sleep,
2026-07-31T14:10:00.000Z,Hall AC,73.4,92.9,39,74,0,0,compressorCoolOff,Sleep,
2026-07-31T14:15:00.000Z,Hall AC,73.8,92.9,39,74,0,0,compressorCoolOff,Sleep,
2026-07-31T14:20:00.000Z,Hall AC,73.9,92.9,39,74,300,300,compressorCoolStage1On,Sleep,
2026-07-31T14:25:00.000Z,Hall AC,72.9,92.9,39,74.5,0,45,compressorCoolOff,Sleep,
2026-07-31T14:30:00.000Z,Hall AC,73.3,92.9,40,76,0,0,compressorCoolOff,WFH,
2026-07-31T14:35:00.000Z,Hall AC,73.9,92.9,40,76,0,0,compressorCoolOff,WFH,
2026-07-31T14:40:00.000Z,Hall AC,74.2,92.9,39,76,0,0,compressorCoolOff,WFH,
2026-07-31T14:45:00.000Z,Hall AC,74.3,92.9,38,76,0,0,compressorCoolOff,WFH,
2026-07-31T14:50:00.000Z,Hall AC,74.5,92.9,38,76,0,0,compressorCoolOff,WFH,
2026-07-31T14:55:00.000Z,Hall AC,74.7,92.9,38,76,0,0,compressorCoolOff,WFH,
2026-07-31T15:00:00.000Z,Hall AC,74.9,94.9,38,76,0,0,compressorCoolOff,WFH,
2026-07-31T15:05:00.000Z,Hall AC,75,94.9,38,76,0,0,compressorCoolOff,WFH,
2026-07-31T15:10:00.000Z,Hall AC,75.2,94.9,38,76,0,0,compressorCoolOff,WFH,
2026-07-31T15:15:00.000Z,Hall AC,75.3,94.9,38,76,0,0,compressorCoolOff,WFH,
2026-07-31T15:20:00.000Z,Hall AC,75.4,94.9,38,76,0,0,compressorCoolOff,WFH,
2026-07-31T15:25:00.000Z,Hall AC,75.7,94.9,38,76,0,0,compressorCoolOff,WFH,
2026-07-31T15:30:00.000Z,Hall AC,76,94.9,39,76,30,30,compressorCoolOff,WFH,
2026-07-31T15:35:00.000Z,Hall AC,75.9,94.9,39,76,270,300,compressorCoolStage1On,WFH,
2026-07-31T15:40:00.000Z,Hall AC,75.7,94.9,39,76,0,15,compressorCoolOff,WFH,
2026-07-31T15:45:00.000Z,Hall AC,75.5,94.9,39,76,0,0,compressorCoolOff,WFH,
2026-07-31T15:50:00.000Z,Hall AC,75.7,94.9,39,76,0,0,compressorCoolOff,WFH,
2026-07-31T15:55:00.000Z,Hall AC,75.6,94.9,39,76,0,0,compressorCoolOff,WFH,
2026-07-31T16:00:00.000Z,Hall AC,76.1,97.1,40,76,300,300,compressorCoolStage1On,WFH,
2026-07-31T16:05:00.000Z,Hall AC,75.6,97.1,40,76,0,45,compressorCoolOff,WFH,
2026-07-31T16:10:00.000Z,Hall AC,75.4,97.1,40,76,0,0,compressorCoolOff,WFH,
2026-07-31T16:15:00.000Z,Hall AC,75.8,97.1,40,76,0,0,compressorCoolOff,WFH,
2026-07-31T16:20:00.000Z,Hall AC,76.1,97.1,40,76,300,300,compressorCoolStage1On,WFH,
2026-07-31T16:25:00.000Z,Hall AC,75.7,97.1,39,76,30,75,compressorCoolStage1On,WFH,
2026-07-31T16:30:00.000Z,Hall AC,75.4,98.8,41,76,0,0,compressorCoolOff,WFH,
2026-07-31T16:35:00.000Z,Hall AC,75.7,98.8,40,76,0,0,compressorCoolOff,WFH,
2026-07-31T16:40:00.000Z,Hall AC,76.2,98.8,41,76,300,300,compressorCoolStage1On,WFH,
2026-07-31T16:45:00.000Z,Hall AC,75.8,98.8,40,76,75,120,compressorCoolStage1On,WFH,
2026-07-31T16:50:00.000Z,Hall AC,75.6,98.8,41,76,0,0,compressorCoolOff,WFH,
2026-07-31T16:55:00.000Z,Hall AC,75.9,98.8,42,76,75,75,compressorCoolOff,WFH,
2026-07-31T17:00:00.000Z,Hall AC,75.2,100.4,42,76,225,270,compressorCoolStage1On,WFH,
2026-07-31T17:05:00.000Z,Hall AC,74.7,100.4,42,76,0,0,compressorCoolOff,WFH,
2026-07-31T17:10:00.000Z,Hall AC,75.4,100.4,42,76,0,0,compressorCoolOff,WFH,
2026-07-31T17:15:00.000Z,Hall AC,75.9,100.4,42,76,225,225,compressorCoolOff,WFH,
2026-07-31T17:20:00.000Z,Hall AC,75,100.4,43,76,75,120,compressorCoolStage1On,WFH,
2026-07-31T17:25:00.000Z,Hall AC,75.3,100.4,43,76,0,0,compressorCoolOff,WFH,
2026-07-31T17:30:00.000Z,Hall AC,75.9,101.6,41,76,135,135,compressorCoolOff,WFH,
2026-07-31T17:35:00.000Z,Hall AC,75.7,101.6,42,76,165,210,compressorCoolStage1On,WFH,
2026-07-31T17:40:00.000Z,Hall AC,75.7,101.6,41,76,0,0,compressorCoolOff,WFH,
2026-07-31T17:45:00.000Z,Hall AC,75.8,101.6,41,76,0,0,compressorCoolOff,WFH,
2026-07-31T17:50:00.000Z,Hall AC,76,101.6,42,76,270,270,compressorCoolOff,WFH,
2026-07-31T17:55:00.000Z,Hall AC,75.5,101.6,43,76,30,75,compressorCoolStage1On,WFH,
2026-07-31T18:00:00.000Z,Hall AC,75.9,103.4,44,76,165,165,compressorCoolOff,WFH,
2026-07-31T18:05:00.000Z,Hall AC,75.6,103.4,44,76,135,180,compressorCoolStage1On,WFH,
2026-07-31T18:10:00.000Z,Hall AC,75.8,103.4,43,76,135,135,compressorCoolOff,WFH,
2026-07-31T18:15:00.000Z,Hall AC,75.9,103.4,43,76,165,210,compressorCoolStage1On,WFH,
2026-07-31T18:20:00.000Z,Hall AC,75.2,103.4,45,76,0,0,compressorCoolOff,WFH,
2026-07-31T18:25:00.000Z,Hall AC,76,103.4,43,76,225,225,compressorCoolOff,WFH,
2026-07-31T18:30:00.000Z,Hall AC,75.6,103.4,44,76,75,120,compressorCoolStage1On,WFH,
2026-07-31T18:35:00.000Z,Hall AC,75.4,103.4,45,76,0,0,compressorCoolOff,WFH,
2026-07-31T18:40:00.000Z,Hall AC,76.3,103.4,43,76,255,255,compressorCoolOff,WFH,
2026-07-31T18:45:00.000Z,Hall AC,76.5,103.4,42,76,300,300,compressorCoolStage1On,WFH,
2026-07-31T18:50:00.000Z,Hall AC,75.5,103.4,43,76,60,105,compressorCoolStage1On,WFH,
2026-07-31T18:55:00.000Z,Hall AC,75.2,103.4,45,76,0,0,compressorCoolOff,WFH,
2026-07-31T19:00:00.000Z,Hall AC,75.9,106.7,43,76,150,150,compressorCoolOff,WFH,
2026-07-31T19:05:00.000Z,Hall AC,76.4,106.7,42,76,300,300,compressorCoolStage1On,WFH,
2026-07-31T19:10:00.000Z,Hall AC,76.2,106.7,43,76,225,270,compressorCoolStage1On,WFH,
2026-07-31T19:15:00.000Z,Hall AC,75.3,106.7,44,76,0,0,compressorCoolOff,WFH,
2026-07-31T19:20:00.000Z,Hall AC,75.8,106.7,46,76,60,60,compressorCoolOff,WFH,
2026-07-31T19:25:00.000Z,Hall AC,76.7,106.7,44,76,300,300,compressorCoolStage1On,WFH,
2026-07-31T19:30:00.000Z,Hall AC,76.9,106.7,43,76,300,300,compressorCoolStage1On,WFH,
2026-07-31T19:35:00.000Z,Hall AC,75.7,106.7,44,76,75,120,compressorCoolStage1On,WFH,
2026-07-31T19:40:00.000Z,Hall AC,75.4,106.7,46,76,0,0,compressorCoolOff,WFH,
2026-07-31T19:45:00.000Z,Hall AC,76.3,106.7,46,76,210,210,compressorCoolOff,WFH,
2026-07-31T19:50:00.000Z,Hall AC,77,106.7,43,76,300,300,compressorCoolStage1On,WFH,
2026-07-31T19:55:00.000Z,Hall AC,76.3,106.7,43,76,255,300,compressorCoolStage1On,WFH,
2026-07-31T20:00:00.000Z,Hall AC,75.3,108.4,44,76,0,0,compressorCoolOff,WFH,
2026-07-31T20:05:00.000Z,Hall AC,75.5,108.4,45,76,0,0,compressorCoolOff,WFH,
2026-07-31T20:10:00.000Z,Hall AC,76.2,108.4,43,76,270,270,compressorCoolOff,WFH,
2026-07-31T20:15:00.000Z,Hall AC,76.2,108.4,44,76,300,300,compressorCoolStage1On,WFH,
2026-07-31T20:20:00.000Z,Hall AC,75.8,108.4,44,76,0,45,compressorCoolOff,WFH,
2026-07-31T20:25:00.000Z,Hall AC,76,108.4,44,76,210,210,compressorCoolOff,WFH,
2026-07-31T20:30:00.000Z,Hall AC,76,110.1,43,76,150,195,compressorCoolStage1On,WFH,
2026-07-31T20:35:00.000Z,Hall AC,75.9,110.1,44,76,90,90,compressorCoolOff,WFH,
2026-07-31T20:40:00.000Z,Hall AC,76.1,110.1,43,76,285,300,compressorCoolStage1On,WFH,
2026-07-31T20:45:00.000Z,Hall AC,75.8,110.1,43,76,0,30,compressorCoolOff,WFH,
2026-07-31T20:50:00.000Z,Hall AC,75.9,110.1,44,76,270,270,compressorCoolOff,WFH,
2026-07-31T20:55:00.000Z,Hall AC,75.8,110.1,43,76,75,120,compressorCoolStage1On,WFH,
2026-07-31T21:00:00.000Z,Hall AC,75.9,109.9,44,76,165,165,compressorCoolOff,WFH,
2026-07-31T21:05:00.000Z,Hall AC,76,109.9,43,76,135,180,compressorCoolStage1On,WFH,
2026-07-31T21:10:00.000Z,Hall AC,75.9,109.9,44,76,150,150,compressorCoolOff,WFH,
2026-07-31T21:15:00.000Z,Hall AC,76,109.9,43,76,165,210,compressorCoolStage1On,WFH,
2026-07-31T21:20:00.000Z,Hall AC,76,109.9,44,76,135,135,compressorCoolOff,WFH,
2026-07-31T21:25:00.000Z,Hall AC,76,109.9,43,76,165,210,compressorCoolStage1On,WFH,
2026-07-31T21:30:00.000Z,Hall AC,75.9,109.9,44,76,60,60,compressorCoolOff,WFH,
2026-07-31T21:35:00.000Z,Hall AC,76.7,109.9,43,76,300,300,compressorCoolStage1On,WFH,
2026-07-31T21:40:00.000Z,Hall AC,77,109.9,41,76,300,300,compressorCoolStage1On,WFH,
2026-07-31T21:45:00.000Z,Hall AC,76.5,109.9,41,76,300,300,compressorCoolStage1On,WFH,
2026-07-31T21:50:00.000Z,Hall AC,76.1,109.9,42,76,165,210,compressorCoolStage1On,WFH,
2026-07-31T21:55:00.000Z,Hall AC,75.3,109.9,42,76,0,0,compressorCoolOff,WFH,
2026-07-31T22:00:00.000Z,Hall AC,75.3,111.3,43,76,0,0,compressorCoolOff,WFH,
2026-07-31T22:05:00.000Z,Hall AC,75.8,111.3,43,76,0,0,compressorCoolOff,WFH,
2026-07-31T22:10:00.000Z,Hall AC,76.2,111.3,43,76,225,225,compressorCoolOff,WFH,
2026-07-31T22:15:00.000Z,Hall AC,76.8,111.3,43,76,300,300,compressorCoolStage1On,WFH,
2026-07-31T22:20:00.000Z,Hall AC,76.6,111.3,43,76,300,300,compressorCoolStage1On,WFH,
2026-07-31T22:25:00.000Z,Hall AC,76.2,111.3,43,76,300,300,compressorCoolStage1On,WFH,
2026-07-31T22:30:00.000Z,Hall AC,75.8,111.9,43,76,60,105,compressorCoolStage1On,WFH,
2026-07-31T22:35:00.000Z,Hall AC,75.3,111.9,43,76,0,0,compressorCoolOff,WFH,
2026-07-31T22:40:00.000Z,Hall AC,75.6,111.9,44,76,0,0,compressorCoolOff,WFH,
2026-07-31T22:45:00.000Z,Hall AC,76,111.9,43,76,165,165,compressorCoolOff,WFH,
2026-07-31T22:50:00.000Z,Hall AC,76.6,111.9,43,76,300,300,compressorCoolStage1On,WFH,
2026-07-31T22:55:00.000Z,Hall AC,76.5,111.9,43,76,300,300,compressorCoolStage1On,WFH,
2026-07-31T23:00:00.000Z,Hall AC,76.1,111.9,43,76,255,300,compressorCoolStage1On,WFH,
2026-07-31T23:05:00.000Z,Hall AC,75.7,111.9,43,76,0,0,compressorCoolOff,WFH,
2026-07-31T23:10:00.000Z,Hall AC,75.5,111.9,44,76,0,0,compressorCoolOff,WFH,
2026-07-31T23:15:00.000Z,Hall AC,75.7,111.9,44,76,0,0,compressorCoolOff,WFH,
2026-07-31T23:20:00.000Z,Hall AC,76.3,111.9,43,76,225,225,compressorCoolOff,WFH,
2026-07-31T23:25:00.000Z,Hall AC,76.9,111.9,43,76,300,300,compressorCoolStage1On,WFH,
2026-07-31T23:30:00.000Z,Hall AC,76.8,0,43,76,300,300,compressorCoolStage1On,WFH,
2026-07-31T23:35:00.000Z,Hall AC,76.1,0,42,76,300,300,compressorCoolStage1On,WFH,
2026-07-31T23:40:00.000Z,Hall AC,75.5,0,42,76,300,300,compressorCoolStage1On,WFH,(SmartRecovery)
2026-07-31T23:45:00.000Z,Hall AC,75,0,42,76,180,225,compressorCoolStage1On,WFH,(SmartRecovery)
2026-07-31T23:50:00.000Z,Hall AC,74.7,0,42,76,0,0,compressorCoolOff,WFH,
2026-07-31T23:55:00.000Z,Hall AC,74.8,0,43,75.7,0,0,compressorCoolOff,WFH,
2026-08-01T00:00:00.000Z,Hall AC,75.2,111.9,43,75,0,0,compressorCoolOff,Home,
2026-08-01T00:05:00.000Z,Hall AC,75.9,111.9,43,75,300,300,compressorCoolStage1On,Home,
2026-08-01T00:10:00.000Z,Hall AC,76.6,111.9,42,75,300,300,compressorCoolStage1On,Home,
2026-08-01T00:15:00.000Z,Hall AC,76,111.9,41,75,300,300,compressorCoolStage1On,Home,
2026-08-01T00:20:00.000Z,Hall AC,75.6,111.9,41,75,300,300,compressorCoolStage1On,Home,
2026-08-01T00:25:00.000Z,Hall AC,75.5,111.9,41,75,300,300,compressorCoolStage1On,Home,
2026-08-01T00:30:00.000Z,Hall AC,75.1,111.9,41,75,165,210,compressorCoolStage1On,Home,
2026-08-01T00:35:00.000Z,Hall AC,74.7,111.9,42,75,0,0,compressorCoolOff,Home,
2026-08-01T00:40:00.000Z,Hall AC,75,111.9,43,75,0,0,compressorCoolOff,Home,
2026-08-01T00:45:00.000Z,Hall AC,75.2,111.9,43,75,0,0,compressorCoolOff,Home,
2026-08-01T00:50:00.000Z,Hall AC,75.6,111.9,42,75,240,240,compressorCoolOff,Home,
2026-08-01T00:55:00.000Z,Hall AC,76.3,111.9,41,75,300,300,compressorCoolStage1On,Home,
2026-08-01T01:00:00.000Z,Hall AC,76.2,111.1,41,75,300,300,compressorCoolStage1On,Home,
2026-08-01T01:05:00.000Z,Hall AC,75.7,111.1,41,75,300,300,compressorCoolStage1On,Home,
2026-08-01T01:10:00.000Z,Hall AC,75.6,111.1,41,75,300,300,compressorCoolStage1On,Home,
2026-08-01T01:15:00.000Z,Hall AC,75.2,111.1,41,75,225,270,compressorCoolStage1On,Home,
2026-08-01T01:20:00.000Z,Hall AC,74.8,111.1,41,75,0,0,compressorCoolOff,Home,
2026-08-01T01:25:00.000Z,Hall AC,74.6,111.1,42,75,0,0,compressorCoolOff,Home,
2026-08-01T01:30:00.000Z,Hall AC,75,111.1,42,75,0,0,compressorCoolOff,Home,
2026-08-01T01:35:00.000Z,Hall AC,75.7,111.1,41,75,285,285,compressorCoolOff,Home,
2026-08-01T01:40:00.000Z,Hall AC,76.2,111.1,40,75,300,300,compressorCoolStage1On,Home,
2026-08-01T01:45:00.000Z,Hall AC,76,111.1,40,75,300,300,compressorCoolStage1On,Home,
2026-08-01T01:50:00.000Z,Hall AC,75.5,111.1,40,75,300,300,compressorCoolStage1On,Home,
2026-08-01T01:55:00.000Z,Hall AC,75.2,111.1,41,75,285,300,compressorCoolStage1On,Home,
2026-08-01T02:00:00.000Z,Hall AC,74.8,109.6,40,75,0,30,compressorCoolOff,Home,
2026-08-01T02:05:00.000Z,Hall AC,74.6,109.6,41,75,0,0,compressorCoolOff,Home,
2026-08-01T02:10:00.000Z,Hall AC,74.9,109.6,42,74.2,225,225,compressorCoolOff,Home,
2026-08-01T02:15:00.000Z,Hall AC,75.4,109.6,41,74,300,300,compressorCoolStage1On,Home,auto
2026-08-01T02:20:00.000Z,Hall AC,75.1,109.6,41,74,300,300,compressorCoolStage1On,Home,auto
2026-08-01T02:25:00.000Z,Hall AC,74.5,109.6,41,74,300,300,compressorCoolStage1On,Home,auto
2026-08-01T02:30:00.000Z,Hall AC,74.2,108.3,42,74,270,300,compressorCoolStage1On,Home,auto
2026-08-01T02:35:00.000Z,Hall AC,73.5,108.3,42,74,0,15,compressorCoolOff,Home,auto
2026-08-01T02:40:00.000Z,Hall AC,73.6,108.3,43,74,15,15,compressorCoolOff,Home,auto
2026-08-01T02:45:00.000Z,Hall AC,74.6,108.3,41,74,300,300,compressorCoolStage1On,Home,auto
2026-08-01T02:50:00.000Z,Hall AC,74.8,108.3,41,74,300,300,compressorCoolStage1On,Home,auto
2026-08-01T02:55:00.000Z,Hall AC,74.3,108.3,41,74,300,300,compressorCoolStage1On,Home,auto
2026-08-01T03:00:00.000Z,Hall AC,73.7,106,41,74,45,90,compressorCoolStage1On,Home,auto
2026-08-01T03:05:00.000Z,Hall AC,73.5,106,41,74,0,0,compressorCoolOff,Home,auto
2026-08-01T03:10:00.000Z,Hall AC,73.8,106,42,74,45,45,compressorCoolOff,Home,auto
2026-08-01T03:15:00.000Z,Hall AC,74.6,106,41,74,300,300,compressorCoolStage1On,Home,auto
2026-08-01T03:20:00.000Z,Hall AC,74.5,106,39,74,300,300,compressorCoolStage1On,Home,auto
2026-08-01T03:25:00.000Z,Hall AC,74.2,106,40,74,240,285,compressorCoolStage1On,Home,auto
2026-08-01T03:30:00.000Z,Hall AC,73.7,105.5,41,74,0,0,compressorCoolOff,Home,auto
2026-08-01T03:35:00.000Z,Hall AC,73.9,105.5,41,74,105,105,compressorCoolOff,Home,auto
2026-08-01T03:40:00.000Z,Hall AC,74.3,105.5,40,74,300,300,compressorCoolStage1On,Home,auto
2026-08-01T03:45:00.000Z,Hall AC,74.1,105.5,40,74,165,210,compressorCoolStage1On,Home,auto
2026-08-01T03:50:00.000Z,Hall AC,73.6,105.5,41,74,0,0,compressorCoolOff,Home,auto
2026-08-01T03:55:00.000Z,Hall AC,73.8,105.5,42,74,60,60,compressorCoolOff,Home,auto
2026-08-01T04:00:00.000Z,Hall AC,74.2,103.4,41,74,300,300,compressorCoolStage1On,Home,auto
2026-08-01T04:05:00.000Z,Hall AC,73.7,103.4,40,74,0,45,compressorCoolOff,Home,auto
2026-08-01T04:10:00.000Z,Hall AC,73.8,103.4,41,74,0,0,compressorCoolOff,Home,auto
2026-08-01T04:15:00.000Z,Hall AC,74.2,103.4,40,74,285,285,compressorCoolOff,Home,auto
2026-08-01T04:20:00.000Z,Hall AC,74.2,103.4,40,74,270,300,compressorCoolStage1On,Home,auto
2026-08-01T04:25:00.000Z,Hall AC,73.5,103.4,41,74,0,15,compressorCoolOff,Home,auto
2026-08-01T04:30:00.000Z,Hall AC,73.5,103.4,40,74,0,0,compressorCoolOff,Sleep,
2026-08-01T04:35:00.000Z,Hall AC,74.1,103.4,40,74,240,240,compressorCoolOff,Sleep,
2026-08-01T04:40:00.000Z,Hall AC,74.2,103.4,40,74,255,300,compressorCoolStage1On,Sleep,
2026-08-01T04:45:00.000Z,Hall AC,73.4,103.4,40,74,0,0,compressorCoolOff,Sleep,
2026-08-01T04:50:00.000Z,Hall AC,73.3,103.4,41,74,0,0,compressorCoolOff,Sleep,
2026-08-01T04:55:00.000Z,Hall AC,73.6,103.4,41,74,0,0,compressorCoolOff,Sleep,
2026-08-01T05:00:00.000Z,Hall AC,74.1,102.4,40,74,225,225,compressorCoolOff,Sleep,
2026-08-01T05:05:00.000Z,Hall AC,74.7,102.4,40,74,300,300,compressorCoolStage1On,Sleep,
2026-08-01T05:10:00.000Z,Hall AC,74.1,102.4,39,74,180,225,compressorCoolStage1On,Sleep,
2026-08-01T05:15:00.000Z,Hall AC,73.4,102.4,40,74,0,0,compressorCoolOff,Sleep,
2026-08-01T05:20:00.000Z,Hall AC,73.3,102.4,40,74,0,0,compressorCoolOff,Sleep,
2026-08-01T05:25:00.000Z,Hall AC,73.8,102.4,39,74,30,30,compressorCoolOff,Sleep,
2026-08-01T05:30:00.000Z,Hall AC,74.3,102.4,39,74,300,300,compressorCoolStage1On,Sleep,
2026-08-01T05:35:00.000Z,Hall AC,74.5,102.4,40,74,300,300,compressorCoolStage1On,Sleep,
2026-08-01T05:40:00.000Z,Hall AC,74.1,102.4,40,74,210,255,compressorCoolStage1On,Sleep,
2026-08-01T05:45:00.000Z,Hall AC,73.4,102.4,40,74,0,0,compressorCoolOff,Sleep,
2026-08-01T05:50:00.000Z,Hall AC,73.2,102.4,40,74,0,0,compressorCoolOff,Sleep,
2026-08-01T05:55:00.000Z,Hall AC,73.5,102.4,40,74,0,0,compressorCoolOff,Sleep,
2026-08-01T06:00:00.000Z,Hall AC,74,100.2,40,74,150,150,compressorCoolOff,Sleep,
2026-08-01T06:05:00.000Z,Hall AC,74.4,100.2,39,74,300,300,compressorCoolStage1On,Sleep,
2026-08-01T06:10:00.000Z,Hall AC,74.2,100.2,39,74,285,300,compressorCoolStage1On,Sleep,
2026-08-01T06:15:00.000Z,Hall AC,73.4,100.2,40,74,0,30,compressorCoolOff,Sleep,
2026-08-01T06:20:00.000Z,Hall AC,72.9,100.2,40,74,0,0,compressorCoolOff,Sleep,
2026-08-01T06:25:00.000Z,Hall AC,73.4,100.2,40,74,0,0,compressorCoolOff,Sleep,
2026-08-01T06:30:00.000Z,Hall AC,73.9,100.2,40,74,90,90,compressorCoolOff,Sleep,
2026-08-01T06:35:00.000Z,Hall AC,74.4,100.2,39,74,300,300,compressorCoolStage1On,Sleep,
2026-08-01T06:40:00.000Z,Hall AC,74.2,100.2,40,74,285,300,compressorCoolStage1On,Sleep,
2026-08-01T06:45:00.000Z,Hall AC,73.4,100.2,40,74,0,30,compressorCoolOff,Sleep,
2026-08-01T06:50:00.000Z,Hall AC,72.8,100.2,40,74,0,0,compressorCoolOff,Sleep,
2026-08-01T06:55:00.000Z,Hall AC,73.4,100.2,40,74,0,0,compressorCoolOff,Sleep,
2026-08-01T07:00:00.000Z,Hall AC,73.9,98.8,40,74,0,0,compressorCoolOff,Sleep,
2026-08-01T07:05:00.000Z,Hall AC,74.3,98.8,40,74,270,270,compressorCoolOff,Sleep,
2026-08-01T07:10:00.000Z,Hall AC,74.3,98.8,39,74,300,300,compressorCoolStage1On,Sleep,
2026-08-01T07:15:00.000Z,Hall AC,73.6,98.8,40,74,15,60,compressorCoolStage1On,Sleep,
2026-08-01T07:20:00.000Z,Hall AC,72.9,98.8,40,74,0,0,compressorCoolOff,Sleep,
2026-08-01T07:25:00.000Z,Hall AC,73.3,98.8,40,74,0,0,compressorCoolOff,Sleep,
2026-08-01T07:30:00.000Z,Hall AC,73.7,98.8,39,74,0,0,compressorCoolOff,Sleep,
2026-08-01T07:35:00.000Z,Hall AC,73.9,98.8,39,74,0,0,compressorCoolOff,Sleep,
2026-08-01T07:40:00.000Z,Hall AC,73.9,98.8,38,74,0,0,compressorCoolOff,Sleep,
2026-08-01T07:45:00.000Z,Hall AC,74.1,98.8,38,74,165,165,compressorCoolOff,Sleep,
2026-08-01T07:50:00.000Z,Hall AC,74.5,98.8,38,74,300,300,compressorCoolStage1On,Sleep,
2026-08-01T07:55:00.000Z,Hall AC,74.3,98.8,38,74,300,300,compressorCoolStage1On,Sleep,
2026-08-01T08:00:00.000Z,Hall AC,73.6,97.2,40,74,45,90,compressorCoolStage1On,Sleep,
2026-08-01T08:05:00.000Z,Hall AC,73,97.2,40,74,0,0,compressorCoolOff,Sleep,
2026-08-01T08:10:00.000Z,Hall AC,73.1,97.2,40,74,0,0,compressorCoolOff,Sleep,
2026-08-01T08:15:00.000Z,Hall AC,73.6,97.2,40,74,0,0,compressorCoolOff,Sleep,
2026-08-01T08:20:00.000Z,Hall AC,73.9,97.2,39,74,0,0,compressorCoolOff,Sleep,
2026-08-01T08:25:00.000Z,Hall AC,73.9,97.2,39,74,15,15,compressorCoolOff,Sleep,
2026-08-01T08:30:00.000Z,Hall AC,74.3,97.2,38,74,300,300,compressorCoolStage1On,Sleep,
2026-08-01T08:35:00.000Z,Hall AC,74.3,97.2,38,74,300,300,compressorCoolStage1On,Sleep,
2026-08-01T08:40:00.000Z,Hall AC,73.7,97.2,39,74,60,105,compressorCoolStage1On,Sleep,
2026-08-01T08:45:00.000Z,Hall AC,73,97.2,40,74,0,0,compressorCoolOff,Sleep,
2026-08-01T08:50:00.000Z,Hall AC,73,97.2,40,74,0,0,compressorCoolOff,Sleep,
2026-08-01T08:55:00.000Z,Hall AC,73.5,97.2,40,74,0,0,compressorCoolOff,Sleep,
2026-08-01T09:00:00.000Z,Hall AC,73.7,95.3,40,74,0,0,compressorCoolOff,Sleep,
2026-08-01T09:05:00.000Z,Hall AC,73.9,95.3,39,74,0,0,compressorCoolOff,Sleep,
2026-08-01T09:10:00.000Z,Hall AC,74.1,95.3,39,74,195,195,compressorCoolOff,Sleep,
2026-08-01T09:15:00.000Z,Hall AC,74.2,95.3,38,74,300,300,compressorCoolStage1On,Sleep,
2026-08-01T09:20:00.000Z,Hall AC,73.9,95.3,39,74,90,135,compressorCoolStage1On,Sleep,
2026-08-01T09:25:00.000Z,Hall AC,73,95.3,40,74,0,0,compressorCoolOff,Sleep,
2026-08-01T09:30:00.000Z,Hall AC,73,93.9,40,74,0,0,compressorCoolOff,Sleep,
2026-08-01T09:35:00.000Z,Hall AC,73.5,93.9,40,74,0,0,compressorCoolOff,Sleep,
2026-08-01T09:40:00.000Z,Hall AC,73.7,93.9,39,74,0,0,compressorCoolOff,Sleep,
2026-08-01T09:45:00.000Z,Hall AC,73.7,93.9,38,74,0,0,compressorCoolOff,Sleep,
2026-08-01T09:50:00.000Z,Hall AC,73.9,93.9,39,74,90,90,compressorCoolOff,Sleep,
2026-08-01T09:55:00.000Z,Hall AC,74.3,93.9,38,74,300,300,compressorCoolStage1On,Sleep,
2026-08-01T10:00:00.000Z,Hall AC,73.8,93.3,38,74,60,105,compressorCoolStage1On,Sleep,
2026-08-01T10:05:00.000Z,Hall AC,73.3,93.3,39,74,0,0,compressorCoolOff,Sleep,
2026-08-01T10:10:00.000Z,Hall AC,73.4,93.3,40,74,0,0,compressorCoolOff,Sleep,
2026-08-01T10:15:00.000Z,Hall AC,73.6,93.3,40,74,0,0,compressorCoolOff,Sleep,
2026-08-01T10:20:00.000Z,Hall AC,73.9,93.3,40,74,0,0,compressorCoolOff,Sleep,
2026-08-01T10:25:00.000Z,Hall AC,73.9,93.3,39,74,0,0,compressorCoolOff,Sleep,
2026-08-01T10:30:00.000Z,Hall AC,73.8,93.3,38,74,0,0,compressorCoolOff,Sleep,
2026-08-01T10:35:00.000Z,Hall AC,73.9,93.3,38,74,0,0,compressorCoolOff,Sleep,
2026-08-01T10:40:00.000Z,Hall AC,74,93.3,38,74,45,45,compressorCoolOff,Sleep,
2026-08-01T10:45:00.000Z,Hall AC,74.2,93.3,38,74,300,300,compressorCoolStage1On,Sleep,
2026-08-01T10:50:00.000Z,Hall AC,74,93.3,38,74,150,195,compressorCoolStage1On,Sleep,
2026-08-01T10:55:00.000Z,Hall AC,73.2,93.3,39,74,0,0,compressorCoolOff,Sleep,
2026-08-01T11:00:00.000Z,Hall AC,73.1,91.5,40,74,0,0,compressorCoolOff,Sleep,
2026-08-01T11:05:00.000Z,Hall AC,73.5,91.5,40,74,0,0,compressorCoolOff,Sleep,
2026-08-01T11:10:00.000Z,Hall AC,73.7,91.5,40,74,0,0,compressorCoolOff,Sleep,
2026-08-01T11:15:00.000Z,Hall AC,73.9,91.5,40,74,0,0,compressorCoolOff,Sleep,
2026-08-01T11:20:00.000Z,Hall AC,73.7,91.5,38,74,0,0,compressorCoolOff,Sleep,
2026-08-01T11:25:00.000Z,Hall AC,73.8,91.5,38,74,0,0,compressorCoolOff,Sleep,
2026-08-01T11:30:00.000Z,Hall AC,73.9,91.5,38,74,0,0,compressorCoolOff,Sleep,
2026-08-01T11:35:00.000Z,Hall AC,74,91.5,38,74,75,75,compressorCoolOff,Sleep,
2026-08-01T11:40:00.000Z,Hall AC,74.4,91.5,38,74,300,300,compressorCoolStage1On,Sleep,
2026-08-01T11:45:00.000Z,Hall AC,73.9,91.5,38,74,150,195,compressorCoolStage1On,Sleep,
2026-08-01T11:50:00.000Z,Hall AC,73.1,91.5,39,74,0,0,compressorCoolOff,Sleep,
2026-08-01T11:55:00.000Z,Hall AC,73,91.5,40,74,0,0,compressorCoolOff,Sleep,
2026-08-01T12:00:00.000Z,Hall AC,73.5,90.2,40,74,0,0,compressorCoolOff,Sleep,
2026-08-01T12:05:00.000Z,Hall AC,73.5,90.2,39,74,0,0,compressorCoolOff,Sleep,
2026-08-01T12:10:00.000Z,Hall AC,73.6,90.2,38,74,0,0,compressorCoolOff,Sleep,
2026-08-01T12:15:00.000Z,Hall AC,73.9,90.2,39,74,0,0,compressorCoolOff,Sleep,
2026-08-01T12:20:00.000Z,Hall AC,74.2,90.2,38,74,285,285,compressorCoolOff,Sleep,
2026-08-01T12:25:00.000Z,Hall AC,73.9,90.2,38,74,135,180,compressorCoolStage1On,Sleep,
2026-08-01T12:30:00.000Z,Hall AC,73.1,90.2,39,74,0,0,compressorCoolOff,Sleep,
2026-08-01T12:35:00.000Z,Hall AC,73,90.2,40,74,0,0,compressorCoolOff,Sleep,
2026-08-01T12:40:00.000Z,Hall AC,73.3,90.2,39,74,0,0,compressorCoolOff,Sleep,
2026-08-01T12:45:00.000Z,Hall AC,73.3,90.2,39,74,0,0,compressorCoolOff,Sleep,
2026-08-01T12:50:00.000Z,Hall AC,73.5,90.2,39,74,0,0,compressorCoolOff,Sleep,
2026-08-01T12:55:00.000Z,Hall AC,73.8,90.2,39,74,0,0,compressorCoolOff,Sleep,
2026-08-01T13:00:00.000Z,Hall AC,74,88.6,39,74,105,105,compressorCoolOff,Sleep,
2026-08-01T13:05:00.000Z,Hall AC,74.7,88.6,38,74,300,300,compressorCoolStage1On,Sleep,
2026-08-01T13:10:00.000Z,Hall AC,73.8,88.6,38,74,120,165,compressorCoolStage1On,Sleep,
2026-08-01T13:15:00.000Z,Hall AC,72.7,88.6,39,74,0,0,compressorCoolOff,Sleep,
2026-08-01T13:20:00.000Z,Hall AC,72.7,88.6,40,74,0,0,compressorCoolOff,Sleep,
2026-08-01T13:25:00.000Z,Hall AC,73,88.6,40,74,0,0,compressorCoolOff,Sleep,
2026-08-01T13:30:00.000Z,Hall AC,73.4,89.9,39,74,0,0,compressorCoolOff,Sleep,
2026-08-01T13:35:00.000Z,Hall AC,73.9,89.9,39,74,60,60,compressorCoolOff,Sleep,
2026-08-01T13:40:00.000Z,Hall AC,74.4,89.9,39,74,300,300,compressorCoolStage1On,Sleep,
2026-08-01T13:45:00.000Z,Hall AC,74,89.9,39,74,135,180,compressorCoolStage1On,Sleep,
2026-08-01T13:50:00.000Z,Hall AC,73.4,89.9,39,74,0,0,compressorCoolOff,Sleep,
2026-08-01T13:55:00.000Z,Hall AC,73.4,89.9,39,74,0,0,compressorCoolOff,Sleep,
2026-08-01T14:00:00.000Z,Hall AC,73.6,92.1,38,74,0,0,compressorCoolOff,Sleep,
2026-08-01T14:05:00.000Z,Hall AC,73.9,92.1,38,74,0,0,compressorCoolOff,Sleep,
2026-08-01T14:10:00.000Z,Hall AC,74.1,92.1,38,74,270,270,compressorCoolOff,Sleep,
2026-08-01T14:15:00.000Z,Hall AC,74.3,92.1,38,74,300,300,compressorCoolStage1On,Sleep,
2026-08-01T14:20:00.000Z,Hall AC,73.7,92.1,38,74,45,90,compressorCoolStage1On,Sleep,
2026-08-01T14:25:00.000Z,Hall AC,73.5,92.1,39,74,0,0,compressorCoolOff,Sleep,
2026-08-01T14:30:00.000Z,Hall AC,73.6,93.7,40,74,0,0,compressorCoolOff,Sleep,
2026-08-01T14:35:00.000Z,Hall AC,73.9,93.7,40,74,0,0,compressorCoolOff,Sleep,
2026-08-01T14:40:00.000Z,Hall AC,74.2,93.7,39,74,255,255,compressorCoolOff,Sleep,
2026-08-01T14:45:00.000Z,Hall AC,74,93.7,39,74,165,210,compressorCoolStage1On,Sleep,
2026-08-01T14:50:00.000Z,Hall AC,73.5,93.7,39,74,0,0,compressorCoolOff,Sleep,
2026-08-01T14:55:00.000Z,Hall AC,73.5,93.7,40,74.2,0,0,compressorCoolOff,Sleep,
2026-08-01T15:00:00.000Z,Hall AC,73.9,96.1,40,75,0,0,compressorCoolOff,Home,
2026-08-01T15:05:00.000Z,Hall AC,74.4,96.1,40,75,0,0,compressorCoolOff,Home,
2026-08-01T15:10:00.000Z,Hall AC,74.6,96.1,40,75,0,0,compressorCoolOff,Home,
2026-08-01T15:15:00.000Z,Hall AC,74.8,96.1,40,75,0,0,compressorCoolOff,Home,
2026-08-01T15:20:00.000Z,Hall AC,74.9,96.1,40,75,90,90,compressorCoolOff,Home,
2026-08-01T15:25:00.000Z,Hall AC,75.2,96.1,39,75,270,300,compressorCoolStage1On,Home,
2026-08-01T15:30:00.000Z,Hall AC,74.8,96.1,39,75,0,15,compressorCoolOff,Home,
2026-08-01T15:35:00.000Z,Hall AC,74.6,96.1,40,75,0,0,compressorCoolOff,Home,
2026-08-01T15:40:00.000Z,Hall AC,74.8,96.1,40,75,0,0,compressorCoolOff,Home,
2026-08-01T15:45:00.000Z,Hall AC,74.8,96.1,39,75,30,30,compressorCoolOff,Home,
2026-08-01T15:50:00.000Z,Hall AC,75.3,96.1,40,75,300,300,compressorCoolStage1On,Home,
2026-08-01T15:55:00.000Z,Hall AC,75,96.1,40,75,165,210,compressorCoolStage1On,Home,
2026-08-01T16:00:00.000Z,Hall AC,74.7,98.9,40,75,0,0,compressorCoolOff,Home,
2026-08-01T16:05:00.000Z,Hall AC,74.8,98.9,41,75,0,0,compressorCoolOff,Home,
2026-08-01T16:10:00.000Z,Hall AC,75,98.9,41,75,120,120,compressorCoolOff,Home,
2026-08-01T16:15:00.000Z,Hall AC,75.3,98.9,41,75,300,300,compressorCoolStage1On,Home,
2026-08-01T16:20:00.000Z,Hall AC,75,98.9,41,75,180,225,compressorCoolStage1On,Home,
2026-08-01T16:25:00.000Z,Hall AC,74.8,98.9,41,75,0,0,compressorCoolOff,Home,
2026-08-01T16:30:00.000Z,Hall AC,74.8,98.9,41,75,0,0,compressorCoolOff,Home,
2026-08-01T16:35:00.000Z,Hall AC,74.9,98.9,41,75,30,30,compressorCoolOff,Home,
2026-08-01T16:40:00.000Z,Hall AC,75.2,98.9,41,75,300,300,compressorCoolStage1On,Home,
2026-08-01T16:45:00.000Z,Hall AC,75.2,98.9,40,75,255,300,compressorCoolStage1On,Home,
2026-08-01T16:50:00.000Z,Hall AC,74.8,98.9,40,75,0,0,compressorCoolOff,Home,
2026-08-01T16:55:00.000Z,Hall AC,74.8,98.9,41,75,0,0,compressorCoolOff,Home,
2026-08-01T17:00:00.000Z,Hall AC,74.9,101.3,41,75,30,30,compressorCoolOff,Home,
2026-08-01T17:05:00.000Z,Hall AC,75.4,101.3,40,75,300,300,compressorCoolStage1On,Home,
2026-08-01T17:10:00.000Z,Hall AC,75.8,101.3,40,75,300,300,compressorCoolStage1On,Home,
2026-08-01T17:15:00.000Z,Hall AC,75.3,101.3,40,75,300,300,compressorCoolStage1On,Home,
2026-08-01T17:20:00.000Z,Hall AC,74.6,101.3,40,75,0,45,compressorCoolOff,Home,
2026-08-01T17:25:00.000Z,Hall AC,74.1,101.3,41,75,0,0,compressorCoolOff,Home,
2026-08-01T17:30:00.000Z,Hall AC,74.3,102.5,42,75,0,0,compressorCoolOff,Home,
2026-08-01T17:35:00.000Z,Hall AC,74.6,102.5,41,75,0,0,compressorCoolOff,Home,
2026-08-01T17:40:00.000Z,Hall AC,75.1,102.5,40,75,240,240,compressorCoolOff,Home,
2026-08-01T17:45:00.000Z,Hall AC,75.4,102.5,41,75,300,300,compressorCoolStage1On,Home,
2026-08-01T17:50:00.000Z,Hall AC,75.2,102.5,42,75,300,300,compressorCoolStage1On,Home,
2026-08-01T17:55:00.000Z,Hall AC,74.7,102.5,42,75,90,135,compressorCoolStage1On,Home,
2026-08-01T18:00:00.000Z,Hall AC,74.1,104,42,75,0,0,compressorCoolOff,Home,
2026-08-01T18:05:00.000Z,Hall AC,74.4,104,43,75,0,0,compressorCoolOff,Home,
2026-08-01T18:10:00.000Z,Hall AC,74.8,104,41,75,0,0,compressorCoolOff,Home,
2026-08-01T18:15:00.000Z,Hall AC,75.1,104,41,75,0,0,compressorCoolOff,Home,
2026-08-01T18:20:00.000Z,Hall AC,75.4,104,41,75,90,90,compressorCoolOff,Home,
2026-08-01T18:25:00.000Z,Hall AC,75.7,104,41,75,300,300,compressorCoolStage1On,Home,
2026-08-01T18:30:00.000Z,Hall AC,75.4,103.2,42,75,300,300,compressorCoolStage1On,Home,
2026-08-01T18:35:00.000Z,Hall AC,75,103.2,43,75,90,135,compressorCoolStage1On,Home,
2026-08-01T18:40:00.000Z,Hall AC,75.1,103.2,43,75,45,45,compressorCoolOff,Home,
2026-08-01T18:45:00.000Z,Hall AC,75.8,103.2,43,75,300,300,compressorCoolStage1On,Home,
2026-08-01T18:50:00.000Z,Hall AC,75.9,103.2,43,75,300,300,compressorCoolStage1On,Home,
2026-08-01T18:55:00.000Z,Hall AC,75.5,103.2,43,75,300,300,compressorCoolStage1On,Home,
2026-08-01T19:00:00.000Z,Hall AC,74.9,104.4,43,75,105,150,compressorCoolStage1On,Home,
2026-08-01T19:05:00.000Z,Hall AC,74.1,104.4,43,75,0,0,compressorCoolOff,Home,
2026-08-01T19:10:00.000Z,Hall AC,74.4,104.4,44,75,0,0,compressorCoolOff,Home,
2026-08-01T19:15:00.000Z,Hall AC,75.1,104.4,44,75.6,0,0,compressorCoolOff,Home,
2026-08-01T19:20:00.000Z,Hall AC,75.7,104.4,42,77.2,0,0,compressorCoolOff,Home,smartAway
2026-08-01T19:25:00.000Z,Hall AC,75.9,104.4,42,77.2,0,0,compressorCoolOff,Home,smartAway
2026-08-01T19:30:00.000Z,Hall AC,76.1,105.8,42,77.2,0,0,compressorCoolOff,Home,smartAway
2026-08-01T19:35:00.000Z,Hall AC,76.2,105.8,42,76.2,135,135,compressorCoolOff,Home,smartAway
2026-08-01T19:40:00.000Z,Hall AC,76.3,105.8,43,75,300,300,compressorCoolStage1On,Home,
2026-08-01T19:45:00.000Z,Hall AC,76,105.8,43,75,300,300,compressorCoolStage1On,Home,
2026-08-01T19:50:00.000Z,Hall AC,75.1,105.8,42,75,195,240,compressorCoolStage1On,Home,
2026-08-01T19:55:00.000Z,Hall AC,75.2,105.8,43,75,0,0,compressorCoolOff,Home,
2026-08-01T20:00:00.000Z,Hall AC,75.4,106.7,43,75,180,180,compressorCoolOff,Home,
2026-08-01T20:05:00.000Z,Hall AC,75.9,106.7,43,75,300,300,compressorCoolStage1On,Home,
2026-08-01T20:10:00.000Z,Hall AC,75.4,106.7,42,75,285,300,compressorCoolStage1On,Home,
2026-08-01T20:15:00.000Z,Hall AC,75.1,106.7,42,75,0,30,compressorCoolOff,Home,
2026-08-01T20:20:00.000Z,Hall AC,75.2,106.7,43,75,60,60,compressorCoolOff,Home,
2026-08-01T20:25:00.000Z,Hall AC,75.8,106.7,43,75,300,300,compressorCoolStage1On,Home,
2026-08-01T20:30:00.000Z,Hall AC,75.6,106.7,42,75,300,300,compressorCoolStage1On,Home,
2026-08-01T20:35:00.000Z,Hall AC,75,106.7,41,75,45,90,compressorCoolStage1On,Home,
2026-08-01T20:40:00.000Z,Hall AC,75.3,106.7,43,75,15,15,compressorCoolOff,Home,
2026-08-01T20:45:00.000Z,Hall AC,75.7,106.7,43,75,300,300,compressorCoolStage1On,Home,
2026-08-01T20:50:00.000Z,Hall AC,75.9,106.7,43,75,300,300,compressorCoolStage1On,Home,
2026-08-01T20:55:00.000Z,Hall AC,75.2,106.7,42,75,210,255,compressorCoolStage1On,Home,
2026-08-01T21:00:00.000Z,Hall AC,75.1,108.6,42,75,0,0,compressorCoolOff,Home,
2026-08-01T21:05:00.000Z,Hall AC,75.3,108.6,44,75,90,90,compressorCoolOff,Home,
2026-08-01T21:10:00.000Z,Hall AC,75.8,108.6,43,75,300,300,compressorCoolStage1On,Home,
2026-08-01T21:15:00.000Z,Hall AC,75.8,108.6,43,75,300,300,compressorCoolStage1On,Home,
2026-08-01T21:20:00.000Z,Hall AC,75.1,108.6,42,75,120,165,compressorCoolStage1On,Home,
2026-08-01T21:25:00.000Z,Hall AC,75.1,108.6,43,75,0,0,compressorCoolOff,Home,
2026-08-01T21:30:00.000Z,Hall AC,75.5,108.6,44,75,165,165,compressorCoolOff,Home,
2026-08-01T21:35:00.000Z,Hall AC,75.9,108.6,43,75,300,300,compressorCoolStage1On,Home,
2026-08-01T21:40:00.000Z,Hall AC,75.3,108.6,42,75,300,300,compressorCoolStage1On,Home,
2026-08-01T21:45:00.000Z,Hall AC,75.1,108.6,42,75,30,75,compressorCoolStage1On,Home,
2026-08-01T21:50:00.000Z,Hall AC,75.2,108.6,43,75,270,270,compressorCoolOff,Home,
2026-08-01T21:55:00.000Z,Hall AC,75.3,108.6,43,75,300,300,compressorCoolStage1On,Home,
2026-08-01T22:00:00.000Z,Hall AC,75.2,109.8,43,75,300,300,compressorCoolStage1On,Home,
2026-08-01T22:05:00.000Z,Hall AC,75,109.8,42,75,105,150,compressorCoolStage1On,Home,
2026-08-01T22:10:00.000Z,Hall AC,74.8,109.8,43,75,0,0,compressorCoolOff,Home,
2026-08-01T22:15:00.000Z,Hall AC,75.2,109.8,43,75,240,240,compressorCoolOff,Home,
2026-08-01T22:20:00.000Z,Hall AC,75.4,109.8,43,75,300,300,compressorCoolStage1On,Home,
2026-08-01T22:25:00.000Z,Hall AC,75.2,109.8,42,75,300,300,compressorCoolStage1On,Home,
2026-08-01T22:30:00.000Z,Hall AC,74.8,110.1,42,75,0,45,compressorCoolOff,Home,
2026-08-01T22:35:00.000Z,Hall AC,75,110.1,43,75,120,120,compressorCoolOff,Home,
2026-08-01T22:40:00.000Z,Hall AC,75.3,110.1,43,75,300,300,compressorCoolStage1On,Home,
2026-08-01T22:45:00.000Z,Hall AC,75.2,110.1,43,75,300,300,compressorCoolStage1On,Home,
2026-08-01T22:50:00.000Z,Hall AC,74.9,110.1,42,75,45,90,compressorCoolStage1On,Home,
2026-08-01T22:55:00.000Z,Hall AC,75,110.1,43,75,105,105,compressorCoolOff,Home,
2026-08-01T23:00:00.000Z,Hall AC,75.3,110.1,43,75,300,300,compressorCoolStage1On,Home,
2026-08-01T23:05:00.000Z,Hall AC,75.3,110.1,43,75,300,300,compressorCoolStage1On,Home,
2026-08-01T23:10:00.000Z,Hall AC,74.9,110.1,42,75,45,90,compressorCoolStage1On,Home,
2026-08-01T23:15:00.000Z,Hall AC,75,110.1,43,75,120,120,compressorCoolOff,Home,
2026-08-01T23:20:00.000Z,Hall AC,75.3,110.1,43,75,300,300,compressorCoolStage1On,Home,
2026-08-01T23:25:00.000Z,Hall AC,75.2,110.1,42,75,180,225,compressorCoolStage1On,Home,
2026-08-01T23:30:00.000Z,Hall AC,75,110.1,43,75,120,120,compressorCoolOff,Home,
2026-08-01T23:35:00.000Z,Hall AC,75.3,110.1,44,75,300,300,compressorCoolStage1On,Home,
2026-08-01T23:40:00.000Z,Hall AC,75.2,110.1,44,75,300,300,compressorCoolStage1On,Home,
2026-08-01T23:45:00.000Z,Hall AC,75,110.1,43,75,105,150,compressorCoolStage1On,Home,
2026-08-01T23:50:00.000Z,Hall AC,74.7,110.1,44,75,0,0,compressorCoolOff,Home,
2026-08-01T23:55:00.000Z,Hall AC,75,110.1,45,75,0,0,compressorCoolOff,Home,
2026-08-02T00:00:00.000Z,Hall AC,75.5,109.8,45,75,210,210,compressorCoolOff,Home,
2026-08-02T00:05:00.000Z,Hall AC,75.8,109.8,44,75,300,300,compressorCoolStage1On,Home,
2026-08-02T00:10:00.000Z,Hall AC,75.5,109.8,43,75,300,300,compressorCoolStage1On,Home,
2026-08-02T00:15:00.000Z,Hall AC,75,109.8,43,75,105,150,compressorCoolStage1On,Home,
2026-08-02T00:20:00.000Z,Hall AC,74.6,109.8,44,75,0,0,compressorCoolOff,Home,
2026-08-02T00:25:00.000Z,Hall AC,75,109.8,45,75,0,0,compressorCoolOff,Home,
2026-08-02T00:30:00.000Z,Hall AC,75.6,109.8,44,75,240,240,compressorCoolOff,Home,
2026-08-02T00:35:00.000Z,Hall AC,75.8,109.8,43,75,300,300,compressorCoolStage1On,Home,
2026-08-02T00:40:00.000Z,Hall AC,75.4,109.8,43,75,300,300,compressorCoolStage1On,Home,
2026-08-02T00:45:00.000Z,Hall AC,75.2,109.8,43,75,285,300,compressorCoolStage1On,Home,
2026-08-02T00:50:00.000Z,Hall AC,74.8,109.8,43,75,0,30,compressorCoolOff,Home,
2026-08-02T00:55:00.000Z,Hall AC,74.8,109.8,44,75,30,30,compressorCoolOff,Home,
2026-08-02T01:00:00.000Z,Hall AC,75.4,109.4,43,75,300,300,compressorCoolStage1On,Home,
2026-08-02T01:05:00.000Z,Hall AC,75.4,109.4,43,75,300,300,compressorCoolStage1On,Home,
2026-08-02T01:10:00.000Z,Hall AC,74.7,109.4,43,75,30,75,compressorCoolStage1On,Home,
2026-08-02T01:15:00.000Z,Hall AC,74.2,109.4,44,75,0,0,compressorCoolOff,Home,
2026-08-02T01:20:00.000Z,Hall AC,74.5,109.4,44,75,0,0,compressorCoolOff,Home,
2026-08-02T01:25:00.000Z,Hall AC,75.1,109.4,43,75,195,195,compressorCoolOff,Home,
2026-08-02T01:30:00.000Z,Hall AC,75.6,109.4,42,75,300,300,compressorCoolStage1On,Home,
2026-08-02T01:35:00.000Z,Hall AC,75.2,109.4,43,75,300,300,compressorCoolStage1On,Home,
2026-08-02T01:40:00.000Z,Hall AC,74.7,109.4,44,75,15,60,compressorCoolStage1On,Home,
2026-08-02T01:45:00.000Z,Hall AC,74.1,109.4,45,75,0,0,compressorCoolOff,Home,
2026-08-02T01:50:00.000Z,Hall AC,74.5,109.4,45,75,0,0,compressorCoolOff,Home,
2026-08-02T01:55:00.000Z,Hall AC,75.1,109.4,44,75,195,195,compressorCoolOff,Home,
2026-08-02T02:00:00.000Z,Hall AC,75.6,107.8,43,75,300,300,compressorCoolStage1On,Home,
2026-08-02T02:05:00.000Z,Hall AC,75.3,107.8,43,75,300,300,compressorCoolStage1On,Home,
2026-08-02T02:10:00.000Z,Hall AC,75.3,107.8,42,75,300,300,compressorCoolStage1On,Home,
2026-08-02T02:15:00.000Z,Hall AC,75.1,107.8,40,75,210,255,compressorCoolStage1On,Home,
2026-08-02T02:20:00.000Z,Hall AC,74.4,107.8,41,75,0,0,compressorCoolOff,Home,
2026-08-02T02:25:00.000Z,Hall AC,74.3,107.8,43,75,0,0,compressorCoolOff,Home,
2026-08-02T02:30:00.000Z,Hall AC,74.5,107.6,43,75,0,0,compressorCoolOff,Home,
2026-08-02T02:35:00.000Z,Hall AC,74.6,107.6,42,75,0,0,compressorCoolOff,Home,
2026-08-02T02:40:00.000Z,Hall AC,74.8,107.6,42,75,15,15,compressorCoolOff,Home,
2026-08-02T02:45:00.000Z,Hall AC,75.2,107.6,41,75,300,300,compressorCoolStage1On,Home,
2026-08-02T02:50:00.000Z,Hall AC,75.1,107.6,40,75,210,255,compressorCoolStage1On,Home,
2026-08-02T02:55:00.000Z,Hall AC,74.5,107.6,41,75,0,0,compressorCoolOff,Home,
2026-08-02T03:00:00.000Z,Hall AC,74.3,105.2,43,75,0,0,compressorCoolOff,Home,
2026-08-02T03:05:00.000Z,Hall AC,74.2,105.2,42,75,0,0,compressorCoolOff,Home,
2026-08-02T03:10:00.000Z,Hall AC,74.3,105.2,43,75,0,0,compressorCoolOff,Home,
2026-08-02T03:15:00.000Z,Hall AC,74.8,105.2,43,75,0,0,compressorCoolOff,Home,
2026-08-02T03:20:00.000Z,Hall AC,75.4,105.2,42,75,300,300,compressorCoolStage1On,Home,
2026-08-02T03:25:00.000Z,Hall AC,75.5,105.2,41,75,300,300,compressorCoolStage1On,Home,
2026-08-02T03:30:00.000Z,Hall AC,74.9,105.3,41,75,45,90,compressorCoolStage1On,Home,
2026-08-02T03:35:00.000Z,Hall AC,74.6,105.3,43,75,0,0,compressorCoolOff,Home,
2026-08-02T03:40:00.000Z,Hall AC,74.9,105.3,44,75,75,75,compressorCoolOff,Home,
2026-08-02T03:45:00.000Z,Hall AC,75.8,105.3,43,75,300,300,compressorCoolStage1On,Home,
2026-08-02T03:50:00.000Z,Hall AC,75.8,105.3,43,75,300,300,compressorCoolStage1On,Home,
2026-08-02T03:55:00.000Z,Hall AC,75.1,105.3,43,75,300,300,compressorCoolStage1On,Home,
2026-08-02T04:00:00.000Z,Hall AC,75.1,103.6,43,75,210,255,compressorCoolStage1On,Home,
2026-08-02T04:05:00.000Z,Hall AC,74.3,103.6,43,75,0,0,compressorCoolOff,Home,
2026-08-02T04:10:00.000Z,Hall AC,74,103.6,44,75,0,0,compressorCoolOff,Home,
2026-08-02T04:15:00.000Z,Hall AC,74.5,103.6,44,75,0,0,compressorCoolOff,Home,
2026-08-02T04:20:00.000Z,Hall AC,75.2,103.6,44,75,240,240,compressorCoolOff,Home,
2026-08-02T04:25:00.000Z,Hall AC,75.3,103.6,43,75,300,300,compressorCoolStage1On,Home,
2026-08-02T04:30:00.000Z,Hall AC,74.9,104,43,75,45,90,compressorCoolStage1On,Home,
2026-08-02T04:35:00.000Z,Hall AC,74.3,104,42,75,0,0,compressorCoolOff,Home,
2026-08-02T04:40:00.000Z,Hall AC,74.4,104,41,75,0,0,compressorCoolOff,Home,
2026-08-02T04:45:00.000Z,Hall AC,74.7,104,40,75,195,195,compressorCoolOff,Home,
2026-08-02T04:50:00.000Z,Hall AC,74.6,104,39,75,300,300,compressorCoolStage1On,Home,(SmartRecovery)
2026-08-02T04:55:00.000Z,Hall AC,74.4,104,39,74.8,300,300,compressorCoolStage1On,Home,(SmartRecovery)
2026-08-02T05:00:00.000Z,Hall AC,73.7,102.2,40,74,0,45,compressorCoolOff,Sleep,
2026-08-02T05:05:00.000Z,Hall AC,73.7,102.2,40,74,90,90,compressorCoolOff,Sleep,
2026-08-02T05:10:00.000Z,Hall AC,74.2,102.2,40,74,300,300,compressorCoolStage1On,Sleep,
2026-08-02T05:15:00.000Z,Hall AC,74,102.2,40,74,120,165,compressorCoolStage1On,Sleep,
2026-08-02T05:20:00.000Z,Hall AC,73.6,102.2,40,74,0,0,compressorCoolOff,Sleep,
2026-08-02T05:25:00.000Z,Hall AC,73.6,102.2,40,74,0,0,compressorCoolOff,Sleep,
2026-08-02T05:30:00.000Z,Hall AC,73.9,102.2,40,74,0,0,compressorCoolOff,Sleep,
2026-08-02T05:35:00.000Z,Hall AC,74.3,102.2,40,74,270,270,compressorCoolOff,Sleep,
2026-08-02T05:40:00.000Z,Hall AC,74.3,102.2,40,74,300,300,compressorCoolStage1On,Sleep,
2026-08-02T05:45:00.000Z,Hall AC,73.8,102.2,40,74,15,60,compressorCoolStage1On,Sleep,
2026-08-02T05:50:00.000Z,Hall AC,73.4,102.2,40,74,0,0,compressorCoolOff,Sleep,
2026-08-02T05:55:00.000Z,Hall AC,73.5,102.2,40,74,0,0,compressorCoolOff,Sleep,
2026-08-02T06:00:00.000Z,Hall AC,73.8,100.3,40,74,0,0,compressorCoolOff,Sleep,
2026-08-02T06:05:00.000Z,Hall AC,73.9,100.3,39,74,60,60,compressorCoolOff,Sleep,
2026-08-02T06:10:00.000Z,Hall AC,74.3,100.3,39,74,300,300,compressorCoolStage1On,Sleep,
2026-08-02T06:15:00.000Z,Hall AC,74.1,100.3,40,74,135,180,compressorCoolStage1On,Sleep,
2026-08-02T06:20:00.000Z,Hall AC,73.5,100.3,40,74,0,0,compressorCoolOff,Sleep,
2026-08-02T06:25:00.000Z,Hall AC,73.5,100.3,40,74,0,0,compressorCoolOff,Sleep,
2026-08-02T06:30:00.000Z,Hall AC,73.7,100.3,40,74,0,0,compressorCoolOff,Sleep,
2026-08-02T06:35:00.000Z,Hall AC,73.9,100.3,39,74,0,0,compressorCoolOff,Sleep,
2026-08-02T06:40:00.000Z,Hall AC,74.2,100.3,39,74,270,270,compressorCoolOff,Sleep,
2026-08-02T06:45:00.000Z,Hall AC,74.3,100.3,40,74,270,300,compressorCoolStage1On,Sleep,
2026-08-02T06:50:00.000Z,Hall AC,73.7,100.3,40,74,0,15,compressorCoolOff,Sleep,
2026-08-02T06:55:00.000Z,Hall AC,73.1,100.3,40,74,0,0,compressorCoolOff,Sleep,
2026-08-02T07:00:00.000Z,Hall AC,73.4,99.7,40,74,0,0,compressorCoolOff,Sleep,
2026-08-02T07:05:00.000Z,Hall AC,73.5,99.7,39,74,0,0,compressorCoolOff,Sleep,
2026-08-02T07:10:00.000Z,Hall AC,73.9,99.7,39,74,15,15,compressorCoolOff,Sleep,
2026-08-02T07:15:00.000Z,Hall AC,74.2,99.7,39,74,300,300,compressorCoolStage1On,Sleep,
2026-08-02T07:20:00.000Z,Hall AC,74.1,99.7,39,74,180,225,compressorCoolStage1On,Sleep,
2026-08-02T07:25:00.000Z,Hall AC,73.4,99.7,40,74,0,0,compressorCoolOff,Sleep,
2026-08-02T07:30:00.000Z,Hall AC,73.1,99.7,40,74,0,0,compressorCoolOff,Sleep,
2026-08-02T07:35:00.000Z,Hall AC,73.4,99.7,39,74,0,0,compressorCoolOff,Sleep,
2026-08-02T07:40:00.000Z,Hall AC,73.6,99.7,39,74,0,0,compressorCoolOff,Sleep,
2026-08-02T07:45:00.000Z,Hall AC,73.9,99.7,39,74,15,15,compressorCoolOff,Sleep,
2026-08-02T07:50:00.000Z,Hall AC,74.2,99.7,39,74,300,300,compressorCoolStage1On,Sleep,
2026-08-02T07:55:00.000Z,Hall AC,74.1,99.7,39,74,165,210,compressorCoolStage1On,Sleep,
2026-08-02T08:00:00.000Z,Hall AC,73.4,98.5,40,74,0,0,compressorCoolOff,Sleep,
2026-08-02T08:05:00.000Z,Hall AC,73.1,98.5,40,74,0,0,compressorCoolOff,Sleep,
2026-08-02T08:10:00.000Z,Hall AC,73.5,98.5,39,74,0,0,compressorCoolOff,Sleep,
2026-08-02T08:15:00.000Z,Hall AC,73.6,98.5,39,74,0,0,compressorCoolOff,Sleep,
2026-08-02T08:20:00.000Z,Hall AC,73.9,98.5,39,74,0,0,compressorCoolOff,Sleep,
2026-08-02T08:25:00.000Z,Hall AC,74.1,98.5,39,74,180,180,compressorCoolOff,Sleep,
2026-08-02T08:30:00.000Z,Hall AC,74.2,98.5,39,74,240,285,compressorCoolStage1On,Sleep,
2026-08-02T08:35:00.000Z,Hall AC,73.5,98.5,40,74,0,0,compressorCoolOff,Sleep,
2026-08-02T08:40:00.000Z,Hall AC,73.1,98.5,40,74,0,0,compressorCoolOff,Sleep,
2026-08-02T08:45:00.000Z,Hall AC,73.5,98.5,40,74,0,0,compressorCoolOff,Sleep,
2026-08-02T08:50:00.000Z,Hall AC,73.7,98.5,40,74,0,0,compressorCoolOff,Sleep,
2026-08-02T08:55:00.000Z,Hall AC,73.9,98.5,39,74,0,0,compressorCoolOff,Sleep,
2026-08-02T09:00:00.000Z,Hall AC,73.8,97.3,38,74,0,0,compressorCoolOff,Sleep,
2026-08-02T09:05:00.000Z,Hall AC,74,97.3,38,74,75,75,compressorCoolOff,Sleep,
2026-08-02T09:10:00.000Z,Hall AC,74.5,97.3,39,74,300,300,compressorCoolStage1On,Sleep,
2026-08-02T09:15:00.000Z,Hall AC,74.2,97.3,40,74,195,240,compressorCoolStage1On,Sleep,
2026-08-02T09:20:00.000Z,Hall AC,73.3,97.3,40,74,0,0,compressorCoolOff,Sleep,
2026-08-02T09:25:00.000Z,Hall AC,72.9,97.3,39,74,0,0,compressorCoolOff,Sleep,
2026-08-02T09:30:00.000Z,Hall AC,73.2,97.3,40,74,0,0,compressorCoolOff,Sleep,
2026-08-02T09:35:00.000Z,Hall AC,73.6,97.3,40,74,0,0,compressorCoolOff,Sleep,
2026-08-02T09:40:00.000Z,Hall AC,73.9,97.3,39,74,0,0,compressorCoolOff,Sleep,
2026-08-02T09:45:00.000Z,Hall AC,73.7,97.3,38,74,0,0,compressorCoolOff,Sleep,
2026-08-02T09:50:00.000Z,Hall AC,73.8,97.3,38,74,0,0,compressorCoolOff,Sleep,
2026-08-02T09:55:00.000Z,Hall AC,74,97.3,38,74,150,150,compressorCoolOff,Sleep,
2026-08-02T10:00:00.000Z,Hall AC,74.5,95,39,74,300,300,compressorCoolStage1On,Sleep,
2026-08-02T10:05:00.000Z,Hall AC,74.1,95,40,74,165,210,compressorCoolStage1On,Sleep,
2026-08-02T10:10:00.000Z,Hall AC,73.3,95,39,74,0,0,compressorCoolOff,Sleep,
2026-08-02T10:15:00.000Z,Hall AC,72.9,95,39,74,0,0,compressorCoolOff,Sleep,
2026-08-02T10:20:00.000Z,Hall AC,73.2,95,40,74,0,0,compressorCoolOff,Sleep,
2026-08-02T10:25:00.000Z,Hall AC,73.6,95,40,74,0,0,compressorCoolOff,Sleep,
2026-08-02T10:30:00.000Z,Hall AC,73.6,94,39,74,0,0,compressorCoolOff,Sleep,
2026-08-02T10:35:00.000Z,Hall AC,73.6,94,38,74,0,0,compressorCoolOff,Sleep,
2026-08-02T10:40:00.000Z,Hall AC,73.5,94,38,74,0,0,compressorCoolOff,Sleep,
2026-08-02T10:45:00.000Z,Hall AC,73.8,94,38,74,0,0,compressorCoolOff,Sleep,
2026-08-02T10:50:00.000Z,Hall AC,74,94,38,74,180,180,compressorCoolOff,Sleep,
2026-08-02T10:55:00.000Z,Hall AC,74.3,94,39,74,270,300,compressorCoolStage1On,Sleep,
2026-08-02T11:00:00.000Z,Hall AC,73.5,93.3,39,74,0,15,compressorCoolOff,Sleep,
2026-08-02T11:05:00.000Z,Hall AC,72.8,93.3,38,74,0,0,compressorCoolOff,Sleep,
2026-08-02T11:10:00.000Z,Hall AC,73,93.3,38,74,0,0,compressorCoolOff,Sleep,
2026-08-02T11:15:00.000Z,Hall AC,73.2,93.3,38,74,0,0,compressorCoolOff,Sleep,
2026-08-02T11:20:00.000Z,Hall AC,73.4,93.3,38,74,0,0,compressorCoolOff,Sleep,
2026-08-02T11:25:00.000Z,Hall AC,73.5,93.3,38,74,0,0,compressorCoolOff,Sleep,
2026-08-02T11:30:00.000Z,Hall AC,73.7,93.3,38,74,0,0,compressorCoolOff,Sleep,
2026-08-02T11:35:00.000Z,Hall AC,73.9,93.3,38,74,0,0,compressorCoolOff,Sleep,
2026-08-02T11:40:00.000Z,Hall AC,74.1,93.3,38,74,195,195,compressorCoolOff,Sleep,
2026-08-02T11:45:00.000Z,Hall AC,74.2,93.3,38,74,300,300,compressorCoolStage1On,Sleep,
2026-08-02T11:50:00.000Z,Hall AC,73.6,93.3,39,74,0,45,compressorCoolOff,Sleep,
2026-08-02T11:55:00.000Z,Hall AC,73,93.3,40,74,0,0,compressorCoolOff,Sleep,
2026-08-02T12:00:00.000Z,Hall AC,73.2,91.5,40,74,0,0,compressorCoolOff,Sleep,
2026-08-02T12:05:00.000Z,Hall AC,73.4,91.5,39,74,0,0,compressorCoolOff,Sleep,
2026-08-02T12:10:00.000Z,Hall AC,73.3,91.5,38,74,0,0,compressorCoolOff,Sleep,
2026-08-02T12:15:00.000Z,Hall AC,73.4,91.5,38,74,0,0,compressorCoolOff,Sleep,
2026-08-02T12:20:00.000Z,Hall AC,73.5,91.5,38,74,0,0,compressorCoolOff,Sleep,
2026-08-02T12:25:00.000Z,Hall AC,73.7,91.5,38,74,0,0,compressorCoolOff,Sleep,
2026-08-02T12:30:00.000Z,Hall AC,73.9,91.5,38,74,0,0,compressorCoolOff,Sleep,
2026-08-02T12:35:00.000Z,Hall AC,74,91.5,38,74,90,90,compressorCoolOff,Sleep,
2026-08-02T12:40:00.000Z,Hall AC,74.3,91.5,38,74,300,300,compressorCoolStage1On,Sleep,
2026-08-02T12:45:00.000Z,Hall AC,73.9,91.5,38,74,135,180,compressorCoolStage1On,Sleep,
2026-08-02T12:50:00.000Z,Hall AC,72.9,91.5,38,74,0,0,compressorCoolOff,Sleep,
2026-08-02T12:55:00.000Z,Hall AC,72.8,91.5,38,74,0,0,compressorCoolOff,Sleep,
2026-08-02T13:00:00.000Z,Hall AC,72.9,89.8,38,74,0,0,compressorCoolOff,Sleep,
2026-08-02T13:05:00.000Z,Hall AC,73.2,89.8,38,74,0,0,compressorCoolOff,Sleep,
2026-08-02T13:10:00.000Z,Hall AC,73.4,89.8,38,74,0,0,compressorCoolOff,Sleep,
2026-08-02T13:15:00.000Z,Hall AC,73.7,89.8,38,74,0,0,compressorCoolOff,Sleep,
2026-08-02T13:20:00.000Z,Hall AC,74.1,89.8,38,74,240,240,compressorCoolOff,Sleep,
2026-08-02T13:25:00.000Z,Hall AC,73.9,89.8,38,74,60,105,compressorCoolStage1On,Sleep,
2026-08-02T13:30:00.000Z,Hall AC,73.6,92,39,74,0,0,compressorCoolOff,Sleep,
2026-08-02T13:35:00.000Z,Hall AC,73.9,92,40,74,0,0,compressorCoolOff,Sleep,
2026-08-02T13:40:00.000Z,Hall AC,74,92,39,74,300,300,compressorCoolStage1On,Sleep,
2026-08-02T13:45:00.000Z,Hall AC,73.6,92,38,74,0,45,compressorCoolOff,Sleep,
2026-08-02T13:50:00.000Z,Hall AC,73.4,92,39,74,0,0,compressorCoolOff,Sleep,
2026-08-02T13:55:00.000Z,Hall AC,73.8,92,39,74,30,30,compressorCoolOff,Sleep,
2026-08-02T14:00:00.000Z,Hall AC,74.3,93.2,39,74,300,300,compressorCoolStage1On,Sleep,
2026-08-02T14:05:00.000Z,Hall AC,74.4,93.2,39,74,300,300,compressorCoolStage1On,Sleep,
2026-08-02T14:10:00.000Z,Hall AC,73.8,93.2,38,74,90,135,compressorCoolStage1On,Sleep,
2026-08-02T14:15:00.000Z,Hall AC,73.2,93.2,38,74,0,0,compressorCoolOff,Sleep,
2026-08-02T14:20:00.000Z,Hall AC,73.3,93.2,38,74,0,0,compressorCoolOff,Sleep,
2026-08-02T14:25:00.000Z,Hall AC,73.6,93.2,38,74,0,0,compressorCoolOff,Sleep,
2026-08-02T14:30:00.000Z,Hall AC,74,93.2,38,74,150,150,compressorCoolOff,Sleep,
2026-08-02T14:35:00.000Z,Hall AC,74.3,93.2,38,74,300,300,compressorCoolStage1On,Sleep,
2026-08-02T14:40:00.000Z,Hall AC,73.9,93.2,38,74,75,120,compressorCoolStage1On,Sleep,
2026-08-02T14:45:00.000Z,Hall AC,73.6,93.2,39,74,0,0,compressorCoolOff,Sleep,
2026-08-02T14:50:00.000Z,Hall AC,74,93.2,40,74,75,75,compressorCoolOff,Sleep,
2026-08-02T14:55:00.000Z,Hall AC,74.5,93.2,39,74.4,240,285,compressorCoolStage1On,Sleep,
2026-08-02T15:00:00.000Z,Hall AC,74.3,95.2,39,76,0,0,compressorCoolOff,Away,
2026-08-02T15:05:00.000Z,Hall AC,74.2,95.2,40,76,0,0,compressorCoolOff,Away,
2026-08-02T15:10:00.000Z,Hall AC,74.5,95.2,40,76,0,0,compressorCoolOff,Away,
2026-08-02T15:15:00.000Z,Hall AC,74.6,95.2,39,76,0,0,compressorCoolOff,Away,
2026-08-02T15:20:00.000Z,Hall AC,74.7,95.2,39,76,0,0,compressorCoolOff,Away,
2026-08-02T15:25:00.000Z,Hall AC,74.9,95.2,39,76,0,0,compressorCoolOff,Away,
2026-08-02T15:30:00.000Z,Hall AC,75.1,95.2,39,76,0,0,compressorCoolOff,Away,
2026-08-02T15:35:00.000Z,Hall AC,75.2,95.2,39,76,0,0,compressorCoolOff,Away,
2026-08-02T15:40:00.000Z,Hall AC,75.3,95.2,39,76,0,0,compressorCoolOff,Away,
2026-08-02T15:45:00.000Z,Hall AC,75.4,95.2,39,76,0,0,compressorCoolOff,Away,
2026-08-02T15:50:00.000Z,Hall AC,75.5,95.2,39,76,0,0,compressorCoolOff,Away,
2026-08-02T15:55:00.000Z,Hall AC,75.7,95.2,39,76,0,0,compressorCoolOff,Away,
2026-08-02T16:00:00.000Z,Hall AC,75.7,97.3,39,75.6,105,105,compressorCoolOff,Away,
2026-08-02T16:05:00.000Z,Hall AC,75.9,97.3,39,75,300,300,compressorCoolStage1On,Away,smartHome
2026-08-02T16:10:00.000Z,Hall AC,75.8,97.3,40,75,300,300,compressorCoolStage1On,Away,smartHome
2026-08-02T16:15:00.000Z,Hall AC,75.3,97.3,40,75,300,300,compressorCoolStage1On,Away,smartHome
2026-08-02T16:20:00.000Z,Hall AC,75,97.3,40,75,135,180,compressorCoolStage1On,Away,smartHome
2026-08-02T16:25:00.000Z,Hall AC,74.8,97.3,41,75,0,0,compressorCoolOff,Away,smartHome
2026-08-02T16:30:00.000Z,Hall AC,74.8,99.1,42,75,0,0,compressorCoolOff,Away,smartHome
2026-08-02T16:35:00.000Z,Hall AC,75,99.1,41,75,270,270,compressorCoolOff,Away,smartHome
2026-08-02T16:40:00.000Z,Hall AC,74.9,99.1,40,75,135,180,compressorCoolStage1On,Away,smartHome
2026-08-02T16:45:00.000Z,Hall AC,74.8,99.1,41,75,0,0,compressorCoolOff,Away,smartHome
2026-08-02T16:50:00.000Z,Hall AC,74.9,99.1,41,75,0,0,compressorCoolOff,Away,smartHome
2026-08-02T16:55:00.000Z,Hall AC,75.4,99.1,41,75,300,300,compressorCoolStage1On,Away,smartHome
2026-08-02T17:00:00.000Z,Hall AC,75.4,100,41,75,300,300,compressorCoolStage1On,Away,smartHome
2026-08-02T17:05:00.000Z,Hall AC,74.9,100,40,75,90,135,compressorCoolStage1On,Away,smartHome
2026-08-02T17:10:00.000Z,Hall AC,74.9,100,40,75,0,0,compressorCoolOff,Away,smartHome
2026-08-02T17:15:00.000Z,Hall AC,75,100,41,75,105,105,compressorCoolOff,Away,smartHome
2026-08-02T17:20:00.000Z,Hall AC,75.2,100,40,75,300,300,compressorCoolStage1On,Away,smartHome
2026-08-02T17:25:00.000Z,Hall AC,75,100,40,75,180,225,compressorCoolStage1On,Away,smartHome
2026-08-02T17:30:00.000Z,Hall AC,74.8,101.1,41,75,0,0,compressorCoolOff,Away,smartHome
2026-08-02T17:35:00.000Z,Hall AC,75,101.1,42,75,180,180,compressorCoolOff,Away,smartHome
2026-08-02T17:40:00.000Z,Hall AC,75.3,101.1,41,75,300,300,compressorCoolStage1On,Away,smartHome
2026-08-02T17:45:00.000Z,Hall AC,74.9,101.1,40,75,90,135,compressorCoolStage1On,Away,smartHome
2026-08-02T17:50:00.000Z,Hall AC,75,101.1,41,75,0,0,compressorCoolOff,Away,smartHome
2026-08-02T17:55:00.000Z,Hall AC,75.1,101.1,41,75,285,285,compressorCoolOff,Away,smartHome
2026-08-02T18:00:00.000Z,Hall AC,75.1,102.4,41,75,300,300,compressorCoolStage1On,Away,smartHome
2026-08-02T18:05:00.000Z,Hall AC,75,102.4,41,75,90,135,compressorCoolStage1On,Away,smartHome
2026-08-02T18:10:00.000Z,Hall AC,75.2,102.4,42,73.2,210,210,compressorCoolOff,Away,smartHome
2026-08-02T18:15:00.000Z,Hall AC,75.3,102.4,43,73,300,300,compressorCoolStage1On,Away,auto
2026-08-02T18:20:00.000Z,Hall AC,75,102.4,42,73,300,300,compressorCoolStage1On,Away,auto
2026-08-02T18:25:00.000Z,Hall AC,74.8,102.4,42,73,300,300,compressorCoolStage1On,Away,auto
2026-08-02T18:30:00.000Z,Hall AC,74.5,103.4,41,73,300,300,compressorCoolStage1On,Away,auto
2026-08-02T18:35:00.000Z,Hall AC,74.3,103.4,41,73,300,300,compressorCoolStage1On,Away,auto
2026-08-02T18:40:00.000Z,Hall AC,74.2,103.4,41,73,300,300,compressorCoolStage1On,Away,auto
2026-08-02T18:45:00.000Z,Hall AC,74.1,103.4,41,73,300,300,compressorCoolStage1On,Away,auto
2026-08-02T18:50:00.000Z,Hall AC,74,103.4,41,73,300,300,compressorCoolStage1On,Away,auto
2026-08-02T18:55:00.000Z,Hall AC,73.5,103.4,41,73,300,300,compressorCoolStage1On,Away,auto
2026-08-02T19:00:00.000Z,Hall AC,73.1,104.7,41,73,300,300,compressorCoolStage1On,Away,auto
2026-08-02T19:05:00.000Z,Hall AC,73.1,104.7,42,73,300,300,compressorCoolStage1On,Away,auto
2026-08-02T19:10:00.000Z,Hall AC,73.2,104.7,42,73,300,300,compressorCoolStage1On,Away,auto
2026-08-02T19:15:00.000Z,Hall AC,73,104.7,41,73,180,225,compressorCoolStage1On,Away,auto
2026-08-02T19:20:00.000Z,Hall AC,72.8,104.7,42,73,0,0,compressorCoolOff,Away,auto
2026-08-02T19:25:00.000Z,Hall AC,73.1,104.7,43,73,15,15,compressorCoolOff,Away,auto
2026-08-02T19:30:00.000Z,Hall AC,74,104.7,42,73,300,300,compressorCoolStage1On,Away,auto
2026-08-02T19:35:00.000Z,Hall AC,74.4,104.7,40,73,300,300,compressorCoolStage1On,Away,auto
2026-08-02T19:40:00.000Z,Hall AC,74.1,104.7,41,73,300,300,compressorCoolStage1On,Away,auto
2026-08-02T19:45:00.000Z,Hall AC,73.6,104.7,42,73,300,300,compressorCoolStage1On,Away,auto
2026-08-02T19:50:00.000Z,Hall AC,73.3,104.7,42,73,300,300,compressorCoolStage1On,Away,auto
2026-08-02T19:55:00.000Z,Hall AC,73.1,104.7,42,73.4,240,285,compressorCoolStage1On,Away,auto
2026-08-02T20:00:00.000Z,Hall AC,73.1,106.4,42,75,0,0,compressorCoolOff,Home,
2026-08-02T20:05:00.000Z,Hall AC,73.3,106.4,43,75,0,0,compressorCoolOff,Home,
2026-08-02T20:10:00.000Z,Hall AC,73.9,106.4,43,75,0,0,compressorCoolOff,Home,
2026-08-02T20:15:00.000Z,Hall AC,74.4,106.4,43,75,0,0,compressorCoolOff,Home,
2026-08-02T20:20:00.000Z,Hall AC,74.9,106.4,43,75,0,0,compressorCoolOff,Home,
2026-08-02T20:25:00.000Z,Hall AC,75.4,106.4,42,75,150,150,compressorCoolOff,Home,
2026-08-02T20:30:00.000Z,Hall AC,76,106.4,41,75,300,300,compressorCoolStage1On,Home,
2026-08-02T20:35:00.000Z,Hall AC,76.5,106.4,39,75,300,300,compressorCoolStage1On,Home,
2026-08-02T20:40:00.000Z,Hall AC,75.9,106.4,39,75,300,300,compressorCoolStage1On,Home,
2026-08-02T20:45:00.000Z,Hall AC,75.2,106.4,40,75,225,270,compressorCoolStage1On,Home,
2026-08-02T20:50:00.000Z,Hall AC,74.3,106.4,41,75,0,0,compressorCoolOff,Home,
2026-08-02T20:55:00.000Z,Hall AC,73.9,106.4,42,75,0,0,compressorCoolOff,Home,
2026-08-02T21:00:00.000Z,Hall AC,74.2,108.5,42,75,0,0,compressorCoolOff,Home,
2026-08-02T21:05:00.000Z,Hall AC,74.4,108.5,43,75,0,0,compressorCoolOff,Home,
2026-08-02T21:10:00.000Z,Hall AC,74.5,108.5,44,75,0,0,compressorCoolOff,Home,
2026-08-02T21:15:00.000Z,Hall AC,75.2,108.5,43,75,75,75,compressorCoolOff,Home,
2026-08-02T21:20:00.000Z,Hall AC,76.3,108.5,42,75,300,300,compressorCoolStage1On,Home,
2026-08-02T21:25:00.000Z,Hall AC,76.4,108.5,42,75,300,300,compressorCoolStage1On,Home,
2026-08-02T21:30:00.000Z,Hall AC,75.9,108.9,43,75,300,300,compressorCoolStage1On,Home,
2026-08-02T21:35:00.000Z,Hall AC,75.4,108.9,43,75,300,300,compressorCoolStage1On,Home,
2026-08-02T21:40:00.000Z,Hall AC,74.9,108.9,43,75,75,120,compressorCoolStage1On,Home,
2026-08-02T21:45:00.000Z,Hall AC,74.3,108.9,43,75,0,0,compressorCoolOff,Home,
2026-08-02T21:50:00.000Z,Hall AC,74.6,108.9,44,75,0,0,compressorCoolOff,Home,
2026-08-02T21:55:00.000Z,Hall AC,74.9,108.9,44,75,0,0,compressorCoolOff,Home,
2026-08-02T22:00:00.000Z,Hall AC,75,109.5,44,75,105,105,compressorCoolOff,Home,
2026-08-02T22:05:00.000Z,Hall AC,75.8,109.5,43,75,300,300,compressorCoolStage1On,Home,
2026-08-02T22:10:00.000Z,Hall AC,76.5,109.5,43,75,300,300,compressorCoolStage1On,Home,
2026-08-02T22:15:00.000Z,Hall AC,76.2,109.5,43,75,300,300,compressorCoolStage1On,Home,
2026-08-02T22:20:00.000Z,Hall AC,75.6,109.5,43,75,300,300,compressorCoolStage1On,Home,
2026-08-02T22:25:00.000Z,Hall AC,75,109.5,43,75,120,165,compressorCoolStage1On,Home,
2026-08-02T22:30:00.000Z,Hall AC,74.5,109.5,44,75,0,0,compressorCoolOff,Home,
2026-08-02T22:35:00.000Z,Hall AC,74.7,109.5,45,75,0,0,compressorCoolOff,Home,
2026-08-02T22:40:00.000Z,Hall AC,75.4,109.5,45,75,300,300,compressorCoolStage1On,Home,
2026-08-02T22:45:00.000Z,Hall AC,75.8,109.5,45,75,300,300,compressorCoolStage1On,Home,
2026-08-02T22:50:00.000Z,Hall AC,75.7,109.5,45,75,300,300,compressorCoolStage1On,Home,
2026-08-02T22:55:00.000Z,Hall AC,75.3,109.5,44,75,300,300,compressorCoolStage1On,Home,
2026-08-02T23:00:00.000Z,Hall AC,75,109.5,45,75,150,195,compressorCoolStage1On,Home,
2026-08-02T23:05:00.000Z,Hall AC,74.7,109.5,44,75,0,0,compressorCoolOff,Home,
2026-08-02T23:10:00.000Z,Hall AC,74.9,109.5,44,75,60,60,compressorCoolOff,Home,
2026-08-02T23:15:00.000Z,Hall AC,75.2,109.5,44,75,300,300,compressorCoolStage1On,Home,
2026-08-02T23:20:00.000Z,Hall AC,75.2,109.5,45,75,300,300,compressorCoolStage1On,Home,
2026-08-02T23:25:00.000Z,Hall AC,75.6,109.5,44,75,300,300,compressorCoolStage1On,Home,
2026-08-02T23:30:00.000Z,Hall AC,75.5,109.5,43,75,300,300,compressorCoolStage1On,Home,
2026-08-02T23:35:00.000Z,Hall AC,74.8,109.5,43,75,30,75,compressorCoolStage1On,Home,
2026-08-02T23:40:00.000Z,Hall AC,74.7,109.5,44,75,0,0,compressorCoolOff,Home,
2026-08-02T23:45:00.000Z,Hall AC,75.3,109.5,44,75,270,270,compressorCoolOff,Home,
2026-08-02T23:50:00.000Z,Hall AC,75.7,109.5,43,75,300,300,compressorCoolStage1On,Home,
2026-08-02T23:55:00.000Z,Hall AC,75.7,109.5,43,75,300,300,compressorCoolStage1On,Home,
2026-08-03T00:00:00.000Z,Hall AC,75.4,109.5,43,75,300,300,compressorCoolStage1On,Home,
2026-08-03T00:05:00.000Z,Hall AC,75.3,109.5,43,75,300,300,compressorCoolStage1On,Home,
2026-08-03T00:10:00.000Z,Hall AC,75.1,109.5,42,75,270,300,compressorCoolStage1On,Home,
2026-08-03T00:15:00.000Z,Hall AC,74.8,109.5,42,75,0,15,compressorCoolOff,Home,
2026-08-03T00:20:00.000Z,Hall AC,75,109.5,43,75,135,135,compressorCoolOff,Home,
2026-08-03T00:25:00.000Z,Hall AC,75.6,109.5,43,75,300,300,compressorCoolStage1On,Home,
2026-08-03T00:30:00.000Z,Hall AC,75.6,109.5,43,75,300,300,compressorCoolStage1On,Home,
2026-08-03T00:35:00.000Z,Hall AC,75.3,109.5,42,75,300,300,compressorCoolStage1On,Home,
2026-08-03T00:40:00.000Z,Hall AC,75.1,109.5,41,75,225,270,compressorCoolStage1On,Home,
2026-08-03T00:45:00.000Z,Hall AC,74.8,109.5,42,75,0,0,compressorCoolOff,Home,
2026-08-03T00:50:00.000Z,Hall AC,75.1,109.5,43,75,0,0,compressorCoolOff,Home,
2026-08-03T00:55:00.000Z,Hall AC,75.6,109.5,43,75,240,240,compressorCoolOff,Home,
2026-08-03T01:00:00.000Z,Hall AC,75.9,108.8,43,75,300,300,compressorCoolStage1On,Home,
2026-08-03T01:05:00.000Z,Hall AC,75.7,108.8,42,75,300,300,compressorCoolStage1On,Home,
2026-08-03T01:10:00.000Z,Hall AC,75.4,108.8,42,75,300,300,compressorCoolStage1On,Home,
2026-08-03T01:15:00.000Z,Hall AC,75.2,108.8,43,75,300,300,compressorCoolStage1On,Home,
2026-08-03T01:20:00.000Z,Hall AC,75.3,108.8,42,75,300,300,compressorCoolStage1On,Home,
2026-08-03T01:25:00.000Z,Hall AC,75.1,108.8,42,75,210,255,compressorCoolStage1On,Home,
2026-08-03T01:30:00.000Z,Hall AC,74.6,108.7,42,75,0,0,compressorCoolOff,Home,
2026-08-03T01:35:00.000Z,Hall AC,74.5,108.7,42,75,0,0,compressorCoolOff,Home,
2026-08-03T01:40:00.000Z,Hall AC,74.9,108.7,42,75,0,0,compressorCoolOff,Home,
2026-08-03T01:45:00.000Z,Hall AC,75.5,108.7,42,75,165,165,compressorCoolOff,Home,
2026-08-03T01:50:00.000Z,Hall AC,76,108.7,41,75,300,300,compressorCoolStage1On,Home,
2026-08-03T01:55:00.000Z,Hall AC,75.6,108.7,42,75,300,300,compressorCoolStage1On,Home,
2026-08-03T02:00:00.000Z,Hall AC,75.1,107.3,42,75,225,270,compressorCoolStage1On,Home,
2026-08-03T02:05:00.000Z,Hall AC,74.6,107.3,42,75,0,0,compressorCoolOff,Home,
2026-08-03T02:10:00.000Z,Hall AC,74.7,107.3,42,75,0,0,compressorCoolOff,Home,
2026-08-03T02:15:00.000Z,Hall AC,75.2,107.3,42,75,15,15,compressorCoolOff,Home,
2026-08-03T02:20:00.000Z,Hall AC,75.6,107.3,42,75,300,300,compressorCoolStage1On,Home,
2026-08-03T02:25:00.000Z,Hall AC,75.6,107.3,41,75,300,300,compressorCoolStage1On,Home,
2026-08-03T02:30:00.000Z,Hall AC,75.2,107.3,41,75,300,300,compressorCoolStage1On,Home,
2026-08-03T02:35:00.000Z,Hall AC,74.8,107.3,42,75,45,90,compressorCoolStage1On,Home,
2026-08-03T02:40:00.000Z,Hall AC,74.6,107.3,42,75,0,0,compressorCoolOff,Home,
2026-08-03T02:45:00.000Z,Hall AC,74.9,107.3,42,75,0,0,compressorCoolOff,Home,
2026-08-03T02:50:00.000Z,Hall AC,75.5,107.3,42,75,180,180,compressorCoolOff,Home,
2026-08-03T02:55:00.000Z,Hall AC,75.8,107.3,41,75,300,300,compressorCoolStage1On,Home,
2026-08-03T03:00:00.000Z,Hall AC,75.3,104.1,41,75,255,300,compressorCoolStage1On,Home,
2026-08-03T03:05:00.000Z,Hall AC,74.5,104.1,42,75,0,0,compressorCoolOff,Home,
2026-08-03T03:10:00.000Z,Hall AC,74.6,104.1,42,75,0,0,compressorCoolOff,Home,
2026-08-03T03:15:00.000Z,Hall AC,75.2,104.1,41,75,255,255,compressorCoolOff,Home,
2026-08-03T03:20:00.000Z,Hall AC,75.4,104.1,41,75,300,300,compressorCoolStage1On,Home,
2026-08-03T03:25:00.000Z,Hall AC,74.8,104.1,41,75,60,105,compressorCoolStage1On,Home,
2026-08-03T03:30:00.000Z,Hall AC,74.5,104.1,42,75,0,0,compressorCoolOff,Home,
2026-08-03T03:35:00.000Z,Hall AC,75,104.1,42,75,135,135,compressorCoolOff,Home,
2026-08-03T03:40:00.000Z,Hall AC,75.5,104.1,41,75,300,300,compressorCoolStage1On,Home,
2026-08-03T03:45:00.000Z,Hall AC,75.1,104.1,41,75,210,255,compressorCoolStage1On,Home,
2026-08-03T03:50:00.000Z,Hall AC,74.5,104.1,41,75,0,0,compressorCoolOff,Home,
2026-08-03T03:55:00.000Z,Hall AC,74.5,104.1,41,75,0,0,compressorCoolOff,Home,
2026-08-03T04:00:00.000Z,Hall AC,75.1,102.3,41,75,165,165,compressorCoolOff,Home,
2026-08-03T04:05:00.000Z,Hall AC,75.5,102.3,41,75,300,300,compressorCoolStage1On,Home,
2026-08-03T04:10:00.000Z,Hall AC,75.2,102.3,41,75,270,300,compressorCoolStage1On,Home,
2026-08-03T04:15:00.000Z,Hall AC,74.7,102.3,41,75,0,15,compressorCoolOff,Home,
2026-08-03T04:20:00.000Z,Hall AC,74.5,102.3,41,75,0,0,compressorCoolOff,Home,
2026-08-03T04:25:00.000Z,Hall AC,74.8,102.3,41,75,0,0,compressorCoolOff,Home,
2026-08-03T04:30:00.000Z,Hall AC,75.2,102.3,41,75,285,285,compressorCoolOff,Home,
2026-08-03T04:35:00.000Z,Hall AC,75.2,102.3,41,75,300,300,compressorCoolStage1On,Home,
2026-08-03T04:40:00.000Z,Hall AC,74.7,102.3,41,75,300,300,compressorCoolStage1On,Home,
2026-08-03T04:45:00.000Z,Hall AC,74,102.3,41,75,165,210,compressorCoolStage1On,Home,(SmartRecovery)
2026-08-03T04:50:00.000Z,Hall AC,73.5,102.3,41,75,0,0,compressorCoolOff,Home,
2026-08-03T04:55:00.000Z,Hall AC,73.7,102.3,41,74.8,0,0,compressorCoolOff,Home,
2026-08-03T05:00:00.000Z,Hall AC,74.2,101,41,74,255,255,compressorCoolOff,Sleep,
2026-08-03T05:05:00.000Z,Hall AC,74.4,101,41,74,300,300,compressorCoolStage1On,Sleep,
2026-08-03T05:10:00.000Z,Hall AC,73.9,101,41,74,90,135,compressorCoolStage1On,Sleep,
2026-08-03T05:15:00.000Z,Hall AC,73.4,101,41,74,0,0,compressorCoolOff,Sleep,
2026-08-03T05:20:00.000Z,Hall AC,73.7,101,41,74,0,0,compressorCoolOff,Sleep,
2026-08-03T05:25:00.000Z,Hall AC,74.2,101,41,74,225,225,compressorCoolOff,Sleep,
2026-08-03T05:30:00.000Z,Hall AC,74.4,101.8,41,74,300,300,compressorCoolStage1On,Sleep,
2026-08-03T05:35:00.000Z,Hall AC,73.9,101.8,41,74,105,150,compressorCoolStage1On,Sleep,
2026-08-03T05:40:00.000Z,Hall AC,73.4,101.8,41,74,0,0,compressorCoolOff,Sleep,
2026-08-03T05:45:00.000Z,Hall AC,73.6,101.8,41,74,0,0,compressorCoolOff,Sleep,
2026-08-03T05:50:00.000Z,Hall AC,74,101.8,41,74,165,165,compressorCoolOff,Sleep,
2026-08-03T05:55:00.000Z,Hall AC,74.4,101.8,40,74,300,300,compressorCoolStage1On,Sleep,
2026-08-03T06:00:00.000Z,Hall AC,73.9,100.6,40,74,120,165,compressorCoolStage1On,Sleep,
2026-08-03T06:05:00.000Z,Hall AC,73.5,100.6,41,74,0,0,compressorCoolOff,Sleep,
2026-08-03T06:10:00.000Z,Hall AC,73.7,100.6,41,74,0,0,compressorCoolOff,Sleep,
2026-08-03T06:15:00.000Z,Hall AC,74.1,100.6,41,74,210,210,compressorCoolOff,Sleep,
2026-08-03T06:20:00.000Z,Hall AC,74.3,100.6,40,74,300,300,compressorCoolStage1On,Sleep,
2026-08-03T06:25:00.000Z,Hall AC,73.9,100.6,40,74,75,120,compressorCoolStage1On,Sleep,
2026-08-03T06:30:00.000Z,Hall AC,73.4,100,41,74,0,0,compressorCoolOff,Sleep,
2026-08-03T06:35:00.000Z,Hall AC,73.6,100,41,74,0,0,compressorCoolOff,Sleep,
2026-08-03T06:40:00.000Z,Hall AC,74,100,41,74,135,135,compressorCoolOff,Sleep,
2026-08-03T06:45:00.000Z,Hall AC,74.4,100,40,74,300,300,compressorCoolStage1On,Sleep,
2026-08-03T06:50:00.000Z,Hall AC,74.1,100,40,74,195,240,compressorCoolStage1On,Sleep,
2026-08-03T06:55:00.000Z,Hall AC,73.3,100,40,74,0,0,compressorCoolOff,Sleep,
2026-08-03T07:00:00.000Z,Hall AC,73.3,99,41,74,0,0,compressorCoolOff,Sleep,
2026-08-03T07:05:00.000Z,Hall AC,73.7,99,41,74,0,0,compressorCoolOff,Sleep,
2026-08-03T07:10:00.000Z,Hall AC,74.1,99,40,74,210,210,compressorCoolOff,Sleep,
2026-08-03T07:15:00.000Z,Hall AC,74.2,99,40,74,300,300,compressorCoolStage1On,Sleep,
2026-08-03T07:20:00.000Z,Hall AC,73.8,99,40,74,75,120,compressorCoolStage1On,Sleep,
2026-08-03T07:25:00.000Z,Hall AC,73.3,99,40,74,0,0,compressorCoolOff,Sleep,
2026-08-03T07:30:00.000Z,Hall AC,73.5,99,41,74,0,0,compressorCoolOff,Sleep,
2026-08-03T07:35:00.000Z,Hall AC,73.8,99,41,74,30,30,compressorCoolOff,Sleep,
2026-08-03T07:40:00.000Z,Hall AC,74.3,99,40,74,300,300,compressorCoolStage1On,Sleep,
2026-08-03T07:45:00.000Z,Hall AC,74.1,99,40,74,225,270,compressorCoolStage1On,Sleep,
2026-08-03T07:50:00.000Z,Hall AC,73.4,99,40,74,0,0,compressorCoolOff,Sleep,
2026-08-03T07:55:00.000Z,Hall AC,73.3,99,41,74,0,0,compressorCoolOff,Sleep,
2026-08-03T08:00:00.000Z,Hall AC,73.6,97.9,41,74,0,0,compressorCoolOff,Sleep,
2026-08-03T08:05:00.000Z,Hall AC,73.9,97.9,40,74,45,45,compressorCoolOff,Sleep,
2026-08-03T08:10:00.000Z,Hall AC,74.3,97.9,40,74,300,300,compressorCoolStage1On,Sleep,
2026-08-03T08:15:00.000Z,Hall AC,74.2,97.9,40,74,285,300,compressorCoolStage1On,Sleep,
2026-08-03T08:20:00.000Z,Hall AC,73.6,97.9,40,74,0,30,compressorCoolOff,Sleep,
2026-08-03T08:25:00.000Z,Hall AC,73.2,97.9,41,74,0,0,compressorCoolOff,Sleep,
2026-08-03T08:30:00.000Z,Hall AC,73.4,97.9,41,74,0,0,compressorCoolOff,Sleep,
2026-08-03T08:35:00.000Z,Hall AC,73.8,97.9,40,74,0,0,compressorCoolOff,Sleep,
2026-08-03T08:40:00.000Z,Hall AC,74.1,97.9,40,74,225,225,compressorCoolOff,Sleep,
2026-08-03T08:45:00.000Z,Hall AC,74.2,97.9,40,74,255,300,compressorCoolStage1On,Sleep,
2026-08-03T08:50:00.000Z,Hall AC,73.6,97.9,40,74,0,0,compressorCoolOff,Sleep,
2026-08-03T08:55:00.000Z,Hall AC,73.3,97.9,41,74,0,0,compressorCoolOff,Sleep,
2026-08-03T09:00:00.000Z,Hall AC,73.6,97.4,41,74,0,0,compressorCoolOff,Sleep,
2026-08-03T09:05:00.000Z,Hall AC,73.9,97.4,41,74,60,60,compressorCoolOff,Sleep,
2026-08-03T09:10:00.000Z,Hall AC,74.3,97.4,40,74,300,300,compressorCoolStage1On,Sleep,
2026-08-03T09:15:00.000Z,Hall AC,74.1,97.4,40,74,180,225,compressorCoolStage1On,Sleep,
2026-08-03T09:20:00.000Z,Hall AC,73.3,97.4,40,74,0,0,compressorCoolOff,Sleep,
2026-08-03T09:25:00.000Z,Hall AC,73.2,97.4,41,74,0,0,compressorCoolOff,Sleep,
2026-08-03T09:30:00.000Z,Hall AC,73.6,97.4,41,74,0,0,compressorCoolOff,Sleep,
2026-08-03T09:35:00.000Z,Hall AC,74,97.4,40,74,165,165,compressorCoolOff,Sleep,
2026-08-03T09:40:00.000Z,Hall AC,74.2,97.4,40,74,270,300,compressorCoolStage1On,Sleep,
2026-08-03T09:45:00.000Z,Hall AC,73.7,97.4,40,74,0,15,compressorCoolOff,Sleep,
2026-08-03T09:50:00.000Z,Hall AC,73.4,97.4,41,74,0,0,compressorCoolOff,Sleep,
2026-08-03T09:55:00.000Z,Hall AC,73.7,97.4,41,74,0,0,compressorCoolOff,Sleep,
2026-08-03T10:00:00.000Z,Hall AC,73.9,95.5,41,74,30,30,compressorCoolOff,Sleep,
2026-08-03T10:05:00.000Z,Hall AC,74.3,95.5,40,74,300,300,compressorCoolStage1On,Sleep,
2026-08-03T10:10:00.000Z,Hall AC,74.3,95.5,40,74,285,300,compressorCoolStage1On,Sleep,
2026-08-03T10:15:00.000Z,Hall AC,73.5,95.5,40,74,0,30,compressorCoolOff,Sleep,
2026-08-03T10:20:00.000Z,Hall AC,73.1,95.5,41,74,0,0,compressorCoolOff,Sleep,
2026-08-03T10:25:00.000Z,Hall AC,73.3,95.5,41,74,0,0,compressorCoolOff,Sleep,
2026-08-03T10:30:00.000Z,Hall AC,73.7,95.3,41,74,0,0,compressorCoolOff,Sleep,
2026-08-03T10:35:00.000Z,Hall AC,74.1,95.3,40,74,225,225,compressorCoolOff,Sleep,
2026-08-03T10:40:00.000Z,Hall AC,74.2,95.3,40,74,300,300,compressorCoolStage1On,Sleep,
2026-08-03T10:45:00.000Z,Hall AC,73.6,95.3,40,74,15,60,compressorCoolStage1On,Sleep,
2026-08-03T10:50:00.000Z,Hall AC,73.1,95.3,40,74,0,0,compressorCoolOff,Sleep,
2026-08-03T10:55:00.000Z,Hall AC,73.3,95.3,41,74,0,0,compressorCoolOff,Sleep,
2026-08-03T11:00:00.000Z,Hall AC,73.8,94.1,40,74,0,0,compressorCoolOff,Sleep,
2026-08-03T11:05:00.000Z,Hall AC,74,94.1,40,74,90,90,compressorCoolOff,Sleep,
2026-08-03T11:10:00.000Z,Hall AC,74.2,94.1,40,74,300,300,compressorCoolStage1On,Sleep,
2026-08-03T11:15:00.000Z,Hall AC,74,94.1,40,74,150,195,compressorCoolStage1On,Sleep,
2026-08-03T11:20:00.000Z,Hall AC,73.3,94.1,40,74,0,0,compressorCoolOff,Sleep,
2026-08-03T11:25:00.000Z,Hall AC,73.2,94.1,41,74,0,0,compressorCoolOff,Sleep,
2026-08-03T11:30:00.000Z,Hall AC,73.6,94.4,41,74,0,0,compressorCoolOff,Sleep,
2026-08-03T11:35:00.000Z,Hall AC,73.8,94.4,41,74,0,0,compressorCoolOff,Sleep,
2026-08-03T11:40:00.000Z,Hall AC,74.1,94.4,40,74,180,180,compressorCoolOff,Sleep,
2026-08-03T11:45:00.000Z,Hall AC,74.3,94.4,40,74,300,300,compressorCoolStage1On,Sleep,
2026-08-03T11:50:00.000Z,Hall AC,73.9,94.4,40,74,105,150,compressorCoolStage1On,Sleep,
2026-08-03T11:55:00.000Z,Hall AC,73.1,94.4,40,74,0,0,compressorCoolOff,Sleep,
2026-08-03T12:00:00.000Z,Hall AC,73.2,92.8,41,74,0,0,compressorCoolOff,Sleep,
2026-08-03T12:05:00.000Z,Hall AC,73.6,92.8,41,74,0,0,compressorCoolOff,Sleep,
2026-08-03T12:10:00.000Z,Hall AC,73.8,92.8,40,74,0,0,compressorCoolOff,Sleep,
2026-08-03T12:15:00.000Z,Hall AC,74.1,92.8,40,74,225,225,compressorCoolOff,Sleep,
2026-08-03T12:20:00.000Z,Hall AC,74.2,92.8,40,74,300,300,compressorCoolStage1On,Sleep,
2026-08-03T12:25:00.000Z,Hall AC,73.6,92.8,40,74,0,45,compressorCoolOff,Sleep,
2026-08-03T12:30:00.000Z,Hall AC,73.2,92.1,40,74,0,0,compressorCoolOff,Sleep,
2026-08-03T12:35:00.000Z,Hall AC,73.5,92.1,40,74,0,0,compressorCoolOff,Sleep,
2026-08-03T12:40:00.000Z,Hall AC,73.6,92.1,40,74,0,0,compressorCoolOff,Sleep,
2026-08-03T12:45:00.000Z,Hall AC,73.2,92.1,40,74,0,0,compressorCoolOff,Sleep,
2026-08-03T12:50:00.000Z,Hall AC,73.6,92.1,40,74,0,0,compressorCoolOff,Sleep,
2026-08-03T12:55:00.000Z,Hall AC,74.1,92.1,41,74,300,300,compressorCoolStage1On,Sleep,
2026-08-03T13:00:00.000Z,Hall AC,74,0,41,74,120,165,compressorCoolStage1On,Sleep,
2026-08-03T13:05:00.000Z,Hall AC,73.2,0,41,74,0,0,compressorCoolOff,Sleep,
2026-08-03T13:10:00.000Z,Hall AC,73.2,0,40,74,0,0,compressorCoolOff,Sleep,
2026-08-03T13:15:00.000Z,Hall AC,73.8,0,41,74,0,0,compressorCoolOff,Sleep,
2026-08-03T13:20:00.000Z,Hall AC,74,0,41,74,180,180,compressorCoolOff,Sleep,
2026-08-03T13:25:00.000Z,Hall AC,73.9,0,41,74,120,165,compressorCoolStage1On,Sleep,
2026-08-03T13:30:00.000Z,Hall AC,73.8,0,41,74,0,0,compressorCoolOff,Sleep,
2026-08-03T13:35:00.000Z,Hall AC,73.5,0,41,74,0,0,compressorCoolOff,Sleep,
2026-08-03T13:40:00.000Z,Hall AC,74,0,41,74,90,90,compressorCoolOff,Sleep,
2026-08-03T13:45:00.000Z,Hall AC,73.7,0,40,74,210,255,compressorCoolStage1On,Sleep,
2026-08-03T13:50:00.000Z,Hall AC,73.6,0,41,74,0,0,compressorCoolOff,Sleep,
2026-08-03T13:55:00.000Z,Hall AC,73.3,0,41,74,0,0,compressorCoolOff,Sleep,
2026-08-03T14:00:00.000Z,Hall AC,73.5,0,41,74,0,0,compressorCoolOff,Sleep,
2026-08-03T14:05:00.000Z,Hall AC,73.9,0,41,74,60,60,compressorCoolOff,Sleep,
2026-08-03T14:10:00.000Z,Hall AC,73.9,0,41,74,240,285,compressorCoolStage1On,Sleep,
2026-08-03T14:15:00.000Z,Hall AC,73.5,0,41,74,0,0,compressorCoolOff,Sleep,
2026-08-03T14:20:00.000Z,Hall AC,73.5,0,42,74,0,0,compressorCoolOff,Sleep,
2026-08-03T14:25:00.000Z,Hall AC,73.7,0,41,74.3,0,0,compressorCoolOff,Sleep,
2026-08-03T14:30:00.000Z,Hall AC,74,0,41,76,0,0,compressorCoolOff,WFH,
2026-08-03T14:35:00.000Z,Hall AC,74,0,41,76,0,0,compressorCoolOff,WFH,
2026-08-03T14:40:00.000Z,Hall AC,74.4,0,41,76,0,0,compressorCoolOff,WFH,
2026-08-03T14:45:00.000Z,Hall AC,74.4,0,41,76,0,0,compressorCoolOff,WFH,
2026-08-03T14:50:00.000Z,Hall AC,74.7,0,41,76,0,0,compressorCoolOff,WFH,
2026-08-03T14:55:00.000Z,Hall AC,74.7,0,41,76,0,0,compressorCoolOff,WFH,
2026-08-03T15:00:00.000Z,Hall AC,74.9,0,41,76,0,0,compressorCoolOff,WFH,
2026-08-03T15:05:00.000Z,Hall AC,75,0,41,76,0,0,compressorCoolOff,WFH,
2026-08-03T15:10:00.000Z,Hall AC,75.1,0,41,76,0,0,compressorCoolOff,WFH,
2026-08-03T15:15:00.000Z,Hall AC,75.3,0,41,76,0,0,compressorCoolOff,WFH,
2026-08-03T15:20:00.000Z,Hall AC,75.5,0,41,76,0,0,compressorCoolOff,WFH,
2026-08-03T15:25:00.000Z,Hall AC,75.5,0,41,76,0,0,compressorCoolOff,WFH,
2026-08-03T15:30:00.000Z,Hall AC,75.8,0,41,76,0,0,compressorCoolOff,WFH,
2026-08-03T15:35:00.000Z,Hall AC,75.8,0,41,76,0,0,compressorCoolOff,WFH,
2026-08-03T15:40:00.000Z,Hall AC,75.9,0,41,76,0,0,compressorCoolOff,WFH,
2026-08-03T15:45:00.000Z,Hall AC,76.3,0,41,76,285,285,compressorCoolOff,WFH,
2026-08-03T15:50:00.000Z,Hall AC,76.3,0,40,76,300,300,compressorCoolStage1On,WFH,
2026-08-03T15:55:00.000Z,Hall AC,75.9,0,40,76,90,135,compressorCoolStage1On,WFH,
2026-08-03T16:00:00.000Z,Hall AC,75.4,0,41,76,0,0,compressorCoolOff,WFH,
2026-08-03T16:05:00.000Z,Hall AC,75.9,0,43,76,60,60,compressorCoolOff,WFH,
2026-08-03T16:10:00.000Z,Hall AC,76.4,0,43,76,300,300,compressorCoolStage1On,WFH,
2026-08-03T16:15:00.000Z,Hall AC,76.4,0,43,76,300,300,compressorCoolStage1On,WFH,
2026-08-03T16:20:00.000Z,Hall AC,76.2,0,43,76,285,300,compressorCoolStage1On,WFH,
2026-08-03T16:25:00.000Z,Hall AC,75.6,0,43,76,0,30,compressorCoolOff,WFH,
2026-08-03T16:30:00.000Z,Hall AC,75.2,0,45,76,0,0,compressorCoolOff,WFH,
2026-08-03T16:35:00.000Z,Hall AC,75.5,0,46,76,0,0,compressorCoolOff,WFH,
2026-08-03T16:40:00.000Z,Hall AC,76,0,45,76,105,105,compressorCoolOff,WFH,
2026-08-03T16:45:00.000Z,Hall AC,76.7,0,43,76,300,300,compressorCoolStage1On,WFH,
2026-08-03T17:05:00.000Z,Hall AC,76.5,0,42,76,300,300,compressorCoolStage1On,WFH,
2026-08-03T17:10:00.000Z,Hall AC,77.1,0,40,76,300,300,compressorCoolStage1On,WFH,
2026-08-03T17:15:00.000Z,Hall AC,76.4,0,40,76,240,285,compressorCoolStage1On,WFH,
2026-08-03T17:20:00.000Z,Hall AC,75,0,43,76,0,0,compressorCoolOff,WFH,
2026-08-03T17:25:00.000Z,Hall AC,74.4,0,45,76,0,0,compressorCoolOff,WFH,
2026-08-03T17:30:00.000Z,Hall AC,75,0,46,76,0,0,compressorCoolOff,WFH,
2026-08-03T17:35:00.000Z,Hall AC,75.5,0,46,76,0,0,compressorCoolOff,WFH,
2026-08-03T17:40:00.000Z,Hall AC,75.8,0,46,76,0,0,compressorCoolOff,WFH,
2026-08-03T17:45:00.000Z,Hall AC,76.2,0,45,76,255,255,compressorCoolOff,WFH,
2026-08-03T17:50:00.000Z,Hall AC,76.2,0,45,76,300,300,compressorCoolStage1On,WFH,
2026-08-03T17:55:00.000Z,Hall AC,75.8,0,45,76,75,120,compressorCoolStage1On,WFH,
2026-08-03T18:00:00.000Z,Hall AC,75.4,0,46,76,0,0,compressorCoolOff,WFH,
2026-08-03T18:10:00.000Z,Hall AC,77,0,44,76,300,300,compressorCoolStage1On,WFH,
2026-08-03T18:15:00.000Z,Hall AC,77.1,0,43,76,300,300,compressorCoolStage1On,WFH,
2026-08-03T18:20:00.000Z,Hall AC,76.4,0,42,76,270,300,compressorCoolStage1On,WFH,
2026-08-03T18:25:00.000Z,Hall AC,75.9,0,42,76,0,15,compressorCoolOff,WFH,
2026-08-03T18:30:00.000Z,Hall AC,75.8,0,43,76,0,0,compressorCoolOff,WFH,
2026-08-03T18:35:00.000Z,Hall AC,75.8,0,44,76,0,0,compressorCoolOff,WFH,
2026-08-03T18:40:00.000Z,Hall AC,76.2,0,44,76,255,255,compressorCoolOff,WFH,
2026-08-03T18:45:00.000Z,Hall AC,76.3,0,43,76,300,300,compressorCoolStage1On,WFH,
2026-08-03T18:50:00.000Z,Hall AC,75.8,0,43,76,75,120,compressorCoolStage1On,WFH,
2026-08-03T18:55:00.000Z,Hall AC,75.4,0,45,76,0,0,compressorCoolOff,WFH,
2026-08-03T19:00:00.000Z,Hall AC,76,105.2,45,76,135,135,compressorCoolOff,WFH,
2026-08-03T19:05:00.000Z,Hall AC,76.5,105.2,44,76,300,300,compressorCoolStage1On,WFH,
2026-08-03T19:10:00.000Z,Hall AC,76.2,105.2,44,76,300,300,compressorCoolStage1On,WFH,
2026-08-03T19:15:00.000Z,Hall AC,75.7,105.2,44,76,0,45,compressorCoolOff,WFH,
2026-08-03T19:20:00.000Z,Hall AC,75.6,105.2,45,76,0,0,compressorCoolOff,WFH,
2026-08-03T19:25:00.000Z,Hall AC,76.1,105.2,45,76,210,210,compressorCoolOff,WFH,
2026-08-03T19:30:00.000Z,Hall AC,76.4,106,44,76,300,300,compressorCoolStage1On,WFH,
2026-08-03T19:35:00.000Z,Hall AC,76.1,106,44,76,210,255,compressorCoolStage1On,WFH,
2026-08-03T19:40:00.000Z,Hall AC,75.5,106,45,76,0,0,compressorCoolOff,WFH,
2026-08-03T19:45:00.000Z,Hall AC,75.6,106,46,76,0,0,compressorCoolOff,WFH,
2026-08-03T19:50:00.000Z,Hall AC,76.2,106,46,76,240,240,compressorCoolOff,WFH,
2026-08-03T19:55:00.000Z,Hall AC,76.7,106,45,76,300,300,compressorCoolStage1On,WFH,
2026-08-03T20:00:00.000Z,Hall AC,77,106,43,76,300,300,compressorCoolStage1On,WFH,
2026-08-03T20:05:00.000Z,Hall AC,75.9,106,44,76,135,180,compressorCoolStage1On,WFH,
2026-08-03T20:10:00.000Z,Hall AC,75.1,106,46,76,0,0,compressorCoolOff,WFH,
2026-08-03T20:15:00.000Z,Hall AC,75.9,106,44,76,90,90,compressorCoolOff,WFH,
2026-08-03T20:20:00.000Z,Hall AC,76.5,106,43,76,300,300,compressorCoolStage1On,WFH,
2026-08-03T20:25:00.000Z,Hall AC,75.7,106,44,76,300,300,compressorCoolStage1On,WFH,
2026-08-03T20:30:00.000Z,Hall AC,75.2,107,45,76,300,300,compressorCoolStage1On,WFH,(SmartRecovery)
2026-08-03T20:35:00.000Z,Hall AC,75.7,107,44,76,300,300,compressorCoolStage1On,WFH,(SmartRecovery)
2026-08-03T20:40:00.000Z,Hall AC,75.2,107,44,76,300,300,compressorCoolStage1On,WFH,(SmartRecovery)
2026-08-03T20:45:00.000Z,Hall AC,74.3,107,45,76,300,300,compressorCoolStage1On,WFH,(SmartRecovery)
2026-08-03T20:50:00.000Z,Hall AC,74.6,107,44,76,300,300,compressorCoolStage1On,WFH,(SmartRecovery)
2026-08-03T20:55:00.000Z,Hall AC,74.2,107,44,75.8,180,225,compressorCoolStage1On,WFH,(SmartRecovery)
2026-08-03T21:00:00.000Z,Hall AC,74.1,107.6,45,74,120,120,compressorCoolOff,Cooldown,
2026-08-03T21:05:00.000Z,Hall AC,74.4,107.6,45,74,300,300,compressorCoolStage1On,Cooldown,
2026-08-03T21:10:00.000Z,Hall AC,74.7,107.6,45,74,300,300,compressorCoolStage1On,Cooldown,
2026-08-03T21:15:00.000Z,Hall AC,74.2,107.6,45,74,195,240,compressorCoolStage1On,Cooldown,
2026-08-03T21:20:00.000Z,Hall AC,74.1,107.6,45,74,105,105,compressorCoolOff,Cooldown,
2026-08-03T21:25:00.000Z,Hall AC,74.4,107.6,45,74,300,300,compressorCoolStage1On,Cooldown,
2026-08-03T21:30:00.000Z,Hall AC,74.8,107.6,45,74,300,300,compressorCoolStage1On,Cooldown,
2026-08-03T21:35:00.000Z,Hall AC,74.2,107.6,45,74,195,240,compressorCoolStage1On,Cooldown,
2026-08-03T21:40:00.000Z,Hall AC,74.2,107.6,45,74,105,105,compressorCoolOff,Cooldown,
2026-08-03T21:45:00.000Z,Hall AC,74.6,107.6,46,74,300,300,compressorCoolStage1On,Cooldown,
2026-08-03T21:50:00.000Z,Hall AC,74.9,107.6,45,74,300,300,compressorCoolStage1On,Cooldown,
2026-08-03T21:55:00.000Z,Hall AC,74.4,107.6,45,74,300,300,compressorCoolStage1On,Cooldown,
2026-08-03T22:00:00.000Z,Hall AC,74.4,107.9,45,74,300,300,compressorCoolStage1On,Cooldown,
2026-08-03T22:05:00.000Z,Hall AC,74,107.9,45,74,135,180,compressorCoolStage1On,Cooldown,
2026-08-03T22:10:00.000Z,Hall AC,74,107.9,45,74,120,120,compressorCoolOff,Cooldown,
2026-08-03T22:15:00.000Z,Hall AC,74.4,107.9,45,74,300,300,compressorCoolStage1On,Cooldown,
2026-08-03T22:20:00.000Z,Hall AC,74.6,107.9,46,74,300,300,compressorCoolStage1On,Cooldown,
2026-08-03T22:25:00.000Z,Hall AC,74.2,107.9,46,74,210,255,compressorCoolStage1On,Cooldown,
2026-08-03T22:30:00.000Z,Hall AC,74.2,107.9,45,74,90,90,compressorCoolOff,Cooldown,
2026-08-03T22:35:00.000Z,Hall AC,74.8,107.9,45,74,300,300,compressorCoolStage1On,Cooldown,
2026-08-03T22:40:00.000Z,Hall AC,75.2,107.9,45,74,300,300,compressorCoolStage1On,Cooldown,
2026-08-03T22:45:00.000Z,Hall AC,75.2,107.9,44,74,300,300,compressorCoolStage1On,Cooldown,
2026-08-03T22:50:00.000Z,Hall AC,75.3,107.9,43,74,300,300,compressorCoolStage1On,Cooldown,
2026-08-03T22:55:00.000Z,Hall AC,75.2,107.9,43,74.1,300,300,compressorCoolStage1On,Cooldown,
2026-08-03T23:00:00.000Z,Hall AC,75,107.9,44,75,150,195,compressorCoolStage1On,Home,
2026-08-03T23:05:00.000Z,Hall AC,74.4,107.9,44,75,0,0,compressorCoolOff,Home,
2026-08-03T23:10:00.000Z,Hall AC,74.3,107.9,45,75,0,0,compressorCoolOff,Home,
2026-08-03T23:15:00.000Z,Hall AC,74.8,107.9,45,75,60,60,compressorCoolOff,Home,
2026-08-03T23:20:00.000Z,Hall AC,75.9,107.9,44,75,300,300,compressorCoolStage1On,Home,
2026-08-03T23:25:00.000Z,Hall AC,76.3,107.9,44,75,300,300,compressorCoolStage1On,Home,
2026-08-03T23:30:00.000Z,Hall AC,75.8,107.9,44,75,300,300,compressorCoolStage1On,Home,
2026-08-03T23:35:00.000Z,Hall AC,75,107.9,45,75,135,180,compressorCoolStage1On,Home,
2026-08-03T23:40:00.000Z,Hall AC,74.3,107.9,45,75,0,0,compressorCoolOff,Home,
2026-08-03T23:45:00.000Z,Hall AC,74.4,107.9,47,75,0,0,compressorCoolOff,Home,
2026-08-03T23:50:00.000Z,Hall AC,75.1,107.9,46,75,150,150,compressorCoolOff,Home,
2026-08-03T23:55:00.000Z,Hall AC,76.1,107.9,45,75,300,300,compressorCoolStage1On,Home,
2026-08-04T00:00:00.000Z,Hall AC,76.3,109.8,44,75,300,300,compressorCoolStage1On,Home,
2026-08-04T00:05:00.000Z,Hall AC,76.1,109.8,44,75,300,300,compressorCoolStage1On,Home,
2026-08-04T00:10:00.000Z,Hall AC,75.6,109.8,44,75,300,300,compressorCoolStage1On,Home,
2026-08-04T00:15:00.000Z,Hall AC,75.4,109.8,44,75,300,300,compressorCoolStage1On,Home,
2026-08-04T00:20:00.000Z,Hall AC,75.2,109.8,45,75,300,300,compressorCoolStage1On,Home,
2026-08-04T00:25:00.000Z,Hall AC,75.1,109.8,44,75,300,300,compressorCoolStage1On,Home,
2026-08-04T00:30:00.000Z,Hall AC,75,109.8,44,75,165,210,compressorCoolStage1On,Home,
2026-08-04T00:35:00.000Z,Hall AC,74.6,109.8,44,75,0,0,compressorCoolOff,Home,
2026-08-04T00:40:00.000Z,Hall AC,74.7,109.8,44,75,0,0,compressorCoolOff,Home,
2026-08-04T00:45:00.000Z,Hall AC,75.3,109.8,44,75,240,240,compressorCoolOff,Home,
2026-08-04T00:50:00.000Z,Hall AC,75.9,109.8,43,75,300,300,compressorCoolStage1On,Home,
2026-08-04T00:55:00.000Z,Hall AC,75.6,109.8,42,75,300,300,compressorCoolStage1On,Home,
2026-08-04T01:00:00.000Z,Hall AC,75.1,109.2,42,75,195,240,compressorCoolStage1On,Home,
2026-08-04T01:05:00.000Z,Hall AC,74.9,109.2,43,75,0,0,compressorCoolOff,Home,
2026-08-04T01:10:00.000Z,Hall AC,74.8,109.2,44,75,15,15,compressorCoolOff,Home,
2026-08-04T01:15:00.000Z,Hall AC,75.4,109.2,44,75,300,300,compressorCoolStage1On,Home,
2026-08-04T01:20:00.000Z,Hall AC,75.5,109.2,42,75,300,300,compressorCoolStage1On,Home,
2026-08-04T01:25:00.000Z,Hall AC,75.1,109.2,42,75,225,270,compressorCoolStage1On,Home,
2026-08-04T01:30:00.000Z,Hall AC,75,109,43,75,0,0,compressorCoolOff,Home,
2026-08-04T01:35:00.000Z,Hall AC,74.9,109,44,75,15,15,compressorCoolOff,Home,
2026-08-04T01:40:00.000Z,Hall AC,75.5,109,43,75,300,300,compressorCoolStage1On,Home,
2026-08-04T01:45:00.000Z,Hall AC,75.7,109,42,75,300,300,compressorCoolStage1On,Home,
2026-08-04T01:50:00.000Z,Hall AC,75.2,109,42,75,255,300,compressorCoolStage1On,Home,
2026-08-04T01:55:00.000Z,Hall AC,74.9,109,42,75,0,0,compressorCoolOff,Home,
2026-08-04T02:00:00.000Z,Hall AC,74.8,107.2,44,75,0,0,compressorCoolOff,Home,
2026-08-04T02:05:00.000Z,Hall AC,75.4,107.2,43,75,285,285,compressorCoolOff,Home,
2026-08-04T02:10:00.000Z,Hall AC,75.4,107.2,42,75,300,300,compressorCoolStage1On,Home,
2026-08-04T02:15:00.000Z,Hall AC,75.1,107.2,42,75,180,225,compressorCoolStage1On,Home,
2026-08-04T02:20:00.000Z,Hall AC,74.8,107.2,42,75,0,0,compressorCoolOff,Home,
2026-08-04T02:25:00.000Z,Hall AC,74.8,107.2,44,75,15,15,compressorCoolOff,Home,
2026-08-04T02:30:00.000Z,Hall AC,75.5,107.2,43,75,300,300,compressorCoolStage1On,Home,
2026-08-04T02:35:00.000Z,Hall AC,75.4,107.2,42,75,300,300,compressorCoolStage1On,Home,
2026-08-04T02:40:00.000Z,Hall AC,75,107.2,42,75,105,150,compressorCoolStage1On,Home,
2026-08-04T02:45:00.000Z,Hall AC,74.8,107.2,43,75,0,0,compressorCoolOff,Home,
2026-08-04T02:50:00.000Z,Hall AC,75.1,107.2,43,75,180,180,compressorCoolOff,Home,
2026-08-04T02:55:00.000Z,Hall AC,75.3,107.2,43,75,300,300,compressorCoolStage1On,Home,
2026-08-04T03:00:00.000Z,Hall AC,75.3,105,43,75,300,300,compressorCoolStage1On,Home,
2026-08-04T03:05:00.000Z,Hall AC,75.1,105,42,75,255,300,compressorCoolStage1On,Home,
2026-08-04T03:10:00.000Z,Hall AC,74.7,105,43,75,0,0,compressorCoolOff,Home,
2026-08-04T03:15:00.000Z,Hall AC,74.3,105,42,75,0,0,compressorCoolOff,Home,
2026-08-04T03:20:00.000Z,Hall AC,74.5,105,42,75,0,0,compressorCoolOff,Home,
2026-08-04T03:25:00.000Z,Hall AC,75,105,42,75,180,180,compressorCoolOff,Home,
2026-08-04T03:30:00.000Z,Hall AC,75.3,105,42,75,300,300,compressorCoolStage1On,Home,
2026-08-04T03:35:00.000Z,Hall AC,75,105,42,75,165,210,compressorCoolStage1On,Home,
2026-08-04T03:40:00.000Z,Hall AC,74.5,105,42,75,0,0,compressorCoolOff,Home,
2026-08-04T03:45:00.000Z,Hall AC,74.4,105,42,75,0,0,compressorCoolOff,Home,
2026-08-04T03:50:00.000Z,Hall AC,74.9,105,42,75,75,75,compressorCoolOff,Home,
2026-08-04T03:55:00.000Z,Hall AC,75.2,105,42,75,300,300,compressorCoolStage1On,Home,
2026-08-04T04:00:00.000Z,Hall AC,74.8,102.3,41,75,0,45,compressorCoolOff,Home,
2026-08-04T04:05:00.000Z,Hall AC,74.4,102.3,42,75,0,0,compressorCoolOff,Home,
2026-08-04T04:10:00.000Z,Hall AC,74.5,102.3,41,75,0,0,compressorCoolOff,Home,
2026-08-04T04:15:00.000Z,Hall AC,74.8,102.3,41,75,135,135,compressorCoolOff,Home,
2026-08-04T04:20:00.000Z,Hall AC,75,102.3,41,75,300,300,compressorCoolStage1On,Home,(SmartRecovery)
2026-08-04T04:25:00.000Z,Hall AC,74.8,102.3,41,74.9,300,300,compressorCoolStage1On,Home,(SmartRecovery)
2026-08-04T04:30:00.000Z,Hall AC,74.4,103.8,41,74,300,300,compressorCoolStage1On,Sleep,
2026-08-04T04:35:00.000Z,Hall AC,74,103.8,42,74,225,270,compressorCoolStage1On,Sleep,
2026-08-04T04:40:00.000Z,Hall AC,73.4,103.8,42,74,0,0,compressorCoolOff,Sleep,
2026-08-04T04:45:00.000Z,Hall AC,73.3,103.8,42,74,0,0,compressorCoolOff,Sleep,
2026-08-04T04:50:00.000Z,Hall AC,73.6,103.8,41,74,0,0,compressorCoolOff,Sleep,
2026-08-04T04:55:00.000Z,Hall AC,73.8,103.8,40,74,0,0,compressorCoolOff,Sleep,
2026-08-04T05:00:00.000Z,Hall AC,74.1,101.3,40,74,180,180,compressorCoolOff,Sleep,
2026-08-04T05:05:00.000Z,Hall AC,74.5,101.3,40,74,300,300,compressorCoolStage1On,Sleep,
2026-08-04T05:10:00.000Z,Hall AC,74,101.3,40,74,90,135,compressorCoolStage1On,Sleep,
2026-08-04T05:15:00.000Z,Hall AC,73.5,101.3,41,74,0,0,compressorCoolOff,Sleep,
2026-08-04T05:20:00.000Z,Hall AC,73.6,101.3,40,74,0,0,compressorCoolOff,Sleep,
2026-08-04T05:25:00.000Z,Hall AC,73.8,101.3,40,74,0,0,compressorCoolOff,Sleep,
2026-08-04T05:30:00.000Z,Hall AC,74.1,101.3,40,74,180,180,compressorCoolOff,Sleep,
2026-08-04T05:35:00.000Z,Hall AC,74.5,101.3,40,74,300,300,compressorCoolStage1On,Sleep,
2026-08-04T05:40:00.000Z,Hall AC,74,101.3,40,74,60,105,compressorCoolStage1On,Sleep,
2026-08-04T05:45:00.000Z,Hall AC,73.7,101.3,41,74,0,0,compressorCoolOff,Sleep,
2026-08-04T05:50:00.000Z,Hall AC,74.1,101.3,41,74,285,285,compressorCoolOff,Sleep,
2026-08-04T05:55:00.000Z,Hall AC,73.9,101.3,40,74,15,60,compressorCoolStage1On,Sleep,
2026-08-04T06:00:00.000Z,Hall AC,74.1,94.5,42,74,285,285,compressorCoolOff,Sleep,
2026-08-04T06:05:00.000Z,Hall AC,74.1,94.5,42,74,300,300,compressorCoolStage1On,Sleep,
2026-08-04T06:10:00.000Z,Hall AC,73.7,94.5,42,74,60,105,compressorCoolStage1On,Sleep,
2026-08-04T06:15:00.000Z,Hall AC,73,94.5,42,74,0,0,compressorCoolOff,Sleep,
2026-08-04T06:20:00.000Z,Hall AC,73.1,94.5,42,74,0,0,compressorCoolOff,Sleep,
2026-08-04T06:25:00.000Z,Hall AC,73.5,94.5,42,74,0,0,compressorCoolOff,Sleep,
2026-08-04T06:30:00.000Z,Hall AC,73.7,94.5,42,74,0,0,compressorCoolOff,Sleep,
2026-08-04T06:35:00.000Z,Hall AC,74,94.5,42,74,240,240,compressorCoolOff,Sleep,
2026-08-04T06:40:00.000Z,Hall AC,74.1,94.5,42,74,300,300,compressorCoolStage1On,Sleep,
2026-08-04T06:45:00.000Z,Hall AC,73.7,94.5,42,74,30,75,compressorCoolStage1On,Sleep,
2026-08-04T06:50:00.000Z,Hall AC,73.2,94.5,43,74,0,0,compressorCoolOff,Sleep,
2026-08-04T06:55:00.000Z,Hall AC,73.6,94.5,44,74,0,0,compressorCoolOff,Sleep,
2026-08-04T07:00:00.000Z,Hall AC,74,0,42,74,165,165,compressorCoolOff,Sleep,
2026-08-04T07:05:00.000Z,Hall AC,74.2,0,42,74,300,300,compressorCoolStage1On,Sleep,
2026-08-04T07:10:00.000Z,Hall AC,73.8,0,43,74,75,120,compressorCoolStage1On,Sleep,
2026-08-04T07:15:00.000Z,Hall AC,73.1,0,44,74,0,0,compressorCoolOff,Sleep,
2026-08-04T07:20:00.000Z,Hall AC,73.4,0,44,74,0,0,compressorCoolOff,Sleep,
2026-08-04T07:25:00.000Z,Hall AC,73.8,0,44,74,0,0,compressorCoolOff,Sleep,
2026-08-04T07:30:00.000Z,Hall AC,74.3,0,43,74,285,285,compressorCoolOff,Sleep,
2026-08-04T07:35:00.000Z,Hall AC,74.3,0,43,74,300,300,compressorCoolStage1On,Sleep,
2026-08-04T07:40:00.000Z,Hall AC,73.5,0,44,74,0,45,compressorCoolOff,Sleep,
2026-08-04T07:45:00.000Z,Hall AC,73,0,44,74,0,0,compressorCoolOff,Sleep,
2026-08-04T07:50:00.000Z,Hall AC,73.1,0,42,74,0,0,compressorCoolOff,Sleep,
2026-08-04T07:55:00.000Z,Hall AC,73.5,0,42,74,0,0,compressorCoolOff,Sleep,
2026-08-04T08:00:00.000Z,Hall AC,74,0,42,74,180,180,compressorCoolOff,Sleep,
2026-08-04T08:05:00.000Z,Hall AC,74.2,0,42,74,300,300,compressorCoolStage1On,Sleep,
2026-08-04T08:10:00.000Z,Hall AC,73.7,0,42,74,75,120,compressorCoolStage1On,Sleep,
2026-08-04T08:15:00.000Z,Hall AC,73,0,42,74,0,0,compressorCoolOff,Sleep,
2026-08-04T08:20:00.000Z,Hall AC,73.2,0,42,74,0,0,compressorCoolOff,Sleep,
2026-08-04T08:25:00.000Z,Hall AC,73.6,0,42,74,0,0,compressorCoolOff,Sleep,
2026-08-04T08:30:00.000Z,Hall AC,74,0,42,74,165,165,compressorCoolOff,Sleep,
2026-08-04T08:35:00.000Z,Hall AC,74.2,0,42,74,300,300,compressorCoolStage1On,Sleep,
2026-08-04T08:40:00.000Z,Hall AC,73.4,0,42,74,15,60,compressorCoolStage1On,Sleep,
2026-08-04T08:45:00.000Z,Hall AC,72.9,0,42,74,0,0,compressorCoolOff,Sleep,
2026-08-04T08:50:00.000Z,Hall AC,73.2,0,42,74,0,0,compressorCoolOff,Sleep,
2026-08-04T08:55:00.000Z,Hall AC,73.5,0,42,74,0,0,compressorCoolOff,Sleep,
2026-08-04T09:00:00.000Z,Hall AC,73.6,0,41,74,0,0,compressorCoolOff,Sleep,
2026-08-04T09:05:00.000Z,Hall AC,73.8,0,40,74,75,75,compressorCoolOff,Sleep,
2026-08-04T09:10:00.000Z,Hall AC,74.4,0,42,74,300,300,compressorCoolStage1On,Sleep,
2026-08-04T09:15:00.000Z,Hall AC,73.9,0,42,74,165,210,compressorCoolStage1On,Sleep,
2026-08-04T09:20:00.000Z,Hall AC,73,0,42,74,0,0,compressorCoolOff,Sleep,
2026-08-04T09:25:00.000Z,Hall AC,73.1,0,42,74,0,0,compressorCoolOff,Sleep,
2026-08-04T09:30:00.000Z,Hall AC,73.3,0,42,74,0,0,compressorCoolOff,Sleep,
2026-08-04T09:35:00.000Z,Hall AC,73.5,0,41,74,0,0,compressorCoolOff,Sleep,
2026-08-04T09:40:00.000Z,Hall AC,73.8,0,41,74,90,90,compressorCoolOff,Sleep,
2026-08-04T09:45:00.000Z,Hall AC,74.2,0,42,74,300,300,compressorCoolStage1On,Sleep,
2026-08-04T09:50:00.000Z,Hall AC,73.8,0,42,74,120,165,compressorCoolStage1On,Sleep,
2026-08-04T09:55:00.000Z,Hall AC,72.9,0,42,74,0,0,compressorCoolOff,Sleep,
2026-08-04T10:00:00.000Z,Hall AC,73.1,0,42,74,0,0,compressorCoolOff,Sleep,
2026-08-04T10:05:00.000Z,Hall AC,73.3,0,41,74,0,0,compressorCoolOff,Sleep,
2026-08-04T10:10:00.000Z,Hall AC,73.6,0,41,74,0,0,compressorCoolOff,Sleep,
2026-08-04T10:15:00.000Z,Hall AC,74.1,0,42,74,240,240,compressorCoolOff,Sleep,
2026-08-04T10:20:00.000Z,Hall AC,74.1,0,42,74,210,255,compressorCoolStage1On,Sleep,
2026-08-04T10:25:00.000Z,Hall AC,73,0,42,74,0,0,compressorCoolOff,Sleep,
2026-08-04T10:30:00.000Z,Hall AC,72.9,0,42,74,0,0,compressorCoolOff,Sleep,
2026-08-04T10:35:00.000Z,Hall AC,73.3,0,42,74,0,0,compressorCoolOff,Sleep,
2026-08-04T10:40:00.000Z,Hall AC,73.5,0,41,74,0,0,compressorCoolOff,Sleep,
2026-08-04T10:45:00.000Z,Hall AC,73.6,0,40,74,0,0,compressorCoolOff,Sleep,
2026-08-04T10:50:00.000Z,Hall AC,73.7,0,40,74,0,0,compressorCoolOff,Sleep,
2026-08-04T10:55:00.000Z,Hall AC,73.8,0,40,74,0,0,compressorCoolOff,Sleep,
2026-08-04T11:00:00.000Z,Hall AC,73.8,87.1,40,74,0,0,compressorCoolOff,Sleep,
2026-08-04T11:05:00.000Z,Hall AC,74,87.1,40,74,210,210,compressorCoolOff,Sleep,
2026-08-04T11:10:00.000Z,Hall AC,74.2,87.1,40,74,300,300,compressorCoolStage1On,Sleep,
2026-08-04T11:15:00.000Z,Hall AC,73.4,87.1,41,74,30,75,compressorCoolStage1On,Sleep,
2026-08-04T11:20:00.000Z,Hall AC,72.8,87.1,41,74,0,0,compressorCoolOff,Sleep,
2026-08-04T11:25:00.000Z,Hall AC,73.2,87.1,42,74,0,0,compressorCoolOff,Sleep,
2026-08-04T11:30:00.000Z,Hall AC,73.3,86.3,40,74,0,0,compressorCoolOff,Sleep,
2026-08-04T11:35:00.000Z,Hall AC,73.4,86.3,40,74,0,0,compressorCoolOff,Sleep,
2026-08-04T11:40:00.000Z,Hall AC,73.6,86.3,40,74,0,0,compressorCoolOff,Sleep,
2026-08-04T11:45:00.000Z,Hall AC,73.8,86.3,40,74,0,0,compressorCoolOff,Sleep,
2026-08-04T11:50:00.000Z,Hall AC,73.8,86.3,40,74,0,0,compressorCoolOff,Sleep,
2026-08-04T11:55:00.000Z,Hall AC,73.9,86.3,40,74,165,165,compressorCoolOff,Sleep,
2026-08-04T12:00:00.000Z,Hall AC,74.2,86.3,40,74,255,300,compressorCoolStage1On,Sleep,
2026-08-04T12:05:00.000Z,Hall AC,73.3,86.3,41,74,0,0,compressorCoolOff,Sleep,
2026-08-04T12:10:00.000Z,Hall AC,72.9,86.3,41,74,0,0,compressorCoolOff,Sleep,
2026-08-04T12:15:00.000Z,Hall AC,73.1,86.3,41,74,0,0,compressorCoolOff,Sleep,
2026-08-04T12:20:00.000Z,Hall AC,73.3,86.3,40,74,0,0,compressorCoolOff,Sleep,
2026-08-04T12:25:00.000Z,Hall AC,73.4,86.3,40,74,0,0,compressorCoolOff,Sleep,
2026-08-04T12:30:00.000Z,Hall AC,73.6,87.3,39,74,0,0,compressorCoolOff,Sleep,
2026-08-04T12:35:00.000Z,Hall AC,73.6,87.3,39,74,0,0,compressorCoolOff,Sleep,
2026-08-04T12:40:00.000Z,Hall AC,73.8,87.3,39,74,60,60,compressorCoolOff,Sleep,
2026-08-04T12:45:00.000Z,Hall AC,74.1,87.3,40,74,240,285,compressorCoolStage1On,Sleep,
2026-08-04T12:50:00.000Z,Hall AC,73.5,87.3,41,74,0,0,compressorCoolOff,Sleep,
2026-08-04T12:55:00.000Z,Hall AC,73.3,87.3,41,74,0,0,compressorCoolOff,Sleep,
2026-08-04T13:00:00.000Z,Hall AC,73.2,86.7,40,74,0,0,compressorCoolOff,Sleep,
2026-08-04T13:05:00.000Z,Hall AC,73.4,86.7,40,74,0,0,compressorCoolOff,Sleep,
2026-08-04T13:10:00.000Z,Hall AC,73.8,86.7,41,74,45,45,compressorCoolOff,Sleep,
2026-08-04T13:15:00.000Z,Hall AC,74.3,86.7,41,74,300,300,compressorCoolStage1On,Sleep,
2026-08-04T13:20:00.000Z,Hall AC,74.2,86.7,41,74,300,300,compressorCoolStage1On,Sleep,
2026-08-04T13:25:00.000Z,Hall AC,73.8,86.7,42,74,105,150,compressorCoolStage1On,Sleep,
2026-08-04T13:30:00.000Z,Hall AC,73.1,86.7,42,74,0,0,compressorCoolOff,Sleep,
2026-08-04T13:35:00.000Z,Hall AC,73.3,86.7,43,74,0,0,compressorCoolOff,Sleep,
2026-08-04T13:40:00.000Z,Hall AC,73.7,86.7,43,74,0,0,compressorCoolOff,Sleep,
2026-08-04T13:45:00.000Z,Hall AC,74,86.7,43,74,240,240,compressorCoolOff,Sleep,
2026-08-04T13:50:00.000Z,Hall AC,73.5,86.7,42,74,60,105,compressorCoolStage1On,Sleep,
2026-08-04T13:55:00.000Z,Hall AC,73.2,86.7,43,74,0,0,compressorCoolOff,Sleep,
2026-08-04T14:00:00.000Z,Hall AC,73.7,87.6,45,74,15,15,compressorCoolOff,Sleep,
2026-08-04T14:05:00.000Z,Hall AC,73.9,87.6,44,74,285,300,compressorCoolStage1On,Sleep,
2026-08-04T14:10:00.000Z,Hall AC,72.8,87.6,44,74,0,30,compressorCoolOff,Sleep,
2026-08-04T14:15:00.000Z,Hall AC,73,87.6,45,74,0,0,compressorCoolOff,Sleep,
2026-08-04T14:20:00.000Z,Hall AC,73.8,87.6,45,74,60,60,compressorCoolOff,Sleep,
2026-08-04T14:25:00.000Z,Hall AC,74,87.6,44,74.1,240,285,compressorCoolStage1On,Sleep,
2026-08-04T14:30:00.000Z,Hall AC,73,87.6,45,76,0,0,compressorCoolOff,WFH,
2026-08-04T14:35:00.000Z,Hall AC,73.1,87.6,45,76,0,0,compressorCoolOff,WFH,
2026-08-04T14:40:00.000Z,Hall AC,73.8,87.6,44,76,0,0,compressorCoolOff,WFH,
2026-08-04T14:45:00.000Z,Hall AC,74.4,87.6,43,76,0,0,compressorCoolOff,WFH,
2026-08-04T14:50:00.000Z,Hall AC,74.9,87.6,43,76,0,0,compressorCoolOff,WFH,
2026-08-04T14:55:00.000Z,Hall AC,75.2,87.6,42,76,0,0,compressorCoolOff,WFH,
2026-08-04T15:00:00.000Z,Hall AC,75.3,89.7,42,76,0,0,compressorCoolOff,WFH,
2026-08-04T15:05:00.000Z,Hall AC,75.4,89.7,41,76,0,0,compressorCoolOff,WFH,
2026-08-04T15:10:00.000Z,Hall AC,75.8,89.7,42,76,0,0,compressorCoolOff,WFH,
2026-08-04T15:15:00.000Z,Hall AC,76,89.7,42,76,150,150,compressorCoolOff,WFH,
2026-08-04T15:20:00.000Z,Hall AC,76.1,89.7,41,76,300,300,compressorCoolStage1On,WFH,
2026-08-04T15:25:00.000Z,Hall AC,76,89.7,41,76,180,225,compressorCoolStage1On,WFH,
2026-08-04T15:30:00.000Z,Hall AC,75.3,89.7,41,76,0,0,compressorCoolOff,WFH,
2026-08-04T15:35:00.000Z,Hall AC,75,89.7,42,76,0,0,compressorCoolOff,WFH,
2026-08-04T15:40:00.000Z,Hall AC,75.2,89.7,43,76,0,0,compressorCoolOff,WFH,
2026-08-04T15:45:00.000Z,Hall AC,75.5,89.7,43,76,0,0,compressorCoolOff,WFH,
2026-08-04T15:50:00.000Z,Hall AC,75.7,89.7,43,76,0,0,compressorCoolOff,WFH,
2026-08-04T15:55:00.000Z,Hall AC,75.8,89.7,42,76,90,90,compressorCoolOff,WFH,
2026-08-04T16:00:00.000Z,Hall AC,76.2,92.2,41,76,300,300,compressorCoolStage1On,WFH,
2026-08-04T16:05:00.000Z,Hall AC,76.1,92.2,41,76,255,300,compressorCoolStage1On,WFH,
2026-08-04T16:10:00.000Z,Hall AC,75.5,92.2,41,76,0,0,compressorCoolOff,WFH,
2026-08-04T16:15:00.000Z,Hall AC,75.2,92.2,43,76,0,0,compressorCoolOff,WFH,
2026-08-04T16:20:00.000Z,Hall AC,75.4,92.2,44,76,0,0,compressorCoolOff,WFH,
2026-08-04T16:25:00.000Z,Hall AC,75.7,92.2,43,76,0,0,compressorCoolOff,WFH,
2026-08-04T16:30:00.000Z,Hall AC,75.9,92.2,43,76,60,60,compressorCoolOff,WFH,
2026-08-04T16:35:00.000Z,Hall AC,76.2,92.2,42,76,300,300,compressorCoolStage1On,WFH,
2026-08-04T16:40:00.000Z,Hall AC,75.9,92.2,41,76,90,135,compressorCoolStage1On,WFH,
2026-08-04T16:45:00.000Z,Hall AC,75.3,92.2,42,76,0,0,compressorCoolOff,WFH,
2026-08-04T16:50:00.000Z,Hall AC,75.5,92.2,43,76,0,0,compressorCoolOff,WFH,
2026-08-04T16:55:00.000Z,Hall AC,75.9,92.2,43,76,15,15,compressorCoolOff,WFH,
2026-08-04T17:00:00.000Z,Hall AC,76.4,95,42,76,300,300,compressorCoolStage1On,WFH,
2026-08-04T17:05:00.000Z,Hall AC,76.6,95,41,76,285,300,compressorCoolStage1On,WFH,
2026-08-04T17:10:00.000Z,Hall AC,75.1,95,42,76,0,30,compressorCoolOff,WFH,
2026-08-04T17:15:00.000Z,Hall AC,74.6,95,43,76,0,0,compressorCoolOff,WFH,
2026-08-04T17:20:00.000Z,Hall AC,74.9,95,44,76,0,0,compressorCoolOff,WFH,
2026-08-04T17:25:00.000Z,Hall AC,75.5,95,45,76,0,0,compressorCoolOff,WFH,
2026-08-04T17:30:00.000Z,Hall AC,75.9,94.9,44,76,60,60,compressorCoolOff,WFH,
2026-08-04T17:35:00.000Z,Hall AC,76.9,94.9,43,76,300,300,compressorCoolStage1On,WFH,
2026-08-04T17:40:00.000Z,Hall AC,76.5,94.9,42,76,240,285,compressorCoolStage1On,WFH,
2026-08-04T17:45:00.000Z,Hall AC,74.9,94.9,43,76,0,0,compressorCoolOff,WFH,
2026-08-04T17:50:00.000Z,Hall AC,74.6,94.9,45,76,0,0,compressorCoolOff,WFH,
2026-08-04T17:55:00.000Z,Hall AC,75.2,94.9,45,76,0,0,compressorCoolOff,WFH,
2026-08-04T18:00:00.000Z,Hall AC,75.7,96.1,44,76,0,0,compressorCoolOff,WFH,
2026-08-04T18:05:00.000Z,Hall AC,76.3,96.1,44,76,270,270,compressorCoolOff,WFH,
2026-08-04T18:10:00.000Z,Hall AC,77,96.1,42,76,300,300,compressorCoolStage1On,WFH,
2026-08-04T18:15:00.000Z,Hall AC,76,96.1,42,76,180,225,compressorCoolStage1On,WFH,
2026-08-04T18:20:00.000Z,Hall AC,74.6,96.1,43,76,0,0,compressorCoolOff,WFH,
2026-08-04T18:25:00.000Z,Hall AC,74.5,96.1,44,76,0,0,compressorCoolOff,WFH,
2026-08-04T18:30:00.000Z,Hall AC,75.2,97.9,44,76,0,0,compressorCoolOff,WFH,
2026-08-04T18:35:00.000Z,Hall AC,75.8,97.9,44,76,15,15,compressorCoolOff,WFH,
2026-08-04T18:40:00.000Z,Hall AC,76.5,97.9,43,76,300,300,compressorCoolStage1On,WFH,
2026-08-04T18:45:00.000Z,Hall AC,76.9,97.9,42,76,300,300,compressorCoolStage1On,WFH,
2026-08-04T18:50:00.000Z,Hall AC,75.4,97.9,42,76,75,120,compressorCoolStage1On,WFH,
2026-08-04T18:55:00.000Z,Hall AC,74.5,97.9,44,76,0,0,compressorCoolOff,WFH,
2026-08-04T19:00:00.000Z,Hall AC,74.8,99.2,45,76,0,0,compressorCoolOff,WFH,
2026-08-04T19:05:00.000Z,Hall AC,75.5,99.2,45,76,0,0,compressorCoolOff,WFH,
2026-08-04T19:10:00.000Z,Hall AC,76.1,99.2,44,76,150,150,compressorCoolOff,WFH,
2026-08-04T19:15:00.000Z,Hall AC,77.1,99.2,42,76,300,300,compressorCoolStage1On,WFH,
2026-08-04T19:20:00.000Z,Hall AC,76.3,99.2,42,76,225,270,compressorCoolStage1On,WFH,
2026-08-04T19:25:00.000Z,Hall AC,74.8,99.2,43,76,0,0,compressorCoolOff,WFH,
2026-08-04T19:30:00.000Z,Hall AC,74.7,99.2,44,76,0,0,compressorCoolOff,WFH,
2026-08-04T19:35:00.000Z,Hall AC,75.3,99.2,45,76,0,0,compressorCoolOff,WFH,
2026-08-04T19:40:00.000Z,Hall AC,75.9,99.2,44,76,75,75,compressorCoolOff,WFH,
2026-08-04T19:45:00.000Z,Hall AC,76.9,99.2,42,76,300,300,compressorCoolStage1On,WFH,
2026-08-04T19:50:00.000Z,Hall AC,76.4,99.2,42,76,255,300,compressorCoolStage1On,WFH,
2026-08-04T19:55:00.000Z,Hall AC,74.9,99.2,43,76,0,0,compressorCoolOff,WFH,
2026-08-04T20:00:00.000Z,Hall AC,74.7,100.4,44,76,0,0,compressorCoolOff,WFH,
2026-08-04T20:05:00.000Z,Hall AC,75.4,100.4,45,76,0,0,compressorCoolOff,WFH,
2026-08-04T20:10:00.000Z,Hall AC,76,100.4,45,76,135,135,compressorCoolOff,WFH,
2026-08-04T20:15:00.000Z,Hall AC,76.6,100.4,43,76,300,300,compressorCoolStage1On,WFH,
2026-08-04T20:20:00.000Z,Hall AC,76.3,100.4,42,76,300,300,compressorCoolStage1On,WFH,
2026-08-04T20:25:00.000Z,Hall AC,76.5,100.4,42,76,300,300,compressorCoolStage1On,WFH,
2026-08-04T20:30:00.000Z,Hall AC,75.7,100.4,41,76,300,300,compressorCoolStage1On,WFH,
2026-08-04T20:35:00.000Z,Hall AC,74.9,100.4,42,76,300,300,compressorCoolStage1On,WFH,(SmartRecovery)
2026-08-04T20:40:00.000Z,Hall AC,74.3,100.4,43,76,300,300,compressorCoolStage1On,WFH,(SmartRecovery)
2026-08-04T20:45:00.000Z,Hall AC,73.7,100.4,43,76,30,75,compressorCoolStage1On,WFH,(SmartRecovery)
2026-08-04T20:50:00.000Z,Hall AC,72.5,100.4,45,76,0,0,compressorCoolOff,WFH,
2026-08-04T20:55:00.000Z,Hall AC,72.8,100.4,46,75.9,0,0,compressorCoolOff,WFH,
2026-08-04T21:00:00.000Z,Hall AC,74.2,101,44,74,180,180,compressorCoolOff,Cooldown,
2026-08-04T21:05:00.000Z,Hall AC,75.6,101,44,74,300,300,compressorCoolStage1On,Cooldown,
2026-08-04T21:10:00.000Z,Hall AC,75.3,101,44,74,300,300,compressorCoolStage1On,Cooldown,
2026-08-04T21:15:00.000Z,Hall AC,74.7,101,44,74,300,300,compressorCoolStage1On,Cooldown,
2026-08-04T21:20:00.000Z,Hall AC,73.6,101,44,74,30,75,compressorCoolStage1On,Cooldown,
2026-08-04T21:25:00.000Z,Hall AC,73,101,46,74,0,0,compressorCoolOff,Cooldown,
2026-08-04T21:30:00.000Z,Hall AC,73.8,101,45,74,90,90,compressorCoolOff,Cooldown,
2026-08-04T21:35:00.000Z,Hall AC,75.3,101,44,74,300,300,compressorCoolStage1On,Cooldown,
2026-08-04T21:40:00.000Z,Hall AC,75.5,101,44,74,300,300,compressorCoolStage1On,Cooldown,
2026-08-04T21:45:00.000Z,Hall AC,75,101,44,74,300,300,compressorCoolStage1On,Cooldown,
2026-08-04T21:50:00.000Z,Hall AC,74,101,44,74,135,180,compressorCoolStage1On,Cooldown,
2026-08-04T21:55:00.000Z,Hall AC,73.1,101,45,74,0,0,compressorCoolOff,Cooldown,
2026-08-04T22:00:00.000Z,Hall AC,73.4,103.7,46,74,0,0,compressorCoolOff,Cooldown,
2026-08-04T22:05:00.000Z,Hall AC,75,103.7,44,74,300,300,compressorCoolStage1On,Cooldown,
2026-08-04T22:10:00.000Z,Hall AC,75.8,103.7,43,74,300,300,compressorCoolStage1On,Cooldown,
2026-08-04T22:15:00.000Z,Hall AC,75.3,103.7,43,74,300,300,compressorCoolStage1On,Cooldown,
2026-08-04T22:20:00.000Z,Hall AC,74.4,103.7,44,74,225,270,compressorCoolStage1On,Cooldown,
2026-08-04T22:25:00.000Z,Hall AC,73,103.7,46,74,0,0,compressorCoolOff,Cooldown,
2026-08-04T22:30:00.000Z,Hall AC,72.6,102.7,49,74,0,0,compressorCoolOff,Cooldown,
2026-08-04T22:35:00.000Z,Hall AC,73.9,102.7,47,74,120,120,compressorCoolOff,Cooldown,
2026-08-04T22:40:00.000Z,Hall AC,75.5,102.7,43,74,300,300,compressorCoolStage1On,Cooldown,
2026-08-04T22:45:00.000Z,Hall AC,75.4,102.7,43,74,300,300,compressorCoolStage1On,Cooldown,
2026-08-04T22:50:00.000Z,Hall AC,74.4,102.7,44,74,300,300,compressorCoolStage1On,Cooldown,
2026-08-04T22:55:00.000Z,Hall AC,73.5,102.7,44,74,15,60,compressorCoolStage1On,Cooldown,
2026-08-04T23:00:00.000Z,Hall AC,72.6,102.7,45,75,0,0,compressorCoolOff,Home,
2026-08-04T23:05:00.000Z,Hall AC,72.9,102.7,45,75,0,0,compressorCoolOff,Home,
2026-08-04T23:10:00.000Z,Hall AC,73,102.7,45,75,0,0,compressorCoolOff,Home,
2026-08-04T23:15:00.000Z,Hall AC,73.5,102.7,44,75,0,0,compressorCoolOff,Home,
2026-08-04T23:20:00.000Z,Hall AC,74.7,102.7,43,75,15,15,compressorCoolOff,Home,
2026-08-04T23:25:00.000Z,Hall AC,75.6,102.7,43,75,300,300,compressorCoolStage1On,Home,
2026-08-04T23:30:00.000Z,Hall AC,75.8,102.7,44,75,300,300,compressorCoolStage1On,Home,
2026-08-04T23:35:00.000Z,Hall AC,75.2,102.7,45,75,210,255,compressorCoolStage1On,Home,
2026-08-04T23:40:00.000Z,Hall AC,74.1,102.7,45,75,0,0,compressorCoolOff,Home,
2026-08-04T23:45:00.000Z,Hall AC,73.4,102.7,46,75,0,0,compressorCoolOff,Home,
2026-08-04T23:50:00.000Z,Hall AC,73.5,102.7,46,75,0,0,compressorCoolOff,Home,
2026-08-04T23:55:00.000Z,Hall AC,74.7,102.7,44,75,60,60,compressorCoolOff,Home,
2026-08-05T00:00:00.000Z,Hall AC,75.8,103.3,44,75,300,300,compressorCoolStage1On,Home,
2026-08-05T00:05:00.000Z,Hall AC,75.9,103.3,44,75,300,300,compressorCoolStage1On,Home,
2026-08-05T00:10:00.000Z,Hall AC,74.8,103.3,44,75,135,180,compressorCoolStage1On,Home,
2026-08-05T00:15:00.000Z,Hall AC,73.2,103.3,46,75,0,0,compressorCoolOff,Home,
2026-08-05T00:20:00.000Z,Hall AC,73.5,103.3,46,75,0,0,compressorCoolOff,Home,
2026-08-05T00:25:00.000Z,Hall AC,74.3,103.3,46,75,0,0,compressorCoolOff,Home,
2026-08-05T00:30:00.000Z,Hall AC,75,103.6,46,75,135,135,compressorCoolOff,Home,
2026-08-05T00:35:00.000Z,Hall AC,75.3,103.6,45,75,300,300,compressorCoolStage1On,Home,
2026-08-05T00:40:00.000Z,Hall AC,74.4,103.6,45,75,15,60,compressorCoolStage1On,Home,
2026-08-05T00:45:00.000Z,Hall AC,74.4,103.6,46,75,0,0,compressorCoolOff,Home,
2026-08-05T00:50:00.000Z,Hall AC,75,103.6,46,75,165,165,compressorCoolOff,Home,
2026-08-05T00:55:00.000Z,Hall AC,74.7,103.6,46,75,135,180,compressorCoolStage1On,Home,
2026-08-05T01:00:00.000Z,Hall AC,74.2,103.6,47,75,0,0,compressorCoolOff,Home,
2026-08-05T01:05:00.000Z,Hall AC,75,103.6,46,75,135,135,compressorCoolOff,Home,
2026-08-05T01:10:00.000Z,Hall AC,75.6,103.6,45,75,300,300,compressorCoolStage1On,Home,
2026-08-05T01:15:00.000Z,Hall AC,74.8,103.6,45,75,105,150,compressorCoolStage1On,Home,
2026-08-05T01:20:00.000Z,Hall AC,74.2,103.6,46,75,0,0,compressorCoolOff,Home,
2026-08-05T01:25:00.000Z,Hall AC,74.7,103.6,45,75,30,30,compressorCoolOff,Home,
2026-08-05T01:30:00.000Z,Hall AC,75.2,103.6,45,75,300,300,compressorCoolStage1On,Home,
2026-08-05T01:35:00.000Z,Hall AC,74.5,103.6,45,75,45,90,compressorCoolStage1On,Home,
2026-08-05T01:40:00.000Z,Hall AC,74.3,103.6,46,75,0,0,compressorCoolOff,Home,
2026-08-05T01:45:00.000Z,Hall AC,74.9,103.6,45,75,135,135,compressorCoolOff,Home,
2026-08-05T01:50:00.000Z,Hall AC,74.6,103.6,45,75,165,210,compressorCoolStage1On,Home,
2026-08-05T01:55:00.000Z,Hall AC,74.4,103.6,45,75,0,0,compressorCoolOff,Home,
2026-08-05T02:00:00.000Z,Hall AC,75,100.9,45,75,195,195,compressorCoolOff,Home,
2026-08-05T02:05:00.000Z,Hall AC,74.6,100.9,45,75,105,150,compressorCoolStage1On,Home,
2026-08-05T02:10:00.000Z,Hall AC,74.3,100.9,46,75,0,0,compressorCoolOff,Home,
2026-08-05T02:15:00.000Z,Hall AC,75,100.9,45,75,180,180,compressorCoolOff,Home,
2026-08-05T02:20:00.000Z,Hall AC,74.6,100.9,45,75,120,165,compressorCoolStage1On,Home,
2026-08-05T02:25:00.000Z,Hall AC,74.3,100.9,46,75,0,0,compressorCoolOff,Home,
2026-08-05T02:30:00.000Z,Hall AC,75,100.9,45,75,135,135,compressorCoolOff,Home,
2026-08-05T02:35:00.000Z,Hall AC,74.9,100.9,45,75,165,210,compressorCoolStage1On,Home,
2026-08-05T02:40:00.000Z,Hall AC,74.2,100.9,45,75,0,0,compressorCoolOff,Home,
2026-08-05T02:45:00.000Z,Hall AC,74.9,100.9,45,75,105,105,compressorCoolOff,Home,
2026-08-05T02:50:00.000Z,Hall AC,74.8,100.9,44,75,195,240,compressorCoolStage1On,Home,
2026-08-05T02:55:00.000Z,Hall AC,74.4,100.9,45,75,0,0,compressorCoolOff,Home,
2026-08-05T03:00:00.000Z,Hall AC,74.9,97.8,45,75,105,105,compressorCoolOff,Home,
2026-08-05T03:05:00.000Z,Hall AC,74.4,97.8,45,75,195,240,compressorCoolStage1On,Home,
2026-08-05T03:10:00.000Z,Hall AC,74.2,97.8,45,75,0,0,compressorCoolOff,Home,
2026-08-05T03:15:00.000Z,Hall AC,74.9,97.8,45,75,105,105,compressorCoolOff,Home,
2026-08-05T03:20:00.000Z,Hall AC,74.7,97.8,44,75,195,240,compressorCoolStage1On,Home,
2026-08-05T03:25:00.000Z,Hall AC,74.4,97.8,44,75,0,0,compressorCoolOff,Home,
2026-08-05T03:30:00.000Z,Hall AC,74.9,97.8,45,75,105,105,compressorCoolOff,Home,
2026-08-05T03:35:00.000Z,Hall AC,74.5,97.8,44,75,195,240,compressorCoolStage1On,Home,
2026-08-05T03:40:00.000Z,Hall AC,73.6,97.8,45,75,0,0,compressorCoolOff,Home,
2026-08-05T03:45:00.000Z,Hall AC,74.5,97.8,44,75,0,0,compressorCoolOff,Home,
2026-08-05T03:50:00.000Z,Hall AC,74.9,97.8,44,75,255,255,compressorCoolOff,Home,
2026-08-05T03:55:00.000Z,Hall AC,73.6,97.8,44,75,45,90,compressorCoolStage1On,Home,
2026-08-05T04:00:00.000Z,Hall AC,73.9,96.2,44,75,0,0,compressorCoolOff,Home,
2026-08-05T04:05:00.000Z,Hall AC,74.8,96.2,43,75,60,60,compressorCoolOff,Home,
2026-08-05T04:10:00.000Z,Hall AC,74.5,96.2,42,75,255,300,compressorCoolStage1On,Home,
2026-08-05T04:15:00.000Z,Hall AC,73.4,96.2,43,75,0,0,compressorCoolOff,Home,
2026-08-05T04:20:00.000Z,Hall AC,74.1,96.2,43,75,60,60,compressorCoolOff,Home,
2026-08-05T04:25:00.000Z,Hall AC,74,96.2,43,74.9,240,285,compressorCoolStage1On,Home,(SmartRecovery)
2026-08-05T04:30:00.000Z,Hall AC,73.2,97.3,43,74,0,0,compressorCoolOff,Sleep,
2026-08-05T04:35:00.000Z,Hall AC,74,97.3,44,74,180,180,compressorCoolOff,Sleep,
2026-08-05T04:40:00.000Z,Hall AC,74.6,97.3,43,74,300,300,compressorCoolStage1On,Sleep,
2026-08-05T04:45:00.000Z,Hall AC,74.5,97.3,43,74,300,300,compressorCoolStage1On,Sleep,
2026-08-05T04:50:00.000Z,Hall AC,73.9,97.3,43,74,105,150,compressorCoolStage1On,Sleep,
2026-08-05T04:55:00.000Z,Hall AC,73.1,97.3,43,74,0,0,compressorCoolOff,Sleep,
2026-08-05T05:00:00.000Z,Hall AC,73.2,95.7,42,74,0,0,compressorCoolOff,Sleep,
2026-08-05T05:05:00.000Z,Hall AC,73.7,95.7,42,74,0,0,compressorCoolOff,Sleep,
2026-08-05T05:10:00.000Z,Hall AC,74.3,95.7,42,74,300,300,compressorCoolStage1On,Sleep,
2026-08-05T05:15:00.000Z,Hall AC,74.4,95.7,42,74,300,300,compressorCoolStage1On,Sleep,
2026-08-05T05:20:00.000Z,Hall AC,73.8,95.7,42,74,120,165,compressorCoolStage1On,Sleep,
2026-08-05T05:25:00.000Z,Hall AC,72.8,95.7,42,74,0,0,compressorCoolOff,Sleep,
2026-08-05T05:30:00.000Z,Hall AC,73,96,43,74,0,0,compressorCoolOff,Sleep,
2026-08-05T05:35:00.000Z,Hall AC,73.4,96,42,74,0,0,compressorCoolOff,Sleep,
2026-08-05T05:40:00.000Z,Hall AC,73.8,96,42,74,60,60,compressorCoolOff,Sleep,
2026-08-05T05:45:00.000Z,Hall AC,74.4,96,42,74,300,300,compressorCoolStage1On,Sleep,
2026-08-05T05:50:00.000Z,Hall AC,74.5,96,42,74,300,300,compressorCoolStage1On,Sleep,
2026-08-05T05:55:00.000Z,Hall AC,73.8,96,42,74,120,165,compressorCoolStage1On,Sleep,
2026-08-05T06:00:00.000Z,Hall AC,72.7,94.5,42,74,0,0,compressorCoolOff,Sleep,
2026-08-05T06:05:00.000Z,Hall AC,72.7,94.5,42,74,0,0,compressorCoolOff,Sleep,
2026-08-05T06:10:00.000Z,Hall AC,73.2,94.5,42,74,0,0,compressorCoolOff,Sleep,
2026-08-05T06:15:00.000Z,Hall AC,73.6,94.5,42,74,0,0,compressorCoolOff,Sleep,
2026-08-05T06:20:00.000Z,Hall AC,74.1,94.5,42,74,195,195,compressorCoolOff,Sleep,
2026-08-05T06:25:00.000Z,Hall AC,74.5,94.5,42,74,300,300,compressorCoolStage1On,Sleep,
2026-08-05T06:30:00.000Z,Hall AC,74,94.9,42,74,180,225,compressorCoolStage1On,Sleep,
2026-08-05T06:35:00.000Z,Hall AC,73,94.9,42,74,0,0,compressorCoolOff,Sleep,
2026-08-05T06:40:00.000Z,Hall AC,72.9,94.9,44,74,0,0,compressorCoolOff,Sleep,
2026-08-05T06:45:00.000Z,Hall AC,73.3,94.9,43,74,0,0,compressorCoolOff,Sleep,
2026-08-05T06:50:00.000Z,Hall AC,73.5,94.9,42,74,0,0,compressorCoolOff,Sleep,
2026-08-05T06:55:00.000Z,Hall AC,73.7,94.9,41,74,60,60,compressorCoolOff,Sleep,
2026-08-05T07:00:00.000Z,Hall AC,74.4,93,42,74,300,300,compressorCoolStage1On,Sleep,
2026-08-05T07:05:00.000Z,Hall AC,74.3,93,42,74,300,300,compressorCoolStage1On,Sleep,
2026-08-05T07:10:00.000Z,Hall AC,73.4,93,42,74,15,60,compressorCoolStage1On,Sleep,
2026-08-05T07:15:00.000Z,Hall AC,72.5,93,42,74,0,0,compressorCoolOff,Sleep,
2026-08-05T07:20:00.000Z,Hall AC,72.8,93,42,74,0,0,compressorCoolOff,Sleep,
2026-08-05T07:25:00.000Z,Hall AC,73.2,93,42,74,0,0,compressorCoolOff,Sleep,
2026-08-05T07:30:00.000Z,Hall AC,73.4,93,41,74,0,0,compressorCoolOff,Sleep,
2026-08-05T07:35:00.000Z,Hall AC,73.5,93,40,74,0,0,compressorCoolOff,Sleep,
2026-08-05T07:40:00.000Z,Hall AC,73.7,93,40,74,0,0,compressorCoolOff,Sleep,
2026-08-05T07:45:00.000Z,Hall AC,73.8,93,40,74,0,0,compressorCoolOff,Sleep,
2026-08-05T07:50:00.000Z,Hall AC,74.1,93,40,74,240,240,compressorCoolOff,Sleep,
2026-08-05T07:55:00.000Z,Hall AC,74.3,93,40,74,300,300,compressorCoolStage1On,Sleep,
2026-08-05T08:00:00.000Z,Hall AC,74.1,91.5,41,74,270,300,compressorCoolStage1On,Sleep,
2026-08-05T08:05:00.000Z,Hall AC,73.2,91.5,42,74,0,15,compressorCoolOff,Sleep,
2026-08-05T08:10:00.000Z,Hall AC,72.4,91.5,42,74,0,0,compressorCoolOff,Sleep,
2026-08-05T08:15:00.000Z,Hall AC,72.7,91.5,42,74,0,0,compressorCoolOff,Sleep,
2026-08-05T08:20:00.000Z,Hall AC,73.2,91.5,41,74,0,0,compressorCoolOff,Sleep,
2026-08-05T08:25:00.000Z,Hall AC,73.3,91.5,41,74,0,0,compressorCoolOff,Sleep,
2026-08-05T08:30:00.000Z,Hall AC,73.4,91.5,40,74,0,0,compressorCoolOff,Sleep,
2026-08-05T08:35:00.000Z,Hall AC,73.6,91.5,40,74,0,0,compressorCoolOff,Sleep,
2026-08-05T08:40:00.000Z,Hall AC,73.8,91.5,40,74,0,0,compressorCoolOff,Sleep,
2026-08-05T08:45:00.000Z,Hall AC,73.9,91.5,40,74,150,150,compressorCoolOff,Sleep,
2026-08-05T08:50:00.000Z,Hall AC,74.3,91.5,40,74,300,300,compressorCoolStage1On,Sleep,
2026-08-05T08:55:00.000Z,Hall AC,73.8,91.5,41,74,135,180,compressorCoolStage1On,Sleep,
2026-08-05T09:00:00.000Z,Hall AC,72.9,89.9,42,74,0,0,compressorCoolOff,Sleep,
2026-08-05T09:05:00.000Z,Hall AC,72.7,89.9,42,74,0,0,compressorCoolOff,Sleep,
2026-08-05T09:10:00.000Z,Hall AC,73.2,89.9,42,74,0,0,compressorCoolOff,Sleep,
2026-08-05T09:15:00.000Z,Hall AC,73.4,89.9,42,74,0,0,compressorCoolOff,Sleep,
2026-08-05T09:20:00.000Z,Hall AC,73.4,89.9,41,74,0,0,compressorCoolOff,Sleep,
2026-08-05T09:25:00.000Z,Hall AC,73.6,89.9,40,74,0,0,compressorCoolOff,Sleep,
2026-08-05T09:30:00.000Z,Hall AC,73.8,90.2,40,74,0,0,compressorCoolOff,Sleep,
2026-08-05T09:35:00.000Z,Hall AC,73.9,90.2,40,74,120,120,compressorCoolOff,Sleep,
2026-08-05T09:40:00.000Z,Hall AC,74.4,90.2,40,74,300,300,compressorCoolStage1On,Sleep,
2026-08-05T09:45:00.000Z,Hall AC,74,90.2,41,74,150,195,compressorCoolStage1On,Sleep,
2026-08-05T09:50:00.000Z,Hall AC,73.2,90.2,42,74,0,0,compressorCoolOff,Sleep,
2026-08-05T09:55:00.000Z,Hall AC,72.9,90.2,42,74,0,0,compressorCoolOff,Sleep,
2026-08-05T10:00:00.000Z,Hall AC,73.2,88.7,42,74,0,0,compressorCoolOff,Sleep,
2026-08-05T10:05:00.000Z,Hall AC,73.4,88.7,41,74,0,0,compressorCoolOff,Sleep,
2026-08-05T10:10:00.000Z,Hall AC,73.4,88.7,41,74,0,0,compressorCoolOff,Sleep,
2026-08-05T10:15:00.000Z,Hall AC,73.7,88.7,40,74,0,0,compressorCoolOff,Sleep,
2026-08-05T10:20:00.000Z,Hall AC,73.8,88.7,40,74,0,0,compressorCoolOff,Sleep,
2026-08-05T10:25:00.000Z,Hall AC,74,88.7,40,74,165,165,compressorCoolOff,Sleep,
2026-08-05T10:30:00.000Z,Hall AC,74.3,89.5,40,74,300,300,compressorCoolStage1On,Sleep,
2026-08-05T10:35:00.000Z,Hall AC,73.9,89.5,41,74,165,210,compressorCoolStage1On,Sleep,
2026-08-05T10:40:00.000Z,Hall AC,73,89.5,41,74,0,0,compressorCoolOff,Sleep,
2026-08-05T10:45:00.000Z,Hall AC,72.7,89.5,42,74,0,0,compressorCoolOff,Sleep,
2026-08-05T10:50:00.000Z,Hall AC,73.1,89.5,42,74,0,0,compressorCoolOff,Sleep,
2026-08-05T10:55:00.000Z,Hall AC,73.3,89.5,42,74,0,0,compressorCoolOff,Sleep,
2026-08-05T11:00:00.000Z,Hall AC,73.7,88.2,42,74,0,0,compressorCoolOff,Sleep,
2026-08-05T11:05:00.000Z,Hall AC,73.7,88.2,40,74,0,0,compressorCoolOff,Sleep,
2026-08-05T11:10:00.000Z,Hall AC,73.7,88.2,40,74,0,0,compressorCoolOff,Sleep,
2026-08-05T11:15:00.000Z,Hall AC,73.8,88.2,40,74,0,0,compressorCoolOff,Sleep,
2026-08-05T11:20:00.000Z,Hall AC,73.8,88.2,40,74,0,0,compressorCoolOff,Sleep,
2026-08-05T11:25:00.000Z,Hall AC,73.8,88.2,40,74,0,0,compressorCoolOff,Sleep,
2026-08-05T11:30:00.000Z,Hall AC,74.1,88.2,40,74,240,240,compressorCoolOff,Sleep,
2026-08-05T11:35:00.000Z,Hall AC,74.4,88.2,40,74,300,300,compressorCoolStage1On,Sleep,
2026-08-05T11:40:00.000Z,Hall AC,73.7,88.2,41,74,105,150,compressorCoolStage1On,Sleep,
2026-08-05T11:45:00.000Z,Hall AC,72.6,88.2,41,74,0,0,compressorCoolOff,Sleep,
2026-08-05T11:50:00.000Z,Hall AC,72.6,88.2,42,74,0,0,compressorCoolOff,Sleep,
2026-08-05T11:55:00.000Z,Hall AC,72.7,88.2,41,74,0,0,compressorCoolOff,Sleep,
2026-08-05T12:00:00.000Z,Hall AC,73.1,87.5,41,74,0,0,compressorCoolOff,Sleep,
2026-08-05T12:05:00.000Z,Hall AC,73.2,87.5,40,74,0,0,compressorCoolOff,Sleep,
2026-08-05T12:10:00.000Z,Hall AC,73.4,87.5,40,74,0,0,compressorCoolOff,Sleep,
2026-08-05T12:15:00.000Z,Hall AC,73.7,87.5,40,74,0,0,compressorCoolOff,Sleep,
2026-08-05T12:20:00.000Z,Hall AC,73.8,87.5,40,74,0,0,compressorCoolOff,Sleep,
2026-08-05T12:25:00.000Z,Hall AC,73.8,87.5,40,74,0,0,compressorCoolOff,Sleep,
2026-08-05T12:30:00.000Z,Hall AC,73.8,87.5,40,74,0,0,compressorCoolOff,Sleep,
2026-08-05T12:35:00.000Z,Hall AC,73.8,87.5,40,74,45,45,compressorCoolOff,Sleep,
2026-08-05T12:40:00.000Z,Hall AC,74.4,87.5,40,74,300,300,compressorCoolStage1On,Sleep,
2026-08-05T12:45:00.000Z,Hall AC,74.1,87.5,40,74,270,300,compressorCoolStage1On,Sleep,
2026-08-05T12:50:00.000Z,Hall AC,73.3,87.5,41,74,0,15,compressorCoolOff,Sleep,
2026-08-05T12:55:00.000Z,Hall AC,72.5,87.5,41,74,0,0,compressorCoolOff,Sleep,
2026-08-05T13:00:00.000Z,Hall AC,72.9,86.3,42,74,0,0,compressorCoolOff,Sleep,
2026-08-05T13:05:00.000Z,Hall AC,73.1,86.3,42,74,0,0,compressorCoolOff,Sleep,
2026-08-05T13:10:00.000Z,Hall AC,73.3,86.3,42,74,0,0,compressorCoolOff,Sleep,
2026-08-05T13:15:00.000Z,Hall AC,73.3,86.3,41,74,0,0,compressorCoolOff,Sleep,
2026-08-05T13:20:00.000Z,Hall AC,73.6,86.3,41,74,0,0,compressorCoolOff,Sleep,
2026-08-05T13:25:00.000Z,Hall AC,74.1,86.3,41,74,285,285,compressorCoolOff,Sleep,
2026-08-05T13:30:00.000Z,Hall AC,74.4,88.1,41,74,300,300,compressorCoolStage1On,Sleep,
2026-08-05T13:35:00.000Z,Hall AC,74.1,88.1,41,74,285,300,compressorCoolStage1On,Sleep,
2026-08-05T13:40:00.000Z,Hall AC,73.6,88.1,41,74,0,30,compressorCoolOff,Sleep,
2026-08-05T13:45:00.000Z,Hall AC,73.3,88.1,42,74,0,0,compressorCoolOff,Sleep,
2026-08-05T13:50:00.000Z,Hall AC,73.4,88.1,42,74,0,0,compressorCoolOff,Sleep,
2026-08-05T13:55:00.000Z,Hall AC,73.9,88.1,42,74,105,105,compressorCoolOff,Sleep,
2026-08-05T14:00:00.000Z,Hall AC,74.5,87.8,41,74,300,300,compressorCoolStage1On,Sleep,
2026-08-05T14:05:00.000Z,Hall AC,74.6,87.8,41,74,300,300,compressorCoolStage1On,Sleep,
2026-08-05T14:10:00.000Z,Hall AC,74.1,87.8,41,74,300,300,compressorCoolStage1On,Sleep,
2026-08-05T14:15:00.000Z,Hall AC,73.5,87.8,41,74,0,45,compressorCoolOff,Sleep,
2026-08-05T14:20:00.000Z,Hall AC,73.1,87.8,42,74,0,0,compressorCoolOff,Sleep,
2026-08-05T14:25:00.000Z,Hall AC,73.3,87.8,42,74.1,0,0,compressorCoolOff,Sleep,
2026-08-05T14:30:00.000Z,Hall AC,73.7,87.8,42,76,0,0,compressorCoolOff,WFH,
2026-08-05T14:35:00.000Z,Hall AC,74.2,87.8,43,76,0,0,compressorCoolOff,WFH,
2026-08-05T14:40:00.000Z,Hall AC,74.5,87.8,44,76,0,0,compressorCoolOff,WFH,
2026-08-05T14:45:00.000Z,Hall AC,74.8,87.8,44,76,0,0,compressorCoolOff,WFH,
2026-08-05T14:50:00.000Z,Hall AC,75,87.8,45,76,0,0,compressorCoolOff,WFH,
2026-08-05T14:55:00.000Z,Hall AC,75.2,87.8,45,76,0,0,compressorCoolOff,WFH,
2026-08-05T15:00:00.000Z,Hall AC,75.4,88.4,45,76,0,0,compressorCoolOff,WFH,
2026-08-05T15:05:00.000Z,Hall AC,75.5,88.4,45,76,0,0,compressorCoolOff,WFH,
2026-08-05T15:10:00.000Z,Hall AC,75.6,88.4,45,76,0,0,compressorCoolOff,WFH,
2026-08-05T15:15:00.000Z,Hall AC,75.8,88.4,45,76,0,0,compressorCoolOff,WFH,
2026-08-05T15:20:00.000Z,Hall AC,76,88.4,45,76,75,75,compressorCoolOff,WFH,
2026-08-05T15:25:00.000Z,Hall AC,76.4,88.4,43,76,300,300,compressorCoolStage1On,WFH,
2026-08-05T15:30:00.000Z,Hall AC,76.2,88.4,42,76,270,300,compressorCoolStage1On,WFH,
2026-08-05T15:35:00.000Z,Hall AC,75.3,88.4,42,76,0,15,compressorCoolOff,WFH,
2026-08-05T15:40:00.000Z,Hall AC,74.7,88.4,44,76,0,0,compressorCoolOff,WFH,
2026-08-05T15:45:00.000Z,Hall AC,74.8,88.4,45,76,0,0,compressorCoolOff,WFH,
2026-08-05T15:50:00.000Z,Hall AC,75.1,88.4,44,76,0,0,compressorCoolOff,WFH,
2026-08-05T15:55:00.000Z,Hall AC,75.5,88.4,44,76,0,0,compressorCoolOff,WFH,
2026-08-05T16:00:00.000Z,Hall AC,75.7,89.7,45,76,0,0,compressorCoolOff,WFH,
2026-08-05T16:05:00.000Z,Hall AC,75.9,89.7,45,76,30,30,compressorCoolOff,WFH,
2026-08-05T16:10:00.000Z,Hall AC,76.2,89.7,44,76,300,300,compressorCoolStage1On,WFH,
2026-08-05T16:15:00.000Z,Hall AC,75.9,89.7,42,76,150,195,compressorCoolStage1On,WFH,
2026-08-05T16:20:00.000Z,Hall AC,75,89.7,42,76,0,0,compressorCoolOff,WFH,
2026-08-05T16:25:00.000Z,Hall AC,75.1,89.7,43,76,0,0,compressorCoolOff,WFH,
2026-08-05T16:30:00.000Z,Hall AC,75.5,92.7,43,76,0,0,compressorCoolOff,WFH,
2026-08-05T16:35:00.000Z,Hall AC,75.9,92.7,43,76,45,45,compressorCoolOff,WFH,
2026-08-05T16:40:00.000Z,Hall AC,76.2,92.7,43,76,300,300,compressorCoolStage1On,WFH,
2026-08-05T16:45:00.000Z,Hall AC,76,92.7,42,76,195,240,compressorCoolStage1On,WFH,
2026-08-05T16:50:00.000Z,Hall AC,75.3,92.7,42,76,0,0,compressorCoolOff,WFH,
2026-08-05T16:55:00.000Z,Hall AC,75.3,92.7,44,76,0,0,compressorCoolOff,WFH,
2026-08-05T17:00:00.000Z,Hall AC,75.7,93.9,44,76,0,0,compressorCoolOff,WFH,
2026-08-05T17:05:00.000Z,Hall AC,76.4,93.9,43,76,255,255,compressorCoolOff,WFH,
2026-08-05T17:10:00.000Z,Hall AC,76.9,93.9,42,76,300,300,compressorCoolStage1On,WFH,
2026-08-05T17:15:00.000Z,Hall AC,75.8,93.9,43,76,135,180,compressorCoolStage1On,WFH,
2026-08-05T17:20:00.000Z,Hall AC,74.2,93.9,44,76,0,0,compressorCoolOff,WFH,
2026-08-05T17:25:00.000Z,Hall AC,74.2,93.9,45,76,0,0,compressorCoolOff,WFH,
2026-08-05T17:30:00.000Z,Hall AC,74.9,93.9,45,76,0,0,compressorCoolOff,WFH,
2026-08-05T17:35:00.000Z,Hall AC,75.4,93.9,45,76,0,0,compressorCoolOff,WFH,
2026-08-05T17:40:00.000Z,Hall AC,75.9,93.9,45,76,105,105,compressorCoolOff,WFH,
2026-08-05T17:45:00.000Z,Hall AC,76.4,93.9,44,76,300,300,compressorCoolStage1On,WFH,
2026-08-05T17:50:00.000Z,Hall AC,76.1,93.9,43,76,195,240,compressorCoolStage1On,WFH,
2026-08-05T17:55:00.000Z,Hall AC,75.1,93.9,44,76,0,0,compressorCoolOff,WFH,
2026-08-05T18:00:00.000Z,Hall AC,75.1,96.9,47,76,0,0,compressorCoolOff,WFH,
2026-08-05T18:05:00.000Z,Hall AC,75.5,96.9,46,76,0,0,compressorCoolOff,WFH,
2026-08-05T18:10:00.000Z,Hall AC,76.4,96.9,45,76,210,210,compressorCoolOff,WFH,
2026-08-05T18:15:00.000Z,Hall AC,77.1,96.9,44,76,300,300,compressorCoolStage1On,WFH,
2026-08-05T18:20:00.000Z,Hall AC,76.1,96.9,44,76,180,225,compressorCoolStage1On,WFH,
2026-08-05T18:25:00.000Z,Hall AC,74.2,96.9,45,76,0,0,compressorCoolOff,WFH,
2026-08-05T18:30:00.000Z,Hall AC,74.1,96.9,47,76,0,0,compressorCoolOff,WFH,
2026-08-05T18:35:00.000Z,Hall AC,74.8,96.9,46,76,0,0,compressorCoolOff,WFH,
2026-08-05T18:40:00.000Z,Hall AC,75.6,96.9,45,76,30,30,compressorCoolOff,WFH,
2026-08-05T18:45:00.000Z,Hall AC,76.6,96.9,43,76,300,300,compressorCoolStage1On,WFH,
2026-08-05T18:50:00.000Z,Hall AC,76,96.9,44,76,150,195,compressorCoolStage1On,WFH,
2026-08-05T18:55:00.000Z,Hall AC,74.7,96.9,45,76,0,0,compressorCoolOff,WFH,
2026-08-05T19:00:00.000Z,Hall AC,74.9,97.5,46,76,0,0,compressorCoolOff,WFH,
2026-08-05T19:05:00.000Z,Hall AC,75.7,97.5,45,76,60,60,compressorCoolOff,WFH,
2026-08-05T19:10:00.000Z,Hall AC,76.9,97.5,45,76,300,300,compressorCoolStage1On,WFH,
2026-08-05T19:15:00.000Z,Hall AC,76.4,97.5,44,76,255,300,compressorCoolStage1On,WFH,
2026-08-05T19:20:00.000Z,Hall AC,74.8,97.5,44,76,0,0,compressorCoolOff,WFH,
2026-08-05T19:25:00.000Z,Hall AC,74.5,97.5,46,76,0,0,compressorCoolOff,WFH,
2026-08-05T19:30:00.000Z,Hall AC,75.1,97.5,46,76,0,0,compressorCoolOff,WFH,
2026-08-05T19:35:00.000Z,Hall AC,75.9,97.5,45,76,90,90,compressorCoolOff,WFH,
2026-08-05T19:40:00.000Z,Hall AC,76.8,97.5,44,76,300,300,compressorCoolStage1On,WFH,
2026-08-05T19:45:00.000Z,Hall AC,76.5,97.5,44,76,255,300,compressorCoolStage1On,WFH,
2026-08-05T19:50:00.000Z,Hall AC,75,97.5,44,76,0,0,compressorCoolOff,WFH,
2026-08-05T19:55:00.000Z,Hall AC,74.6,97.5,45,76,0,0,compressorCoolOff,WFH,
2026-08-05T20:00:00.000Z,Hall AC,75.2,99.1,46,76,0,0,compressorCoolOff,WFH,
2026-08-05T20:05:00.000Z,Hall AC,76,99.1,45,76,120,120,compressorCoolOff,WFH,
2026-08-05T20:10:00.000Z,Hall AC,76.9,99.1,44,76,300,300,compressorCoolStage1On,WFH,
2026-08-05T20:15:00.000Z,Hall AC,76.5,99.1,45,76,300,300,compressorCoolStage1On,WFH,
2026-08-05T20:20:00.000Z,Hall AC,75.8,99.1,45,76,300,300,compressorCoolStage1On,WFH,
2026-08-05T20:25:00.000Z,Hall AC,75.1,99.1,45,76,300,300,compressorCoolStage1On,WFH,(SmartRecovery)
2026-08-05T20:30:00.000Z,Hall AC,74.4,99.1,45,76,300,300,compressorCoolStage1On,WFH,(SmartRecovery)
2026-08-05T20:35:00.000Z,Hall AC,73.4,99.1,44,76,30,75,compressorCoolStage1On,WFH,(SmartRecovery)
2026-08-05T20:40:00.000Z,Hall AC,72.9,99.1,45,76,0,0,compressorCoolOff,WFH,
2026-08-05T20:45:00.000Z,Hall AC,73.7,99.1,46,76,0,0,compressorCoolOff,WFH,
2026-08-05T20:50:00.000Z,Hall AC,74.9,99.1,45,76,180,180,compressorCoolOff,WFH,
2026-08-05T20:55:00.000Z,Hall AC,76.3,99.1,44,76,300,300,compressorCoolStage1On,WFH,(SmartRecovery)
2026-08-05T21:00:00.000Z,Hall AC,75.9,100.9,44,74,300,300,compressorCoolStage1On,Cooldown,
2026-08-05T21:05:00.000Z,Hall AC,75.1,100.9,44,74,300,300,compressorCoolStage1On,Cooldown,
2026-08-05T21:10:00.000Z,Hall AC,73.7,100.9,44,74,75,120,compressorCoolStage1On,Cooldown,
2026-08-05T21:15:00.000Z,Hall AC,73.2,100.9,46,74,0,0,compressorCoolOff,Cooldown,
2026-08-05T21:20:00.000Z,Hall AC,74,100.9,46,74,135,135,compressorCoolOff,Cooldown,
2026-08-05T21:25:00.000Z,Hall AC,75.8,100.9,44,74,300,300,compressorCoolStage1On,Cooldown,
2026-08-05T21:30:00.000Z,Hall AC,75.8,100.5,43,74,300,300,compressorCoolStage1On,Cooldown,
2026-08-05T21:35:00.000Z,Hall AC,75,100.5,43,74,300,300,compressorCoolStage1On,Cooldown,
2026-08-05T21:40:00.000Z,Hall AC,73.9,100.5,44,74,90,135,compressorCoolStage1On,Cooldown,
2026-08-05T21:45:00.000Z,Hall AC,73,100.5,45,74,0,0,compressorCoolOff,Cooldown,
2026-08-05T21:50:00.000Z,Hall AC,73.4,100.5,46,74,15,15,compressorCoolOff,Cooldown,
2026-08-05T21:55:00.000Z,Hall AC,75,100.5,44,74,300,300,compressorCoolStage1On,Cooldown,
2026-08-05T22:00:00.000Z,Hall AC,75.6,101.4,44,74,300,300,compressorCoolStage1On,Cooldown,
2026-08-05T22:05:00.000Z,Hall AC,75.1,101.4,44,74,300,300,compressorCoolStage1On,Cooldown,
2026-08-05T22:10:00.000Z,Hall AC,74.1,101.4,45,74,165,210,compressorCoolStage1On,Cooldown,
2026-08-05T22:15:00.000Z,Hall AC,73.3,101.4,46,74,0,0,compressorCoolOff,Cooldown,
2026-08-05T22:20:00.000Z,Hall AC,73.4,101.4,46,74,0,0,compressorCoolOff,Cooldown,
2026-08-05T22:25:00.000Z,Hall AC,74.9,101.4,44,74,300,300,compressorCoolStage1On,Cooldown,
2026-08-05T22:30:00.000Z,Hall AC,75.6,101.4,44,74,300,300,compressorCoolStage1On,Cooldown,
2026-08-05T22:35:00.000Z,Hall AC,75.1,101.4,44,74,300,300,compressorCoolStage1On,Cooldown,
2026-08-05T22:40:00.000Z,Hall AC,74.6,101.4,44,74,300,300,compressorCoolStage1On,Cooldown,
2026-08-05T22:45:00.000Z,Hall AC,74.2,101.4,44,74,270,300,compressorCoolStage1On,Cooldown,
2026-08-05T22:50:00.000Z,Hall AC,73.5,101.4,44,74,0,15,compressorCoolOff,Cooldown,
2026-08-05T22:55:00.000Z,Hall AC,72.5,101.4,46,74,0,0,compressorCoolOff,Cooldown,
2026-08-05T23:00:00.000Z,Hall AC,72.7,101.4,46,75,0,0,compressorCoolOff,Home,
2026-08-05T23:05:00.000Z,Hall AC,73.9,101.4,45,75,0,0,compressorCoolOff,Home,
2026-08-05T23:10:00.000Z,Hall AC,74.6,101.4,45,75,0,0,compressorCoolOff,Home,
2026-08-05T23:15:00.000Z,Hall AC,74.9,101.4,45,75,0,0,compressorCoolOff,Home,
2026-08-05T23:20:00.000Z,Hall AC,75.2,101.4,45,75,210,210,compressorCoolOff,Home,
2026-08-05T23:25:00.000Z,Hall AC,75.9,101.4,47,75,300,300,compressorCoolStage1On,Home,
2026-08-05T23:30:00.000Z,Hall AC,75.4,101.4,47,75,300,300,compressorCoolStage1On,Home,
2026-08-05T23:35:00.000Z,Hall AC,74.2,101.4,47,75,0,45,compressorCoolOff,Home,
2026-08-05T23:40:00.000Z,Hall AC,73.1,101.4,49,75,0,0,compressorCoolOff,Home,
2026-08-05T23:45:00.000Z,Hall AC,73.9,101.4,48,75,0,0,compressorCoolOff,Home,
2026-08-05T23:50:00.000Z,Hall AC,74.8,101.4,47,75,45,45,compressorCoolOff,Home,
2026-08-05T23:55:00.000Z,Hall AC,75.6,101.4,47,75,300,300,compressorCoolStage1On,Home,
2026-08-06T00:00:00.000Z,Hall AC,75.7,101.9,47,75,300,300,compressorCoolStage1On,Home,
2026-08-06T00:05:00.000Z,Hall AC,75.2,101.9,47,75,255,300,compressorCoolStage1On,Home,
2026-08-06T00:10:00.000Z,Hall AC,74.2,101.9,47,75,0,0,compressorCoolOff,Home,
2026-08-06T00:15:00.000Z,Hall AC,73.2,101.9,49,75,0,0,compressorCoolOff,Home,
2026-08-06T00:20:00.000Z,Hall AC,73.7,101.9,49,75,0,0,compressorCoolOff,Home,
2026-08-06T00:25:00.000Z,Hall AC,74.8,101.9,47,75,90,90,compressorCoolOff,Home,
2026-08-06T00:30:00.000Z,Hall AC,75.9,101.9,47,75,300,300,compressorCoolStage1On,Home,
2026-08-06T00:35:00.000Z,Hall AC,75.7,101.9,47,75,300,300,compressorCoolStage1On,Home,
2026-08-06T00:40:00.000Z,Hall AC,75.1,101.9,47,75,195,240,compressorCoolStage1On,Home,
2026-08-06T00:45:00.000Z,Hall AC,74,101.9,47,75,0,0,compressorCoolOff,Home,
2026-08-06T00:50:00.000Z,Hall AC,73.2,101.9,49,75,0,0,compressorCoolOff,Home,
2026-08-06T00:55:00.000Z,Hall AC,73.8,101.9,49,75,0,0,compressorCoolOff,Home,
2026-08-06T01:00:00.000Z,Hall AC,75,101.1,47,75,135,135,compressorCoolOff,Home,
2026-08-06T01:05:00.000Z,Hall AC,75.9,101.1,47,75,300,300,compressorCoolStage1On,Home,
2026-08-06T01:10:00.000Z,Hall AC,75.7,101.1,47,75,300,300,compressorCoolStage1On,Home,
2026-08-06T01:15:00.000Z,Hall AC,75.2,101.1,47,75,240,285,compressorCoolStage1On,Home,
2026-08-06T01:20:00.000Z,Hall AC,74.1,101.1,47,75,0,0,compressorCoolOff,Home,
2026-08-06T01:25:00.000Z,Hall AC,73.5,101.1,49,75,0,0,compressorCoolOff,Home,
2026-08-06T01:30:00.000Z,Hall AC,74.3,99.3,48,75,0,0,compressorCoolOff,Home,
2026-08-06T01:35:00.000Z,Hall AC,75.3,99.3,47,75,225,225,compressorCoolOff,Home,
2026-08-06T01:40:00.000Z,Hall AC,75.8,99.3,47,75,300,300,compressorCoolStage1On,Home,
2026-08-06T01:45:00.000Z,Hall AC,75.3,99.3,47,75,300,300,compressorCoolStage1On,Home,
2026-08-06T01:50:00.000Z,Hall AC,74.1,99.3,47,75,0,45,compressorCoolOff,Home,
2026-08-06T01:55:00.000Z,Hall AC,73.3,99.3,48,75,0,0,compressorCoolOff,Home,
2026-08-06T02:00:00.000Z,Hall AC,74,98.2,48,75,0,0,compressorCoolOff,Home,
2026-08-06T02:05:00.000Z,Hall AC,75.1,98.2,46,75,195,195,compressorCoolOff,Home,
2026-08-06T02:10:00.000Z,Hall AC,75.2,98.2,46,75,285,300,compressorCoolStage1On,Home,
2026-08-06T02:15:00.000Z,Hall AC,74.5,98.2,47,75,0,30,compressorCoolOff,Home,
2026-08-06T02:20:00.000Z,Hall AC,74.2,98.2,47,75,0,0,compressorCoolOff,Home,
2026-08-06T02:25:00.000Z,Hall AC,74.2,98.2,47,75,0,0,compressorCoolOff,Home,
2026-08-06T02:30:00.000Z,Hall AC,74.9,97.1,47,75,135,135,compressorCoolOff,Home,
2026-08-06T02:35:00.000Z,Hall AC,75.5,97.1,47,75,300,300,compressorCoolStage1On,Home,
2026-08-06T02:40:00.000Z,Hall AC,74.6,97.1,47,75,60,105,compressorCoolStage1On,Home,
2026-08-06T02:45:00.000Z,Hall AC,74.1,97.1,48,75,0,0,compressorCoolOff,Home,
2026-08-06T02:50:00.000Z,Hall AC,74.1,97.1,47,75,0,0,compressorCoolOff,Home,
2026-08-06T02:55:00.000Z,Hall AC,74.7,97.1,46,75,60,60,compressorCoolOff,Home,
2026-08-06T03:00:00.000Z,Hall AC,75.6,96.1,46,75,300,300,compressorCoolStage1On,Home,
2026-08-06T03:05:00.000Z,Hall AC,74.9,96.1,46,75,135,180,compressorCoolStage1On,Home,
2026-08-06T03:10:00.000Z,Hall AC,74.2,96.1,47,75,0,0,compressorCoolOff,Home,
2026-08-06T03:15:00.000Z,Hall AC,74.2,96.1,46,75,0,0,compressorCoolOff,Home,
2026-08-06T03:20:00.000Z,Hall AC,74.5,96.1,45,75,15,15,compressorCoolOff,Home,
2026-08-06T03:25:00.000Z,Hall AC,75.4,96.1,45,75,300,300,compressorCoolStage1On,Home,
2026-08-06T03:30:00.000Z,Hall AC,75,96.1,45,75,165,210,compressorCoolStage1On,Home,
2026-08-06T03:35:00.000Z,Hall AC,74.3,96.1,46,75,0,0,compressorCoolOff,Home,
2026-08-06T03:40:00.000Z,Hall AC,74.5,96.1,47,75,0,0,compressorCoolOff,Home,
2026-08-06T03:45:00.000Z,Hall AC,75,96.1,46,75,135,135,compressorCoolOff,Home,
2026-08-06T03:50:00.000Z,Hall AC,75,96.1,45,75,165,210,compressorCoolStage1On,Home,
2026-08-06T03:55:00.000Z,Hall AC,74.2,96.1,46,75,0,0,compressorCoolOff,Home,
2026-08-06T04:00:00.000Z,Hall AC,74.5,95,47,75,0,0,compressorCoolOff,Home,
2026-08-06T04:05:00.000Z,Hall AC,75,95,46,75,105,105,compressorCoolOff,Home,
2026-08-06T04:10:00.000Z,Hall AC,75,95,45,75,300,300,compressorCoolStage1On,Home,
2026-08-06T04:15:00.000Z,Hall AC,73.9,95,45,75,105,150,compressorCoolStage1On,Home,(SmartRecovery)
2026-08-06T04:20:00.000Z,Hall AC,73.5,95,46,75,0,0,compressorCoolOff,Home,
2026-08-06T04:25:00.000Z,Hall AC,74.1,95,46,75,135,135,compressorCoolOff,Home,
2026-08-06T04:30:00.000Z,Hall AC,74.2,95,45,74,240,285,compressorCoolStage1On,Sleep,
2026-08-06T04:35:00.000Z,Hall AC,73.4,95,46,74,0,0,compressorCoolOff,Sleep,
2026-08-06T04:40:00.000Z,Hall AC,73.5,95,45,74,0,0,compressorCoolOff,Sleep,
2026-08-06T04:45:00.000Z,Hall AC,73.8,95,45,74,60,60,compressorCoolOff,Sleep,
2026-08-06T04:50:00.000Z,Hall AC,74.5,95,45,74,300,300,compressorCoolStage1On,Sleep,
2026-08-06T04:55:00.000Z,Hall AC,73.7,95,45,74,75,120,compressorCoolStage1On,Sleep,
2026-08-06T05:00:00.000Z,Hall AC,73.4,93.6,46,74,0,0,compressorCoolOff,Sleep,
2026-08-06T05:05:00.000Z,Hall AC,73.7,93.6,45,74,0,0,compressorCoolOff,Sleep,
2026-08-06T05:10:00.000Z,Hall AC,74,93.6,45,74,135,135,compressorCoolOff,Sleep,
2026-08-06T05:15:00.000Z,Hall AC,74.4,93.6,45,74,300,300,compressorCoolStage1On,Sleep,
2026-08-06T05:20:00.000Z,Hall AC,74.6,93.6,43,74,300,300,compressorCoolStage1On,Sleep,
2026-08-06T05:25:00.000Z,Hall AC,73.9,93.6,43,74,120,165,compressorCoolStage1On,Sleep,
2026-08-06T05:30:00.000Z,Hall AC,72.8,94.1,44,74,0,0,compressorCoolOff,Sleep,
2026-08-06T05:35:00.000Z,Hall AC,72.8,94.1,45,74,0,0,compressorCoolOff,Sleep,
2026-08-06T05:40:00.000Z,Hall AC,72.7,94.1,44,74,0,0,compressorCoolOff,Sleep,
2026-08-06T05:45:00.000Z,Hall AC,73.2,94.1,43,74,0,0,compressorCoolOff,Sleep,
2026-08-06T05:50:00.000Z,Hall AC,73.7,94.1,42,74,0,0,compressorCoolOff,Sleep,
2026-08-06T05:55:00.000Z,Hall AC,74,94.1,42,74,150,150,compressorCoolOff,Sleep,
2026-08-06T06:00:00.000Z,Hall AC,74.7,92.7,43,74,300,300,compressorCoolStage1On,Sleep,
2026-08-06T06:05:00.000Z,Hall AC,74.4,92.7,43,74,300,300,compressorCoolStage1On,Sleep,
2026-08-06T06:10:00.000Z,Hall AC,73.6,92.7,43,74,30,75,compressorCoolStage1On,Sleep,
2026-08-06T06:15:00.000Z,Hall AC,72.8,92.7,43,74,0,0,compressorCoolOff,Sleep,
2026-08-06T06:20:00.000Z,Hall AC,73,92.7,42,74,0,0,compressorCoolOff,Sleep,
2026-08-06T06:25:00.000Z,Hall AC,73.3,92.7,42,74,0,0,compressorCoolOff,Sleep,
2026-08-06T06:30:00.000Z,Hall AC,73.8,93.7,42,74,75,75,compressorCoolOff,Sleep,
2026-08-06T06:35:00.000Z,Hall AC,74.4,93.7,42,74,300,300,compressorCoolStage1On,Sleep,
2026-08-06T06:40:00.000Z,Hall AC,74.1,93.7,42,74,225,270,compressorCoolStage1On,Sleep,
2026-08-06T06:45:00.000Z,Hall AC,73.5,93.7,43,74,0,0,compressorCoolOff,Sleep,
2026-08-06T06:50:00.000Z,Hall AC,73.1,93.7,42,74,0,0,compressorCoolOff,Sleep,
2026-08-06T06:55:00.000Z,Hall AC,73.2,93.7,42,74,0,0,compressorCoolOff,Sleep,
2026-08-06T07:00:00.000Z,Hall AC,73.6,92.6,42,74,0,0,compressorCoolOff,Sleep,
2026-08-06T07:05:00.000Z,Hall AC,73.9,92.6,42,74,150,150,compressorCoolOff,Sleep,
2026-08-06T07:10:00.000Z,Hall AC,74.4,92.6,42,74,300,300,compressorCoolStage1On,Sleep,
2026-08-06T07:15:00.000Z,Hall AC,74.2,92.6,42,74,270,300,compressorCoolStage1On,Sleep,
2026-08-06T07:20:00.000Z,Hall AC,73.2,92.6,42,74,0,15,compressorCoolOff,Sleep,
2026-08-06T07:25:00.000Z,Hall AC,72.4,92.6,42,74,0,0,compressorCoolOff,Sleep,
2026-08-06T07:30:00.000Z,Hall AC,72.9,92.6,42,74,0,0,compressorCoolOff,Sleep,
2026-08-06T07:35:00.000Z,Hall AC,73.2,92.6,42,74,0,0,compressorCoolOff,Sleep,
2026-08-06T07:40:00.000Z,Hall AC,73.5,92.6,42,74,0,0,compressorCoolOff,Sleep,
2026-08-06T07:45:00.000Z,Hall AC,73.9,92.6,42,74,105,105,compressorCoolOff,Sleep,
2026-08-06T07:50:00.000Z,Hall AC,74.3,92.6,42,74,300,300,compressorCoolStage1On,Sleep,
2026-08-06T07:55:00.000Z,Hall AC,74,92.6,42,74,195,240,compressorCoolStage1On,Sleep,
2026-08-06T08:00:00.000Z,Hall AC,73.1,91.2,42,74,0,0,compressorCoolOff,Sleep,
2026-08-06T08:05:00.000Z,Hall AC,72.8,91.2,42,74,0,0,compressorCoolOff,Sleep,
2026-08-06T08:10:00.000Z,Hall AC,73,91.2,42,74,0,0,compressorCoolOff,Sleep,
2026-08-06T08:15:00.000Z,Hall AC,73.4,91.2,42,74,0,0,compressorCoolOff,Sleep,
2026-08-06T08:20:00.000Z,Hall AC,73.8,91.2,42,74,0,0,compressorCoolOff,Sleep,
2026-08-06T08:25:00.000Z,Hall AC,73.9,91.2,42,74,105,105,compressorCoolOff,Sleep,
2026-08-06T08:30:00.000Z,Hall AC,74.5,91.2,42,74,300,300,compressorCoolStage1On,Sleep,
2026-08-06T08:35:00.000Z,Hall AC,74.4,91.2,42,74,300,300,compressorCoolStage1On,Sleep,
2026-08-06T08:40:00.000Z,Hall AC,73.7,91.2,42,74,90,135,compressorCoolStage1On,Sleep,
2026-08-06T08:45:00.000Z,Hall AC,72.8,91.2,43,74,0,0,compressorCoolOff,Sleep,
2026-08-06T08:50:00.000Z,Hall AC,72.7,91.2,44,74,0,0,compressorCoolOff,Sleep,
2026-08-06T08:55:00.000Z,Hall AC,73,91.2,44,74,0,0,compressorCoolOff,Sleep,
2026-08-06T09:00:00.000Z,Hall AC,73.3,89.7,44,74,0,0,compressorCoolOff,Sleep,
2026-08-06T09:05:00.000Z,Hall AC,73.5,89.7,44,74,0,0,compressorCoolOff,Sleep,
2026-08-06T09:10:00.000Z,Hall AC,73.7,89.7,43,74,0,0,compressorCoolOff,Sleep,
2026-08-06T09:15:00.000Z,Hall AC,73.9,89.7,43,74,0,0,compressorCoolOff,Sleep,
2026-08-06T09:20:00.000Z,Hall AC,74.1,89.7,42,74,180,180,compressorCoolOff,Sleep,
2026-08-06T09:25:00.000Z,Hall AC,74.4,89.7,42,74,300,300,compressorCoolStage1On,Sleep,
2026-08-06T09:30:00.000Z,Hall AC,73.9,89.6,43,74,135,180,compressorCoolStage1On,Sleep,
2026-08-06T09:35:00.000Z,Hall AC,72.8,89.6,44,74,0,0,compressorCoolOff,Sleep,
2026-08-06T09:40:00.000Z,Hall AC,72.6,89.6,44,74,0,0,compressorCoolOff,Sleep,
2026-08-06T09:45:00.000Z,Hall AC,73,89.6,44,74,0,0,compressorCoolOff,Sleep,
2026-08-06T09:50:00.000Z,Hall AC,73.3,89.6,43,74,0,0,compressorCoolOff,Sleep,
2026-08-06T09:55:00.000Z,Hall AC,73.5,89.6,42,74,0,0,compressorCoolOff,Sleep,
2026-08-06T10:00:00.000Z,Hall AC,73.8,88.5,42,74,0,0,compressorCoolOff,Sleep,
2026-08-06T10:05:00.000Z,Hall AC,73.8,88.5,41,74,0,0,compressorCoolOff,Sleep,
2026-08-06T10:10:00.000Z,Hall AC,73.8,88.5,41,74,75,75,compressorCoolOff,Sleep,
2026-08-06T10:15:00.000Z,Hall AC,74.4,88.5,42,74,300,300,compressorCoolStage1On,Sleep,
2026-08-06T10:20:00.000Z,Hall AC,74.2,88.5,42,74,225,270,compressorCoolStage1On,Sleep,
2026-08-06T10:25:00.000Z,Hall AC,73,88.5,42,74,0,0,compressorCoolOff,Sleep,
2026-08-06T10:30:00.000Z,Hall AC,72.5,86,42,74,0,0,compressorCoolOff,Sleep,
2026-08-06T10:35:00.000Z,Hall AC,72.9,86,42,74,0,0,compressorCoolOff,Sleep,
2026-08-06T10:40:00.000Z,Hall AC,73,86,41,74,0,0,compressorCoolOff,Sleep,
2026-08-06T10:45:00.000Z,Hall AC,73.2,86,41,74,0,0,compressorCoolOff,Sleep,
2026-08-06T10:50:00.000Z,Hall AC,73.4,86,41,74,0,0,compressorCoolOff,Sleep,
2026-08-06T10:55:00.000Z,Hall AC,73.3,86,40,74,0,0,compressorCoolOff,Sleep,
2026-08-06T11:00:00.000Z,Hall AC,73.6,85.2,40,74,0,0,compressorCoolOff,Sleep,
2026-08-06T11:05:00.000Z,Hall AC,73.8,85.2,40,74,0,0,compressorCoolOff,Sleep,
2026-08-06T11:10:00.000Z,Hall AC,73.9,85.2,40,74,0,0,compressorCoolOff,Sleep,
2026-08-06T11:15:00.000Z,Hall AC,73.8,85.2,40,74,60,60,compressorCoolOff,Sleep,
2026-08-06T11:20:00.000Z,Hall AC,74.3,85.2,40,74,300,300,compressorCoolStage1On,Sleep,
2026-08-06T11:25:00.000Z,Hall AC,74.1,85.2,40,74,240,285,compressorCoolStage1On,Sleep,
2026-08-06T11:30:00.000Z,Hall AC,73.3,86.5,41,74,0,0,compressorCoolOff,Sleep,
2026-08-06T11:35:00.000Z,Hall AC,72.5,86.5,41,74,0,0,compressorCoolOff,Sleep,
2026-08-06T11:40:00.000Z,Hall AC,72.9,86.5,42,74,0,0,compressorCoolOff,Sleep,
2026-08-06T11:45:00.000Z,Hall AC,73.2,86.5,41,74,0,0,compressorCoolOff,Sleep,
2026-08-06T11:50:00.000Z,Hall AC,73.2,86.5,40,74,0,0,compressorCoolOff,Sleep,
2026-08-06T11:55:00.000Z,Hall AC,73.2,86.5,40,74,0,0,compressorCoolOff,Sleep,
2026-08-06T12:00:00.000Z,Hall AC,73.6,85.7,40,74,0,0,compressorCoolOff,Sleep,
2026-08-06T12:05:00.000Z,Hall AC,73.8,85.7,40,74,0,0,compressorCoolOff,Sleep,
2026-08-06T12:10:00.000Z,Hall AC,74.1,85.7,41,75.5,75,105,compressorCoolStage1On,Sleep,
2026-08-06T12:15:00.000Z,Hall AC,74.1,85.7,42,76,0,0,compressorCoolOff,Sleep,auto
2026-08-06T12:20:00.000Z,Hall AC,74.2,85.7,42,76,0,0,compressorCoolOff,Sleep,auto
2026-08-06T12:25:00.000Z,Hall AC,74.4,85.7,42,76,0,0,compressorCoolOff,Sleep,auto
2026-08-06T12:30:00.000Z,Hall AC,74.8,85.7,43,76,0,0,compressorCoolOff,Sleep,auto
2026-08-06T12:35:00.000Z,Hall AC,74.9,85.7,43,76,0,0,compressorCoolOff,Sleep,auto
2026-08-06T12:40:00.000Z,Hall AC,75.1,85.7,43,76,0,0,compressorCoolOff,Sleep,auto
2026-08-06T12:45:00.000Z,Hall AC,75.4,85.7,42,76,0,0,compressorCoolOff,Sleep,auto
2026-08-06T12:50:00.000Z,Hall AC,75.6,85.7,43,76,0,0,compressorCoolOff,Sleep,auto
2026-08-06T12:55:00.000Z,Hall AC,75.7,85.7,42,76,0,0,compressorCoolOff,Sleep,auto
2026-08-06T13:00:00.000Z,Hall AC,75.9,85.8,43,76,0,0,compressorCoolOff,Sleep,auto
2026-08-06T13:05:00.000Z,Hall AC,75.9,85.8,43,76,0,0,compressorCoolOff,Sleep,auto
2026-08-06T13:10:00.000Z,Hall AC,75.9,85.8,43,76,0,0,compressorCoolOff,Sleep,auto
2026-08-06T13:15:00.000Z,Hall AC,76,85.8,43,76,210,210,compressorCoolOff,Sleep,auto
2026-08-06T13:20:00.000Z,Hall AC,75.6,85.8,42,76,90,135,compressorCoolStage1On,Sleep,auto
2026-08-06T13:25:00.000Z,Hall AC,75,85.8,43,76,0,0,compressorCoolOff,Sleep,auto
2026-08-06T13:30:00.000Z,Hall AC,75.1,85.8,44,76,0,0,compressorCoolOff,Sleep,auto
2026-08-06T13:35:00.000Z,Hall AC,75.3,85.8,44,76,0,0,compressorCoolOff,Sleep,auto
2026-08-06T13:40:00.000Z,Hall AC,75.5,85.8,45,76,0,0,compressorCoolOff,Sleep,auto
2026-08-06T13:45:00.000Z,Hall AC,75.6,85.8,45,76,0,0,compressorCoolOff,Sleep,auto
2026-08-06T13:50:00.000Z,Hall AC,75.8,85.8,44,76,0,0,compressorCoolOff,Sleep,auto
2026-08-06T13:55:00.000Z,Hall AC,75.8,85.8,44,76,0,0,compressorCoolOff,Sleep,auto
2026-08-06T14:00:00.000Z,Hall AC,75.6,87,44,76,0,0,compressorCoolOff,Sleep,auto
2026-08-06T14:05:00.000Z,Hall AC,75.6,87,44,76,0,0,compressorCoolOff,Sleep,auto
2026-08-06T14:10:00.000Z,Hall AC,75.7,87,43,76,0,0,compressorCoolOff,Sleep,auto
2026-08-06T14:15:00.000Z,Hall AC,75.5,87,42,76,0,0,compressorCoolOff,Sleep,auto
2026-08-06T14:20:00.000Z,Hall AC,75.6,87,42,76,0,0,compressorCoolOff,Sleep,auto
2026-08-06T14:25:00.000Z,Hall AC,75.7,87,42,76,0,0,compressorCoolOff,Sleep,auto
2026-08-06T14:30:00.000Z,Hall AC,76.1,87.9,42,76,300,300,compressorCoolStage1On,WFH,
2026-08-06T14:35:00.000Z,Hall AC,75.7,87.9,41,76,120,165,compressorCoolStage1On,WFH,
2026-08-06T14:40:00.000Z,Hall AC,75.1,87.9,41,76,0,0,compressorCoolOff,WFH,
2026-08-06T14:45:00.000Z,Hall AC,75,87.9,42,76,0,0,compressorCoolOff,WFH,
2026-08-06T14:50:00.000Z,Hall AC,75.1,87.9,41,76,0,0,compressorCoolOff,WFH,
2026-08-06T14:55:00.000Z,Hall AC,75.3,87.9,41,76,0,0,compressorCoolOff,WFH,
2026-08-06T15:00:00.000Z,Hall AC,75.5,88.6,40,76,0,0,compressorCoolOff,WFH,
2026-08-06T15:05:00.000Z,Hall AC,75.6,88.6,40,76,0,0,compressorCoolOff,WFH,
2026-08-06T15:10:00.000Z,Hall AC,75.9,88.6,40,76,0,0,compressorCoolOff,WFH,
2026-08-06T15:15:00.000Z,Hall AC,76.1,88.6,40,76,225,225,compressorCoolOff,WFH,
2026-08-06T15:20:00.000Z,Hall AC,76.1,88.6,40,76,270,300,compressorCoolStage1On,WFH,
2026-08-06T15:25:00.000Z,Hall AC,75.7,88.6,40,76,0,15,compressorCoolOff,WFH,
2026-08-06T15:30:00.000Z,Hall AC,75.6,88.6,41,76,0,0,compressorCoolOff,WFH,
2026-08-06T15:35:00.000Z,Hall AC,75.7,88.6,41,76,0,0,compressorCoolOff,WFH,
2026-08-06T15:40:00.000Z,Hall AC,76,88.6,41,76,105,105,compressorCoolOff,WFH,
2026-08-06T15:45:00.000Z,Hall AC,76.1,88.6,41,76,300,300,compressorCoolStage1On,WFH,
2026-08-06T15:50:00.000Z,Hall AC,76,88.6,41,76,150,195,compressorCoolStage1On,WFH,
2026-08-06T15:55:00.000Z,Hall AC,75.5,88.6,41,76,0,0,compressorCoolOff,WFH,
2026-08-06T16:00:00.000Z,Hall AC,75.6,91.4,42,76,0,0,compressorCoolOff,WFH,
2026-08-06T16:05:00.000Z,Hall AC,75.9,91.4,41,76,135,135,compressorCoolOff,WFH,
2026-08-06T16:10:00.000Z,Hall AC,76.1,91.4,41,76,300,300,compressorCoolStage1On,WFH,
2026-08-06T16:15:00.000Z,Hall AC,75.8,91.4,41,76,0,45,compressorCoolOff,WFH,
2026-08-06T16:20:00.000Z,Hall AC,75.7,91.4,42,76,0,0,compressorCoolOff,WFH,
2026-08-06T16:25:00.000Z,Hall AC,75.9,91.4,42,76,120,120,compressorCoolOff,WFH,
2026-08-06T16:30:00.000Z,Hall AC,76.1,91.4,42,76,300,300,compressorCoolStage1On,WFH,
2026-08-06T16:35:00.000Z,Hall AC,75.9,91.4,42,76,150,195,compressorCoolStage1On,WFH,
2026-08-06T16:40:00.000Z,Hall AC,75.6,91.4,43,76,0,0,compressorCoolOff,WFH,
2026-08-06T16:45:00.000Z,Hall AC,75.5,91.4,44,76,0,0,compressorCoolOff,WFH,
2026-08-06T16:50:00.000Z,Hall AC,75.6,91.4,44,76,0,0,compressorCoolOff,WFH,
2026-08-06T16:55:00.000Z,Hall AC,75.8,91.4,43,76,0,0,compressorCoolOff,WFH,
2026-08-06T17:00:00.000Z,Hall AC,76,92.8,44,76,210,210,compressorCoolOff,WFH,
2026-08-06T17:05:00.000Z,Hall AC,76,92.8,44,76,165,210,compressorCoolStage1On,WFH,
2026-08-06T17:10:00.000Z,Hall AC,75.6,92.8,44,76,0,0,compressorCoolOff,WFH,
2026-08-06T17:15:00.000Z,Hall AC,75.6,92.8,45,76,0,0,compressorCoolOff,WFH,
2026-08-06T17:20:00.000Z,Hall AC,75.6,92.8,45,76,0,0,compressorCoolOff,WFH,
2026-08-06T17:25:00.000Z,Hall AC,75.7,92.8,45,76,0,0,compressorCoolOff,WFH,
2026-08-06T17:30:00.000Z,Hall AC,76,92.8,45,76,135,135,compressorCoolOff,WFH,
2026-08-06T17:35:00.000Z,Hall AC,76.1,92.8,45,76,300,300,compressorCoolStage1On,WFH,
2026-08-06T17:40:00.000Z,Hall AC,76,92.8,44,76,165,210,compressorCoolStage1On,WFH,
2026-08-06T17:45:00.000Z,Hall AC,75.5,92.8,45,76,0,0,compressorCoolOff,WFH,
2026-08-06T17:50:00.000Z,Hall AC,75.5,92.8,46,76,0,0,compressorCoolOff,WFH,
2026-08-06T17:55:00.000Z,Hall AC,75.7,92.8,46,76,0,0,compressorCoolOff,WFH,
2026-08-06T18:00:00.000Z,Hall AC,75.9,95.5,47,76,75,75,compressorCoolOff,WFH,
2026-08-06T18:05:00.000Z,Hall AC,76.3,95.5,47,76,300,300,compressorCoolStage1On,WFH,
2026-08-06T18:10:00.000Z,Hall AC,75.9,95.5,46,76,135,180,compressorCoolStage1On,WFH,
2026-08-06T18:15:00.000Z,Hall AC,75.2,95.5,47,75.2,120,120,compressorCoolOff,WFH,
2026-08-06T18:20:00.000Z,Hall AC,75.5,95.5,47,74,300,300,compressorCoolStage1On,WFH,auto
2026-08-06T18:25:00.000Z,Hall AC,76,95.5,45,74,300,300,compressorCoolStage1On,WFH,auto
2026-08-06T18:30:00.000Z,Hall AC,76.1,95.5,43,74,300,300,compressorCoolStage1On,WFH,auto
2026-08-06T18:35:00.000Z,Hall AC,75.6,95.5,42,74,300,300,compressorCoolStage1On,WFH,auto
2026-08-06T18:40:00.000Z,Hall AC,75.2,95.5,43,74,300,300,compressorCoolStage1On,WFH,auto
2026-08-06T18:45:00.000Z,Hall AC,74.8,95.5,42,74,300,300,compressorCoolStage1On,WFH,auto
2026-08-06T18:50:00.000Z,Hall AC,74.6,95.5,42,74,300,300,compressorCoolStage1On,WFH,auto
2026-08-06T18:55:00.000Z,Hall AC,74.3,95.5,43,74,300,300,compressorCoolStage1On,WFH,auto
2026-08-06T19:00:00.000Z,Hall AC,74.1,97.9,43,74,255,300,compressorCoolStage1On,WFH,auto
2026-08-06T19:05:00.000Z,Hall AC,73.7,97.9,43,74,0,0,compressorCoolOff,WFH,auto
2026-08-06T19:10:00.000Z,Hall AC,73.4,97.9,44,74,0,0,compressorCoolOff,WFH,auto
2026-08-06T19:15:00.000Z,Hall AC,73.8,97.9,45,74,15,15,compressorCoolOff,WFH,auto
2026-08-06T19:20:00.000Z,Hall AC,74.4,97.9,46,76,0,30,compressorCoolOff,WFH,
2026-08-06T19:25:00.000Z,Hall AC,74.9,97.9,46,75.2,60,60,compressorCoolOff,WFH,
2026-08-06T19:30:00.000Z,Hall AC,76.1,99.7,43,75,300,300,compressorCoolStage1On,WFH,hold
2026-08-06T19:35:00.000Z,Hall AC,76.6,99.7,41,75,300,300,compressorCoolStage1On,WFH,hold
2026-08-06T19:40:00.000Z,Hall AC,75.8,99.7,42,75,300,300,compressorCoolStage1On,WFH,hold
2026-08-06T19:45:00.000Z,Hall AC,74.3,99.7,43,75,15,60,compressorCoolStage1On,WFH,hold
2026-08-06T19:50:00.000Z,Hall AC,73.1,99.7,45,75,0,0,compressorCoolOff,WFH,hold
2026-08-06T19:55:00.000Z,Hall AC,73.5,99.7,46,75,0,0,compressorCoolOff,WFH,hold
2026-08-06T20:00:00.000Z,Hall AC,74.1,101.3,46,75,0,0,compressorCoolOff,WFH,hold
2026-08-06T20:05:00.000Z,Hall AC,75,101.3,45,75,120,120,compressorCoolOff,WFH,hold
2026-08-06T20:10:00.000Z,Hall AC,76.6,101.3,42,75,300,300,compressorCoolStage1On,WFH,hold
2026-08-06T20:15:00.000Z,Hall AC,76.3,101.3,42,75,300,300,compressorCoolStage1On,WFH,hold
2026-08-06T20:20:00.000Z,Hall AC,75.6,101.3,43,75,300,300,compressorCoolStage1On,WFH,hold
2026-08-06T20:25:00.000Z,Hall AC,74.5,101.3,44,75,45,90,compressorCoolStage1On,WFH,hold
2026-08-06T20:30:00.000Z,Hall AC,73.5,101.3,45,75,0,0,compressorCoolOff,WFH,hold
2026-08-06T20:35:00.000Z,Hall AC,73.2,101.3,46,75,0,0,compressorCoolOff,WFH,hold
2026-08-06T20:40:00.000Z,Hall AC,73.5,101.3,47,75,0,0,compressorCoolOff,WFH,hold
2026-08-06T20:45:00.000Z,Hall AC,74.3,101.3,46,75,0,0,compressorCoolOff,WFH,hold
2026-08-06T20:50:00.000Z,Hall AC,75.7,101.3,44,75,285,285,compressorCoolOff,WFH,hold
2026-08-06T20:55:00.000Z,Hall AC,76.4,101.3,45,75,300,300,compressorCoolStage1On,WFH,hold
2026-08-06T21:00:00.000Z,Hall AC,75.8,102.5,45,74,300,300,compressorCoolStage1On,Cooldown,
2026-08-06T21:05:00.000Z,Hall AC,75.1,102.5,45,74,300,300,compressorCoolStage1On,Cooldown,
2026-08-06T21:10:00.000Z,Hall AC,74.4,102.5,45,74,255,300,compressorCoolStage1On,Cooldown,
2026-08-06T21:15:00.000Z,Hall AC,73.3,102.5,46,74,0,0,compressorCoolOff,Cooldown,
2026-08-06T21:20:00.000Z,Hall AC,73.2,102.5,47,74,0,0,compressorCoolOff,Cooldown,
2026-08-06T21:25:00.000Z,Hall AC,74.3,102.5,45,74,210,210,compressorCoolOff,Cooldown,
2026-08-06T21:30:00.000Z,Hall AC,75.4,102.5,45,74,300,300,compressorCoolStage1On,Cooldown,
2026-08-06T21:35:00.000Z,Hall AC,75.2,102.5,45,74,300,300,compressorCoolStage1On,Cooldown,
2026-08-06T21:40:00.000Z,Hall AC,74.6,102.5,45,74,300,300,compressorCoolStage1On,Cooldown,
2026-08-06T21:45:00.000Z,Hall AC,73.7,102.5,46,74,60,105,compressorCoolStage1On,Cooldown,
2026-08-06T21:50:00.000Z,Hall AC,73.1,102.5,47,74,0,0,compressorCoolOff,Cooldown,
2026-08-06T21:55:00.000Z,Hall AC,73.8,102.5,47,74,105,105,compressorCoolOff,Cooldown,
2026-08-06T22:00:00.000Z,Hall AC,75.3,103,45,74,300,300,compressorCoolStage1On,Cooldown,
2026-08-06T22:05:00.000Z,Hall AC,75.5,103,45,74,300,300,compressorCoolStage1On,Cooldown,
2026-08-06T22:10:00.000Z,Hall AC,75,103,45,74,300,300,compressorCoolStage1On,Cooldown,
2026-08-06T22:15:00.000Z,Hall AC,74.1,103,46,74,165,210,compressorCoolStage1On,Cooldown,
2026-08-06T22:20:00.000Z,Hall AC,73.1,103,47,74,0,0,compressorCoolOff,Cooldown,
2026-08-06T22:25:00.000Z,Hall AC,73.4,103,47,74,15,15,compressorCoolOff,Cooldown,
2026-08-06T22:30:00.000Z,Hall AC,74.9,102.9,45,74,300,300,compressorCoolStage1On,Cooldown,
2026-08-06T22:35:00.000Z,Hall AC,75.6,102.9,45,74,300,300,compressorCoolStage1On,Cooldown,
2026-08-06T22:40:00.000Z,Hall AC,75.1,102.9,44,74,300,300,compressorCoolStage1On,Cooldown,
2026-08-06T22:45:00.000Z,Hall AC,74.5,102.9,44,74,300,300,compressorCoolStage1On,Cooldown,
2026-08-06T22:50:00.000Z,Hall AC,74.1,102.9,44,74,225,270,compressorCoolStage1On,Cooldown,
2026-08-06T22:55:00.000Z,Hall AC,73.5,102.9,44,74,0,0,compressorCoolOff,Cooldown,
2026-08-06T23:00:00.000Z,Hall AC,73,102.9,46,75,0,0,compressorCoolOff,Home,
2026-08-06T23:05:00.000Z,Hall AC,73,102.9,47,75,0,0,compressorCoolOff,Home,
2026-08-06T23:10:00.000Z,Hall AC,74.1,102.9,46,75,0,0,compressorCoolOff,Home,
2026-08-06T23:15:00.000Z,Hall AC,74.8,102.9,46,75,0,0,compressorCoolOff,Home,
2026-08-06T23:20:00.000Z,Hall AC,75.5,102.9,46,75,300,300,compressorCoolStage1On,Home,
2026-08-06T23:25:00.000Z,Hall AC,75.8,102.9,47,75,300,300,compressorCoolStage1On,Home,
2026-08-06T23:30:00.000Z,Hall AC,75.1,102.9,47,75,210,255,compressorCoolStage1On,Home,
2026-08-06T23:35:00.000Z,Hall AC,74.1,102.9,47,75,0,0,compressorCoolOff,Home,
2026-08-06T23:40:00.000Z,Hall AC,73.6,102.9,47,75,0,0,compressorCoolOff,Home,
2026-08-06T23:45:00.000Z,Hall AC,73.5,102.9,48,75,0,0,compressorCoolOff,Home,
2026-08-06T23:50:00.000Z,Hall AC,74.2,102.9,48,75,0,0,compressorCoolOff,Home,
2026-08-06T23:55:00.000Z,Hall AC,75.3,102.9,47,75,225,225,compressorCoolOff,Home,
2026-08-07T00:00:00.000Z,Hall AC,76.2,101.1,47,75,300,300,compressorCoolStage1On,Home,
2026-08-07T00:05:00.000Z,Hall AC,75.3,101.1,47,75,210,255,compressorCoolStage1On,Home,
2026-08-07T00:10:00.000Z,Hall AC,74.2,101.1,47,75,0,0,compressorCoolOff,Home,
2026-08-07T00:15:00.000Z,Hall AC,73.6,101.1,49,75,0,0,compressorCoolOff,Home,
2026-08-07T00:20:00.000Z,Hall AC,74.6,101.1,48,75,0,0,compressorCoolOff,Home,
2026-08-07T00:25:00.000Z,Hall AC,74.9,101.1,48,75,0,0,compressorCoolOff,Home,
2026-08-07T00:30:00.000Z,Hall AC,74.9,101.1,49,75,60,60,compressorCoolOff,Home,
2026-08-07T00:35:00.000Z,Hall AC,75.4,101.1,48,75,300,300,compressorCoolStage1On,Home,
2026-08-07T00:40:00.000Z,Hall AC,75.4,101.1,47,75,300,300,compressorCoolStage1On,Home,
2026-08-07T00:45:00.000Z,Hall AC,75,101.1,45,75,150,195,compressorCoolStage1On,Home,
2026-08-07T00:50:00.000Z,Hall AC,74.8,101.1,46,75,0,0,compressorCoolOff,Home,
2026-08-07T00:55:00.000Z,Hall AC,75.2,101.1,48,75,255,255,compressorCoolOff,Home,
2026-08-07T01:00:00.000Z,Hall AC,75.4,99.3,48,75,300,300,compressorCoolStage1On,Home,
2026-08-07T01:05:00.000Z,Hall AC,75.2,99.3,47,75,300,300,compressorCoolStage1On,Home,
2026-08-07T01:10:00.000Z,Hall AC,75.2,99.3,47,75,300,300,compressorCoolStage1On,Home,
2026-08-07T01:15:00.000Z,Hall AC,74.9,99.3,46,75,105,150,compressorCoolStage1On,Home,
2026-08-07T01:20:00.000Z,Hall AC,74.5,99.3,47,75,0,0,compressorCoolOff,Home,
2026-08-07T01:25:00.000Z,Hall AC,74.9,99.3,48,75,90,90,compressorCoolOff,Home,
2026-08-07T01:30:00.000Z,Hall AC,75.7,98.7,47,75,300,300,compressorCoolStage1On,Home,
2026-08-07T01:35:00.000Z,Hall AC,76.9,98.7,43,75,300,300,compressorCoolStage1On,Home,
2026-08-07T01:40:00.000Z,Hall AC,76.5,98.7,43,75,300,300,compressorCoolStage1On,Home,
2026-08-07T01:45:00.000Z,Hall AC,75.5,98.7,43,75,300,300,compressorCoolStage1On,Home,
2026-08-07T01:50:00.000Z,Hall AC,74.3,98.7,44,75,0,45,compressorCoolOff,Home,
2026-08-07T01:55:00.000Z,Hall AC,73.3,98.7,45,75,0,0,compressorCoolOff,Home,
2026-08-07T02:00:00.000Z,Hall AC,73.4,97,45,75,0,0,compressorCoolOff,Home,
2026-08-07T02:05:00.000Z,Hall AC,73.7,97,46,75,0,0,compressorCoolOff,Home,
2026-08-07T02:10:00.000Z,Hall AC,74.2,97,46,75,0,0,compressorCoolOff,Home,
2026-08-07T02:15:00.000Z,Hall AC,75.5,97,45,75,270,270,compressorCoolOff,Home,
2026-08-07T02:20:00.000Z,Hall AC,76,97,44,75,300,300,compressorCoolStage1On,Home,
2026-08-07T02:25:00.000Z,Hall AC,75.5,97,44,75,300,300,compressorCoolStage1On,Home,
2026-08-07T02:30:00.000Z,Hall AC,74.7,97,44,75,60,105,compressorCoolStage1On,Home,
2026-08-07T02:35:00.000Z,Hall AC,73.3,97,46,75,0,0,compressorCoolOff,Home,
2026-08-07T02:40:00.000Z,Hall AC,73.3,97,47,75,0,0,compressorCoolOff,Home,
2026-08-07T02:45:00.000Z,Hall AC,74.5,97,45,75,0,0,compressorCoolOff,Home,
2026-08-07T02:50:00.000Z,Hall AC,75.4,97,44,75,270,270,compressorCoolOff,Home,
2026-08-07T02:55:00.000Z,Hall AC,75.9,97,43,75,300,300,compressorCoolStage1On,Home,
2026-08-07T03:00:00.000Z,Hall AC,75.2,93.3,43,75,210,255,compressorCoolStage1On,Home,
2026-08-07T03:05:00.000Z,Hall AC,73.9,93.3,44,75,0,0,compressorCoolOff,Home,
2026-08-07T03:10:00.000Z,Hall AC,73.7,93.3,46,75,0,0,compressorCoolOff,Home,
2026-08-07T03:15:00.000Z,Hall AC,74.8,93.3,45,75,60,60,compressorCoolOff,Home,
2026-08-07T03:20:00.000Z,Hall AC,75.7,93.3,44,75,300,300,compressorCoolStage1On,Home,
2026-08-07T03:25:00.000Z,Hall AC,75.4,93.3,43,75,225,270,compressorCoolStage1On,Home,
2026-08-07T03:30:00.000Z,Hall AC,74.1,93.3,45,75,0,0,compressorCoolOff,Home,
2026-08-07T03:35:00.000Z,Hall AC,74,93.3,45,75,0,0,compressorCoolOff,Home,
2026-08-07T03:40:00.000Z,Hall AC,74.9,93.3,44,75,75,75,compressorCoolOff,Home,
2026-08-07T03:45:00.000Z,Hall AC,75.6,93.3,43,75,300,300,compressorCoolStage1On,Home,
2026-08-07T03:50:00.000Z,Hall AC,75.5,93.3,42,75,300,300,compressorCoolStage1On,Home,
2026-08-07T03:55:00.000Z,Hall AC,74.9,93.3,42,75,105,150,compressorCoolStage1On,Home,
2026-08-07T04:00:00.000Z,Hall AC,74,92.5,44,75,0,0,compressorCoolOff,Home,
2026-08-07T04:05:00.000Z,Hall AC,73.8,92.5,45,75,0,0,compressorCoolOff,Home,
2026-08-07T04:10:00.000Z,Hall AC,74.1,92.5,44,75,0,0,compressorCoolOff,Home,
2026-08-07T04:15:00.000Z,Hall AC,74.4,92.5,44,75,0,0,compressorCoolOff,Home,
2026-08-07T04:20:00.000Z,Hall AC,75,92.5,43,75,300,300,compressorCoolStage1On,Home,(SmartRecovery)
2026-08-07T04:25:00.000Z,Hall AC,75.4,92.5,43,75,300,300,compressorCoolStage1On,Home,
2026-08-07T04:30:00.000Z,Hall AC,75,92.7,42,74,300,300,compressorCoolStage1On,Sleep,
2026-08-07T04:35:00.000Z,Hall AC,74.3,92.7,42,74,300,300,compressorCoolStage1On,Sleep,
2026-08-07T04:40:00.000Z,Hall AC,73.5,92.7,42,74,75,120,compressorCoolStage1On,Sleep,
2026-08-07T04:45:00.000Z,Hall AC,72.1,92.7,44,74,0,0,compressorCoolOff,Sleep,
2026-08-07T04:50:00.000Z,Hall AC,72.4,92.7,45,74,0,0,compressorCoolOff,Sleep,
2026-08-07T04:55:00.000Z,Hall AC,73,92.7,44,74,0,0,compressorCoolOff,Sleep,
2026-08-07T05:00:00.000Z,Hall AC,73.4,91.8,43,74,0,0,compressorCoolOff,Sleep,
2026-08-07T05:05:00.000Z,Hall AC,73.5,91.8,42,74,0,0,compressorCoolOff,Sleep,
2026-08-07T05:10:00.000Z,Hall AC,73.7,91.8,41,74,0,0,compressorCoolOff,Sleep,
2026-08-07T05:15:00.000Z,Hall AC,73.7,91.8,40,74,0,0,compressorCoolOff,Sleep,
2026-08-07T05:20:00.000Z,Hall AC,73.9,91.8,40,74,90,90,compressorCoolOff,Sleep,
2026-08-07T05:25:00.000Z,Hall AC,74.5,91.8,40,74,300,300,compressorCoolStage1On,Sleep,
2026-08-07T05:30:00.000Z,Hall AC,74.1,92,41,74,240,285,compressorCoolStage1On,Sleep,
2026-08-07T05:35:00.000Z,Hall AC,73.2,92,41,74,0,0,compressorCoolOff,Sleep,
2026-08-07T05:40:00.000Z,Hall AC,72.9,92,41,74,0,0,compressorCoolOff,Sleep,
2026-08-07T05:45:00.000Z,Hall AC,73.4,92,41,74,0,0,compressorCoolOff,Sleep,
2026-08-07T05:50:00.000Z,Hall AC,73.9,92,41,74,105,105,compressorCoolOff,Sleep,
2026-08-07T05:55:00.000Z,Hall AC,74.1,92,41,74,300,300,compressorCoolStage1On,Sleep,
2026-08-07T06:00:00.000Z,Hall AC,74,90.8,41,74,225,270,compressorCoolStage1On,Sleep,
2026-08-07T06:05:00.000Z,Hall AC,73.1,90.8,41,74,0,0,compressorCoolOff,Sleep,
2026-08-07T06:10:00.000Z,Hall AC,72.6,90.8,41,74,0,0,compressorCoolOff,Sleep,
2026-08-07T06:15:00.000Z,Hall AC,73.1,90.8,41,74,0,0,compressorCoolOff,Sleep,
2026-08-07T06:20:00.000Z,Hall AC,73.6,90.8,41,74,0,0,compressorCoolOff,Sleep,
2026-08-07T06:25:00.000Z,Hall AC,73.7,90.8,40,74,0,0,compressorCoolOff,Sleep,
2026-08-07T06:30:00.000Z,Hall AC,73.8,90.8,40,74,0,0,compressorCoolOff,Sleep,
2026-08-07T06:35:00.000Z,Hall AC,74.1,90.8,40,74,210,210,compressorCoolOff,Sleep,
2026-08-07T06:40:00.000Z,Hall AC,74.3,90.8,40,74,300,300,compressorCoolStage1On,Sleep,
2026-08-07T06:45:00.000Z,Hall AC,73.6,90.8,41,74,60,105,compressorCoolStage1On,Sleep,
2026-08-07T06:50:00.000Z,Hall AC,72.7,90.8,41,74,0,0,compressorCoolOff,Sleep,
2026-08-07T06:55:00.000Z,Hall AC,73.1,90.8,41,74,0,0,compressorCoolOff,Sleep,
2026-08-07T07:00:00.000Z,Hall AC,73.3,89.8,41,74,0,0,compressorCoolOff,Sleep,
2026-08-07T07:05:00.000Z,Hall AC,73.4,89.8,40,74,0,0,compressorCoolOff,Sleep,
2026-08-07T07:10:00.000Z,Hall AC,73.7,89.8,40,74,0,0,compressorCoolOff,Sleep,
2026-08-07T07:15:00.000Z,Hall AC,73.9,89.8,40,74,165,165,compressorCoolOff,Sleep,
2026-08-07T07:20:00.000Z,Hall AC,74.2,89.8,40,74,285,300,compressorCoolStage1On,Sleep,
2026-08-07T07:25:00.000Z,Hall AC,73.5,89.8,41,74,0,30,compressorCoolOff,Sleep,
2026-08-07T07:30:00.000Z,Hall AC,72.9,89.8,41,74,0,0,compressorCoolOff,Sleep,
2026-08-07T07:35:00.000Z,Hall AC,73.3,89.8,41,74,0,0,compressorCoolOff,Sleep,
2026-08-07T07:40:00.000Z,Hall AC,73.4,89.8,40,74,0,0,compressorCoolOff,Sleep,
2026-08-07T07:45:00.000Z,Hall AC,73.6,89.8,40,74,0,0,compressorCoolOff,Sleep,
2026-08-07T07:50:00.000Z,Hall AC,73.7,89.8,40,74,0,0,compressorCoolOff,Sleep,
2026-08-07T07:55:00.000Z,Hall AC,73.7,89.8,39,74,0,0,compressorCoolOff,Sleep,
2026-08-07T08:00:00.000Z,Hall AC,73.9,90.2,39,74,165,165,compressorCoolOff,Sleep,
2026-08-07T08:05:00.000Z,Hall AC,74.3,90.2,40,74,300,300,compressorCoolStage1On,Sleep,
2026-08-07T08:10:00.000Z,Hall AC,73.6,90.2,40,74,15,60,compressorCoolStage1On,Sleep,
2026-08-07T08:15:00.000Z,Hall AC,72.9,90.2,41,74,0,0,compressorCoolOff,Sleep,
2026-08-07T08:20:00.000Z,Hall AC,72.9,90.2,41,74,0,0,compressorCoolOff,Sleep,
2026-08-07T08:25:00.000Z,Hall AC,73.3,90.2,40,74,0,0,compressorCoolOff,Sleep,
2026-08-07T08:30:00.000Z,Hall AC,73.4,90.2,40,74,0,0,compressorCoolOff,Sleep,
2026-08-07T08:35:00.000Z,Hall AC,73.6,90.2,40,74,0,0,compressorCoolOff,Sleep,
2026-08-07T08:40:00.000Z,Hall AC,73.8,90.2,40,74,0,0,compressorCoolOff,Sleep,
2026-08-07T08:45:00.000Z,Hall AC,73.8,90.2,40,74,0,0,compressorCoolOff,Sleep,
2026-08-07T08:50:00.000Z,Hall AC,73.8,90.2,40,74,0,0,compressorCoolOff,Sleep,
2026-08-07T08:55:00.000Z,Hall AC,74.2,90.2,40,74,285,285,compressorCoolOff,Sleep,
2026-08-07T09:00:00.000Z,Hall AC,74.1,88.8,40,74,180,225,compressorCoolStage1On,Sleep,
2026-08-07T09:05:00.000Z,Hall AC,73.2,88.8,41,74,0,0,compressorCoolOff,Sleep,
2026-08-07T09:25:00.000Z,Hall AC,73.6,88.8,40,74,0,0,compressorCoolOff,Sleep,
2026-08-07T09:30:00.000Z,Hall AC,73.7,87.9,40,74,0,0,compressorCoolOff,Sleep,
2026-08-07T09:35:00.000Z,Hall AC,73.8,87.9,40,74,0,0,compressorCoolOff,Sleep,
2026-08-07T09:40:00.000Z,Hall AC,73.8,87.9,40,74,0,0,compressorCoolOff,Sleep,
2026-08-07T09:45:00.000Z,Hall AC,73.8,87.9,40,74,60,60,compressorCoolOff,Sleep,
2026-08-07T09:50:00.000Z,Hall AC,74.1,87.9,40,74,300,300,compressorCoolStage1On,Sleep,
2026-08-07T09:55:00.000Z,Hall AC,73.7,87.9,40,74,75,120,compressorCoolStage1On,Sleep,
2026-08-07T10:00:00.000Z,Hall AC,73,87.2,41,74,0,0,compressorCoolOff,Sleep,
2026-08-07T10:05:00.000Z,Hall AC,73,87.2,40,74,0,0,compressorCoolOff,Sleep,
2026-08-07T10:10:00.000Z,Hall AC,73.1,87.2,40,74,0,0,compressorCoolOff,Sleep,
2026-08-07T10:15:00.000Z,Hall AC,73.1,87.2,40,74,0,0,compressorCoolOff,Sleep,
2026-08-07T10:20:00.000Z,Hall AC,73.6,87.2,40,74,0,0,compressorCoolOff,Sleep,
2026-08-07T10:25:00.000Z,Hall AC,73.8,87.2,40,74,0,0,compressorCoolOff,Sleep,
2026-08-07T10:30:00.000Z,Hall AC,73.8,87.2,40,74,0,0,compressorCoolOff,Sleep,
2026-08-07T10:35:00.000Z,Hall AC,74,87.2,40,74,210,210,compressorCoolOff,Sleep,
2026-08-07T10:40:00.000Z,Hall AC,74,87.2,40,74,195,240,compressorCoolStage1On,Sleep,
2026-08-07T10:45:00.000Z,Hall AC,73.2,87.2,40,74,0,0,compressorCoolOff,Sleep,
2026-08-07T10:50:00.000Z,Hall AC,72.9,87.2,41,74,0,0,compressorCoolOff,Sleep,
2026-08-07T10:55:00.000Z,Hall AC,72.9,87.2,40,74,0,0,compressorCoolOff,Sleep,
2026-08-07T11:00:00.000Z,Hall AC,73.1,86.2,40,74,0,0,compressorCoolOff,Sleep,
2026-08-07T11:05:00.000Z,Hall AC,73.5,86.2,40,74,0,0,compressorCoolOff,Sleep,
2026-08-07T11:10:00.000Z,Hall AC,73.6,86.2,40,74,0,0,compressorCoolOff,Sleep,
2026-08-07T11:15:00.000Z,Hall AC,73.7,86.2,40,74,0,0,compressorCoolOff,Sleep,
2026-08-07T11:20:00.000Z,Hall AC,73.8,86.2,40,74,0,0,compressorCoolOff,Sleep,
2026-08-07T11:25:00.000Z,Hall AC,73.8,86.2,40,74,0,0,compressorCoolOff,Sleep,
2026-08-07T11:30:00.000Z,Hall AC,73.8,86.2,40,74,0,0,compressorCoolOff,Sleep,
2026-08-07T11:35:00.000Z,Hall AC,74,86.2,40,74,270,270,compressorCoolOff,Sleep,
2026-08-07T11:40:00.000Z,Hall AC,73.8,86.2,40,74,105,150,compressorCoolStage1On,Sleep,
2026-08-07T11:45:00.000Z,Hall AC,73,86.2,41,74,0,0,compressorCoolOff,Sleep,
2026-08-07T11:50:00.000Z,Hall AC,72.9,86.2,41,74,0,0,compressorCoolOff,Sleep,
2026-08-07T11:55:00.000Z,Hall AC,73.2,86.2,40,74,0,0,compressorCoolOff,Sleep,
2026-08-07T12:00:00.000Z,Hall AC,73.1,85.4,40,74,0,0,compressorCoolOff,Sleep,
2026-08-07T12:05:00.000Z,Hall AC,73.4,85.4,40,74,0,0,compressorCoolOff,Sleep,
2026-08-07T12:10:00.000Z,Hall AC,73.6,85.4,40,74,0,0,compressorCoolOff,Sleep,
2026-08-07T12:15:00.000Z,Hall AC,73.7,85.4,40,74,0,0,compressorCoolOff,Sleep,
2026-08-07T12:20:00.000Z,Hall AC,73.8,85.4,40,74,0,0,compressorCoolOff,Sleep,
2026-08-07T12:35:00.000Z,Hall AC,73.6,85.4,39,74,0,0,compressorCoolOff,Sleep,
2026-08-07T12:40:00.000Z,Hall AC,73.9,85.4,40,74,150,150,compressorCoolOff,Sleep,
2026-08-07T12:45:00.000Z,Hall AC,74.2,85.4,40,74,285,300,compressorCoolStage1On,Sleep,
2026-08-07T12:50:00.000Z,Hall AC,73.4,85.4,40,74,0,30,compressorCoolOff,Sleep,
2026-08-07T12:55:00.000Z,Hall AC,72.9,85.4,41,74,0,0,compressorCoolOff,Sleep,
2026-08-07T13:00:00.000Z,Hall AC,73.1,84.3,41,74,0,0,compressorCoolOff,Sleep,
2026-08-07T13:05:00.000Z,Hall AC,73.3,84.3,40,74,0,0,compressorCoolOff,Sleep,
2026-08-07T13:10:00.000Z,Hall AC,73.2,84.3,40,74,0,0,compressorCoolOff,Sleep,
2026-08-07T13:15:00.000Z,Hall AC,73.8,84.3,41,74,120,120,compressorCoolOff,Sleep,
2026-08-07T13:20:00.000Z,Hall AC,74.2,84.3,41,74,300,300,compressorCoolStage1On,Sleep,
2026-08-07T13:25:00.000Z,Hall AC,73.7,84.3,41,74,90,135,compressorCoolStage1On,Sleep,
2026-08-07T13:30:00.000Z,Hall AC,72.9,86.4,42,74,0,0,compressorCoolOff,Sleep,
2026-08-07T13:35:00.000Z,Hall AC,73.1,86.4,42,74,0,0,compressorCoolOff,Sleep,
2026-08-07T13:40:00.000Z,Hall AC,73.4,86.4,43,74,0,0,compressorCoolOff,Sleep,
2026-08-07T13:45:00.000Z,Hall AC,73.9,86.4,42,73.1,270,270,compressorCoolOff,Sleep,
2026-08-07T13:50:00.000Z,Hall AC,73.6,86.4,41,73,300,300,compressorCoolStage1On,Sleep,auto
2026-08-07T13:55:00.000Z,Hall AC,73.2,86.4,42,73,255,300,compressorCoolStage1On,Sleep,auto
2026-08-07T14:00:00.000Z,Hall AC,72.3,88,42,73,0,0,compressorCoolOff,Sleep,auto
2026-08-07T14:05:00.000Z,Hall AC,72,88,43,73,0,0,compressorCoolOff,Sleep,auto
2026-08-07T14:10:00.000Z,Hall AC,72.5,88,43,73,0,0,compressorCoolOff,Sleep,auto
2026-08-07T14:15:00.000Z,Hall AC,72.9,88,42,73,75,75,compressorCoolOff,Sleep,auto
2026-08-07T14:25:00.000Z,Hall AC,73.3,88,41,73,300,300,compressorCoolStage1On,Sleep,auto
2026-08-07T14:30:00.000Z,Hall AC,73.1,88,41,75.8,15,45,compressorCoolStage1On,WFH,auto
2026-08-07T14:35:00.000Z,Hall AC,72.7,88,42,76,0,0,compressorCoolOff,WFH,
2026-08-07T14:40:00.000Z,Hall AC,73,88,42,76,0,0,compressorCoolOff,WFH,
2026-08-07T14:45:00.000Z,Hall AC,73.3,88,42,76,0,0,compressorCoolOff,WFH,
2026-08-07T14:50:00.000Z,Hall AC,73.7,88,42,76,0,0,compressorCoolOff,WFH,
2026-08-07T14:55:00.000Z,Hall AC,73.8,88,42,76,0,0,compressorCoolOff,WFH,
2026-08-07T15:00:00.000Z,Hall AC,74.1,92.4,42,76,0,0,compressorCoolOff,WFH,
2026-08-07T15:05:00.000Z,Hall AC,74.2,92.4,42,76,0,0,compressorCoolOff,WFH,
2026-08-07T15:10:00.000Z,Hall AC,74.2,92.4,42,76,0,0,compressorCoolOff,WFH,
2026-08-07T15:15:00.000Z,Hall AC,74.5,92.4,42,76,0,0,compressorCoolOff,WFH,
2026-08-07T15:20:00.000Z,Hall AC,74.5,92.4,42,76,0,0,compressorCoolOff,WFH,
2026-08-07T15:25:00.000Z,Hall AC,74.6,92.4,42,76,0,0,compressorCoolOff,WFH,
2026-08-07T15:30:00.000Z,Hall AC,74.8,92.4,42,76,0,0,compressorCoolOff,WFH,
2026-08-07T15:35:00.000Z,Hall AC,75,92.4,42,76,0,0,compressorCoolOff,WFH,
2026-08-07T15:40:00.000Z,Hall AC,75,92.4,42,76,0,0,compressorCoolOff,WFH,
2026-08-07T15:45:00.000Z,Hall AC,75.1,92.4,42,76,0,0,compressorCoolOff,WFH,
2026-08-07T15:50:00.000Z,Hall AC,75.3,92.4,42,76,0,0,compressorCoolOff,WFH,
2026-08-07T15:55:00.000Z,Hall AC,75.3,92.4,42,76,0,0,compressorCoolOff,WFH,
2026-08-07T16:00:00.000Z,Hall AC,75.5,95,42,76,0,0,compressorCoolOff,WFH,
2026-08-07T16:05:00.000Z,Hall AC,75.6,95,42,76,0,0,compressorCoolOff,WFH,
2026-08-07T16:10:00.000Z,Hall AC,75.7,95,42,76,0,0,compressorCoolOff,WFH,
2026-08-07T16:15:00.000Z,Hall AC,76,95,43,76,0,0,compressorCoolOff,WFH,
2026-08-07T16:20:00.000Z,Hall AC,76.1,95,43,76,210,210,compressorCoolOff,WFH,
2026-08-07T16:25:00.000Z,Hall AC,76.3,95,42,76,300,300,compressorCoolStage1On,WFH,
2026-08-07T16:30:00.000Z,Hall AC,75.7,95.8,44,76,45,90,compressorCoolStage1On,WFH,
2026-08-07T16:35:00.000Z,Hall AC,74.9,95.8,44,76,0,0,compressorCoolOff,WFH,
2026-08-07T16:40:00.000Z,Hall AC,75,95.8,45,76,0,0,compressorCoolOff,WFH,
2026-08-07T16:45:00.000Z,Hall AC,75.4,95.8,45,76,0,0,compressorCoolOff,WFH,
2026-08-07T16:50:00.000Z,Hall AC,75.6,95.8,45,76,0,0,compressorCoolOff,WFH,
2026-08-07T16:55:00.000Z,Hall AC,75.9,95.8,45,76,0,0,compressorCoolOff,WFH,
2026-08-07T17:00:00.000Z,Hall AC,76.2,97.4,45,75.2,225,225,compressorCoolOff,WFH,
2026-08-07T17:05:00.000Z,Hall AC,76.6,97.4,43,74,300,300,compressorCoolStage1On,WFH,hold
2026-08-07T17:10:00.000Z,Hall AC,76.2,97.4,44,74,300,300,compressorCoolStage1On,WFH,hold
2026-08-07T17:15:00.000Z,Hall AC,75.5,97.4,44,74,300,300,compressorCoolStage1On,WFH,hold
2026-08-07T17:20:00.000Z,Hall AC,74.9,97.4,44,74,300,300,compressorCoolStage1On,WFH,hold
2026-08-07T17:25:00.000Z,Hall AC,74.2,97.4,44,74,285,300,compressorCoolStage1On,WFH,hold
2026-08-07T17:30:00.000Z,Hall AC,73.5,98.1,44,74,0,30,compressorCoolOff,WFH,hold
2026-08-07T17:35:00.000Z,Hall AC,72.9,98.1,46,74,0,0,compressorCoolOff,WFH,hold
2026-08-07T17:40:00.000Z,Hall AC,73.3,98.1,47,74,0,0,compressorCoolOff,WFH,hold
2026-08-07T17:45:00.000Z,Hall AC,74,98.1,46,74,135,135,compressorCoolOff,WFH,hold
2026-08-07T17:50:00.000Z,Hall AC,74.9,98.1,44,74,300,300,compressorCoolStage1On,WFH,hold
2026-08-07T17:55:00.000Z,Hall AC,75.1,98.1,44,74,300,300,compressorCoolStage1On,WFH,hold
2026-08-07T18:00:00.000Z,Hall AC,74.8,99.8,44,74,300,300,compressorCoolStage1On,WFH,hold
2026-08-07T18:05:00.000Z,Hall AC,74.5,99.8,44,74,300,300,compressorCoolStage1On,WFH,hold
2026-08-07T18:10:00.000Z,Hall AC,73.4,99.8,46,74,30,75,compressorCoolStage1On,WFH,hold
2026-08-07T18:15:00.000Z,Hall AC,72.6,99.8,49,74,0,0,compressorCoolOff,WFH,hold
2026-08-07T18:20:00.000Z,Hall AC,72.9,99.8,50,74,0,0,compressorCoolOff,WFH,hold
2026-08-07T18:35:00.000Z,Hall AC,74.5,99.8,45,74,300,300,compressorCoolStage1On,WFH,hold
2026-08-07T18:40:00.000Z,Hall AC,74.8,99.8,44,74,300,300,compressorCoolStage1On,WFH,hold
2026-08-07T18:45:00.000Z,Hall AC,74.6,99.8,42,74,300,300,compressorCoolStage1On,WFH,hold
2026-08-07T18:50:00.000Z,Hall AC,73.6,99.8,43,74,30,75,compressorCoolStage1On,WFH,hold
2026-08-07T18:55:00.000Z,Hall AC,72.7,99.8,44,74,0,0,compressorCoolOff,WFH,hold
2026-08-07T19:00:00.000Z,Hall AC,72.7,102.1,46,74,0,0,compressorCoolOff,WFH,hold
2026-08-07T19:05:00.000Z,Hall AC,72.8,102.1,48,74,0,0,compressorCoolOff,WFH,hold
2026-08-07T19:10:00.000Z,Hall AC,74,102.1,45,74,135,135,compressorCoolOff,WFH,hold
2026-08-07T19:15:00.000Z,Hall AC,75.4,102.1,45,74,300,300,compressorCoolStage1On,WFH,hold
2026-08-07T19:20:00.000Z,Hall AC,75.2,102.1,45,74,300,300,compressorCoolStage1On,WFH,hold
2026-08-07T19:25:00.000Z,Hall AC,74.5,102.1,45,74,300,300,compressorCoolStage1On,WFH,hold
2026-08-07T19:30:00.000Z,Hall AC,73.8,102.1,45,74,90,135,compressorCoolStage1On,WFH,hold
2026-08-07T19:45:00.000Z,Hall AC,73.8,102.1,47,74,105,105,heatOff,WFH,hold
2026-08-07T19:50:00.000Z,Hall AC,75.5,102.1,44,74,300,300,compressorCoolStage1On,WFH,hold
2026-08-07T19:55:00.000Z,Hall AC,75.5,102.1,44,74,300,300,compressorCoolStage1On,WFH,hold
2026-08-07T20:00:00.000Z,Hall AC,74.8,104.2,44,74,300,300,compressorCoolStage1On,WFH,hold
2026-08-07T20:05:00.000Z,Hall AC,74.2,104.2,44,74,240,285,compressorCoolStage1On,WFH,hold
2026-08-07T20:10:00.000Z,Hall AC,73.2,104.2,45,74,0,0,compressorCoolOff,WFH,hold
2026-08-07T20:15:00.000Z,Hall AC,72.4,104.2,48,74,0,0,compressorCoolOff,WFH,hold
2026-08-07T20:20:00.000Z,Hall AC,73.1,104.2,47,74,0,0,compressorCoolOff,WFH,hold
2026-08-07T20:25:00.000Z,Hall AC,74.4,104.2,45,74,225,225,compressorCoolOff,WFH,hold
2026-08-07T20:30:00.000Z,Hall AC,75.4,104.2,45,74,300,300,compressorCoolStage1On,WFH,hold
2026-08-07T20:35:00.000Z,Hall AC,75,104.2,45,74,300,300,compressorCoolStage1On,WFH,hold
2026-08-07T20:40:00.000Z,Hall AC,74.4,104.2,45,74,300,300,compressorCoolStage1On,WFH,hold
2026-08-07T20:45:00.000Z,Hall AC,73.8,104.2,45,74,105,150,compressorCoolStage1On,WFH,hold
2026-08-07T20:50:00.000Z,Hall AC,72.6,104.2,47,74,0,0,compressorCoolOff,WFH,hold
2026-08-07T20:55:00.000Z,Hall AC,73,104.2,48,74,0,0,compressorCoolOff,WFH,hold
2026-08-07T21:00:00.000Z,Hall AC,73.7,105.6,48,74,0,0,compressorCoolOff,Cooldown,
2026-08-07T21:05:00.000Z,Hall AC,74.5,105.6,47,74,210,210,compressorCoolOff,Cooldown,
2026-08-07T21:10:00.000Z,Hall AC,76.1,105.6,45,74,300,300,compressorCoolStage1On,Cooldown,
2026-08-07T21:15:00.000Z,Hall AC,75.9,105.6,45,74,300,300,compressorCoolStage1On,Cooldown,
2026-08-07T21:20:00.000Z,Hall AC,75.2,105.6,45,74,300,300,compressorCoolStage1On,Cooldown,
2026-08-07T21:25:00.000Z,Hall AC,74.4,105.6,45,74,285,300,compressorCoolStage1On,Cooldown,
2026-08-07T21:30:00.000Z,Hall AC,73.4,105.6,46,74,0,30,compressorCoolOff,Cooldown,
2026-08-07T21:35:00.000Z,Hall AC,73,105.6,48,74,0,0,compressorCoolOff,Cooldown,
2026-08-07T21:40:00.000Z,Hall AC,73.9,105.6,47,74,120,120,compressorCoolOff,Cooldown,
2026-08-07T21:45:00.000Z,Hall AC,75.5,105.6,45,74,300,300,compressorCoolStage1On,Cooldown,
2026-08-07T21:50:00.000Z,Hall AC,75.6,105.6,45,74,300,300,compressorCoolStage1On,Cooldown,
2026-08-07T21:55:00.000Z,Hall AC,75.1,105.6,45,74,300,300,compressorCoolStage1On,Cooldown,
2026-08-07T22:00:00.000Z,Hall AC,74.4,106.1,45,74,270,300,compressorCoolStage1On,Cooldown,
2026-08-07T22:05:00.000Z,Hall AC,73.5,106.1,46,74,0,15,compressorCoolOff,Cooldown,
2026-08-07T22:10:00.000Z,Hall AC,73.1,106.1,48,74,0,0,compressorCoolOff,Cooldown,
2026-08-07T22:15:00.000Z,Hall AC,74.3,106.1,47,74,195,195,compressorCoolOff,Cooldown,
2026-08-07T22:20:00.000Z,Hall AC,75.7,106.1,45,74,300,300,compressorCoolStage1On,Cooldown,
2026-08-07T22:25:00.000Z,Hall AC,75.5,106.1,45,74,300,300,compressorCoolStage1On,Cooldown,
2026-08-07T22:30:00.000Z,Hall AC,75.1,106.1,45,74,300,300,compressorCoolStage1On,Cooldown,
2026-08-07T22:35:00.000Z,Hall AC,74.5,106.1,45,74,300,300,compressorCoolStage1On,Cooldown,
2026-08-07T22:40:00.000Z,Hall AC,74.1,106.1,45,74,300,300,compressorCoolStage1On,Cooldown,
2026-08-07T22:45:00.000Z,Hall AC,73.7,106.1,45,74,0,45,compressorCoolOff,Cooldown,
2026-08-07T22:50:00.000Z,Hall AC,73.1,106.1,46,74,0,0,compressorCoolOff,Cooldown,
2026-08-07T22:55:00.000Z,Hall AC,73.1,106.1,47,74.4,0,0,compressorCoolOff,Cooldown,
2026-08-07T23:00:00.000Z,Hall AC,73.9,106.1,47,75,0,0,compressorCoolOff,Home,
2026-08-07T23:05:00.000Z,Hall AC,74.9,106.1,46,75,105,105,compressorCoolOff,Home,
2026-08-07T23:10:00.000Z,Hall AC,76.1,106.1,45,75,300,300,compressorCoolStage1On,Home,
2026-08-07T23:15:00.000Z,Hall AC,76,106.1,46,75,300,300,compressorCoolStage1On,Home,
2026-08-07T23:20:00.000Z,Hall AC,75.6,106.1,45,75,300,300,compressorCoolStage1On,Home,
2026-08-07T23:25:00.000Z,Hall AC,74.9,106.1,45,75,120,165,compressorCoolStage1On,Home,
2026-08-07T23:30:00.000Z,Hall AC,74,106.1,47,75,0,0,compressorCoolOff,Home,
2026-08-07T23:35:00.000Z,Hall AC,74.1,106.1,47,75,0,0,compressorCoolOff,Home,
2026-08-07T23:40:00.000Z,Hall AC,74.3,106.1,47,75,0,0,compressorCoolOff,Home,
2026-08-07T23:45:00.000Z,Hall AC,74.7,106.1,47,75,75,75,compressorCoolOff,Home,
2026-08-07T23:50:00.000Z,Hall AC,76.1,106.1,46,75,300,300,compressorCoolStage1On,Home,
2026-08-07T23:55:00.000Z,Hall AC,76.3,106.1,46,75,300,300,compressorCoolStage1On,Home,
2026-08-08T00:00:00.000Z,Hall AC,75.9,106.3,45,75,300,300,compressorCoolStage1On,Home,
2026-08-08T00:05:00.000Z,Hall AC,75.6,106.3,44,75,300,300,compressorCoolStage1On,Home,
2026-08-08T00:10:00.000Z,Hall AC,75.1,106.3,45,75,240,285,compressorCoolStage1On,Home,
2026-08-08T00:15:00.000Z,Hall AC,74.1,106.3,46,75,0,0,compressorCoolOff,Home,
2026-08-08T00:20:00.000Z,Hall AC,73.6,106.3,47,75,0,0,compressorCoolOff,Home,
2026-08-08T00:25:00.000Z,Hall AC,74.6,106.3,47,75,45,45,compressorCoolOff,Home,
2026-08-08T00:30:00.000Z,Hall AC,76.1,107,45,75,300,300,compressorCoolStage1On,Home,
2026-08-08T00:35:00.000Z,Hall AC,76.5,107,44,75,300,300,compressorCoolStage1On,Home,
2026-08-08T00:40:00.000Z,Hall AC,76,107,44,75,300,300,compressorCoolStage1On,Home,
2026-08-08T00:45:00.000Z,Hall AC,75.4,107,44,75,300,300,compressorCoolStage1On,Home,
2026-08-08T00:50:00.000Z,Hall AC,74.8,107,44,75,75,120,compressorCoolStage1On,Home,
2026-08-08T00:55:00.000Z,Hall AC,73.9,107,45,75,0,0,compressorCoolOff,Home,
2026-08-08T01:00:00.000Z,Hall AC,73.7,105.9,46,75,0,0,compressorCoolOff,Home,
2026-08-08T01:05:00.000Z,Hall AC,74.1,105.9,46,75,0,0,compressorCoolOff,Home,
2026-08-08T01:10:00.000Z,Hall AC,75.5,105.9,45,75,240,240,compressorCoolOff,Home,
2026-08-08T01:15:00.000Z,Hall AC,76.4,105.9,44,75,300,300,compressorCoolStage1On,Home,
2026-08-08T01:20:00.000Z,Hall AC,76,105.9,44,75,300,300,compressorCoolStage1On,Home,
2026-08-08T01:25:00.000Z,Hall AC,75.5,105.9,44,75,300,300,compressorCoolStage1On,Home,
2026-08-08T01:30:00.000Z,Hall AC,75,105.8,44,75,180,225,compressorCoolStage1On,Home,
2026-08-08T01:35:00.000Z,Hall AC,74.2,105.8,44,75,0,0,compressorCoolOff,Home,
2026-08-08T01:40:00.000Z,Hall AC,73.5,105.8,45,75,0,0,compressorCoolOff,Home,
2026-08-08T01:45:00.000Z,Hall AC,74,105.8,47,75,0,0,compressorCoolOff,Home,
2026-08-08T01:50:00.000Z,Hall AC,75.5,105.8,46,75,225,225,compressorCoolOff,Home,
2026-08-08T01:55:00.000Z,Hall AC,76.6,105.8,43,75,300,300,compressorCoolStage1On,Home,
2026-08-08T02:00:00.000Z,Hall AC,76.3,104.4,43,75,300,300,compressorCoolStage1On,Home,
2026-08-08T02:05:00.000Z,Hall AC,75.6,104.4,43,75,300,300,compressorCoolStage1On,Home,
2026-08-08T02:10:00.000Z,Hall AC,75,104.4,44,75,135,180,compressorCoolStage1On,Home,
2026-08-08T02:15:00.000Z,Hall AC,73.8,104.4,45,75,0,0,compressorCoolOff,Home,
2026-08-08T02:20:00.000Z,Hall AC,73.1,104.4,48,75,0,0,compressorCoolOff,Home,
2026-08-08T02:25:00.000Z,Hall AC,74,104.4,47,75,0,0,compressorCoolOff,Home,
2026-08-08T02:30:00.000Z,Hall AC,75.5,104.4,44,75,240,240,compressorCoolOff,Home,
2026-08-08T02:35:00.000Z,Hall AC,76.3,104.4,42,75,300,300,compressorCoolStage1On,Home,
2026-08-08T02:40:00.000Z,Hall AC,75.6,104.4,42,75,300,300,compressorCoolStage1On,Home,
2026-08-08T02:45:00.000Z,Hall AC,74.7,104.4,43,75,45,90,compressorCoolStage1On,Home,
2026-08-08T02:50:00.000Z,Hall AC,73.6,104.4,45,75,0,0,compressorCoolOff,Home,
2026-08-08T02:55:00.000Z,Hall AC,74.2,104.4,45,74.2,210,210,compressorCoolOff,Home,
2026-08-08T03:00:00.000Z,Hall AC,74.8,101.9,44,74,300,300,compressorCoolStage1On,Home,auto
2026-08-08T03:05:00.000Z,Hall AC,75.2,101.9,42,74,300,300,compressorCoolStage1On,Home,auto
2026-08-08T03:10:00.000Z,Hall AC,74.8,101.9,43,74,300,300,compressorCoolStage1On,Home,auto
2026-08-08T03:15:00.000Z,Hall AC,74.2,101.9,43,74,240,285,compressorCoolStage1On,Home,auto
2026-08-08T03:20:00.000Z,Hall AC,73,101.9,44,74,0,0,compressorCoolOff,Home,auto
2026-08-08T03:25:00.000Z,Hall AC,72.8,101.9,45,74,0,0,compressorCoolOff,Home,auto
2026-08-08T03:30:00.000Z,Hall AC,73.8,101.9,44,74,45,45,compressorCoolOff,Home,auto
2026-08-08T03:35:00.000Z,Hall AC,74.9,101.9,43,74,300,300,compressorCoolStage1On,Home,auto
2026-08-08T03:40:00.000Z,Hall AC,75.2,101.9,42,74,300,300,compressorCoolStage1On,Home,auto
2026-08-08T03:45:00.000Z,Hall AC,74.5,101.9,42,74,300,300,compressorCoolStage1On,Home,auto
2026-08-08T03:50:00.000Z,Hall AC,73.9,101.9,43,74,120,165,compressorCoolStage1On,Home,auto
2026-08-08T03:55:00.000Z,Hall AC,72.8,101.9,44,74,0,0,compressorCoolOff,Home,auto
2026-08-08T04:00:00.000Z,Hall AC,72.8,99.5,45,74,0,0,compressorCoolOff,Home,auto
2026-08-08T04:05:00.000Z,Hall AC,73.4,99.5,44,74,0,0,compressorCoolOff,Home,auto
2026-08-08T04:10:00.000Z,Hall AC,74,99.5,43,74,135,135,compressorCoolOff,Home,auto
2026-08-08T04:15:00.000Z,Hall AC,74.9,99.5,41,74,300,300,compressorCoolStage1On,Home,auto
2026-08-08T04:20:00.000Z,Hall AC,74.7,99.5,42,74.1,285,300,compressorCoolStage1On,Home,auto
2026-08-08T04:25:00.000Z,Hall AC,73.3,99.5,43,74.5,0,15,compressorCoolOff,Home,auto
2026-08-08T04:30:00.000Z,Hall AC,72.2,99.5,45,74,0,0,compressorCoolOff,Sleep,
2026-08-08T04:35:00.000Z,Hall AC,72.5,99.5,45,74,0,0,compressorCoolOff,Sleep,
2026-08-08T04:40:00.000Z,Hall AC,73.2,99.5,45,74,0,0,compressorCoolOff,Sleep,
2026-08-08T04:45:00.000Z,Hall AC,73.8,99.5,44,74,45,45,compressorCoolOff,Sleep,
2026-08-08T04:50:00.000Z,Hall AC,74.7,99.5,43,74,300,300,compressorCoolStage1On,Sleep,
2026-08-08T04:55:00.000Z,Hall AC,74.5,99.5,43,74,300,300,compressorCoolStage1On,Sleep,
2026-08-08T05:00:00.000Z,Hall AC,73.8,98.1,43,74,90,135,compressorCoolStage1On,Sleep,
2026-08-08T05:05:00.000Z,Hall AC,72.9,98.1,44,74,0,0,compressorCoolOff,Sleep,
2026-08-08T05:10:00.000Z,Hall AC,73.3,98.1,43,74,0,0,compressorCoolOff,Sleep,
2026-08-08T05:15:00.000Z,Hall AC,73.8,98.1,43,74,15,15,compressorCoolOff,Sleep,
2026-08-08T05:20:00.000Z,Hall AC,74.3,98.1,41,74,300,300,compressorCoolStage1On,Sleep,
2026-08-08T05:25:00.000Z,Hall AC,74,98.1,41,74,210,255,compressorCoolStage1On,Sleep,
2026-08-08T05:30:00.000Z,Hall AC,73.2,99.5,41,74,0,0,compressorCoolOff,Sleep,
2026-08-08T05:35:00.000Z,Hall AC,72.8,99.5,41,74,0,0,compressorCoolOff,Sleep,
2026-08-08T05:40:00.000Z,Hall AC,73.2,99.5,40,74,0,0,compressorCoolOff,Sleep,
2026-08-08T05:45:00.000Z,Hall AC,73.7,99.5,40,74,0,0,compressorCoolOff,Sleep,
2026-08-08T05:50:00.000Z,Hall AC,74.3,99.5,40,74,300,300,compressorCoolStage1On,Sleep,
2026-08-08T05:55:00.000Z,Hall AC,74.3,99.5,40,74,300,300,compressorCoolStage1On,Sleep,
2026-08-08T06:00:00.000Z,Hall AC,73.6,98.2,41,74,60,105,compressorCoolStage1On,Sleep,
2026-08-08T06:05:00.000Z,Hall AC,72.9,98.2,41,74,0,0,compressorCoolOff,Sleep,
2026-08-08T06:10:00.000Z,Hall AC,73.2,98.2,41,74,0,0,compressorCoolOff,Sleep,
2026-08-08T06:15:00.000Z,Hall AC,73.6,98.2,41,74,0,0,compressorCoolOff,Sleep,
2026-08-08T06:20:00.000Z,Hall AC,73.8,98.2,40,74,0,0,compressorCoolOff,Sleep,
2026-08-08T06:25:00.000Z,Hall AC,74.2,98.2,40,74,210,210,compressorCoolOff,Sleep,
2026-08-08T06:30:00.000Z,Hall AC,74.7,98.2,41,74,300,300,compressorCoolStage1On,Sleep,
2026-08-08T06:35:00.000Z,Hall AC,74.1,98.2,41,74,195,240,compressorCoolStage1On,Sleep,
2026-08-08T06:40:00.000Z,Hall AC,73,98.2,41,74,0,0,compressorCoolOff,Sleep,
2026-08-08T06:45:00.000Z,Hall AC,72.7,98.2,41,74,0,0,compressorCoolOff,Sleep,
2026-08-08T06:50:00.000Z,Hall AC,73.2,98.2,41,74,0,0,compressorCoolOff,Sleep,
2026-08-08T06:55:00.000Z,Hall AC,73.5,98.2,40,74,0,0,compressorCoolOff,Sleep,
2026-08-08T07:00:00.000Z,Hall AC,73.6,96.1,40,74,0,0,compressorCoolOff,Sleep,
2026-08-08T07:05:00.000Z,Hall AC,73.8,96.1,40,74,0,0,compressorCoolOff,Sleep,
2026-08-08T07:10:00.000Z,Hall AC,74.1,96.1,40,74,195,195,compressorCoolOff,Sleep,
2026-08-08T07:15:00.000Z,Hall AC,74.4,96.1,40,74,300,300,compressorCoolStage1On,Sleep,
2026-08-08T07:20:00.000Z,Hall AC,73.7,96.1,40,74,15,60,compressorCoolStage1On,Sleep,
2026-08-08T07:25:00.000Z,Hall AC,72.9,96.1,41,74,0,0,compressorCoolOff,Sleep,
2026-08-08T07:30:00.000Z,Hall AC,73.1,97.5,41,74,0,0,compressorCoolOff,Sleep,
2026-08-08T07:35:00.000Z,Hall AC,73.5,97.5,40,74,0,0,compressorCoolOff,Sleep,
2026-08-08T07:40:00.000Z,Hall AC,73.6,97.5,40,74,0,0,compressorCoolOff,Sleep,
2026-08-08T07:45:00.000Z,Hall AC,73.9,97.5,40,74,0,0,compressorCoolOff,Sleep,
2026-08-08T07:50:00.000Z,Hall AC,73.9,97.5,40,74,0,0,compressorCoolOff,Sleep,
2026-08-08T07:55:00.000Z,Hall AC,73.9,97.5,39,74,0,0,compressorCoolOff,Sleep,
2026-08-08T08:00:00.000Z,Hall AC,73.9,96.4,39,74,60,60,compressorCoolOff,Sleep,
2026-08-08T08:05:00.000Z,Hall AC,74.5,96.4,39,74,300,300,compressorCoolStage1On,Sleep,
2026-08-08T08:10:00.000Z,Hall AC,74.4,96.4,40,74,270,300,compressorCoolStage1On,Sleep,
2026-08-08T08:15:00.000Z,Hall AC,73.4,96.4,41,74,0,15,compressorCoolOff,Sleep,
2026-08-08T08:20:00.000Z,Hall AC,72.9,96.4,41,74,0,0,compressorCoolOff,Sleep,
2026-08-08T08:25:00.000Z,Hall AC,73.1,96.4,41,74,0,0,compressorCoolOff,Sleep,
2026-08-08T08:30:00.000Z,Hall AC,73.3,96.4,41,74,0,0,compressorCoolOff,Sleep,
2026-08-08T08:35:00.000Z,Hall AC,73.8,96.4,41,74,45,45,compressorCoolOff,Sleep,
2026-08-08T08:40:00.000Z,Hall AC,74.2,96.4,40,74,300,300,compressorCoolStage1On,Sleep,
2026-08-08T08:45:00.000Z,Hall AC,73.9,96.4,41,74,105,150,compressorCoolStage1On,Sleep,
2026-08-08T08:50:00.000Z,Hall AC,72.9,96.4,41,74,0,0,compressorCoolOff,Sleep,
2026-08-08T08:55:00.000Z,Hall AC,72.9,96.4,41,74,0,0,compressorCoolOff,Sleep,
2026-08-08T09:00:00.000Z,Hall AC,73.2,95.6,41,74,0,0,compressorCoolOff,Sleep,
2026-08-08T09:05:00.000Z,Hall AC,73.6,95.6,41,74,0,0,compressorCoolOff,Sleep,
2026-08-08T09:10:00.000Z,Hall AC,73.6,95.6,40,74,0,0,compressorCoolOff,Sleep,
2026-08-08T09:15:00.000Z,Hall AC,73.8,95.6,40,74,0,0,compressorCoolOff,Sleep,
2026-08-08T09:20:00.000Z,Hall AC,73.9,95.6,39,74,0,0,compressorCoolOff,Sleep,
2026-08-08T09:25:00.000Z,Hall AC,73.9,95.6,39,74,60,60,compressorCoolOff,Sleep,
2026-08-08T09:30:00.000Z,Hall AC,74.5,95.6,40,74,300,300,compressorCoolStage1On,Sleep,
2026-08-08T09:35:00.000Z,Hall AC,74.3,95.6,40,74,270,300,compressorCoolStage1On,Sleep,
2026-08-08T09:40:00.000Z,Hall AC,73.4,95.6,41,74,0,15,compressorCoolOff,Sleep,
2026-08-08T09:45:00.000Z,Hall AC,73,95.6,42,74,0,0,compressorCoolOff,Sleep,
2026-08-08T09:50:00.000Z,Hall AC,73.2,95.6,41,74,0,0,compressorCoolOff,Sleep,
2026-08-08T09:55:00.000Z,Hall AC,73.2,95.6,41,74,0,0,compressorCoolOff,Sleep,
2026-08-08T10:00:00.000Z,Hall AC,73.6,94.4,40,74,0,0,compressorCoolOff,Sleep,
2026-08-08T10:05:00.000Z,Hall AC,73.9,94.4,40,74,15,15,compressorCoolOff,Sleep,
2026-08-08T10:10:00.000Z,Hall AC,74.1,94.4,40,74,300,300,compressorCoolStage1On,Sleep,
2026-08-08T10:15:00.000Z,Hall AC,74.2,94.4,40,74,195,240,compressorCoolStage1On,Sleep,
2026-08-08T10:20:00.000Z,Hall AC,73.2,94.4,41,74,0,0,compressorCoolOff,Sleep,
2026-08-08T10:25:00.000Z,Hall AC,72.9,94.4,41,74,0,0,compressorCoolOff,Sleep,
2026-08-08T10:30:00.000Z,Hall AC,73.3,94.4,42,74,0,0,compressorCoolOff,Sleep,
2026-08-08T10:35:00.000Z,Hall AC,73.4,94.4,41,74,0,0,compressorCoolOff,Sleep,
2026-08-08T10:40:00.000Z,Hall AC,73.6,94.4,40,74,0,0,compressorCoolOff,Sleep,
2026-08-08T10:45:00.000Z,Hall AC,73.6,94.4,40,74,0,0,compressorCoolOff,Sleep,
2026-08-08T10:50:00.000Z,Hall AC,73.8,94.4,40,74,0,0,compressorCoolOff,Sleep,
2026-08-08T10:55:00.000Z,Hall AC,73.9,94.4,40,74,0,0,compressorCoolOff,Sleep,
2026-08-08T11:00:00.000Z,Hall AC,73.9,93.8,40,74,0,0,compressorCoolOff,Sleep,
2026-08-08T11:05:00.000Z,Hall AC,74.2,93.8,40,74,240,240,compressorCoolOff,Sleep,
2026-08-08T11:10:00.000Z,Hall AC,74.3,93.8,40,74,240,285,compressorCoolStage1On,Sleep,
2026-08-08T11:15:00.000Z,Hall AC,73.4,93.8,41,74,0,0,compressorCoolOff,Sleep,
2026-08-08T11:20:00.000Z,Hall AC,73.1,93.8,41,74,0,0,compressorCoolOff,Sleep,
2026-08-08T11:25:00.000Z,Hall AC,73.2,93.8,41,74,0,0,compressorCoolOff,Sleep,
2026-08-08T11:30:00.000Z,Hall AC,73.6,93.8,41,74,0,0,compressorCoolOff,Sleep,
2026-08-08T11:35:00.000Z,Hall AC,73.7,93.8,40,74,0,0,compressorCoolOff,Sleep,
2026-08-08T11:40:00.000Z,Hall AC,73.6,93.8,40,74,0,0,compressorCoolOff,Sleep,
2026-08-08T11:45:00.000Z,Hall AC,73.9,93.8,40,74,0,0,compressorCoolOff,Sleep,
2026-08-08T11:50:00.000Z,Hall AC,73.9,93.8,39,74,0,0,compressorCoolOff,Sleep,
2026-08-08T11:55:00.000Z,Hall AC,73.9,93.8,40,74,60,60,compressorCoolOff,Sleep,
2026-08-08T12:00:00.000Z,Hall AC,74.5,92.1,40,74,300,300,compressorCoolStage1On,Sleep,
2026-08-08T12:05:00.000Z,Hall AC,74.2,92.1,40,74,210,255,compressorCoolStage1On,Sleep,
2026-08-08T12:10:00.000Z,Hall AC,73.3,92.1,41,74,0,0,compressorCoolOff,Sleep,
2026-08-08T12:15:00.000Z,Hall AC,72.8,92.1,41,74,0,0,compressorCoolOff,Sleep,
2026-08-08T12:20:00.000Z,Hall AC,73.1,92.1,41,74,0,0,compressorCoolOff,Sleep,
2026-08-08T12:25:00.000Z,Hall AC,73.5,92.1,41,74,0,0,compressorCoolOff,Sleep,
2026-08-08T12:30:00.000Z,Hall AC,73.8,93.1,40,74,0,0,compressorCoolOff,Sleep,
2026-08-08T12:35:00.000Z,Hall AC,74.8,93.1,40,74,300,300,compressorCoolStage1On,Sleep,
2026-08-08T12:40:00.000Z,Hall AC,74.9,93.1,40,74,300,300,compressorCoolStage1On,Sleep,
2026-08-08T12:45:00.000Z,Hall AC,73.7,93.1,40,74,90,135,compressorCoolStage1On,Sleep,
2026-08-08T12:50:00.000Z,Hall AC,72.2,93.1,42,74,0,0,compressorCoolOff,Sleep,
2026-08-08T12:55:00.000Z,Hall AC,72.2,93.1,42,74,0,0,compressorCoolOff,Sleep,
2026-08-08T13:00:00.000Z,Hall AC,72.7,91.4,42,74,0,0,compressorCoolOff,Sleep,
2026-08-08T13:05:00.000Z,Hall AC,73.3,91.4,42,74,0,0,compressorCoolOff,Sleep,
2026-08-08T13:10:00.000Z,Hall AC,73.9,91.4,42,74,90,90,compressorCoolOff,Sleep,
2026-08-08T13:15:00.000Z,Hall AC,74.4,91.4,40,74,300,300,compressorCoolStage1On,Sleep,
2026-08-08T13:20:00.000Z,Hall AC,74.5,91.4,40,74,300,300,compressorCoolStage1On,Sleep,
2026-08-08T13:25:00.000Z,Hall AC,74.2,91.4,41,74,165,210,compressorCoolStage1On,Sleep,
2026-08-08T13:30:00.000Z,Hall AC,73.4,92.4,41,74,0,0,compressorCoolOff,Sleep,
2026-08-08T13:35:00.000Z,Hall AC,73.3,92.4,42,74,0,0,compressorCoolOff,Sleep,
2026-08-08T13:40:00.000Z,Hall AC,74.1,92.4,41,74,225,225,compressorCoolOff,Sleep,
2026-08-08T13:45:00.000Z,Hall AC,74.1,92.4,41,74,135,180,compressorCoolStage1On,Sleep,
2026-08-08T13:50:00.000Z,Hall AC,73.4,92.4,43,74,0,0,compressorCoolOff,Sleep,
2026-08-08T13:55:00.000Z,Hall AC,73.6,92.4,43,74,15,15,compressorCoolOff,Sleep,
2026-08-08T14:00:00.000Z,Hall AC,74.4,92.1,41,74,300,300,compressorCoolStage1On,Sleep,
2026-08-08T14:05:00.000Z,Hall AC,74.2,92.1,41,74,120,165,compressorCoolStage1On,Sleep,
2026-08-08T14:10:00.000Z,Hall AC,73.1,92.1,43,74,0,0,compressorCoolOff,Sleep,
2026-08-08T14:15:00.000Z,Hall AC,73,92.1,44,74,0,0,compressorCoolOff,Sleep,
2026-08-08T14:20:00.000Z,Hall AC,73.5,92.1,45,74,0,0,compressorCoolOff,Sleep,
2026-08-08T14:25:00.000Z,Hall AC,73.9,92.1,44,74,60,60,compressorCoolOff,Sleep,
2026-08-08T14:30:00.000Z,Hall AC,74.7,92.1,42,74,300,300,compressorCoolStage1On,Sleep,
2026-08-08T14:35:00.000Z,Hall AC,74.6,92.1,41,74,300,300,compressorCoolStage1On,Sleep,
2026-08-08T14:40:00.000Z,Hall AC,74.1,92.1,42,74,255,300,compressorCoolStage1On,Sleep,
2026-08-08T14:45:00.000Z,Hall AC,73.6,92.1,42,74,0,0,compressorCoolOff,Sleep,
2026-08-08T14:50:00.000Z,Hall AC,73.3,92.1,44,74,0,0,compressorCoolOff,Sleep,
2026-08-08T14:55:00.000Z,Hall AC,73.5,92.1,44,74.4,0,0,compressorCoolOff,Sleep,
2026-08-08T15:00:00.000Z,Hall AC,74,93.1,44,75,0,0,compressorCoolOff,Home,
2026-08-08T15:05:00.000Z,Hall AC,74.4,93.1,45,75,0,0,compressorCoolOff,Home,
2026-08-08T15:10:00.000Z,Hall AC,74.7,93.1,45,75,0,0,compressorCoolOff,Home,
2026-08-08T15:15:00.000Z,Hall AC,75.4,93.1,44,75,270,270,compressorCoolOff,Home,
2026-08-08T15:20:00.000Z,Hall AC,75.4,93.1,41,75,300,300,compressorCoolStage1On,Home,
2026-08-08T15:25:00.000Z,Hall AC,74.8,93.1,42,75,0,45,compressorCoolOff,Home,
2026-08-08T15:30:00.000Z,Hall AC,74.3,93.1,43,75,0,0,compressorCoolOff,Home,
2026-08-08T15:35:00.000Z,Hall AC,74.3,93.1,46,75,0,0,compressorCoolOff,Home,
2026-08-08T15:40:00.000Z,Hall AC,74.6,93.1,48,75,0,0,compressorCoolOff,Home,
2026-08-08T15:45:00.000Z,Hall AC,75.1,93.1,50,75,150,150,compressorCoolOff,Home,
2026-08-08T15:50:00.000Z,Hall AC,75.7,93.1,46,75,300,300,compressorCoolStage1On,Home,
2026-08-08T15:55:00.000Z,Hall AC,75.6,93.1,44,75,300,300,compressorCoolStage1On,Home,
2026-08-08T16:00:00.000Z,Hall AC,75,96.7,43,75,120,165,compressorCoolStage1On,Home,
2026-08-08T16:05:00.000Z,Hall AC,74.2,96.7,44,75,0,0,compressorCoolOff,Home,
2026-08-08T16:10:00.000Z,Hall AC,74.4,96.7,46,75,0,0,compressorCoolOff,Home,
2026-08-08T16:15:00.000Z,Hall AC,74.8,96.7,46,75,15,15,compressorCoolOff,Home,
2026-08-08T16:20:00.000Z,Hall AC,75.5,96.7,44,75,300,300,compressorCoolStage1On,Home,
2026-08-08T16:25:00.000Z,Hall AC,75.5,96.7,42,75,300,300,compressorCoolStage1On,Home,
2026-08-08T16:30:00.000Z,Hall AC,75.1,96.7,43,75,270,300,compressorCoolStage1On,Home,
2026-08-08T16:35:00.000Z,Hall AC,74.4,96.7,44,75,0,15,compressorCoolOff,Home,
2026-08-08T16:40:00.000Z,Hall AC,73.9,96.7,45,75,0,0,compressorCoolOff,Home,
2026-08-08T16:45:00.000Z,Hall AC,74.3,96.7,46,75,0,0,compressorCoolOff,Home,
2026-08-08T16:50:00.000Z,Hall AC,74.7,96.7,46,75,0,0,compressorCoolOff,Home,
2026-08-08T16:55:00.000Z,Hall AC,75.4,96.7,45,75,255,255,compressorCoolOff,Home,
2026-08-08T17:00:00.000Z,Hall AC,75.5,98.9,42,75,270,300,compressorCoolStage1On,Home,
2026-08-08T17:05:00.000Z,Hall AC,74.7,98.9,43,75,0,15,compressorCoolOff,Home,
2026-08-08T17:10:00.000Z,Hall AC,74.3,98.9,45,75,0,0,compressorCoolOff,Home,
2026-08-08T17:15:00.000Z,Hall AC,74.6,98.9,45,75,0,0,compressorCoolOff,Home,
2026-08-08T17:20:00.000Z,Hall AC,75.1,98.9,44,75,180,180,compressorCoolOff,Home,
2026-08-08T17:25:00.000Z,Hall AC,75.6,98.9,42,75,300,300,compressorCoolStage1On,Home,
2026-08-08T17:30:00.000Z,Hall AC,74.9,98.9,42,75,45,90,compressorCoolStage1On,Home,
2026-08-08T17:35:00.000Z,Hall AC,74.4,98.9,44,75,0,0,compressorCoolOff,Home,
2026-08-08T17:40:00.000Z,Hall AC,74.6,98.9,45,75,0,0,compressorCoolOff,Home,
2026-08-08T17:45:00.000Z,Hall AC,75,98.9,45,75,120,120,compressorCoolOff,Home,
2026-08-08T17:50:00.000Z,Hall AC,75.6,98.9,43,75,300,300,compressorCoolStage1On,Home,
2026-08-08T17:55:00.000Z,Hall AC,75,98.9,42,75,135,180,compressorCoolStage1On,Home,
2026-08-08T18:00:00.000Z,Hall AC,74.6,101.3,44,75,0,0,compressorCoolOff,Home,
2026-08-08T18:05:00.000Z,Hall AC,74.6,101.3,45,75,0,0,compressorCoolOff,Home,
2026-08-08T18:10:00.000Z,Hall AC,75,101.3,45,75,135,135,compressorCoolOff,Home,
2026-08-08T18:15:00.000Z,Hall AC,75.7,101.3,43,75,300,300,compressorCoolStage1On,Home,
2026-08-08T18:20:00.000Z,Hall AC,75.1,101.3,42,75,255,300,compressorCoolStage1On,Home,
2026-08-08T18:25:00.000Z,Hall AC,74.8,101.3,43,75,0,0,compressorCoolOff,Home,
2026-08-08T18:30:00.000Z,Hall AC,74.3,102.8,44,75,0,0,compressorCoolOff,Home,
2026-08-08T18:35:00.000Z,Hall AC,74.7,102.8,45,75,0,0,compressorCoolOff,Home,
2026-08-08T18:40:00.000Z,Hall AC,75.1,102.8,45,75,180,180,compressorCoolOff,Home,
2026-08-08T18:45:00.000Z,Hall AC,75.6,102.8,43,75,300,300,compressorCoolStage1On,Home,
2026-08-08T18:50:00.000Z,Hall AC,75.1,102.8,42,75,180,225,compressorCoolStage1On,Home,
2026-08-08T18:55:00.000Z,Hall AC,74.7,102.8,43,75,0,0,compressorCoolOff,Home,
2026-08-08T19:00:00.000Z,Hall AC,74.5,103.8,46,75,0,0,compressorCoolOff,Home,
2026-08-08T19:05:00.000Z,Hall AC,74.9,103.8,47,75,45,45,compressorCoolOff,Home,
2026-08-08T19:10:00.000Z,Hall AC,75.6,103.8,45,75,300,300,compressorCoolStage1On,Home,
2026-08-08T19:15:00.000Z,Hall AC,75.5,103.8,42,75,300,300,compressorCoolStage1On,Home,
2026-08-08T19:20:00.000Z,Hall AC,75,103.8,42,75,105,150,compressorCoolStage1On,Home,
2026-08-08T19:25:00.000Z,Hall AC,74.3,103.8,45,75,0,0,compressorCoolOff,Home,
2026-08-08T19:30:00.000Z,Hall AC,74.4,103.8,46,75,0,0,compressorCoolOff,Home,
2026-08-08T19:35:00.000Z,Hall AC,75,103.8,45,75,150,150,compressorCoolOff,Home,
2026-08-08T19:40:00.000Z,Hall AC,75.5,103.8,44,75,300,300,compressorCoolStage1On,Home,
2026-08-08T19:45:00.000Z,Hall AC,75.1,103.8,45,75,225,270,compressorCoolStage1On,Home,
2026-08-08T19:50:00.000Z,Hall AC,74.6,103.8,46,75,0,0,compressorCoolOff,Home,
2026-08-08T19:55:00.000Z,Hall AC,74.7,103.8,46,75,0,0,compressorCoolOff,Home,
2026-08-08T20:00:00.000Z,Hall AC,75.3,105.2,45,72.4,255,255,compressorCoolOff,Home,
2026-08-08T20:05:00.000Z,Hall AC,75.6,105.2,43,72,300,300,compressorCoolStage1On,Home,auto
2026-08-08T20:10:00.000Z,Hall AC,75,105.2,43,72,300,300,compressorCoolStage1On,Home,auto
2026-08-08T20:15:00.000Z,Hall AC,74.4,105.2,43,72,300,300,compressorCoolStage1On,Home,auto
2026-08-08T20:20:00.000Z,Hall AC,74.2,105.2,44,72,300,300,compressorCoolStage1On,Home,auto
2026-08-08T20:25:00.000Z,Hall AC,73.9,105.2,43,72,300,300,compressorCoolStage1On,Home,auto
2026-08-08T20:30:00.000Z,Hall AC,73.5,105.2,43,72,300,300,compressorCoolStage1On,Home,auto
2026-08-08T20:35:00.000Z,Hall AC,73.2,105.2,44,72,300,300,compressorCoolStage1On,Home,auto
2026-08-08T20:40:00.000Z,Hall AC,73.1,105.2,45,72,300,300,compressorCoolStage1On,Home,auto
2026-08-08T20:45:00.000Z,Hall AC,73,105.2,44,72,300,300,compressorCoolStage1On,Home,auto
2026-08-08T20:50:00.000Z,Hall AC,72.9,105.2,43,72,300,300,compressorCoolStage1On,Home,auto
2026-08-08T20:55:00.000Z,Hall AC,72.9,105.2,43,72,300,300,compressorCoolStage1On,Home,auto
2026-08-08T21:00:00.000Z,Hall AC,72.8,105.8,43,72,300,300,compressorCoolStage1On,Home,auto
2026-08-08T21:05:00.000Z,Hall AC,72.5,105.8,45,72,300,300,compressorCoolStage1On,Home,auto
2026-08-08T21:10:00.000Z,Hall AC,72.4,105.8,44,72,300,300,compressorCoolStage1On,Home,auto
2026-08-08T21:15:00.000Z,Hall AC,72.6,105.8,43,72,300,300,compressorCoolStage1On,Home,auto
2026-08-08T21:20:00.000Z,Hall AC,73.2,105.8,42,72,300,300,compressorCoolStage1On,Home,auto
2026-08-08T21:25:00.000Z,Hall AC,73.1,105.8,41,72,300,300,compressorCoolStage1On,Home,auto
2026-08-08T21:30:00.000Z,Hall AC,72.7,105.8,41,72,300,300,compressorCoolStage1On,Home,auto
2026-08-08T21:35:00.000Z,Hall AC,72.8,105.8,42,72,300,300,compressorCoolStage1On,Home,auto
2026-08-08T21:40:00.000Z,Hall AC,72.8,105.8,43,72,300,300,compressorCoolStage1On,Home,auto
2026-08-08T21:45:00.000Z,Hall AC,72.7,105.8,42,72,300,300,compressorCoolStage1On,Home,auto
2026-08-08T21:50:00.000Z,Hall AC,72.3,105.8,42,72,300,300,compressorCoolStage1On,Home,auto
2026-08-08T21:55:00.000Z,Hall AC,72.2,105.8,42,72,300,300,compressorCoolStage1On,Home,auto
2026-08-08T22:00:00.000Z,Hall AC,72.2,107.2,41,72,300,300,compressorCoolStage1On,Home,auto
2026-08-08T22:05:00.000Z,Hall AC,71.7,107.2,42,72,15,60,compressorCoolStage1On,Home,auto
2026-08-08T22:10:00.000Z,Hall AC,71.2,107.2,46,72,0,0,compressorCoolOff,Home,auto
2026-08-08T22:15:00.000Z,Hall AC,71.8,107.2,47,72,90,90,compressorCoolOff,Home,auto
2026-08-08T22:20:00.000Z,Hall AC,72.9,107.2,45,72,300,300,compressorCoolStage1On,Home,auto
2026-08-08T22:25:00.000Z,Hall AC,73.2,107.2,43,72,300,300,compressorCoolStage1On,Home,auto
2026-08-08T22:30:00.000Z,Hall AC,73,107.6,43,72,300,300,compressorCoolStage1On,Home,auto
2026-08-08T22:35:00.000Z,Hall AC,73,107.6,43,72,300,300,compressorCoolStage1On,Home,auto
2026-08-08T22:40:00.000Z,Hall AC,72.9,107.6,43,72,300,300,compressorCoolStage1On,Home,auto
2026-08-08T22:45:00.000Z,Hall AC,72.7,107.6,43,72,300,300,compressorCoolStage1On,Home,auto
2026-08-08T22:50:00.000Z,Hall AC,72.8,107.6,43,72,300,300,compressorCoolStage1On,Home,auto
2026-08-08T22:55:00.000Z,Hall AC,72.7,107.6,43,72,300,300,compressorCoolStage1On,Home,auto
2026-08-08T23:00:00.000Z,Hall AC,72.5,107.6,43,72,300,300,compressorCoolStage1On,Home,auto
2026-08-08T23:05:00.000Z,Hall AC,72.5,107.6,44,72,300,300,compressorCoolStage1On,Home,auto
2026-08-08T23:10:00.000Z,Hall AC,72.5,107.6,44,72,300,300,compressorCoolStage1On,Home,auto
2026-08-08T23:15:00.000Z,Hall AC,72.5,107.6,44,72,300,300,compressorCoolStage1On,Home,auto
2026-08-08T23:20:00.000Z,Hall AC,72.5,107.6,44,72,300,300,compressorCoolStage1On,Home,auto
2026-08-08T23:25:00.000Z,Hall AC,72.6,107.6,43,72,300,300,compressorCoolStage1On,Home,auto
2026-08-08T23:30:00.000Z,Hall AC,72.5,107.6,43,72,300,300,compressorCoolStage1On,Home,auto
2026-08-08T23:35:00.000Z,Hall AC,72.6,107.6,42,72,300,300,compressorCoolStage1On,Home,auto
2026-08-08T23:40:00.000Z,Hall AC,72.7,107.6,42,72,300,300,compressorCoolStage1On,Home,auto
2026-08-08T23:45:00.000Z,Hall AC,72.9,107.6,41,72,300,300,compressorCoolStage1On,Home,auto
2026-08-08T23:50:00.000Z,Hall AC,72.7,107.6,41,72,300,300,compressorCoolStage1On,Home,auto
2026-08-08T23:55:00.000Z,Hall AC,72.2,107.6,41,72,300,300,compressorCoolStage1On,Home,auto
2026-08-09T00:00:00.000Z,Hall AC,72.1,107,41,72,240,285,compressorCoolStage1On,Home,auto
2026-08-09T00:05:00.000Z,Hall AC,71.6,107,42,72,0,0,compressorCoolOff,Home,auto
2026-08-09T00:10:00.000Z,Hall AC,71.5,107,43,72,0,0,compressorCoolOff,Home,auto
2026-08-09T00:15:00.000Z,Hall AC,72.2,107,43,72,180,180,compressorCoolOff,Home,auto
2026-08-09T00:20:00.000Z,Hall AC,73,107,42,72,300,300,compressorCoolStage1On,Home,auto
2026-08-09T00:25:00.000Z,Hall AC,73.1,107,43,72,300,300,compressorCoolStage1On,Home,auto
2026-08-09T00:30:00.000Z,Hall AC,72.9,107,43,72,300,300,compressorCoolStage1On,Home,auto
2026-08-09T00:35:00.000Z,Hall AC,72.6,107,43,72,300,300,compressorCoolStage1On,Home,auto
2026-08-09T00:40:00.000Z,Hall AC,72.3,107,43,72,300,300,compressorCoolStage1On,Home,auto
2026-08-09T00:45:00.000Z,Hall AC,71.7,107,43,72,60,105,compressorCoolStage1On,Home,auto
2026-08-09T00:50:00.000Z,Hall AC,71,107,45,72,0,0,compressorCoolOff,Home,auto
2026-08-09T00:55:00.000Z,Hall AC,71.9,107,44,72,120,120,compressorCoolOff,Home,auto
2026-08-09T01:00:00.000Z,Hall AC,73.2,106.4,42,72,300,300,compressorCoolStage1On,Home,auto
2026-08-09T01:05:00.000Z,Hall AC,73.3,106.4,42,72,300,300,compressorCoolStage1On,Home,auto
2026-08-09T01:10:00.000Z,Hall AC,73,106.4,42,72,300,300,compressorCoolStage1On,Home,auto
2026-08-09T01:15:00.000Z,Hall AC,72.5,106.4,42,72,300,300,compressorCoolStage1On,Home,auto
2026-08-09T01:20:00.000Z,Hall AC,72.2,106.4,42,72,300,300,compressorCoolStage1On,Home,auto
2026-08-09T01:25:00.000Z,Hall AC,72.1,106.4,42,72,300,300,compressorCoolStage1On,Home,auto
2026-08-09T01:30:00.000Z,Hall AC,71.6,105.5,42,72,15,60,compressorCoolStage1On,Home,auto
2026-08-09T01:35:00.000Z,Hall AC,71.1,105.5,45,72,0,0,compressorCoolOff,Home,auto
2026-08-09T01:40:00.000Z,Hall AC,71.5,105.5,45,72,30,30,compressorCoolOff,Home,auto
2026-08-09T01:45:00.000Z,Hall AC,72.9,105.5,42,72,300,300,compressorCoolStage1On,Home,auto
2026-08-09T01:50:00.000Z,Hall AC,73.5,105.5,41,72,300,300,compressorCoolStage1On,Home,auto
2026-08-09T01:55:00.000Z,Hall AC,73.2,105.5,42,72,300,300,compressorCoolStage1On,Home,auto
2026-08-09T02:00:00.000Z,Hall AC,72.1,104.1,42,72,180,225,compressorCoolStage1On,Home,auto
2026-08-09T02:05:00.000Z,Hall AC,71.2,104.1,45,72,0,0,compressorCoolOff,Home,auto
2026-08-09T02:10:00.000Z,Hall AC,71.7,104.1,46,72,30,30,compressorCoolOff,Home,auto
2026-08-09T02:15:00.000Z,Hall AC,72.6,104.1,44,72,300,300,compressorCoolStage1On,Home,auto
2026-08-09T02:20:00.000Z,Hall AC,72.8,104.1,44,72,300,300,compressorCoolStage1On,Home,auto
2026-08-09T02:25:00.000Z,Hall AC,72.7,104.1,44,72,300,300,compressorCoolStage1On,Home,auto
2026-08-09T02:30:00.000Z,Hall AC,72.4,104.1,44,72,300,300,compressorCoolStage1On,Home,auto
2026-08-09T02:35:00.000Z,Hall AC,72.3,104.1,43,72,300,300,compressorCoolStage1On,Home,auto
2026-08-09T02:40:00.000Z,Hall AC,72.1,104.1,42,72,180,225,compressorCoolStage1On,Home,auto
2026-08-09T02:45:00.000Z,Hall AC,71.9,104.1,43,72,0,0,compressorCoolOff,Home,auto
2026-08-09T02:50:00.000Z,Hall AC,72.4,104.1,43,72,285,285,compressorCoolOff,Home,auto
2026-08-09T02:55:00.000Z,Hall AC,72.4,104.1,42,72,300,300,compressorCoolStage1On,Home,auto
2026-08-09T03:00:00.000Z,Hall AC,72.2,102.4,42,72,300,300,compressorCoolStage1On,Home,auto
2026-08-09T03:05:00.000Z,Hall AC,72,102.4,42,72,240,285,compressorCoolStage1On,Home,auto
2026-08-09T03:10:00.000Z,Hall AC,71.7,102.4,42,72,0,0,compressorCoolOff,Home,auto
2026-08-09T03:15:00.000Z,Hall AC,72.1,102.4,44,72,165,165,compressorCoolOff,Home,auto
2026-08-09T03:20:00.000Z,Hall AC,72.5,102.4,42,72,300,300,compressorCoolStage1On,Home,auto
2026-08-09T03:25:00.000Z,Hall AC,72.2,102.4,42,72,300,300,compressorCoolStage1On,Home,auto
2026-08-09T03:30:00.000Z,Hall AC,71.8,102.4,42,72,90,135,compressorCoolStage1On,Home,auto
2026-08-09T03:35:00.000Z,Hall AC,71.6,102.4,43,72,0,0,compressorCoolOff,Home,auto
2026-08-09T03:40:00.000Z,Hall AC,72.2,102.4,43,72,195,195,compressorCoolOff,Home,auto
2026-08-09T03:45:00.000Z,Hall AC,72.7,102.4,43,72,300,300,compressorCoolStage1On,Home,auto
2026-08-09T03:50:00.000Z,Hall AC,72.4,102.4,42,72,300,300,compressorCoolStage1On,Home,auto
2026-08-09T03:55:00.000Z,Hall AC,71.7,102.4,42,72,60,105,compressorCoolStage1On,Home,auto
2026-08-09T04:00:00.000Z,Hall AC,71.7,100.6,43,72,0,0,compressorCoolOff,Home,auto
2026-08-09T04:05:00.000Z,Hall AC,72,100.6,42,72,165,165,compressorCoolOff,Home,auto
2026-08-09T04:10:00.000Z,Hall AC,72.2,100.6,41,72,300,300,compressorCoolStage1On,Home,auto
2026-08-09T04:15:00.000Z,Hall AC,72.1,100.6,41,72,240,285,compressorCoolStage1On,Home,auto
2026-08-09T04:20:00.000Z,Hall AC,71.5,100.6,41,72,0,0,compressorCoolOff,Home,auto
2026-08-09T04:25:00.000Z,Hall AC,71.5,100.6,42,72,0,0,compressorCoolOff,Home,auto
2026-08-09T04:30:00.000Z,Hall AC,72.2,99.4,42,72,255,255,compressorCoolOff,Home,auto
2026-08-09T04:35:00.000Z,Hall AC,72.3,99.4,41,72,300,300,compressorCoolStage1On,Home,auto
2026-08-09T04:40:00.000Z,Hall AC,72,99.4,41,72,195,240,compressorCoolStage1On,Home,auto
2026-08-09T04:45:00.000Z,Hall AC,71.4,99.4,41,72,0,0,compressorCoolOff,Home,auto
2026-08-09T04:50:00.000Z,Hall AC,71.5,99.4,42,72,0,0,compressorCoolOff,Home,auto
2026-08-09T04:55:00.000Z,Hall AC,72.2,99.4,42,72.9,150,180,compressorCoolOff,Home,auto
2026-08-09T05:00:00.000Z,Hall AC,72.3,98.6,42,74,0,0,compressorCoolOff,Sleep,
2026-08-09T05:05:00.000Z,Hall AC,72.4,98.6,42,74,0,0,compressorCoolOff,Sleep,
2026-08-09T05:10:00.000Z,Hall AC,72.8,98.6,42,74,0,0,compressorCoolOff,Sleep,
2026-08-09T05:15:00.000Z,Hall AC,73.1,98.6,42,74,0,0,compressorCoolOff,Sleep,
2026-08-09T05:20:00.000Z,Hall AC,73.2,98.6,42,74,0,0,compressorCoolOff,Sleep,
2026-08-09T05:25:00.000Z,Hall AC,73.7,98.6,42,74,0,0,compressorCoolOff,Sleep,
2026-08-09T05:30:00.000Z,Hall AC,73.6,98,41,74,0,0,compressorCoolOff,Sleep,
2026-08-09T05:35:00.000Z,Hall AC,73.5,98,40,74,0,0,compressorCoolOff,Sleep,
2026-08-09T05:40:00.000Z,Hall AC,73.6,98,40,74,0,0,compressorCoolOff,Sleep,
2026-08-09T05:45:00.000Z,Hall AC,73.8,98,40,74,0,0,compressorCoolOff,Sleep,
2026-08-09T05:50:00.000Z,Hall AC,73.9,98,40,74,0,0,compressorCoolOff,Sleep,
2026-08-09T05:55:00.000Z,Hall AC,73.9,98,40,74,0,0,compressorCoolOff,Sleep,
2026-08-09T06:00:00.000Z,Hall AC,73.9,97.7,40,74,90,90,compressorCoolOff,Sleep,
2026-08-09T06:05:00.000Z,Hall AC,74.2,97.7,40,74,255,300,compressorCoolStage1On,Sleep,
2026-08-09T06:10:00.000Z,Hall AC,73.6,97.7,40,74,0,0,compressorCoolOff,Sleep,
2026-08-09T06:15:00.000Z,Hall AC,73.4,97.7,41,74,0,0,compressorCoolOff,Sleep,
2026-08-09T06:20:00.000Z,Hall AC,73.7,97.7,41,74,0,0,compressorCoolOff,Sleep,
2026-08-09T06:25:00.000Z,Hall AC,73.7,97.7,40,74,0,0,compressorCoolOff,Sleep,
2026-08-09T06:30:00.000Z,Hall AC,73.9,96.3,40,74,0,0,compressorCoolOff,Sleep,
2026-08-09T06:35:00.000Z,Hall AC,73.9,96.3,40,74,60,60,compressorCoolOff,Sleep,
2026-08-09T06:40:00.000Z,Hall AC,74.2,96.3,40,74,300,300,compressorCoolStage1On,Sleep,
2026-08-09T06:45:00.000Z,Hall AC,74,96.3,40,74,75,120,compressorCoolStage1On,Sleep,
2026-08-09T06:50:00.000Z,Hall AC,73.3,96.3,41,74,0,0,compressorCoolOff,Sleep,
2026-08-09T06:55:00.000Z,Hall AC,73.3,96.3,41,74,0,0,compressorCoolOff,Sleep,
2026-08-09T07:00:00.000Z,Hall AC,73.7,96,41,74,0,0,compressorCoolOff,Sleep,
2026-08-09T07:05:00.000Z,Hall AC,73.9,96,40,74,285,285,compressorCoolOff,Sleep,
2026-08-09T07:10:00.000Z,Hall AC,73.7,96,40,74,15,60,compressorCoolStage1On,Sleep,
2026-08-09T07:15:00.000Z,Hall AC,73.2,96,41,74,0,0,compressorCoolOff,Sleep,
2026-08-09T07:20:00.000Z,Hall AC,73.4,96,41,74,0,0,compressorCoolOff,Sleep,
2026-08-09T07:25:00.000Z,Hall AC,73.7,96,41,74,0,0,compressorCoolOff,Sleep,
2026-08-09T07:30:00.000Z,Hall AC,73.7,96,40,74,0,0,compressorCoolOff,Sleep,
2026-08-09T07:35:00.000Z,Hall AC,73.9,96,40,74,0,0,compressorCoolOff,Sleep,
2026-08-09T07:40:00.000Z,Hall AC,73.9,96,40,74,0,0,compressorCoolOff,Sleep,
2026-08-09T07:45:00.000Z,Hall AC,74.2,96,40,74,255,255,compressorCoolOff,Sleep,
2026-08-09T07:50:00.000Z,Hall AC,74.3,96,40,74,255,300,compressorCoolStage1On,Sleep,
2026-08-09T07:55:00.000Z,Hall AC,73.5,96,41,74,0,0,compressorCoolOff,Sleep,
2026-08-09T08:00:00.000Z,Hall AC,73.2,93.8,41,74,0,0,compressorCoolOff,Sleep,
2026-08-09T08:05:00.000Z,Hall AC,73.3,93.8,41,74,0,0,compressorCoolOff,Sleep,
2026-08-09T08:10:00.000Z,Hall AC,73.6,93.8,41,74,0,0,compressorCoolOff,Sleep,
2026-08-09T08:15:00.000Z,Hall AC,73.6,93.8,40,74,0,0,compressorCoolOff,Sleep,
2026-08-09T08:20:00.000Z,Hall AC,73.8,93.8,40,74,0,0,compressorCoolOff,Sleep,
2026-08-09T08:25:00.000Z,Hall AC,73.9,93.8,40,74,0,0,compressorCoolOff,Sleep,
2026-08-09T08:30:00.000Z,Hall AC,74,93.8,40,74,135,135,compressorCoolOff,Sleep,
2026-08-09T08:35:00.000Z,Hall AC,74.3,93.8,40,74,285,300,compressorCoolStage1On,Sleep,
2026-08-09T08:40:00.000Z,Hall AC,73.7,93.8,40,74,0,30,compressorCoolOff,Sleep,
2026-08-09T08:45:00.000Z,Hall AC,73.2,93.8,41,74,0,0,compressorCoolOff,Sleep,
2026-08-09T08:50:00.000Z,Hall AC,73.4,93.8,41,74,0,0,compressorCoolOff,Sleep,
2026-08-09T08:55:00.000Z,Hall AC,73.6,93.8,40,74,0,0,compressorCoolOff,Sleep,
2026-08-09T09:00:00.000Z,Hall AC,73.7,91.7,40,74,0,0,compressorCoolOff,Sleep,
2026-08-09T09:05:00.000Z,Hall AC,73.9,91.7,40,74,0,0,compressorCoolOff,Sleep,
2026-08-09T09:10:00.000Z,Hall AC,73.9,91.7,40,74,0,0,compressorCoolOff,Sleep,
2026-08-09T09:15:00.000Z,Hall AC,74.3,91.7,40,74,285,285,compressorCoolOff,Sleep,
2026-08-09T09:20:00.000Z,Hall AC,74,91.7,40,74,105,150,compressorCoolStage1On,Sleep,
2026-08-09T09:25:00.000Z,Hall AC,73.2,91.7,41,74,0,0,compressorCoolOff,Sleep,
2026-08-09T09:30:00.000Z,Hall AC,73.2,91.7,41,74,0,0,compressorCoolOff,Sleep,
2026-08-09T09:35:00.000Z,Hall AC,73.5,91.7,41,74,0,0,compressorCoolOff,Sleep,
2026-08-09T09:40:00.000Z,Hall AC,73.6,91.7,40,74,0,0,compressorCoolOff,Sleep,
2026-08-09T09:45:00.000Z,Hall AC,73.9,91.7,40,74,0,0,compressorCoolOff,Sleep,
2026-08-09T09:50:00.000Z,Hall AC,73.9,91.7,40,74,0,0,compressorCoolOff,Sleep,
2026-08-09T09:55:00.000Z,Hall AC,74.1,91.7,40,74,210,210,compressorCoolOff,Sleep,
2026-08-09T10:00:00.000Z,Hall AC,74,91.6,40,74,105,150,compressorCoolStage1On,Sleep,
2026-08-09T10:05:00.000Z,Hall AC,73.5,91.6,41,74,0,0,compressorCoolOff,Sleep,
2026-08-09T10:10:00.000Z,Hall AC,73.6,91.6,41,74,0,0,compressorCoolOff,Sleep,
2026-08-09T10:15:00.000Z,Hall AC,73.6,91.6,40,74,0,0,compressorCoolOff,Sleep,
2026-08-09T10:20:00.000Z,Hall AC,73.7,91.6,40,74,0,0,compressorCoolOff,Sleep,
2026-08-09T10:25:00.000Z,Hall AC,73.9,91.6,40,74,0,0,compressorCoolOff,Sleep,
2026-08-09T10:30:00.000Z,Hall AC,74.1,90.6,40,74,180,180,compressorCoolOff,Sleep,
2026-08-09T10:35:00.000Z,Hall AC,74.1,90.6,40,74,180,225,compressorCoolStage1On,Sleep,
2026-08-09T10:40:00.000Z,Hall AC,73.3,90.6,40,74,0,0,compressorCoolOff,Sleep,
2026-08-09T10:45:00.000Z,Hall AC,73.2,90.6,41,74,0,0,compressorCoolOff,Sleep,
2026-08-09T10:50:00.000Z,Hall AC,73.5,90.6,41,74,0,0,compressorCoolOff,Sleep,
2026-08-09T10:55:00.000Z,Hall AC,73.6,90.6,40,74,0,0,compressorCoolOff,Sleep,
2026-08-09T11:00:00.000Z,Hall AC,73.7,90.1,40,74,0,0,compressorCoolOff,Sleep,
2026-08-09T11:05:00.000Z,Hall AC,73.9,90.1,40,74,0,0,compressorCoolOff,Sleep,
2026-08-09T11:10:00.000Z,Hall AC,74.1,90.1,40,74,210,210,compressorCoolOff,Sleep,
2026-08-09T11:15:00.000Z,Hall AC,73.9,90.1,40,74,90,135,compressorCoolStage1On,Sleep,
2026-08-09T11:20:00.000Z,Hall AC,73.4,90.1,41,74,0,0,compressorCoolOff,Sleep,
2026-08-09T11:25:00.000Z,Hall AC,73.5,90.1,41,74,0,0,compressorCoolOff,Sleep,
2026-08-09T11:30:00.000Z,Hall AC,73.6,89.1,40,74,0,0,compressorCoolOff,Sleep,
2026-08-09T11:35:00.000Z,Hall AC,73.7,89.1,40,74,0,0,compressorCoolOff,Sleep,
2026-08-09T11:40:00.000Z,Hall AC,73.9,89.1,40,74,0,0,compressorCoolOff,Sleep,
2026-08-09T11:45:00.000Z,Hall AC,73.9,89.1,40,74,0,0,compressorCoolOff,Sleep,
2026-08-09T11:50:00.000Z,Hall AC,74.3,89.1,40,74,300,300,compressorCoolStage1On,Sleep,
2026-08-09T11:55:00.000Z,Hall AC,74,89.1,40,74,90,135,compressorCoolStage1On,Sleep,
2026-08-09T12:00:00.000Z,Hall AC,73.2,88.3,41,74,0,0,compressorCoolOff,Sleep,
2026-08-09T12:05:00.000Z,Hall AC,73.3,88.3,41,74,0,0,compressorCoolOff,Sleep,
2026-08-09T12:10:00.000Z,Hall AC,73.6,88.3,40,74,0,0,compressorCoolOff,Sleep,
2026-08-09T12:15:00.000Z,Hall AC,73.7,88.3,40,74,0,0,compressorCoolOff,Sleep,
2026-08-09T12:20:00.000Z,Hall AC,73.9,88.3,40,74,0,0,compressorCoolOff,Sleep,
2026-08-09T12:25:00.000Z,Hall AC,73.9,88.3,40,74,0,0,compressorCoolOff,Sleep,
2026-08-09T12:30:00.000Z,Hall AC,74,88.3,40,74,165,165,compressorCoolOff,Sleep,
2026-08-09T12:35:00.000Z,Hall AC,74,88.3,40,74,165,210,compressorCoolStage1On,Sleep,
2026-08-09T12:40:00.000Z,Hall AC,73.3,88.3,40,74,0,0,compressorCoolOff,Sleep,
2026-08-09T12:45:00.000Z,Hall AC,73.2,88.3,41,74,0,0,compressorCoolOff,Sleep,
2026-08-09T12:50:00.000Z,Hall AC,73.5,88.3,40,74,0,0,compressorCoolOff,Sleep,
2026-08-09T12:55:00.000Z,Hall AC,73.6,88.3,40,74,0,0,compressorCoolOff,Sleep,
2026-08-09T13:00:00.000Z,Hall AC,73.6,88.3,40,74,0,0,compressorCoolOff,Sleep,
2026-08-09T13:05:00.000Z,Hall AC,73.9,88.3,40,74,0,0,compressorCoolOff,Sleep,
2026-08-09T13:10:00.000Z,Hall AC,73.9,88.3,40,74,0,0,compressorCoolOff,Sleep,
2026-08-09T13:15:00.000Z,Hall AC,74.2,88.3,40,74,210,210,compressorCoolOff,Sleep,
2026-08-09T13:20:00.000Z,Hall AC,74.3,88.3,41,74,255,300,compressorCoolStage1On,Sleep,
2026-08-09T13:25:00.000Z,Hall AC,73.5,88.3,41,74,0,0,compressorCoolOff,Sleep,
2026-08-09T13:30:00.000Z,Hall AC,73.2,88.3,41,74,0,0,compressorCoolOff,Sleep,
2026-08-09T13:35:00.000Z,Hall AC,73.4,88.3,41,74,0,0,compressorCoolOff,Sleep,
2026-08-09T13:40:00.000Z,Hall AC,73.6,88.3,41,74,0,0,compressorCoolOff,Sleep,
2026-08-09T13:45:00.000Z,Hall AC,73.9,88.3,41,74,120,120,compressorCoolOff,Sleep,
2026-08-09T13:50:00.000Z,Hall AC,73.9,88.3,41,74,180,225,compressorCoolStage1On,Sleep,
2026-08-09T13:55:00.000Z,Hall AC,73.6,88.3,41,74,0,0,compressorCoolOff,Sleep,
2026-08-09T14:00:00.000Z,Hall AC,73.7,90.3,43,74,0,0,compressorCoolOff,Sleep,
2026-08-09T14:05:00.000Z,Hall AC,73.9,90.3,43,74,45,45,compressorCoolOff,Sleep,
2026-08-09T14:10:00.000Z,Hall AC,74.5,90.3,41,74,300,300,compressorCoolStage1On,Sleep,
2026-08-09T14:15:00.000Z,Hall AC,74.7,90.3,40,74,300,300,compressorCoolStage1On,Sleep,
2026-08-09T14:20:00.000Z,Hall AC,73.9,90.3,41,74,105,150,compressorCoolStage1On,Sleep,
2026-08-09T14:25:00.000Z,Hall AC,72.7,90.3,41,74,0,0,compressorCoolOff,Sleep,
2026-08-09T14:30:00.000Z,Hall AC,72.1,91.6,42,74,0,0,compressorCoolOff,Sleep,
2026-08-09T14:35:00.000Z,Hall AC,72.5,91.6,42,74,0,0,compressorCoolOff,Sleep,
2026-08-09T14:40:00.000Z,Hall AC,73.5,91.6,42,74,0,0,compressorCoolOff,Sleep,
2026-08-09T14:45:00.000Z,Hall AC,73.8,91.6,42,74,0,0,compressorCoolOff,Sleep,
2026-08-09T14:50:00.000Z,Hall AC,73.3,91.6,42,74,0,0,compressorCoolOff,Sleep,
2026-08-09T14:55:00.000Z,Hall AC,73.8,91.6,42,74.8,0,0,compressorCoolOff,Sleep,
2026-08-09T15:00:00.000Z,Hall AC,74,92.5,42,76,0,0,compressorCoolOff,Away,
2026-08-09T15:05:00.000Z,Hall AC,73.7,92.5,42,76,0,0,compressorCoolOff,Away,
2026-08-09T15:10:00.000Z,Hall AC,74.1,92.5,42,76,0,0,compressorCoolOff,Away,
2026-08-09T15:15:00.000Z,Hall AC,74.2,92.5,42,76,0,0,compressorCoolOff,Away,
2026-08-09T15:20:00.000Z,Hall AC,74.4,92.5,42,76,0,0,compressorCoolOff,Away,
2026-08-09T15:25:00.000Z,Hall AC,74.8,92.5,42,76,0,0,compressorCoolOff,Away,
2026-08-09T15:30:00.000Z,Hall AC,74.8,92.5,42,76,0,0,compressorCoolOff,Away,
2026-08-09T15:35:00.000Z,Hall AC,75,92.5,42,76,0,0,compressorCoolOff,Away,
2026-08-09T15:40:00.000Z,Hall AC,75,92.5,42,76,0,0,compressorCoolOff,Away,
2026-08-09T15:45:00.000Z,Hall AC,75.1,92.5,42,76,0,0,compressorCoolOff,Away,
2026-08-09T15:50:00.000Z,Hall AC,75.3,92.5,42,76,0,0,compressorCoolOff,Away,
2026-08-09T15:55:00.000Z,Hall AC,75.4,92.5,42,76,0,0,compressorCoolOff,Away,
2026-08-09T16:00:00.000Z,Hall AC,75.5,93.5,42,76,0,0,compressorCoolOff,Away,
2026-08-09T16:05:00.000Z,Hall AC,75.9,93.5,42,76,0,0,compressorCoolOff,Away,
2026-08-09T16:10:00.000Z,Hall AC,76,93.5,42,76,0,0,compressorCoolOff,Away,
2026-08-09T16:15:00.000Z,Hall AC,75.9,93.5,42,75.2,240,240,compressorCoolOff,Away,
2026-08-09T16:20:00.000Z,Hall AC,75.9,93.5,41,75,300,300,compressorCoolStage1On,Away,smartHome
2026-08-09T16:25:00.000Z,Hall AC,75.2,93.5,41,75,195,240,compressorCoolStage1On,Away,smartHome
2026-08-09T16:30:00.000Z,Hall AC,74.6,93.5,43,75,0,0,compressorCoolOff,Away,smartHome
2026-08-09T16:35:00.000Z,Hall AC,74.5,93.5,44,75,0,0,compressorCoolOff,Away,smartHome
2026-08-09T16:40:00.000Z,Hall AC,74.9,93.5,44,75,45,45,compressorCoolOff,Away,smartHome
2026-08-09T16:45:00.000Z,Hall AC,75.4,93.5,43,75,300,300,compressorCoolStage1On,Away,smartHome
2026-08-09T16:50:00.000Z,Hall AC,75.6,93.5,42,75,300,300,compressorCoolStage1On,Away,smartHome
2026-08-09T16:55:00.000Z,Hall AC,75.3,93.5,41,75,300,300,compressorCoolStage1On,Away,smartHome
2026-08-09T17:00:00.000Z,Hall AC,74.4,96,41,75,15,60,compressorCoolStage1On,Away,smartHome
2026-08-09T17:05:00.000Z,Hall AC,73.2,96,44,75,0,0,compressorCoolOff,Away,smartHome
2026-08-09T17:10:00.000Z,Hall AC,73.5,96,44,73.2,270,270,compressorCoolOff,Away,smartHome
2026-08-09T17:15:00.000Z,Hall AC,73.9,96,44,73,300,300,compressorCoolStage1On,Away,auto
2026-08-09T17:20:00.000Z,Hall AC,73.7,96,44,73,300,300,compressorCoolStage1On,Away,auto
2026-08-09T17:25:00.000Z,Hall AC,73.6,96,44,73,300,300,compressorCoolStage1On,Away,auto
2026-08-09T17:30:00.000Z,Hall AC,73.4,96,44,73,300,300,compressorCoolStage1On,Away,auto
2026-08-09T17:35:00.000Z,Hall AC,73.1,96,44,73,300,300,compressorCoolStage1On,Away,auto
2026-08-09T17:40:00.000Z,Hall AC,73.1,96,43,73,300,300,compressorCoolStage1On,Away,auto
2026-08-09T17:45:00.000Z,Hall AC,73,96,42,73,135,180,compressorCoolStage1On,Away,auto
2026-08-09T17:50:00.000Z,Hall AC,72.7,96,44,73,0,0,compressorCoolOff,Away,auto
2026-08-09T17:55:00.000Z,Hall AC,73.1,96,45,73,165,165,compressorCoolOff,Away,auto
2026-08-09T18:00:00.000Z,Hall AC,73.7,98.8,44,73,300,300,compressorCoolStage1On,Away,auto
2026-08-09T18:05:00.000Z,Hall AC,73.6,98.8,44,73,300,300,compressorCoolStage1On,Away,auto
2026-08-09T18:10:00.000Z,Hall AC,73.3,98.8,44,73,300,300,compressorCoolStage1On,Away,auto
2026-08-09T18:15:00.000Z,Hall AC,72.9,98.8,44,73,75,120,compressorCoolStage1On,Away,auto
2026-08-09T18:20:00.000Z,Hall AC,72.8,98.8,45,73,0,0,compressorCoolOff,Away,auto
2026-08-09T18:25:00.000Z,Hall AC,73.4,98.8,45,73,285,285,compressorCoolOff,Away,auto
2026-08-09T18:30:00.000Z,Hall AC,73.9,98.8,43,73,300,300,compressorCoolStage1On,Away,auto
2026-08-09T18:35:00.000Z,Hall AC,73.6,98.8,43,73,300,300,compressorCoolStage1On,Away,auto
2026-08-09T18:40:00.000Z,Hall AC,73.2,98.8,43,73,240,285,compressorCoolStage1On,Away,auto
2026-08-09T18:45:00.000Z,Hall AC,72.7,98.8,43,73,0,0,compressorCoolOff,Away,auto
2026-08-09T18:50:00.000Z,Hall AC,72.8,98.8,44,73,45,45,compressorCoolOff,Away,auto
2026-08-09T18:55:00.000Z,Hall AC,73.5,98.8,43,73,300,300,compressorCoolStage1On,Away,auto
2026-08-09T19:00:00.000Z,Hall AC,73.8,101.8,43,73,300,300,compressorCoolStage1On,Away,auto
2026-08-09T19:05:00.000Z,Hall AC,73.5,101.8,43,73,300,300,compressorCoolStage1On,Away,auto
2026-08-09T19:10:00.000Z,Hall AC,73.1,101.8,43,73,180,225,compressorCoolStage1On,Away,auto
2026-08-09T19:15:00.000Z,Hall AC,72.6,101.8,44,73,0,0,compressorCoolOff,Away,auto
2026-08-09T19:20:00.000Z,Hall AC,73,101.8,45,73,120,120,compressorCoolOff,Away,auto
2026-08-09T19:25:00.000Z,Hall AC,73.7,101.8,43,73,300,300,compressorCoolStage1On,Away,auto
2026-08-09T19:30:00.000Z,Hall AC,73.7,102.3,43,73,300,300,compressorCoolStage1On,Away,auto
2026-08-09T19:35:00.000Z,Hall AC,73.4,102.3,43,73,300,300,compressorCoolStage1On,Away,auto
2026-08-09T19:40:00.000Z,Hall AC,73.1,102.3,43,73,210,255,compressorCoolStage1On,Away,auto
2026-08-09T19:45:00.000Z,Hall AC,72.7,102.3,43,73,0,0,compressorCoolOff,Away,auto
2026-08-09T19:50:00.000Z,Hall AC,72.8,102.3,44,73,60,60,compressorCoolOff,Away,auto
2026-08-09T19:55:00.000Z,Hall AC,73.5,102.3,43,73.9,195,225,compressorCoolStage1On,Away,auto
2026-08-09T20:00:00.000Z,Hall AC,73.4,103.8,44,75,0,0,compressorCoolOff,Home,
2026-08-09T20:05:00.000Z,Hall AC,73.5,103.8,45,75,0,0,compressorCoolOff,Home,
2026-08-09T20:10:00.000Z,Hall AC,74,103.8,45,75,0,0,compressorCoolOff,Home,
2026-08-09T20:15:00.000Z,Hall AC,74.3,103.8,45,75,0,0,compressorCoolOff,Home,
2026-08-09T20:20:00.000Z,Hall AC,74.6,103.8,45,75,0,0,compressorCoolOff,Home,
2026-08-09T20:25:00.000Z,Hall AC,75.1,103.8,44,75,225,225,compressorCoolOff,Home,
2026-08-09T20:30:00.000Z,Hall AC,75.2,104.7,44,75,270,300,compressorCoolStage1On,Home,
2026-08-09T20:35:00.000Z,Hall AC,74.5,104.7,45,75,0,15,compressorCoolOff,Home,
2026-08-09T20:40:00.000Z,Hall AC,74.2,104.7,47,75,0,0,compressorCoolOff,Home,
2026-08-09T20:45:00.000Z,Hall AC,74.6,104.7,47,75,0,0,compressorCoolOff,Home,
2026-08-09T20:50:00.000Z,Hall AC,75.1,104.7,46,75,195,195,compressorCoolOff,Home,
2026-08-09T20:55:00.000Z,Hall AC,75.4,104.7,44,75,300,300,compressorCoolStage1On,Home,
2026-08-09T21:00:00.000Z,Hall AC,75.1,105.9,44,75,225,270,compressorCoolStage1On,Home,
2026-08-09T21:05:00.000Z,Hall AC,74.5,105.9,45,75,0,0,compressorCoolOff,Home,
2026-08-09T21:10:00.000Z,Hall AC,74.4,105.9,46,75,0,0,compressorCoolOff,Home,
2026-08-09T21:15:00.000Z,Hall AC,74.8,105.9,46,75,0,0,compressorCoolOff,Home,
2026-08-09T21:20:00.000Z,Hall AC,75.2,105.9,46,75,270,270,compressorCoolOff,Home,
2026-08-09T21:25:00.000Z,Hall AC,75.5,105.9,45,75,300,300,compressorCoolStage1On,Home,
2026-08-09T21:30:00.000Z,Hall AC,75.2,106.2,43,75,285,300,compressorCoolStage1On,Home,
2026-08-09T21:35:00.000Z,Hall AC,74.7,106.2,44,75,0,30,compressorCoolOff,Home,
2026-08-09T21:40:00.000Z,Hall AC,74.6,106.2,45,75,0,0,compressorCoolOff,Home,
2026-08-09T21:45:00.000Z,Hall AC,75,106.2,46,75,150,150,compressorCoolOff,Home,
2026-08-09T21:50:00.000Z,Hall AC,75.5,106.2,45,75,300,300,compressorCoolStage1On,Home,
2026-08-09T21:55:00.000Z,Hall AC,75.4,106.2,44,75,300,300,compressorCoolStage1On,Home,
2026-08-09T22:00:00.000Z,Hall AC,75,107,43,75,150,195,compressorCoolStage1On,Home,
2026-08-09T22:05:00.000Z,Hall AC,74.6,107,44,75,0,0,compressorCoolOff,Home,
2026-08-09T22:10:00.000Z,Hall AC,74.8,107,46,75,45,45,compressorCoolOff,Home,
2026-08-09T22:15:00.000Z,Hall AC,75.3,107,45,75,300,300,compressorCoolStage1On,Home,
2026-08-09T22:20:00.000Z,Hall AC,75.4,107,44,75,300,300,compressorCoolStage1On,Home,
2026-08-09T22:25:00.000Z,Hall AC,75.1,107,43,75,195,240,compressorCoolStage1On,Home,
2026-08-09T22:30:00.000Z,Hall AC,74.6,107,44,75,0,0,compressorCoolOff,Home,
2026-08-09T22:35:00.000Z,Hall AC,74.7,107,46,75,0,0,compressorCoolOff,Home,
2026-08-09T22:40:00.000Z,Hall AC,75.2,107,44,75,240,240,compressorCoolOff,Home,
2026-08-09T22:45:00.000Z,Hall AC,75.4,107,44,75,300,300,compressorCoolStage1On,Home,
2026-08-09T22:50:00.000Z,Hall AC,75.3,107,43,75,300,300,compressorCoolStage1On,Home,
2026-08-09T22:55:00.000Z,Hall AC,74.9,107,42,75,105,150,compressorCoolStage1On,Home,
2026-08-09T23:00:00.000Z,Hall AC,74.6,107,44,75,0,0,compressorCoolOff,Home,
2026-08-09T23:05:00.000Z,Hall AC,74.8,107,45,75,15,15,compressorCoolOff,Home,
2026-08-09T23:10:00.000Z,Hall AC,75.3,107,44,75,300,300,compressorCoolStage1On,Home,
2026-08-09T23:15:00.000Z,Hall AC,75.5,107,44,75,300,300,compressorCoolStage1On,Home,
2026-08-09T23:20:00.000Z,Hall AC,75.2,107,43,75,300,300,compressorCoolStage1On,Home,
2026-08-09T23:25:00.000Z,Hall AC,74.8,107,43,75,15,60,compressorCoolStage1On,Home,
2026-08-09T23:30:00.000Z,Hall AC,74.6,107,45,75,0,0,compressorCoolOff,Home,
2026-08-09T23:35:00.000Z,Hall AC,75.1,107,44,75,180,180,compressorCoolOff,Home,
2026-08-09T23:40:00.000Z,Hall AC,75.5,107,44,75,300,300,compressorCoolStage1On,Home,
2026-08-09T23:45:00.000Z,Hall AC,75.2,107,43,75,300,300,compressorCoolStage1On,Home,
2026-08-09T23:50:00.000Z,Hall AC,74.8,107,43,75,0,45,compressorCoolOff,Home,
2026-08-09T23:55:00.000Z,Hall AC,74.8,107,45,75,0,0,compressorCoolOff,Home,
2026-08-10T00:00:00.000Z,Hall AC,75.2,107.1,45,75,255,255,compressorCoolOff,Home,
2026-08-10T00:05:00.000Z,Hall AC,75.4,107.1,44,75,300,300,compressorCoolStage1On,Home,
2026-08-10T00:10:00.000Z,Hall AC,75.1,107.1,42,75,255,300,compressorCoolStage1On,Home,
2026-08-10T00:15:00.000Z,Hall AC,74.7,107.1,43,75,0,0,compressorCoolOff,Home,
2026-08-10T00:20:00.000Z,Hall AC,74.8,107.1,44,75,30,30,compressorCoolOff,Home,
2026-08-10T00:25:00.000Z,Hall AC,75.4,107.1,44,75,300,300,compressorCoolStage1On,Home,
2026-08-10T00:30:00.000Z,Hall AC,75.6,107.1,44,75,300,300,compressorCoolStage1On,Home,
2026-08-10T00:35:00.000Z,Hall AC,75.3,107.1,43,75,300,300,compressorCoolStage1On,Home,
2026-08-10T00:40:00.000Z,Hall AC,75,107.1,42,75,150,195,compressorCoolStage1On,Home,
2026-08-10T00:45:00.000Z,Hall AC,74.7,107.1,44,75,0,0,compressorCoolOff,Home,
2026-08-10T00:50:00.000Z,Hall AC,74.8,107.1,45,75,0,0,compressorCoolOff,Home,
2026-08-10T00:55:00.000Z,Hall AC,75.2,107.1,45,75,240,240,compressorCoolOff,Home,
2026-08-10T01:00:00.000Z,Hall AC,75.4,106.3,45,75,300,300,compressorCoolStage1On,Home,
2026-08-10T01:05:00.000Z,Hall AC,75.5,106.3,44,75,300,300,compressorCoolStage1On,Home,
2026-08-10T01:10:00.000Z,Hall AC,75.4,106.3,42,75,300,300,compressorCoolStage1On,Home,
2026-08-10T01:15:00.000Z,Hall AC,75.2,106.3,42,75,270,300,compressorCoolStage1On,Home,
2026-08-10T01:20:00.000Z,Hall AC,74.6,106.3,43,75,0,15,compressorCoolOff,Home,
2026-08-10T01:25:00.000Z,Hall AC,74,106.3,45,75,0,0,compressorCoolOff,Home,
2026-08-10T01:30:00.000Z,Hall AC,74.2,105.8,46,75,0,0,compressorCoolOff,Home,
2026-08-10T01:35:00.000Z,Hall AC,74.7,105.8,46,75,0,0,compressorCoolOff,Home,
2026-08-10T01:40:00.000Z,Hall AC,75.2,105.8,45,75,195,195,compressorCoolOff,Home,
2026-08-10T01:45:00.000Z,Hall AC,75.8,105.8,42,75,300,300,compressorCoolStage1On,Home,
2026-08-10T01:50:00.000Z,Hall AC,75.6,105.8,42,75,300,300,compressorCoolStage1On,Home,
2026-08-10T01:55:00.000Z,Hall AC,75.3,105.8,42,75,300,300,compressorCoolStage1On,Home,
2026-08-10T02:00:00.000Z,Hall AC,75.4,104.2,41,75,300,300,compressorCoolStage1On,Home,
2026-08-10T02:05:00.000Z,Hall AC,74.7,104.2,42,75,90,135,compressorCoolStage1On,Home,
2026-08-10T02:10:00.000Z,Hall AC,73.6,104.2,43,75,0,0,compressorCoolOff,Home,
2026-08-10T02:15:00.000Z,Hall AC,73.6,104.2,44,75,0,0,compressorCoolOff,Home,
2026-08-10T02:20:00.000Z,Hall AC,74.1,104.2,44,75,0,0,compressorCoolOff,Home,
2026-08-10T02:25:00.000Z,Hall AC,74.6,104.2,44,75,0,0,compressorCoolOff,Home,
2026-08-10T02:30:00.000Z,Hall AC,74.9,104.2,44,75,60,60,compressorCoolOff,Home,
2026-08-10T02:35:00.000Z,Hall AC,75.7,104.2,43,75,300,300,compressorCoolStage1On,Home,
2026-08-10T02:40:00.000Z,Hall AC,75.9,104.2,42,75,300,300,compressorCoolStage1On,Home,
2026-08-10T02:45:00.000Z,Hall AC,75.3,104.2,42,75,300,300,compressorCoolStage1On,Home,
2026-08-10T02:50:00.000Z,Hall AC,74.7,104.2,42,75,15,60,compressorCoolStage1On,Home,
2026-08-10T02:55:00.000Z,Hall AC,74.1,104.2,43,75,0,0,compressorCoolOff,Home,
2026-08-10T03:00:00.000Z,Hall AC,74.2,100.2,44,75,0,0,compressorCoolOff,Home,
2026-08-10T03:05:00.000Z,Hall AC,74.6,100.2,44,75,0,0,compressorCoolOff,Home,
2026-08-10T03:10:00.000Z,Hall AC,75.1,100.2,43,75,165,165,compressorCoolOff,Home,
2026-08-10T03:15:00.000Z,Hall AC,75.8,100.2,42,75,300,300,compressorCoolStage1On,Home,
2026-08-10T03:20:00.000Z,Hall AC,75.7,100.2,42,75,300,300,compressorCoolStage1On,Home,
2026-08-10T03:25:00.000Z,Hall AC,75.1,100.2,42,75,165,210,compressorCoolStage1On,Home,
2026-08-10T03:30:00.000Z,Hall AC,74.1,100.2,42,75,0,0,compressorCoolOff,Home,
2026-08-10T03:35:00.000Z,Hall AC,73.8,100.2,44,75,0,0,compressorCoolOff,Home,
2026-08-10T03:40:00.000Z,Hall AC,74.1,100.2,43,75,0,0,compressorCoolOff,Home,
2026-08-10T03:45:00.000Z,Hall AC,74.3,100.2,42,75,0,0,compressorCoolOff,Home,
2026-08-10T03:50:00.000Z,Hall AC,74.4,100.2,42,75,0,0,compressorCoolOff,Home,
2026-08-10T03:55:00.000Z,Hall AC,74.8,100.2,42,75,0,0,compressorCoolOff,Home,
2026-08-10T04:00:00.000Z,Hall AC,75.2,98,42,75,240,240,compressorCoolOff,Home,
2026-08-10T04:05:00.000Z,Hall AC,75.5,98,42,75,300,300,compressorCoolStage1On,Home,
2026-08-10T04:10:00.000Z,Hall AC,74.8,98,42,75,90,135,compressorCoolStage1On,Home,
2026-08-10T04:15:00.000Z,Hall AC,74,98,42,75,0,0,compressorCoolOff,Home,
2026-08-10T04:20:00.000Z,Hall AC,74,98,42,75,0,0,compressorCoolOff,Home,
2026-08-10T04:25:00.000Z,Hall AC,74.3,98,42,75,0,0,compressorCoolOff,Home,
2026-08-10T04:30:00.000Z,Hall AC,74.7,98,42,75,0,0,compressorCoolOff,Home,
2026-08-10T04:35:00.000Z,Hall AC,74.9,98,41,75,0,0,compressorCoolOff,Home,
2026-08-10T04:40:00.000Z,Hall AC,75,98,40,75,0,0,compressorCoolOff,Home,
2026-08-10T04:45:00.000Z,Hall AC,75.2,98,40,75,300,300,compressorCoolStage1On,Home,(SmartRecovery)
2026-08-10T04:50:00.000Z,Hall AC,75.5,98,40,75,300,300,compressorCoolStage1On,Home,
2026-08-10T04:55:00.000Z,Hall AC,74.7,98,41,74.6,300,300,compressorCoolStage1On,Home,
2026-08-10T05:00:00.000Z,Hall AC,73.9,97.5,42,74,90,135,compressorCoolStage1On,Sleep,
2026-08-10T05:05:00.000Z,Hall AC,73.4,97.5,42,74,0,0,compressorCoolOff,Sleep,
2026-08-10T05:10:00.000Z,Hall AC,73.3,97.5,41,74,0,0,compressorCoolOff,Sleep,
2026-08-10T05:15:00.000Z,Hall AC,73.6,97.5,41,74,0,0,compressorCoolOff,Sleep,
2026-08-10T05:20:00.000Z,Hall AC,74,97.5,41,74,90,90,compressorCoolOff,Sleep,
2026-08-10T05:25:00.000Z,Hall AC,74.4,97.5,41,74,300,300,compressorCoolStage1On,Sleep,
2026-08-10T05:30:00.000Z,Hall AC,74.1,97.5,41,74,210,255,compressorCoolStage1On,Sleep,
2026-08-10T05:35:00.000Z,Hall AC,73.6,97.5,41,74,0,0,compressorCoolOff,Sleep,
2026-08-10T05:40:00.000Z,Hall AC,73.2,97.5,41,74,0,0,compressorCoolOff,Sleep,
2026-08-10T05:45:00.000Z,Hall AC,73.4,97.5,41,74,0,0,compressorCoolOff,Sleep,
2026-08-10T05:50:00.000Z,Hall AC,73.8,97.5,41,74,0,0,compressorCoolOff,Sleep,
2026-08-10T05:55:00.000Z,Hall AC,74.1,97.5,40,74,150,150,compressorCoolOff,Sleep,
2026-08-10T06:00:00.000Z,Hall AC,74.7,89.6,40,74,300,300,compressorCoolStage1On,Sleep,
2026-08-10T06:05:00.000Z,Hall AC,74.4,89.6,40,74,270,300,compressorCoolStage1On,Sleep,
2026-08-10T06:10:00.000Z,Hall AC,73.4,89.6,41,74,0,15,compressorCoolOff,Sleep,
2026-08-10T06:15:00.000Z,Hall AC,72.9,89.6,41,74,0,0,compressorCoolOff,Sleep,
2026-08-10T06:20:00.000Z,Hall AC,73,89.6,41,74,0,0,compressorCoolOff,Sleep,
2026-08-10T06:25:00.000Z,Hall AC,73.4,89.6,41,74,0,0,compressorCoolOff,Sleep,
2026-08-10T06:30:00.000Z,Hall AC,73.7,89.6,41,74,0,0,compressorCoolOff,Sleep,
2026-08-10T06:35:00.000Z,Hall AC,73.9,89.6,41,74,0,0,compressorCoolOff,Sleep,
2026-08-10T06:40:00.000Z,Hall AC,74.3,89.6,40,74,300,300,compressorCoolStage1On,Sleep,
2026-08-10T06:45:00.000Z,Hall AC,74.3,89.6,40,74,285,300,compressorCoolStage1On,Sleep,
2026-08-10T06:50:00.000Z,Hall AC,73.5,89.6,41,74,0,30,compressorCoolOff,Sleep,
2026-08-10T06:55:00.000Z,Hall AC,72.8,89.6,41,74,0,0,compressorCoolOff,Sleep,
2026-08-10T07:00:00.000Z,Hall AC,73,88.9,41,74,0,0,compressorCoolOff,Sleep,
2026-08-10T07:05:00.000Z,Hall AC,73.3,88.9,41,74,0,0,compressorCoolOff,Sleep,
2026-08-10T07:10:00.000Z,Hall AC,73.6,88.9,41,74,0,0,compressorCoolOff,Sleep,
2026-08-10T07:15:00.000Z,Hall AC,73.9,88.9,41,74,0,0,compressorCoolOff,Sleep,
2026-08-10T07:20:00.000Z,Hall AC,74.2,88.9,40,74,285,285,compressorCoolOff,Sleep,
2026-08-10T07:25:00.000Z,Hall AC,74.3,88.9,41,74,300,300,compressorCoolStage1On,Sleep,
2026-08-10T07:30:00.000Z,Hall AC,73.9,87.2,41,74,135,180,compressorCoolStage1On,Sleep,
2026-08-10T07:35:00.000Z,Hall AC,72.7,87.2,41,74,0,0,compressorCoolOff,Sleep,
2026-08-10T07:40:00.000Z,Hall AC,72.5,87.2,42,74,0,0,compressorCoolOff,Sleep,
2026-08-10T07:45:00.000Z,Hall AC,72.8,87.2,41,74,0,0,compressorCoolOff,Sleep,
2026-08-10T07:50:00.000Z,Hall AC,73.2,87.2,41,74,0,0,compressorCoolOff,Sleep,
2026-08-10T07:55:00.000Z,Hall AC,73.5,87.2,41,74,0,0,compressorCoolOff,Sleep,
2026-08-10T08:00:00.000Z,Hall AC,73.7,87.9,41,74,0,0,compressorCoolOff,Sleep,
2026-08-10T08:05:00.000Z,Hall AC,73.9,87.9,40,74,0,0,compressorCoolOff,Sleep,
2026-08-10T08:10:00.000Z,Hall AC,74.1,87.9,40,74,150,150,compressorCoolOff,Sleep,
2026-08-10T08:15:00.000Z,Hall AC,74.4,87.9,40,74,300,300,compressorCoolStage1On,Sleep,
2026-08-10T08:20:00.000Z,Hall AC,73.8,87.9,41,74,75,120,compressorCoolStage1On,Sleep,
2026-08-10T08:25:00.000Z,Hall AC,73.1,87.9,41,74,0,0,compressorCoolOff,Sleep,
2026-08-10T08:30:00.000Z,Hall AC,73,86.3,42,74,0,0,compressorCoolOff,Sleep,
2026-08-10T08:35:00.000Z,Hall AC,73.2,86.3,42,74,0,0,compressorCoolOff,Sleep,
2026-08-10T08:40:00.000Z,Hall AC,73.5,86.3,41,74,0,0,compressorCoolOff,Sleep,
2026-08-10T08:45:00.000Z,Hall AC,73.7,86.3,41,74,0,0,compressorCoolOff,Sleep,
2026-08-10T08:50:00.000Z,Hall AC,73.9,86.3,40,74,0,0,compressorCoolOff,Sleep,
2026-08-10T08:55:00.000Z,Hall AC,74.2,86.3,40,74,255,255,compressorCoolOff,Sleep,
2026-08-10T09:00:00.000Z,Hall AC,74.5,86.8,40,74,300,300,compressorCoolStage1On,Sleep,
2026-08-10T09:05:00.000Z,Hall AC,73.6,86.8,41,74,45,90,compressorCoolStage1On,Sleep,
2026-08-10T09:10:00.000Z,Hall AC,72.9,86.8,41,74,0,0,compressorCoolOff,Sleep,
2026-08-10T09:15:00.000Z,Hall AC,72.8,86.8,42,74,0,0,compressorCoolOff,Sleep,
2026-08-10T09:20:00.000Z,Hall AC,73.1,86.8,42,74,0,0,compressorCoolOff,Sleep,
2026-08-10T09:25:00.000Z,Hall AC,73.4,86.8,42,74,0,0,compressorCoolOff,Sleep,
2026-08-10T09:30:00.000Z,Hall AC,73.7,86.8,42,74,0,0,compressorCoolOff,Sleep,
2026-08-10T09:35:00.000Z,Hall AC,73.9,86.8,41,74,0,0,compressorCoolOff,Sleep,
2026-08-10T09:40:00.000Z,Hall AC,74,86.8,40,74,45,45,compressorCoolOff,Sleep,
2026-08-10T09:45:00.000Z,Hall AC,74.4,86.8,40,74,300,300,compressorCoolStage1On,Sleep,
2026-08-10T09:50:00.000Z,Hall AC,74.1,86.8,41,74,300,300,compressorCoolStage1On,Sleep,
2026-08-10T09:55:00.000Z,Hall AC,73.7,86.8,41,74,45,90,compressorCoolStage1On,Sleep,
2026-08-10T10:00:00.000Z,Hall AC,72.6,86.9,41,74,0,0,compressorCoolOff,Sleep,
2026-08-10T10:05:00.000Z,Hall AC,72.6,86.9,42,74,0,0,compressorCoolOff,Sleep,
2026-08-10T10:10:00.000Z,Hall AC,73,86.9,42,74,0,0,compressorCoolOff,Sleep,
2026-08-10T10:15:00.000Z,Hall AC,73.2,86.9,41,74,0,0,compressorCoolOff,Sleep,
2026-08-10T10:20:00.000Z,Hall AC,73.5,86.9,41,74,0,0,compressorCoolOff,Sleep,
2026-08-10T10:25:00.000Z,Hall AC,73.7,86.9,40,74,0,0,compressorCoolOff,Sleep,
2026-08-10T10:30:00.000Z,Hall AC,73.9,86.9,41,74,0,0,compressorCoolOff,Sleep,
2026-08-10T10:35:00.000Z,Hall AC,74,86.9,40,74,120,120,compressorCoolOff,Sleep,
2026-08-10T10:40:00.000Z,Hall AC,74.5,86.9,40,74,300,300,compressorCoolStage1On,Sleep,
2026-08-10T10:45:00.000Z,Hall AC,74.1,86.9,40,74,195,240,compressorCoolStage1On,Sleep,
2026-08-10T10:50:00.000Z,Hall AC,72.9,86.9,41,74,0,0,compressorCoolOff,Sleep,
2026-08-10T10:55:00.000Z,Hall AC,72.4,86.9,42,74,0,0,compressorCoolOff,Sleep,
2026-08-10T11:00:00.000Z,Hall AC,72.7,87,42,74,0,0,compressorCoolOff,Sleep,
2026-08-10T11:05:00.000Z,Hall AC,73,87,42,74,0,0,compressorCoolOff,Sleep,
2026-08-10T11:10:00.000Z,Hall AC,73.3,87,42,74,0,0,compressorCoolOff,Sleep,
2026-08-10T11:15:00.000Z,Hall AC,73.5,87,42,74,0,0,compressorCoolOff,Sleep,
2026-08-10T11:20:00.000Z,Hall AC,73.7,87,41,74,0,0,compressorCoolOff,Sleep,
2026-08-10T11:25:00.000Z,Hall AC,73.8,87,40,74,0,0,compressorCoolOff,Sleep,
2026-08-10T11:30:00.000Z,Hall AC,74,87,40,74,60,60,compressorCoolOff,Sleep,
2026-08-10T11:35:00.000Z,Hall AC,74.2,87,40,74,300,300,compressorCoolStage1On,Sleep,
2026-08-10T11:40:00.000Z,Hall AC,74.2,87,40,74,270,300,compressorCoolStage1On,Sleep,
2026-08-10T11:45:00.000Z,Hall AC,73.2,87,41,74,0,15,compressorCoolOff,Sleep,
2026-08-10T11:50:00.000Z,Hall AC,72.4,87,41,74,0,0,compressorCoolOff,Sleep,
2026-08-10T11:55:00.000Z,Hall AC,72.6,87,42,74,0,0,compressorCoolOff,Sleep,
2026-08-10T12:00:00.000Z,Hall AC,72.9,85.6,42,74,0,0,compressorCoolOff,Sleep,
2026-08-10T12:05:00.000Z,Hall AC,73.2,85.6,42,74,0,0,compressorCoolOff,Sleep,
2026-08-10T12:10:00.000Z,Hall AC,73.4,85.6,40,74,0,0,compressorCoolOff,Sleep,
2026-08-10T12:15:00.000Z,Hall AC,73.6,85.6,40,74,0,0,compressorCoolOff,Sleep,
2026-08-10T12:20:00.000Z,Hall AC,73.7,85.6,40,74,0,0,compressorCoolOff,Sleep,
2026-08-10T12:25:00.000Z,Hall AC,73.8,85.6,40,74,0,0,compressorCoolOff,Sleep,
2026-08-10T12:30:00.000Z,Hall AC,73.9,85.6,40,74,0,0,compressorCoolOff,Sleep,
2026-08-10T12:35:00.000Z,Hall AC,74,85.6,40,74,75,75,compressorCoolOff,Sleep,
2026-08-10T12:40:00.000Z,Hall AC,74.4,85.6,40,74,300,300,compressorCoolStage1On,Sleep,
2026-08-10T12:45:00.000Z,Hall AC,73.7,85.6,40,74,75,120,compressorCoolStage1On,Sleep,
2026-08-10T12:50:00.000Z,Hall AC,72.9,85.6,41,74,0,0,compressorCoolOff,Sleep,
2026-08-10T12:55:00.000Z,Hall AC,72.8,85.6,42,74,0,0,compressorCoolOff,Sleep,
2026-08-10T13:00:00.000Z,Hall AC,73.1,84,42,74,0,0,compressorCoolOff,Sleep,
2026-08-10T13:05:00.000Z,Hall AC,73.5,84,42,74,0,0,compressorCoolOff,Sleep,
2026-08-10T13:10:00.000Z,Hall AC,73.6,84,42,74,0,0,compressorCoolOff,Sleep,
2026-08-10T13:15:00.000Z,Hall AC,73.8,84,42,74,0,0,compressorCoolOff,Sleep,
2026-08-10T13:20:00.000Z,Hall AC,73.8,84,42,74,0,0,compressorCoolOff,Sleep,
2026-08-10T13:25:00.000Z,Hall AC,74,84,42,74,60,60,compressorCoolOff,Sleep,
2026-08-10T13:30:00.000Z,Hall AC,74.2,87,41,74,300,300,compressorCoolStage1On,Sleep,
2026-08-10T13:35:00.000Z,Hall AC,73.7,87,41,74,15,60,compressorCoolStage1On,Sleep,
2026-08-10T13:40:00.000Z,Hall AC,73.2,87,42,74,0,0,compressorCoolOff,Sleep,
2026-08-10T13:45:00.000Z,Hall AC,73.2,87,43,74,0,0,compressorCoolOff,Sleep,
2026-08-10T13:50:00.000Z,Hall AC,73.4,87,42,74,0,0,compressorCoolOff,Sleep,
2026-08-10T13:55:00.000Z,Hall AC,73.6,87,42,74,0,0,compressorCoolOff,Sleep,
2026-08-10T14:00:00.000Z,Hall AC,73.8,88.2,42,74,0,0,compressorCoolOff,Sleep,
2026-08-10T14:05:00.000Z,Hall AC,74.1,88.2,41,74,135,135,compressorCoolOff,Sleep,
2026-08-10T14:10:00.000Z,Hall AC,75.1,88.2,40,74,300,300,compressorCoolStage1On,Sleep,
2026-08-10T14:15:00.000Z,Hall AC,74.9,88.2,40,74,300,300,compressorCoolStage1On,Sleep,
2026-08-10T14:20:00.000Z,Hall AC,73.7,88.2,41,74,90,135,compressorCoolStage1On,Sleep,
2026-08-10T14:25:00.000Z,Hall AC,72.1,88.2,42,74.8,0,0,compressorCoolOff,Sleep,
2026-08-10T14:30:00.000Z,Hall AC,71.4,88.2,43,76,0,0,compressorCoolOff,WFH,
2026-08-10T14:35:00.000Z,Hall AC,71.8,88.2,42,76,0,0,compressorCoolOff,WFH,
2026-08-10T14:40:00.000Z,Hall AC,72.5,88.2,41,76,0,0,compressorCoolOff,WFH,
2026-08-10T14:45:00.000Z,Hall AC,73.1,88.2,42,76,0,0,compressorCoolOff,WFH,
2026-08-10T14:50:00.000Z,Hall AC,73.5,88.2,42,76,0,0,compressorCoolOff,WFH,
2026-08-10T14:55:00.000Z,Hall AC,73.9,88.2,41,76,0,0,compressorCoolOff,WFH,
2026-08-10T15:00:00.000Z,Hall AC,74.2,90.5,41,76,0,0,compressorCoolOff,WFH,
2026-08-10T15:05:00.000Z,Hall AC,74.4,90.5,41,76,0,0,compressorCoolOff,WFH,
2026-08-10T15:10:00.000Z,Hall AC,74.6,90.5,41,76,0,0,compressorCoolOff,WFH,
2026-08-10T15:15:00.000Z,Hall AC,74.7,90.5,40,76,0,0,compressorCoolOff,WFH,
2026-08-10T15:20:00.000Z,Hall AC,74.8,90.5,41,76,0,0,compressorCoolOff,WFH,
2026-08-10T15:25:00.000Z,Hall AC,74.9,90.5,41,76,0,0,compressorCoolOff,WFH,
2026-08-10T15:30:00.000Z,Hall AC,75.1,90.5,42,76,0,0,compressorCoolOff,WFH,
2026-08-10T15:35:00.000Z,Hall AC,75.2,90.5,42,76,0,0,compressorCoolOff,WFH,
2026-08-10T15:40:00.000Z,Hall AC,75.3,90.5,42,76,0,0,compressorCoolOff,WFH,
2026-08-10T15:45:00.000Z,Hall AC,75.4,90.5,41,76,0,0,compressorCoolOff,WFH,
2026-08-10T15:50:00.000Z,Hall AC,75.5,90.5,42,76,0,0,compressorCoolOff,WFH,
2026-08-10T15:55:00.000Z,Hall AC,75.7,90.5,43,76,0,0,compressorCoolOff,WFH,
2026-08-10T16:00:00.000Z,Hall AC,75.8,92.1,43,76,0,0,compressorCoolOff,WFH,
2026-08-10T16:05:00.000Z,Hall AC,75.9,92.1,43,76,15,15,compressorCoolOff,WFH,
2026-08-10T16:10:00.000Z,Hall AC,76.4,92.1,42,76,300,300,compressorCoolStage1On,WFH,
2026-08-10T16:15:00.000Z,Hall AC,76.6,92.1,41,76,300,300,compressorCoolStage1On,WFH,
2026-08-10T16:20:00.000Z,Hall AC,76.2,92.1,43,76,255,300,compressorCoolStage1On,WFH,
2026-08-10T16:25:00.000Z,Hall AC,75.5,92.1,43,76,0,0,compressorCoolOff,WFH,
2026-08-10T16:30:00.000Z,Hall AC,74.9,93.2,44,76,0,0,compressorCoolOff,WFH,
2026-08-10T16:35:00.000Z,Hall AC,75.1,93.2,45,76,0,0,compressorCoolOff,WFH,
2026-08-10T16:40:00.000Z,Hall AC,75.5,93.2,45,76,0,0,compressorCoolOff,WFH,
2026-08-10T16:45:00.000Z,Hall AC,75.8,93.2,44,76,0,0,compressorCoolOff,WFH,
2026-08-10T16:50:00.000Z,Hall AC,76.2,93.2,43,76,240,240,compressorCoolOff,WFH,
2026-08-10T16:55:00.000Z,Hall AC,76.7,93.2,43,76,300,300,compressorCoolStage1On,WFH,
2026-08-10T17:00:00.000Z,Hall AC,76.5,94.4,43,76,300,300,compressorCoolStage1On,WFH,
2026-08-10T17:05:00.000Z,Hall AC,76,94.4,43,76,165,210,compressorCoolStage1On,WFH,
2026-08-10T17:10:00.000Z,Hall AC,75.3,94.4,43,76,0,0,compressorCoolOff,WFH,
2026-08-10T17:15:00.000Z,Hall AC,75.1,94.4,44,76,0,0,compressorCoolOff,WFH,
2026-08-10T17:20:00.000Z,Hall AC,75.4,94.4,45,76,0,0,compressorCoolOff,WFH,
2026-08-10T17:25:00.000Z,Hall AC,75.7,94.4,45,76,0,0,compressorCoolOff,WFH,
2026-08-10T17:30:00.000Z,Hall AC,76.1,94.4,44,76,165,165,compressorCoolOff,WFH,
2026-08-10T17:35:00.000Z,Hall AC,76.7,94.4,43,76,300,300,compressorCoolStage1On,WFH,
2026-08-10T17:40:00.000Z,Hall AC,76.6,94.4,43,76,300,300,compressorCoolStage1On,WFH,
2026-08-10T17:45:00.000Z,Hall AC,76.1,94.4,43,76,255,300,compressorCoolStage1On,WFH,
2026-08-10T17:50:00.000Z,Hall AC,75.6,94.4,43,76,0,0,compressorCoolOff,WFH,
2026-08-10T17:55:00.000Z,Hall AC,75.2,94.4,45,76,0,0,compressorCoolOff,WFH,
2026-08-10T18:00:00.000Z,Hall AC,75.4,96.4,45,76,0,0,compressorCoolOff,WFH,
2026-08-10T18:05:00.000Z,Hall AC,75.6,96.4,45,76,0,0,compressorCoolOff,WFH,
2026-08-10T18:10:00.000Z,Hall AC,76.1,96.4,44,76,195,195,compressorCoolOff,WFH,
2026-08-10T18:15:00.000Z,Hall AC,76.5,96.4,43,76,300,300,compressorCoolStage1On,WFH,
2026-08-10T18:20:00.000Z,Hall AC,76.3,96.4,43,76,300,300,compressorCoolStage1On,WFH,
2026-08-10T18:25:00.000Z,Hall AC,76.1,96.4,43,76,285,300,compressorCoolStage1On,WFH,
2026-08-10T18:30:00.000Z,Hall AC,75.6,96.4,43,76,0,30,compressorCoolOff,WFH,
2026-08-10T18:35:00.000Z,Hall AC,75.2,96.4,45,76,0,0,compressorCoolOff,WFH,
2026-08-10T18:40:00.000Z,Hall AC,75.4,96.4,45,76,0,0,compressorCoolOff,WFH,
2026-08-10T18:45:00.000Z,Hall AC,75.9,96.4,45,76,60,60,compressorCoolOff,WFH,
2026-08-10T18:50:00.000Z,Hall AC,76.4,96.4,44,76,300,300,compressorCoolStage1On,WFH,
2026-08-10T18:55:00.000Z,Hall AC,76.5,96.4,43,76,300,300,compressorCoolStage1On,WFH,
2026-08-10T19:00:00.000Z,Hall AC,76.2,99.1,43,76,270,300,compressorCoolStage1On,WFH,
2026-08-10T19:05:00.000Z,Hall AC,75.6,99.1,43,76,0,15,compressorCoolOff,WFH,
2026-08-10T19:10:00.000Z,Hall AC,75.3,99.1,44,76,0,0,compressorCoolOff,WFH,
2026-08-10T19:15:00.000Z,Hall AC,75.6,99.1,45,76,0,0,compressorCoolOff,WFH,
2026-08-10T19:20:00.000Z,Hall AC,76,99.1,45,76,60,60,compressorCoolOff,WFH,
2026-08-10T19:25:00.000Z,Hall AC,76.4,99.1,44,76,300,300,compressorCoolStage1On,WFH,
2026-08-10T19:30:00.000Z,Hall AC,76.4,99,43,76,300,300,compressorCoolStage1On,WFH,
2026-08-10T19:35:00.000Z,Hall AC,76,99,43,76,135,180,compressorCoolStage1On,WFH,
2026-08-10T19:40:00.000Z,Hall AC,75.3,99,44,76,0,0,compressorCoolOff,WFH,
2026-08-10T19:45:00.000Z,Hall AC,75.1,99,45,76,0,0,compressorCoolOff,WFH,
2026-08-10T19:50:00.000Z,Hall AC,75.2,99,45,76,0,0,compressorCoolOff,WFH,
2026-08-10T19:55:00.000Z,Hall AC,75.4,99,46,76,0,0,compressorCoolOff,WFH,
2026-08-10T20:00:00.000Z,Hall AC,75.6,100.7,45,76,0,0,compressorCoolOff,WFH,
2026-08-10T20:05:00.000Z,Hall AC,75.8,100.7,44,76,0,0,compressorCoolOff,WFH,
2026-08-10T20:10:00.000Z,Hall AC,75.9,100.7,44,76,0,0,compressorCoolOff,WFH,
2026-08-10T20:15:00.000Z,Hall AC,76.2,100.7,43,76,300,300,compressorCoolStage1On,WFH,
2026-08-10T20:20:00.000Z,Hall AC,76.3,100.7,43,76,300,300,compressorCoolStage1On,WFH,
2026-08-10T20:25:00.000Z,Hall AC,76,100.7,43,76,300,300,compressorCoolStage1On,WFH,
2026-08-10T20:30:00.000Z,Hall AC,75.4,100.7,43,76,300,300,compressorCoolStage1On,WFH,(SmartRecovery)
2026-08-10T20:35:00.000Z,Hall AC,75,100.7,43,76,300,300,compressorCoolStage1On,WFH,(SmartRecovery)
2026-08-10T20:40:00.000Z,Hall AC,74.8,100.7,43,76,300,300,compressorCoolStage1On,WFH,(SmartRecovery)
2026-08-10T20:45:00.000Z,Hall AC,74.4,100.7,43,76,300,300,compressorCoolStage1On,WFH,(SmartRecovery)
2026-08-10T20:50:00.000Z,Hall AC,74.2,100.7,43,76,300,300,compressorCoolStage1On,WFH,(SmartRecovery)
2026-08-10T20:55:00.000Z,Hall AC,74.1,100.7,43,75.2,300,300,compressorCoolStage1On,WFH,(SmartRecovery)
2026-08-10T21:00:00.000Z,Hall AC,73.9,102.2,43,74,30,75,compressorCoolStage1On,Cooldown,
2026-08-10T21:05:00.000Z,Hall AC,73.9,102.2,43,74,30,30,compressorCoolOff,Cooldown,
2026-08-10T21:10:00.000Z,Hall AC,74.5,102.2,43,74,300,300,compressorCoolStage1On,Cooldown,
2026-08-10T21:15:00.000Z,Hall AC,74.8,102.2,43,74,300,300,compressorCoolStage1On,Cooldown,
2026-08-10T21:20:00.000Z,Hall AC,74.6,102.2,43,74,300,300,compressorCoolStage1On,Cooldown,
2026-08-10T21:25:00.000Z,Hall AC,74.5,102.2,43,74,300,300,compressorCoolStage1On,Cooldown,
2026-08-10T21:30:00.000Z,Hall AC,74.3,102.2,43,74,300,300,compressorCoolStage1On,Cooldown,
2026-08-10T21:35:00.000Z,Hall AC,74.1,102.2,43,74,300,300,compressorCoolStage1On,Cooldown,
2026-08-10T21:40:00.000Z,Hall AC,73.8,102.2,43,74,0,45,compressorCoolOff,Cooldown,
2026-08-10T21:45:00.000Z,Hall AC,73.5,102.2,44,74,0,0,compressorCoolOff,Cooldown,
2026-08-10T21:50:00.000Z,Hall AC,73.6,102.2,44,74,0,0,compressorCoolOff,Cooldown,
2026-08-10T21:55:00.000Z,Hall AC,73.9,102.2,44,74,75,75,compressorCoolOff,Cooldown,
2026-08-10T22:00:00.000Z,Hall AC,74.5,103.3,43,74,300,300,compressorCoolStage1On,Cooldown,
2026-08-10T22:05:00.000Z,Hall AC,74.7,103.3,43,74,300,300,compressorCoolStage1On,Cooldown,
2026-08-10T22:10:00.000Z,Hall AC,74.3,103.3,43,74,300,300,compressorCoolStage1On,Cooldown,
2026-08-10T22:15:00.000Z,Hall AC,74,103.3,43,74,120,165,compressorCoolStage1On,Cooldown,
2026-08-10T22:20:00.000Z,Hall AC,73.5,103.3,43,74,0,0,compressorCoolOff,Cooldown,
2026-08-10T22:25:00.000Z,Hall AC,73.5,103.3,44,74,0,0,compressorCoolOff,Cooldown,
2026-08-10T22:30:00.000Z,Hall AC,73.7,103.8,44,74,0,0,compressorCoolOff,Cooldown,
2026-08-10T22:35:00.000Z,Hall AC,74.1,103.8,44,74,210,210,compressorCoolOff,Cooldown,
2026-08-10T22:40:00.000Z,Hall AC,74.7,103.8,43,74,300,300,compressorCoolStage1On,Cooldown,
2026-08-10T22:45:00.000Z,Hall AC,74.6,103.8,43,74,300,300,compressorCoolStage1On,Cooldown,
2026-08-10T22:50:00.000Z,Hall AC,74.1,103.8,43,74,210,255,compressorCoolStage1On,Cooldown,
2026-08-10T22:55:00.000Z,Hall AC,73.5,103.8,43,74.4,0,0,compressorCoolOff,Cooldown,
2026-08-10T23:00:00.000Z,Hall AC,73.6,103.8,44,75,0,0,compressorCoolOff,Home,
2026-08-10T23:05:00.000Z,Hall AC,74.1,103.8,44,75,0,0,compressorCoolOff,Home,
2026-08-10T23:10:00.000Z,Hall AC,74.8,103.8,44,75,0,0,compressorCoolOff,Home,
2026-08-10T23:15:00.000Z,Hall AC,75.2,103.8,43,75,270,270,compressorCoolOff,Home,
2026-08-10T23:20:00.000Z,Hall AC,75.4,103.8,41,75,300,300,compressorCoolStage1On,Home,
2026-08-10T23:25:00.000Z,Hall AC,75,103.8,41,75,120,165,compressorCoolStage1On,Home,
2026-08-10T23:30:00.000Z,Hall AC,74.5,103.8,45,75,0,0,compressorCoolOff,Home,
2026-08-10T23:35:00.000Z,Hall AC,74.5,103.8,45,75,0,0,compressorCoolOff,Home,
2026-08-10T23:40:00.000Z,Hall AC,75,103.8,45,75,135,135,compressorCoolOff,Home,
2026-08-10T23:45:00.000Z,Hall AC,75.1,103.8,45,75,210,255,compressorCoolStage1On,Home,
2026-08-10T23:50:00.000Z,Hall AC,74.5,103.8,46,75,0,0,compressorCoolOff,Home,
2026-08-10T23:55:00.000Z,Hall AC,74.7,103.8,46,75,0,0,compressorCoolOff,Home,
2026-08-11T00:00:00.000Z,Hall AC,75.3,103.4,45,75,270,270,compressorCoolOff,Home,
2026-08-11T00:05:00.000Z,Hall AC,75.9,103.4,43,75,300,300,compressorCoolStage1On,Home,
2026-08-11T00:10:00.000Z,Hall AC,75.9,103.4,41,75,300,300,compressorCoolStage1On,Home,
2026-08-11T00:15:00.000Z,Hall AC,75.2,103.4,42,75,165,210,compressorCoolStage1On,Home,
2026-08-11T00:20:00.000Z,Hall AC,74.2,103.4,43,75,0,0,compressorCoolOff,Home,
2026-08-11T00:25:00.000Z,Hall AC,73.7,103.4,44,75,0,0,compressorCoolOff,Home,
2026-08-11T00:30:00.000Z,Hall AC,73.8,103.7,45,76.7,0,0,compressorCoolOff,Home,
2026-08-11T00:35:00.000Z,Hall AC,73.7,103.7,45,77,0,0,compressorCoolOff,Home,auto
2026-08-11T00:40:00.000Z,Hall AC,74.2,103.7,46,77,0,0,compressorCoolOff,Home,auto
2026-08-11T00:45:00.000Z,Hall AC,74.9,103.7,45,77,0,0,compressorCoolOff,Home,auto
2026-08-11T00:50:00.000Z,Hall AC,75.6,103.7,44,77,0,0,compressorCoolOff,Home,auto
2026-08-11T00:55:00.000Z,Hall AC,76.1,103.7,42,77,0,0,compressorCoolOff,Home,auto
2026-08-11T01:00:00.000Z,Hall AC,76.1,102.4,42,77,0,0,compressorCoolOff,Home,auto
2026-08-11T01:05:00.000Z,Hall AC,76.2,102.4,43,77,0,0,compressorCoolOff,Home,auto
2026-08-11T01:10:00.000Z,Hall AC,75.9,102.4,44,77,0,0,compressorCoolOff,Home,auto
2026-08-11T01:15:00.000Z,Hall AC,76.4,102.4,44,77,0,0,compressorCoolOff,Home,auto
2026-08-11T01:20:00.000Z,Hall AC,77.2,102.4,44,77,210,210,compressorCoolOff,Home,auto
2026-08-11T01:25:00.000Z,Hall AC,77.7,102.4,44,77,300,300,compressorCoolStage1On,Home,auto
2026-08-11T01:30:00.000Z,Hall AC,76.7,102.4,45,76.8,105,150,compressorCoolStage1On,Home,auto
2026-08-11T01:35:00.000Z,Hall AC,75.4,102.4,46,75,195,195,compressorCoolOff,Home,
2026-08-11T01:40:00.000Z,Hall AC,75.2,102.4,47,75,300,300,compressorCoolStage1On,Home,
2026-08-11T01:45:00.000Z,Hall AC,74.7,102.4,47,75,30,75,compressorCoolStage1On,Home,
2026-08-11T01:50:00.000Z,Hall AC,74.3,102.4,47,75,0,0,compressorCoolOff,Home,
2026-08-11T01:55:00.000Z,Hall AC,74.7,102.4,46,75,0,0,compressorCoolOff,Home,
2026-08-11T02:00:00.000Z,Hall AC,75.3,100.4,45,75,255,255,compressorCoolOff,Home,
2026-08-11T02:05:00.000Z,Hall AC,75.7,100.4,45,75,300,300,compressorCoolStage1On,Home,
2026-08-11T02:10:00.000Z,Hall AC,75.4,100.4,45,75,300,300,compressorCoolStage1On,Home,
2026-08-11T02:15:00.000Z,Hall AC,74.7,100.4,45,75,30,75,compressorCoolStage1On,Home,
2026-08-11T02:20:00.000Z,Hall AC,74.4,100.4,46,75,0,0,compressorCoolOff,Home,
2026-08-11T02:25:00.000Z,Hall AC,74.7,100.4,46,75,0,0,compressorCoolOff,Home,
2026-08-11T02:30:00.000Z,Hall AC,75.4,100.4,45,75,285,285,compressorCoolOff,Home,
2026-08-11T02:35:00.000Z,Hall AC,75.6,100.4,45,75,300,300,compressorCoolStage1On,Home,
2026-08-11T02:40:00.000Z,Hall AC,75.1,100.4,46,75,255,300,compressorCoolStage1On,Home,
2026-08-11T02:45:00.000Z,Hall AC,74.6,100.4,46,75,0,0,compressorCoolOff,Home,
2026-08-11T02:50:00.000Z,Hall AC,74.2,100.4,47,75,0,0,compressorCoolOff,Home,
2026-08-11T02:55:00.000Z,Hall AC,74.8,100.4,48,75,30,30,compressorCoolOff,Home,
2026-08-11T03:00:00.000Z,Hall AC,75.6,97.1,47,75,300,300,compressorCoolStage1On,Home,
2026-08-11T03:05:00.000Z,Hall AC,75.5,97.1,46,75,300,300,compressorCoolStage1On,Home,
2026-08-11T03:10:00.000Z,Hall AC,74.9,97.1,45,75,105,150,compressorCoolStage1On,Home,
2026-08-11T03:15:00.000Z,Hall AC,74,97.1,46,75,0,0,compressorCoolOff,Home,
2026-08-11T03:20:00.000Z,Hall AC,74.1,97.1,48,75,0,0,compressorCoolOff,Home,
2026-08-11T03:25:00.000Z,Hall AC,74.6,97.1,48,75,0,0,compressorCoolOff,Home,
2026-08-11T03:30:00.000Z,Hall AC,75.2,97.1,47,75,195,195,compressorCoolOff,Home,
2026-08-11T03:35:00.000Z,Hall AC,75.8,97.1,44,75,300,300,compressorCoolStage1On,Home,
2026-08-11T03:40:00.000Z,Hall AC,75,97.1,44,75,165,210,compressorCoolStage1On,Home,
2026-08-11T03:45:00.000Z,Hall AC,74.1,97.1,44,75,0,0,compressorCoolOff,Home,
2026-08-11T03:50:00.000Z,Hall AC,74,97.1,43,75,0,0,compressorCoolOff,Home,
2026-08-11T03:55:00.000Z,Hall AC,74.5,97.1,43,75,0,0,compressorCoolOff,Home,
2026-08-11T04:00:00.000Z,Hall AC,74.7,94.7,42,75,0,0,compressorCoolOff,Home,
2026-08-11T04:05:00.000Z,Hall AC,74.8,94.7,41,75,0,0,compressorCoolOff,Home,
2026-08-11T04:10:00.000Z,Hall AC,75,94.7,41,75,0,0,compressorCoolOff,Home,
2026-08-11T04:15:00.000Z,Hall AC,75.2,94.7,41,75,285,285,compressorCoolOff,Home,
2026-08-11T04:20:00.000Z,Hall AC,75.2,94.7,42,75,300,300,compressorCoolStage1On,Home,
2026-08-11T04:25:00.000Z,Hall AC,74.9,94.7,42,74.6,300,300,compressorCoolStage1On,Home,(SmartRecovery)
2026-08-11T04:30:00.000Z,Hall AC,74.4,93.4,42,74,285,300,compressorCoolStage1On,Sleep,
2026-08-11T04:35:00.000Z,Hall AC,73.6,93.4,42,74,0,30,compressorCoolOff,Sleep,
2026-08-11T04:40:00.000Z,Hall AC,73,93.4,42,74,0,0,compressorCoolOff,Sleep,
2026-08-11T04:45:00.000Z,Hall AC,73.3,93.4,42,74,0,0,compressorCoolOff,Sleep,
2026-08-11T04:50:00.000Z,Hall AC,73.7,93.4,41,74,0,0,compressorCoolOff,Sleep,
2026-08-11T04:55:00.000Z,Hall AC,74.2,93.4,41,74,270,270,compressorCoolOff,Sleep,
2026-08-11T05:00:00.000Z,Hall AC,74.5,88.5,42,74,300,300,compressorCoolStage1On,Sleep,
2026-08-11T05:05:00.000Z,Hall AC,74.2,88.5,43,74,255,300,compressorCoolStage1On,Sleep,
2026-08-11T05:10:00.000Z,Hall AC,73.4,88.5,43,74,0,0,compressorCoolOff,Sleep,
2026-08-11T05:15:00.000Z,Hall AC,72.8,88.5,42,74,0,0,compressorCoolOff,Sleep,
2026-08-11T05:20:00.000Z,Hall AC,72.9,88.5,41,74,0,0,compressorCoolOff,Sleep,
2026-08-11T05:25:00.000Z,Hall AC,73.2,88.5,41,74,0,0,compressorCoolOff,Sleep,
2026-08-11T05:30:00.000Z,Hall AC,73.6,88.5,41,74,0,0,compressorCoolOff,Sleep,
2026-08-11T05:35:00.000Z,Hall AC,74,88.5,41,74,195,195,compressorCoolOff,Sleep,
2026-08-11T05:40:00.000Z,Hall AC,74.3,88.5,41,74,300,300,compressorCoolStage1On,Sleep,
2026-08-11T05:45:00.000Z,Hall AC,74.1,88.5,42,74,210,255,compressorCoolStage1On,Sleep,
2026-08-11T05:50:00.000Z,Hall AC,73,88.5,41,74,0,0,compressorCoolOff,Sleep,
2026-08-11T05:55:00.000Z,Hall AC,72.4,88.5,41,74,0,0,compressorCoolOff,Sleep,
2026-08-11T06:00:00.000Z,Hall AC,72.9,86.4,41,74,0,0,compressorCoolOff,Sleep,
2026-08-11T06:05:00.000Z,Hall AC,73.2,86.4,41,74,0,0,compressorCoolOff,Sleep,
2026-08-11T06:10:00.000Z,Hall AC,73.4,86.4,41,74,0,0,compressorCoolOff,Sleep,
2026-08-11T06:15:00.000Z,Hall AC,73.9,86.4,41,74,75,75,compressorCoolOff,Sleep,
2026-08-11T06:20:00.000Z,Hall AC,74.2,86.4,41,74,300,300,compressorCoolStage1On,Sleep,
2026-08-11T06:25:00.000Z,Hall AC,73.8,86.4,41,74,45,90,compressorCoolStage1On,Sleep,
2026-08-11T06:30:00.000Z,Hall AC,73.2,86.4,41,74,0,0,compressorCoolOff,Sleep,
2026-08-11T06:35:00.000Z,Hall AC,73.2,86.4,41,74,0,0,compressorCoolOff,Sleep,
2026-08-11T06:40:00.000Z,Hall AC,73.2,86.4,41,74,0,0,compressorCoolOff,Sleep,
2026-08-11T06:45:00.000Z,Hall AC,73.3,86.4,40,74,0,0,compressorCoolOff,Sleep,
2026-08-11T06:50:00.000Z,Hall AC,73.9,86.4,41,74,75,75,compressorCoolOff,Sleep,
2026-08-11T06:55:00.000Z,Hall AC,74.3,86.4,41,74,300,300,compressorCoolStage1On,Sleep,
2026-08-11T07:00:00.000Z,Hall AC,73.8,89.1,41,74,60,105,compressorCoolStage1On,Sleep,
2026-08-11T07:05:00.000Z,Hall AC,72.9,89.1,41,74,0,0,compressorCoolOff,Sleep,
2026-08-11T07:10:00.000Z,Hall AC,73.1,89.1,41,74,0,0,compressorCoolOff,Sleep,
2026-08-11T07:15:00.000Z,Hall AC,73.2,89.1,41,74,0,0,compressorCoolOff,Sleep,
2026-08-11T07:20:00.000Z,Hall AC,73.5,89.1,41,74,0,0,compressorCoolOff,Sleep,
2026-08-11T07:25:00.000Z,Hall AC,73.9,89.1,41,74,15,15,compressorCoolOff,Sleep,
2026-08-11T07:30:00.000Z,Hall AC,74,89.1,41,74,300,300,compressorCoolStage1On,Sleep,
2026-08-11T07:35:00.000Z,Hall AC,74.1,89.1,41,74,165,210,compressorCoolStage1On,Sleep,
2026-08-11T07:40:00.000Z,Hall AC,73.3,89.1,41,74,0,0,compressorCoolOff,Sleep,
2026-08-11T07:45:00.000Z,Hall AC,72.9,89.1,41,74,0,0,compressorCoolOff,Sleep,
2026-08-11T07:50:00.000Z,Hall AC,73.2,89.1,41,74,0,0,compressorCoolOff,Sleep,
2026-08-11T07:55:00.000Z,Hall AC,73.4,89.1,41,74,0,0,compressorCoolOff,Sleep,
2026-08-11T08:00:00.000Z,Hall AC,73.5,86.7,41,74,0,0,compressorCoolOff,Sleep,
2026-08-11T08:05:00.000Z,Hall AC,73.8,86.7,41,74,0,0,compressorCoolOff,Sleep,
2026-08-11T08:10:00.000Z,Hall AC,73.9,86.7,40,74,0,0,compressorCoolOff,Sleep,
2026-08-11T08:15:00.000Z,Hall AC,73.6,86.7,40,74,0,0,compressorCoolOff,Sleep,
2026-08-11T08:20:00.000Z,Hall AC,73.9,86.7,40,74,180,180,compressorCoolOff,Sleep,
2026-08-11T08:25:00.000Z,Hall AC,74.3,86.7,41,74,255,300,compressorCoolStage1On,Sleep,
2026-08-11T08:30:00.000Z,Hall AC,73.4,89.1,41,74,0,0,compressorCoolOff,Sleep,
2026-08-11T08:35:00.000Z,Hall AC,72.8,89.1,41,74,0,0,compressorCoolOff,Sleep,
2026-08-11T08:40:00.000Z,Hall AC,73.1,89.1,41,74,0,0,compressorCoolOff,Sleep,
2026-08-11T08:45:00.000Z,Hall AC,73.2,89.1,41,74,0,0,compressorCoolOff,Sleep,
2026-08-11T08:50:00.000Z,Hall AC,73.4,89.1,41,74,0,0,compressorCoolOff,Sleep,
2026-08-11T08:55:00.000Z,Hall AC,73.4,89.1,40,74,0,0,compressorCoolOff,Sleep,
2026-08-11T09:00:00.000Z,Hall AC,73.4,88.3,40,74,0,0,compressorCoolOff,Sleep,
2026-08-11T09:05:00.000Z,Hall AC,73.3,88.3,39,74,0,0,compressorCoolOff,Sleep,
2026-08-11T09:10:00.000Z,Hall AC,73.2,88.3,38,74,0,0,compressorCoolOff,Sleep,
2026-08-11T09:15:00.000Z,Hall AC,73.4,88.3,39,74,0,0,compressorCoolOff,Sleep,
2026-08-11T09:20:00.000Z,Hall AC,73.4,88.3,38,74,0,0,compressorCoolOff,Sleep,
2026-08-11T09:25:00.000Z,Hall AC,73.4,88.3,38,74,0,0,compressorCoolOff,Sleep,
2026-08-11T09:30:00.000Z,Hall AC,73.5,87.2,38,74,0,0,compressorCoolOff,Sleep,
2026-08-11T09:35:00.000Z,Hall AC,73.6,87.2,38,74,0,0,compressorCoolOff,Sleep,
2026-08-11T09:40:00.000Z,Hall AC,73.5,87.2,38,74,0,0,compressorCoolOff,Sleep,
2026-08-11T09:45:00.000Z,Hall AC,73.8,87.2,39,74,0,0,compressorCoolOff,Sleep,
2026-08-11T09:50:00.000Z,Hall AC,73.6,87.2,38,74,0,0,compressorCoolOff,Sleep,
2026-08-11T09:55:00.000Z,Hall AC,73.7,87.2,38,74,0,0,compressorCoolOff,Sleep,
2026-08-11T10:00:00.000Z,Hall AC,73.7,87.3,38,74,0,0,compressorCoolOff,Sleep,
2026-08-11T10:05:00.000Z,Hall AC,73.7,87.3,38,74,0,0,compressorCoolOff,Sleep,
2026-08-11T10:10:00.000Z,Hall AC,73.8,87.3,38,74,0,0,compressorCoolOff,Sleep,
2026-08-11T10:15:00.000Z,Hall AC,73.8,87.3,38,74,0,0,compressorCoolOff,Sleep,
2026-08-11T10:20:00.000Z,Hall AC,73.9,87.3,39,74,0,0,compressorCoolOff,Sleep,
2026-08-11T10:25:00.000Z,Hall AC,73.5,87.3,38,74,0,0,compressorCoolOff,Sleep,
2026-08-11T10:30:00.000Z,Hall AC,73.9,87.3,38,74,0,0,compressorCoolOff,Sleep,
2026-08-11T10:35:00.000Z,Hall AC,73.7,87.3,38,74,0,0,compressorCoolOff,Sleep,
2026-08-11T10:40:00.000Z,Hall AC,73.9,87.3,38,74,0,0,compressorCoolOff,Sleep,
2026-08-11T10:45:00.000Z,Hall AC,73.8,87.3,38,74,0,0,compressorCoolOff,Sleep,
2026-08-11T10:50:00.000Z,Hall AC,73.7,87.3,38,74,0,0,compressorCoolOff,Sleep,
2026-08-11T10:55:00.000Z,Hall AC,73.7,87.3,38,74,0,0,compressorCoolOff,Sleep,
2026-08-11T11:00:00.000Z,Hall AC,73.8,82.9,38,74,0,0,compressorCoolOff,Sleep,
2026-08-11T11:05:00.000Z,Hall AC,73.9,82.9,39,74,0,0,compressorCoolOff,Sleep,
2026-08-11T11:10:00.000Z,Hall AC,74,82.9,39,74,15,15,compressorCoolOff,Sleep,
2026-08-11T11:15:00.000Z,Hall AC,74.3,82.9,39,74,300,300,compressorCoolStage1On,Sleep,
2026-08-11T11:20:00.000Z,Hall AC,74.3,82.9,40,74,240,285,compressorCoolStage1On,Sleep,
2026-08-11T11:25:00.000Z,Hall AC,73.5,82.9,41,74,0,0,compressorCoolOff,Sleep,
2026-08-11T11:30:00.000Z,Hall AC,73.1,82.9,41,74,0,0,compressorCoolOff,Sleep,
2026-08-11T11:35:00.000Z,Hall AC,73.2,82.9,41,74,0,0,compressorCoolOff,Sleep,
2026-08-11T11:40:00.000Z,Hall AC,73.3,82.9,41,74,0,0,compressorCoolOff,Sleep,
2026-08-11T11:45:00.000Z,Hall AC,73.4,82.9,40,74,0,0,compressorCoolOff,Sleep,
2026-08-11T11:50:00.000Z,Hall AC,73.4,82.9,40,74,0,0,compressorCoolOff,Sleep,
2026-08-11T11:55:00.000Z,Hall AC,73.6,82.9,40,74,0,0,compressorCoolOff,Sleep,
2026-08-11T12:00:00.000Z,Hall AC,73.6,79.5,39,74,0,0,compressorCoolOff,Sleep,
2026-08-11T12:05:00.000Z,Hall AC,73.4,79.5,39,74,0,0,compressorCoolOff,Sleep,
2026-08-11T12:10:00.000Z,Hall AC,73.8,79.5,39,74,0,0,compressorCoolOff,Sleep,
2026-08-11T12:15:00.000Z,Hall AC,73.9,79.5,40,74,0,0,compressorCoolOff,Sleep,
2026-08-11T12:20:00.000Z,Hall AC,73.9,79.5,40,74,0,0,compressorCoolOff,Sleep,
2026-08-11T12:25:00.000Z,Hall AC,73.9,79.5,40,74,0,0,compressorCoolOff,Sleep,
2026-08-11T12:30:00.000Z,Hall AC,74.1,79.5,40,74,180,180,compressorCoolOff,Sleep,
2026-08-11T12:35:00.000Z,Hall AC,74,79.5,40,74,135,180,compressorCoolStage1On,Sleep,
2026-08-11T12:40:00.000Z,Hall AC,73.2,79.5,40,74,0,0,compressorCoolOff,Sleep,
2026-08-11T12:45:00.000Z,Hall AC,73.2,79.5,41,74,0,0,compressorCoolOff,Sleep,
2026-08-11T12:50:00.000Z,Hall AC,73.4,79.5,41,74,0,0,compressorCoolOff,Sleep,
2026-08-11T12:55:00.000Z,Hall AC,73.8,79.5,41,74,0,0,compressorCoolOff,Sleep,
2026-08-11T13:00:00.000Z,Hall AC,74.2,79.6,41,74,285,285,compressorCoolOff,Sleep,
2026-08-11T13:05:00.000Z,Hall AC,74.2,79.6,42,74,255,300,compressorCoolStage1On,Sleep,
2026-08-11T13:10:00.000Z,Hall AC,73.1,79.6,42,74,0,0,compressorCoolOff,Sleep,
2026-08-11T13:15:00.000Z,Hall AC,72.6,79.6,42,74,0,0,compressorCoolOff,Sleep,
2026-08-11T13:20:00.000Z,Hall AC,73,79.6,42,74,0,0,compressorCoolOff,Sleep,
2026-08-11T13:25:00.000Z,Hall AC,73.3,79.6,42,74,0,0,compressorCoolOff,Sleep,
2026-08-11T13:30:00.000Z,Hall AC,73.6,79.6,42,74,0,0,compressorCoolOff,Sleep,
2026-08-11T13:35:00.000Z,Hall AC,73.9,79.6,42,74,120,120,compressorCoolOff,Sleep,
2026-08-11T13:40:00.000Z,Hall AC,74.3,79.6,42,74,300,300,compressorCoolStage1On,Sleep,
2026-08-11T13:45:00.000Z,Hall AC,74.2,79.6,42,74,300,300,compressorCoolStage1On,Sleep,
2026-08-11T13:50:00.000Z,Hall AC,73.9,79.6,41,74,165,210,compressorCoolStage1On,Sleep,
2026-08-11T13:55:00.000Z,Hall AC,73.4,79.6,42,74,0,0,compressorCoolOff,Sleep,
2026-08-11T14:00:00.000Z,Hall AC,73.4,81.8,43,74,0,0,compressorCoolOff,Sleep,
2026-08-11T14:05:00.000Z,Hall AC,73.6,81.8,43,74,0,0,compressorCoolOff,Sleep,
2026-08-11T14:10:00.000Z,Hall AC,73.9,81.8,44,74,60,60,compressorCoolOff,Sleep,
2026-08-11T14:15:00.000Z,Hall AC,74.5,81.8,43,74,300,300,compressorCoolStage1On,Sleep,
2026-08-11T14:20:00.000Z,Hall AC,74.3,81.8,42,74,300,300,compressorCoolStage1On,Sleep,
2026-08-11T14:25:00.000Z,Hall AC,74.1,81.8,42,74.8,180,225,compressorCoolStage1On,Sleep,
2026-08-11T14:30:00.000Z,Hall AC,73.5,82.3,43,76,0,0,compressorCoolOff,WFH,
2026-08-11T14:35:00.000Z,Hall AC,73.3,82.3,43,76,0,0,compressorCoolOff,WFH,
2026-08-11T14:40:00.000Z,Hall AC,73.6,82.3,43,76,0,0,compressorCoolOff,WFH,
2026-08-11T14:45:00.000Z,Hall AC,73.9,82.3,43,76,0,0,compressorCoolOff,WFH,
2026-08-11T14:50:00.000Z,Hall AC,74.2,82.3,44,76,0,0,compressorCoolOff,WFH,
2026-08-11T14:55:00.000Z,Hall AC,74.5,82.3,43,76,0,0,compressorCoolOff,WFH,
2026-08-11T15:00:00.000Z,Hall AC,74.7,85.3,43,76,0,0,compressorCoolOff,WFH,
2026-08-11T15:05:00.000Z,Hall AC,74.8,85.3,43,76,0,0,compressorCoolOff,WFH,
2026-08-11T15:10:00.000Z,Hall AC,75,85.3,44,76,0,0,compressorCoolOff,WFH,
2026-08-11T15:15:00.000Z,Hall AC,75.1,85.3,44,76,0,0,compressorCoolOff,WFH,
2026-08-11T15:20:00.000Z,Hall AC,75.2,85.3,44,76,0,0,compressorCoolOff,WFH,
2026-08-11T15:25:00.000Z,Hall AC,75.3,85.3,45,76,0,0,compressorCoolOff,WFH,
2026-08-11T15:30:00.000Z,Hall AC,75.4,88.3,46,76,0,0,compressorCoolOff,WFH,
2026-08-11T15:35:00.000Z,Hall AC,75.6,88.3,46,76,0,0,compressorCoolOff,WFH,
2026-08-11T15:40:00.000Z,Hall AC,75.7,88.3,46,76,0,0,compressorCoolOff,WFH,
2026-08-11T15:45:00.000Z,Hall AC,75.8,88.3,46,76,0,0,compressorCoolOff,WFH,
2026-08-11T15:50:00.000Z,Hall AC,75.9,88.3,46,76,0,0,compressorCoolOff,WFH,
2026-08-11T15:55:00.000Z,Hall AC,76.2,88.3,45,76,255,255,compressorCoolOff,WFH,
2026-08-11T16:00:00.000Z,Hall AC,76.4,88.3,43,76,300,300,compressorCoolStage1On,WFH,
2026-08-11T16:05:00.000Z,Hall AC,76.2,88.3,43,76,270,300,compressorCoolStage1On,WFH,
2026-08-11T16:10:00.000Z,Hall AC,75.5,88.3,43,76,0,15,compressorCoolOff,WFH,
2026-08-11T16:15:00.000Z,Hall AC,75,88.3,44,76,0,0,compressorCoolOff,WFH,
2026-08-11T16:20:00.000Z,Hall AC,75.1,88.3,45,76,0,0,compressorCoolOff,WFH,
2026-08-11T16:25:00.000Z,Hall AC,75.4,88.3,44,76,0,0,compressorCoolOff,WFH,
2026-08-11T16:30:00.000Z,Hall AC,75.7,88.3,45,76,0,0,compressorCoolOff,WFH,
2026-08-11T16:35:00.000Z,Hall AC,75.9,88.3,46,76,15,15,compressorCoolOff,WFH,
2026-08-11T16:40:00.000Z,Hall AC,76.3,88.3,44,76,300,300,compressorCoolStage1On,WFH,
2026-08-11T16:45:00.000Z,Hall AC,76.4,88.3,43,76,300,300,compressorCoolStage1On,WFH,
2026-08-11T16:50:00.000Z,Hall AC,76,88.3,43,76,165,210,compressorCoolStage1On,WFH,
2026-08-11T16:55:00.000Z,Hall AC,75.3,88.3,43,76,0,0,compressorCoolOff,WFH,
2026-08-11T17:00:00.000Z,Hall AC,75.1,89.6,44,76,0,0,compressorCoolOff,WFH,
2026-08-11T17:05:00.000Z,Hall AC,75.3,89.6,44,76,0,0,compressorCoolOff,WFH,
2026-08-11T17:10:00.000Z,Hall AC,75.6,89.6,44,76,0,0,compressorCoolOff,WFH,
2026-08-11T17:15:00.000Z,Hall AC,75.9,89.6,44,76,0,0,compressorCoolOff,WFH,
2026-08-11T17:20:00.000Z,Hall AC,76.2,89.6,43,76,285,285,compressorCoolOff,WFH,
2026-08-11T17:25:00.000Z,Hall AC,76.1,89.6,42,76,180,225,compressorCoolStage1On,WFH,
2026-08-11T17:30:00.000Z,Hall AC,75.8,89.6,42,76,0,0,compressorCoolOff,WFH,
2026-08-11T17:35:00.000Z,Hall AC,75.5,89.6,44,76,0,0,compressorCoolOff,WFH,
2026-08-11T17:40:00.000Z,Hall AC,75.7,89.6,45,76,0,0,compressorCoolOff,WFH,